latitude,longitude,bright_ti4,scan,track,acq_date,acq_time,satellite,confidence,version,bright_ti5,frp,daynight
46.43213,30.09863,297.95,0.51,0.5,2026-09-26,0048,N20,nominal,2.0NRT,268.32,0.99,N
49.50497,5.95457,302.44,0.42,0.61,2026-09-26,0048,N20,nominal,2.0NRT,281.46,0.97,N
49.36146,6.74467,310.64,0.39,0.59,2026-09-26,0048,N20,nominal,2.0NRT,279.82,1.6,N
49.35596,6.74406,299.91,0.39,0.59,2026-09-26,0048,N20,nominal,2.0NRT,282.81,0.78,N
49.35047,6.7436,301.84,0.39,0.59,2026-09-26,0048,N20,nominal,2.0NRT,282.41,0.78,N
49.32892,6.09932,304.15,0.41,0.61,2026-09-26,0048,N20,nominal,2.0NRT,281.47,0.86,N
49.32641,6.09733,305.97,0.41,0.61,2026-09-26,0048,N20,nominal,2.0NRT,281.26,1,N
48.45813,17.19032,313.28,0.43,0.38,2026-09-26,0048,N20,nominal,2.0NRT,281.33,1.39,N
49.2481,6.84124,309.92,0.38,0.59,2026-09-26,0048,N20,nominal,2.0NRT,281,1.45,N
49.24263,6.84089,328.61,0.38,0.59,2026-09-26,0048,N20,nominal,2.0NRT,279.57,1.45,N
49.15254,6.157,305.5,0.41,0.61,2026-09-26,0048,N20,nominal,2.0NRT,281.21,0.74,N
49.05959,8.3261,295.78,0.33,0.55,2026-09-26,0048,N20,nominal,2.0NRT,283.45,0.43,N
59.53136,34.14083,306.68,0.49,0.4,2026-09-26,0043,N20,nominal,2.0NRT,280.46,1.84,N
44.77583,33.85737,297.57,0.42,0.61,2026-09-26,0048,N20,nominal,2.0NRT,280.43,0.79,N
59.52957,34.14871,312.77,0.49,0.4,2026-09-26,0043,N20,nominal,2.0NRT,283.76,1.84,N
59.9125,32.361,296.81,0.44,0.38,2026-09-26,0043,N20,nominal,2.0NRT,282.19,0.5,N
44.77116,33.85846,306.08,0.42,0.61,2026-09-26,0048,N20,nominal,2.0NRT,281.63,0.93,N
48.28403,14.32572,295.37,0.53,0.42,2026-09-26,0048,N20,nominal,2.0NRT,282.76,0.79,N
48.27879,14.33905,330.61,0.53,0.42,2026-09-26,0048,N20,nominal,2.0NRT,283.75,3.85,N
48.2795,14.33195,306.01,0.53,0.42,2026-09-26,0048,N20,nominal,2.0NRT,283.56,3.85,N
48.27808,14.34614,296.97,0.53,0.42,2026-09-26,0048,N20,nominal,2.0NRT,282.74,1.33,N
48.27496,14.33817,339.87,0.53,0.42,2026-09-26,0048,N20,nominal,2.0NRT,284.46,3.85,N
48.27567,14.33107,300.22,0.53,0.42,2026-09-26,0048,N20,nominal,2.0NRT,282.46,3.85,N
48.28627,14.32696,295.07,0.53,0.42,2026-09-26,0048,N20,nominal,2.0NRT,282.49,0.88,N
48.27714,14.33939,337.54,0.53,0.42,2026-09-26,0048,N20,nominal,2.0NRT,286.3,4.74,N
48.27787,14.3323,316.93,0.53,0.42,2026-09-26,0048,N20,nominal,2.0NRT,282.65,4.63,N
48.27641,14.34646,295.76,0.53,0.42,2026-09-26,0048,N20,nominal,2.0NRT,281.38,4.74,N
48.27332,14.33852,319.77,0.53,0.42,2026-09-26,0048,N20,nominal,2.0NRT,281.36,2.58,N
48.5123,10.85205,323.56,0.5,0.49,2026-09-26,0048,N20,nominal,2.0NRT,278.39,3.15,N
47.03864,22.33035,298.64,0.4,0.37,2026-09-26,0048,N20,nominal,2.0NRT,281.84,0.38,N
48.59774,7.81676,295.09,0.34,0.56,2026-09-26,0048,N20,nominal,2.0NRT,284.95,0.79,N
48.5153,4.17158,317.38,0.5,0.66,2026-09-26,0048,N20,nominal,2.0NRT,283.06,3.19,N
53.6194,33.81336,303.96,0.45,0.47,2026-09-26,0045,N20,nominal,2.0NRT,278.92,0.77,N
48.51521,4.17847,316.94,0.5,0.66,2026-09-26,0048,N20,nominal,2.0NRT,283.13,3.29,N
47.62947,7.23236,297.19,0.36,0.57,2026-09-26,0048,N20,nominal,2.0NRT,280.7,0.63,N
47.63095,7.2326,296.12,0.36,0.57,2026-09-26,0048,N20,nominal,2.0NRT,280.26,0.48,N
47.56428,7.54027,299.92,0.35,0.56,2026-09-26,0048,N20,nominal,2.0NRT,280.2,0.45,N
47.17425,7.5598,316.69,0.34,0.56,2026-09-26,0048,N20,nominal,2.0NRT,281.56,1.38,N
47.07255,8.26394,303.84,0.63,0.54,2026-09-26,0048,N20,nominal,2.0NRT,281.95,1.92,N
49.83145,33.87915,318.69,0.59,0.53,2026-09-26,0045,N20,nominal,2.0NRT,277.47,3.97,N
45.61519,19.73765,301.87,0.38,0.36,2026-09-26,0048,N20,nominal,2.0NRT,277.52,0.81,N
53.52362,9.90217,317.28,0.6,0.53,2026-09-26,0045,N20,nominal,2.0NRT,283.3,2.62,N
46.23082,13.07582,300.15,0.56,0.43,2026-09-26,0048,N20,nominal,2.0NRT,284.34,1.77,N
53.51287,10.03053,298.23,0.6,0.53,2026-09-26,0045,N20,nominal,2.0NRT,281.17,1.26,N
46.17676,12.73914,299.32,0.39,0.44,2026-09-26,0048,N20,nominal,2.0NRT,282.49,0.54,N
53.14197,8.67585,321.62,0.34,0.56,2026-09-26,0045,N20,nominal,2.0NRT,283.97,1.09,N
46.06759,13.62668,306.65,0.53,0.42,2026-09-26,0048,N20,nominal,2.0NRT,282.54,1.36,N
53.14215,8.67066,299.42,0.34,0.56,2026-09-26,0045,N20,nominal,2.0NRT,280.46,1.09,N
45.20872,19.70731,295.47,0.38,0.36,2026-09-26,0048,N20,nominal,2.0NRT,282.99,0.58,N
53.13678,8.67529,315.73,0.34,0.56,2026-09-26,0045,N20,nominal,2.0NRT,283.23,2.25,N
45.45377,18.0338,297.39,0.39,0.36,2026-09-26,0048,N20,nominal,2.0NRT,281.28,0.57,N
53.13661,8.68045,302.19,0.34,0.56,2026-09-26,0045,N20,nominal,2.0NRT,283.62,2.45,N
45.52206,11.49612,304.61,0.43,0.46,2026-09-26,0050,N20,nominal,2.0NRT,283.89,1.53,N
53.13625,8.69077,303.19,0.34,0.56,2026-09-26,0045,N20,nominal,2.0NRT,283.97,0.82,N
53.13608,8.67443,301.55,0.34,0.56,2026-09-26,0045,N20,nominal,2.0NRT,282.94,1.47,N
45.82739,4.90441,295.77,0.45,0.63,2026-09-26,0050,N20,nominal,2.0NRT,284.54,0.32,N
53.13588,8.67962,318.87,0.34,0.56,2026-09-26,0045,N20,nominal,2.0NRT,284,1.47,N
53.13547,8.68994,310.12,0.34,0.56,2026-09-26,0045,N20,nominal,2.0NRT,284.27,2.27,N
45.38334,11.94535,306.14,0.41,0.45,2026-09-26,0050,N20,nominal,2.0NRT,285.54,1.74,N
52.49056,13.8357,305.37,0.41,0.45,2026-09-26,0045,N20,nominal,2.0NRT,281.53,0.72,N
45.47967,10.20781,296.63,0.49,0.49,2026-09-26,0050,N20,nominal,2.0NRT,284.98,1.56,N
52.40096,12.49732,317.76,0.46,0.47,2026-09-26,0045,N20,nominal,2.0NRT,281.34,1.51,N
52.40067,12.49698,314.9,0.46,0.47,2026-09-26,0045,N20,nominal,2.0NRT,281.19,1.81,N
41.17529,32.63153,303.49,0.48,0.64,2026-09-26,0050,N20,nominal,2.0NRT,282.97,1.11,N
52.17048,14.62586,327.22,0.57,0.43,2026-09-26,0045,N20,nominal,2.0NRT,278.9,5.63,N
45.144,9.94186,307.43,0.5,0.49,2026-09-26,0050,N20,nominal,2.0NRT,284.78,1.62,N
52.16104,14.64058,330.2,0.57,0.43,2026-09-26,0045,N20,nominal,2.0NRT,280.81,7.95,N
45.14785,9.94188,309.7,0.5,0.49,2026-09-26,0050,N20,nominal,2.0NRT,286.04,2.48,N
52.46661,7.31654,312.65,0.38,0.59,2026-09-26,0045,N20,nominal,2.0NRT,281.94,1.3,N
41.26482,31.42238,306.59,0.41,0.61,2026-09-26,0050,N20,nominal,2.0NRT,287.68,1.75,N
52.49398,4.60794,299.53,0.5,0.66,2026-09-26,0045,N20,nominal,2.0NRT,270.46,0.65,N
41.2569,31.42896,297.31,0.41,0.61,2026-09-26,0050,N20,nominal,2.0NRT,284.64,0.83,N
52.35624,9.88439,298.16,0.59,0.53,2026-09-26,0045,N20,nominal,2.0NRT,280.93,0.6,N
41.25563,31.41247,331.06,0.41,0.61,2026-09-26,0050,N20,nominal,2.0NRT,285.06,2.9,N
52.48179,4.59266,297.34,0.5,0.66,2026-09-26,0045,N20,nominal,2.0NRT,280.25,1.49,N
41.25683,31.41089,324.55,0.41,0.61,2026-09-26,0050,N20,nominal,2.0NRT,283.87,1.69,N
52.35401,9.88579,295.09,0.59,0.53,2026-09-26,0045,N20,nominal,2.0NRT,281.63,0.95,N
41.25552,31.41552,301.16,0.41,0.61,2026-09-26,0050,N20,nominal,2.0NRT,283.98,1.69,N
52.49396,4.60814,303.09,0.5,0.66,2026-09-26,0045,N20,nominal,2.0NRT,272.58,0.61,N
41.11714,30.66054,297.44,0.38,0.59,2026-09-26,0050,N20,nominal,2.0NRT,284.08,0.51,N
52.48183,4.59293,298.64,0.5,0.66,2026-09-26,0045,N20,nominal,2.0NRT,280.04,1.5,N
44.45074,11.85008,295.36,0.4,0.44,2026-09-26,0050,N20,nominal,2.0NRT,281.92,0.39,N
52.16181,10.41548,320.9,0.56,0.52,2026-09-26,0045,N20,nominal,2.0NRT,283.24,3.77,N
43.5429,16.44113,301.41,0.41,0.37,2026-09-26,0050,N20,nominal,2.0NRT,287.09,0.66,N
52.1575,10.40647,332.68,0.56,0.52,2026-09-26,0045,N20,nominal,2.0NRT,283.5,3.77,N
43.49931,16.60621,333.11,0.4,0.37,2026-09-26,0050,N20,nominal,2.0NRT,290.59,4.91,N
52.15318,10.39748,337.86,0.56,0.52,2026-09-26,0045,N20,nominal,2.0NRT,284.2,7.41,N
43.50001,16.60113,317.28,0.4,0.37,2026-09-26,0050,N20,nominal,2.0NRT,285.59,4.91,N
52.20926,8.04106,300.53,0.35,0.57,2026-09-26,0045,N20,nominal,2.0NRT,281.19,0.73,N
40.75922,29.76093,299.33,0.35,0.57,2026-09-26,0050,N20,nominal,2.0NRT,273.04,0.77,N
52.20908,8.0464,298.16,0.35,0.57,2026-09-26,0045,N20,nominal,2.0NRT,282.25,0.73,N
40.74816,29.76047,303.36,0.35,0.57,2026-09-26,0050,N20,nominal,2.0NRT,275.52,1.39,N
52.2104,8.04441,314.91,0.35,0.57,2026-09-26,0045,N20,nominal,2.0NRT,282.44,1.13,N
41.01894,28.55554,302.04,0.6,0.53,2026-09-26,0050,N20,nominal,2.0NRT,285.51,1.57,N
51.85942,8.02772,296.97,0.35,0.57,2026-09-26,0048,N20,nominal,2.0NRT,283.6,0.65,N
41.02065,28.55562,306.05,0.61,0.53,2026-09-26,0050,N20,nominal,2.0NRT,285.45,1.64,N
51.62078,8.50679,303.66,0.34,0.56,2026-09-26,0048,N20,nominal,2.0NRT,284.46,0.61,N
51.59627,8.33409,308.1,0.34,0.56,2026-09-26,0048,N20,nominal,2.0NRT,284.98,1.07,N
43.65757,11.83441,300.1,0.4,0.44,2026-09-26,0050,N20,nominal,2.0NRT,282.11,0.74,N
51.50709,6.73419,297.2,0.4,0.6,2026-09-26,0048,N20,nominal,2.0NRT,285.37,1.86,N
42.26551,19.30488,300.78,0.39,0.36,2026-09-26,0050,N20,nominal,2.0NRT,282.38,1.8,N
51.50178,6.72181,310.22,0.4,0.6,2026-09-26,0048,N20,nominal,2.0NRT,286.52,1.79,N
51.2698,11.66108,303.32,0.49,0.48,2026-09-26,0048,N20,nominal,2.0NRT,280.15,0.85,N
42.26378,19.29463,298.16,0.39,0.36,2026-09-26,0050,N20,nominal,2.0NRT,283.37,1.08,N
51.50353,6.72238,307.79,0.4,0.6,2026-09-26,0048,N20,nominal,2.0NRT,286.26,2.31,N
43.44761,4.8915,304.4,0.44,0.62,2026-09-26,0050,N20,nominal,2.0NRT,287.21,1.36,N
51.47995,7.15972,299.48,0.38,0.59,2026-09-26,0048,N20,nominal,2.0NRT,284.29,0.73,N
51.48726,6.7037,330.47,0.4,0.6,2026-09-26,0048,N20,nominal,2.0NRT,284.43,2.35,N
43.44743,4.89699,302.91,0.44,0.62,2026-09-26,0050,N20,nominal,2.0NRT,287.51,0.79,N
51.48742,6.69775,302.49,0.4,0.6,2026-09-26,0048,N20,nominal,2.0NRT,282.32,2.35,N
51.48711,6.70966,313.74,0.4,0.6,2026-09-26,0048,N20,nominal,2.0NRT,284.41,3.41,N
39.39372,30.88233,309.54,0.44,0.62,2026-09-26,0050,N20,nominal,2.0NRT,276.07,1.12,N
51.48664,6.72726,295.34,0.4,0.6,2026-09-26,0048,N20,nominal,2.0NRT,282.93,0.95,N
51.48138,6.71509,367,0.4,0.6,2026-09-26,0048,N20,high,2.0NRT,282.37,8.28,N
43.44203,4.88556,303.08,0.44,0.62,2026-09-26,0050,N20,nominal,2.0NRT,285.79,1.6,N
51.48199,6.69138,296.52,0.4,0.6,2026-09-26,0048,N20,nominal,2.0NRT,281.88,0.66,N
43.44166,4.89659,304.33,0.44,0.62,2026-09-26,0050,N20,nominal,2.0NRT,286.49,1.43,N
51.48122,6.72093,303.73,0.4,0.6,2026-09-26,0048,N20,nominal,2.0NRT,281.11,4.48,N
50.53568,17.9784,299.57,0.43,0.38,2026-09-26,0048,N20,nominal,2.0NRT,278.63,0.84,N
43.43608,4.89064,301.77,0.44,0.62,2026-09-26,0050,N20,nominal,2.0NRT,287.84,1.6,N
51.3716,6.6998,304.5,0.4,0.6,2026-09-26,0048,N20,nominal,2.0NRT,285.58,1.34,N
39.90021,28.87119,309.24,0.34,0.56,2026-09-26,0050,N20,nominal,2.0NRT,278.84,0.71,N
51.37145,6.70571,301.23,0.4,0.6,2026-09-26,0048,N20,nominal,2.0NRT,285.86,1.82,N
39.48717,30.03904,295.08,0.4,0.6,2026-09-26,0050,N20,nominal,2.0NRT,278.49,1.41,N
51.36587,6.70536,367,0.4,0.6,2026-09-26,0048,N20,high,2.0NRT,288.36,5.35,N
42.57224,12.67687,306.88,0.53,0.42,2026-09-26,0050,N20,nominal,2.0NRT,285.48,0.83,N
51.36602,6.69948,302.8,0.4,0.6,2026-09-26,0048,N20,nominal,2.0NRT,284.15,5.3,N
41.54977,19.72365,297.71,0.4,0.37,2026-09-26,0050,N20,nominal,2.0NRT,284.45,0.54,N
51.36572,6.71125,296.94,0.4,0.6,2026-09-26,0048,N20,nominal,2.0NRT,284.04,5.35,N
41.50117,19.7434,304.7,0.4,0.37,2026-09-26,0050,N20,nominal,2.0NRT,284.92,0.77,N
50.33743,19.28961,299.84,0.4,0.37,2026-09-26,0048,N20,nominal,2.0NRT,260.13,0.32,N
51.29736,7.00621,295.5,0.39,0.59,2026-09-26,0048,N20,nominal,2.0NRT,282.8,0.64,N
42.9055,1.50198,307.9,0.65,0.73,2026-09-26,0050,N20,nominal,2.0NRT,281.15,1.87,N
51.03627,2.27819,297.83,0.62,0.72,2026-09-26,0048,N20,nominal,2.0NRT,277.35,1.03,N
42.89879,1.49764,296.56,0.65,0.73,2026-09-26,0050,N20,nominal,2.0NRT,282.55,2.41,N
50.76289,5.66611,302.22,0.44,0.62,2026-09-26,0048,N20,nominal,2.0NRT,282.79,1.08,N
47.7878,29.01637,296.63,0.43,0.46,2026-09-26,0048,N20,nominal,2.0NRT,273.45,0.85,N
42.89874,1.50614,307.84,0.65,0.73,2026-09-26,0050,N20,nominal,2.0NRT,285.25,2.79,N
50.57162,5.36567,298.27,0.45,0.63,2026-09-26,0048,N20,nominal,2.0NRT,285.43,0.72,N
39.86574,26.2407,300.51,0.5,0.49,2026-09-26,0050,N20,nominal,2.0NRT,283.81,1.35,N
39.8644,26.24634,296.04,0.5,0.49,2026-09-26,0050,N20,nominal,2.0NRT,284.28,0.96,N
38.65844,30.6183,304.46,0.45,0.63,2026-09-26,0050,N20,nominal,2.0NRT,282.71,1.84,N
42.71362,1.99675,297.27,0.61,0.71,2026-09-26,0050,N20,nominal,2.0NRT,284.22,1.63,N
39.1154,27.52539,298.01,0.6,0.53,2026-09-26,0050,N20,nominal,2.0NRT,283.11,0.95,N
50.0113,10.91141,302.34,0.51,0.49,2026-09-26,0048,N20,nominal,2.0NRT,278.23,1.21,N
39.09375,27.50883,297.35,0.6,0.53,2026-09-26,0050,N20,nominal,2.0NRT,283.58,1.54,N
48.58329,22.24253,301.05,0.39,0.36,2026-09-26,0048,N20,nominal,2.0NRT,280.72,0.78,N
39.09206,27.51558,301.66,0.6,0.53,2026-09-26,0050,N20,nominal,2.0NRT,284.21,1.18,N
49.95596,9.76503,297.63,0.57,0.52,2026-09-26,0048,N20,nominal,2.0NRT,280.55,1.02,N
41.44633,14.00178,323.13,0.46,0.39,2026-09-26,0050,N20,nominal,2.0NRT,287.17,2.85,N
48.61821,21.18682,300.33,0.38,0.36,2026-09-26,0048,N20,nominal,2.0NRT,281.3,0.68,N
41.44567,14.0073,315.92,0.46,0.39,2026-09-26,0050,N20,nominal,2.0NRT,286.02,1.76,N
48.61005,21.19467,295.73,0.38,0.36,2026-09-26,0048,N20,nominal,2.0NRT,280.56,1.25,N
41.44503,14.01253,310.93,0.46,0.39,2026-09-26,0050,N20,nominal,2.0NRT,286.22,1.76,N
48.60604,21.17691,323.98,0.38,0.36,2026-09-26,0048,N20,nominal,2.0NRT,282.66,2.77,N
48.60196,21.18084,297.27,0.38,0.36,2026-09-26,0048,N20,nominal,2.0NRT,279.78,0.97,N
41.44146,14.01173,304.48,0.46,0.39,2026-09-26,0050,N20,nominal,2.0NRT,285.53,1.04,N
41.16816,15.85007,304.99,0.4,0.37,2026-09-26,0050,N20,nominal,2.0NRT,284.02,0.76,N
40.95146,15.67146,296.54,0.41,0.37,2026-09-26,0050,N20,nominal,2.0NRT,284.08,0.51,N
38.7492,26.95056,312.4,0.57,0.52,2026-09-26,0050,N20,nominal,2.0NRT,287.48,1.68,N
38.74464,26.94857,309.84,0.57,0.52,2026-09-26,0050,N20,nominal,2.0NRT,287.43,1.68,N
40.82687,16.05446,309.93,0.4,0.37,2026-09-26,0050,N20,nominal,2.0NRT,282.97,0.97,N
40.51936,17.20865,319.02,0.39,0.36,2026-09-26,0050,N20,nominal,2.0NRT,288.65,1.92,N
40.50883,17.21054,304.82,0.39,0.36,2026-09-26,0050,N20,nominal,2.0NRT,286.88,0.66,N
40.50417,17.21868,321.92,0.39,0.36,2026-09-26,0050,N20,nominal,2.0NRT,289.58,2.17,N
40.50555,17.20968,305.1,0.39,0.36,2026-09-26,0050,N20,nominal,2.0NRT,286.97,0.66,N
40.50089,17.21781,300.25,0.39,0.36,2026-09-26,0050,N20,nominal,2.0NRT,286.01,0.66,N
38.42725,27.2172,301.32,0.6,0.53,2026-09-26,0050,N20,nominal,2.0NRT,286.6,0.87,N
38.42878,27.21688,298.3,0.6,0.53,2026-09-26,0050,N20,nominal,2.0NRT,286.4,1.22,N
40.31365,15.90112,295.76,0.4,0.37,2026-09-26,0050,N20,nominal,2.0NRT,279.68,0.83,N
38.37402,24.0615,303.67,0.42,0.45,2026-09-26,0050,N20,nominal,2.0NRT,286.5,0.9,N
38.79596,15.20686,308.93,0.4,0.37,2026-09-26,0050,N20,nominal,2.0NRT,285.32,1.25,N
37.75188,15.03394,297.15,0.4,0.37,2026-09-26,0050,N20,nominal,2.0NRT,284.39,0.91,N
37.75129,14.98977,323.36,0.4,0.37,2026-09-26,0050,N20,nominal,2.0NRT,276.86,0.66,N
37.44032,15.02928,304.2,0.4,0.37,2026-09-26,0052,N20,nominal,2.0NRT,288.86,1.24,N
36.8683,6.9755,305.8,0.59,0.53,2026-09-26,0052,N20,nominal,2.0NRT,291.93,2.32,N
36.8698,6.98222,303.63,0.59,0.53,2026-09-26,0052,N20,nominal,2.0NRT,291.3,1.13,N
36.76186,7.30506,310.93,0.57,0.52,2026-09-26,0052,N20,nominal,2.0NRT,290.69,1.35,N
36.74787,6.25225,312.95,0.32,0.55,2026-09-26,0052,N20,nominal,2.0NRT,290.09,1.17,N
36.74304,6.24803,301.44,0.32,0.55,2026-09-26,0052,N20,nominal,2.0NRT,290.44,1.17,N
36.75086,3.07678,302.98,0.49,0.65,2026-09-26,0052,N20,nominal,2.0NRT,291.36,0.52,N
36.68267,3.11588,302.58,0.48,0.65,2026-09-26,0052,N20,nominal,2.0NRT,289.83,0.37,N
36.15933,10.28169,301.02,0.39,0.44,2026-09-26,0052,N20,nominal,2.0NRT,290.11,0.46,N
36.68046,3.11928,302.02,0.48,0.65,2026-09-26,0052,N20,nominal,2.0NRT,291.5,1.21,N
36.48337,6.22498,301.04,0.32,0.55,2026-09-26,0052,N20,nominal,2.0NRT,286.83,0.66,N
36.43377,6.62273,300.56,0.61,0.54,2026-09-26,0052,N20,nominal,2.0NRT,286.85,0.56,N
36.63336,3.22617,300.86,0.48,0.64,2026-09-26,0052,N20,nominal,2.0NRT,289.54,0.63,N
36.42881,6.62234,296.23,0.61,0.54,2026-09-26,0052,N20,nominal,2.0NRT,286.15,0.56,N
36.33468,5.48075,298.05,0.35,0.57,2026-09-26,0052,N20,nominal,2.0NRT,286.5,0.81,N
36.08709,6.80532,301.81,0.59,0.53,2026-09-26,0052,N20,nominal,2.0NRT,286.45,1.94,N
35.77515,9.89022,307.27,0.4,0.44,2026-09-26,0052,N20,nominal,2.0NRT,288.6,1.17,N
36.18312,3.74567,303.1,0.44,0.63,2026-09-26,0052,N20,nominal,2.0NRT,286.05,1.03,N
36.1773,3.74576,302.2,0.44,0.63,2026-09-26,0052,N20,nominal,2.0NRT,285.88,1.03,N
36.1287,1.23416,304.53,0.61,0.71,2026-09-26,0052,N20,nominal,2.0NRT,291.04,1.38,N
36.13062,1.23358,302.98,0.61,0.71,2026-09-26,0052,N20,nominal,2.0NRT,291.24,2.23,N
35.868,6.0264,296.22,0.33,0.55,2026-09-26,0052,N20,nominal,2.0NRT,283.41,0.43,N
35.87875,4.44587,303.67,0.4,0.6,2026-09-26,0052,N20,nominal,2.0NRT,289.15,1.06,N
35.87986,4.44694,302.04,0.4,0.6,2026-09-26,0052,N20,nominal,2.0NRT,289.18,0.82,N
35.71152,4.47306,305.55,0.4,0.6,2026-09-26,0052,N20,nominal,2.0NRT,288.48,0.66,N
35.23241,8.16908,307.17,0.49,0.48,2026-09-26,0052,N20,nominal,2.0NRT,283.42,1.02,N
35.34846,5.75754,297.23,0.33,0.56,2026-09-26,0052,N20,nominal,2.0NRT,285.41,0.89,N
35.34819,5.76119,313.17,0.33,0.56,2026-09-26,0052,N20,nominal,2.0NRT,288.18,0.89,N
34.98244,5.71371,315.73,0.33,0.56,2026-09-26,0052,N20,nominal,2.0NRT,295.9,1.6,N
34.71355,5.24878,304.65,0.35,0.57,2026-09-26,0052,N20,nominal,2.0NRT,293.52,0.39,N
34.44091,2.05445,305.99,0.54,0.68,2026-09-26,0052,N20,nominal,2.0NRT,286.74,1.17,N
34.43683,2.05495,307.26,0.54,0.68,2026-09-26,0052,N20,nominal,2.0NRT,288.01,1.3,N
64.36183,-21.792,300.09,0.55,0.68,2026-09-26,0226,N20,nominal,2.0NRT,274.33,1.22,N
59.54499,1.5342,312.43,0.38,0.36,2026-09-26,0226,N20,nominal,2.0NRT,283.29,0.72,N
59.24269,2.39641,310.97,0.39,0.36,2026-09-26,0226,N20,nominal,2.0NRT,283.12,0.97,N
58.3685,1.90553,300.48,0.39,0.36,2026-09-26,0226,N20,nominal,2.0NRT,283.92,0.52,N
58.35353,0.86511,303.49,0.38,0.36,2026-09-26,0226,N20,nominal,2.0NRT,283.96,0.49,N
57.81206,-0.97582,334.15,0.39,0.36,2026-09-26,0226,N20,nominal,2.0NRT,282.21,3.1,N
57.11025,2.84703,298.22,0.4,0.37,2026-09-26,0226,N20,nominal,2.0NRT,284.77,0.43,N
57.01134,1.8368,302.61,0.39,0.36,2026-09-26,0226,N20,nominal,2.0NRT,284.65,0.44,N
52.4915,13.83869,298.77,0.39,0.6,2026-09-26,0228,N20,nominal,2.0NRT,279.44,0.58,N
52.1697,14.62666,297.08,0.43,0.62,2026-09-26,0228,N20,nominal,2.0NRT,277.24,1.25,N
56.00965,-3.67083,309.03,0.4,0.37,2026-09-26,0228,N20,nominal,2.0NRT,281.33,0.94,N
52.40062,12.49684,295.56,0.35,0.57,2026-09-26,0228,N20,nominal,2.0NRT,281.01,0.46,N
55.68186,-4.685,297.98,0.42,0.37,2026-09-26,0228,N20,nominal,2.0NRT,282.75,0.44,N
49.86218,18.27245,297.51,0.72,0.76,2026-09-26,0228,N20,nominal,2.0NRT,277.58,0.82,N
51.81416,11.75656,297.79,0.35,0.56,2026-09-26,0228,N20,nominal,2.0NRT,281.54,0.43,N
52.16114,10.41384,314.39,0.6,0.53,2026-09-26,0228,N20,nominal,2.0NRT,281.77,3.34,N
52.15899,10.40245,336.96,0.6,0.53,2026-09-26,0228,N20,nominal,2.0NRT,282.43,7.56,N
52.1567,10.41044,320.31,0.6,0.53,2026-09-26,0228,N20,nominal,2.0NRT,282.02,7.56,N
52.15455,10.39904,323.72,0.6,0.53,2026-09-26,0228,N20,nominal,2.0NRT,284.38,7.56,N
52.46907,7.31575,297.23,0.45,0.47,2026-09-26,0228,N20,nominal,2.0NRT,282.09,1.09,N
52.2124,8.04251,300.26,0.48,0.48,2026-09-26,0228,N20,nominal,2.0NRT,280.95,1.75,N
52.2107,8.04899,310.97,0.48,0.48,2026-09-26,0228,N20,nominal,2.0NRT,282.64,1.75,N
55.02348,-7.40706,296.34,0.47,0.4,2026-09-26,0228,N20,nominal,2.0NRT,279.77,1,N
51.36339,10.48162,297.22,0.32,0.55,2026-09-26,0228,N20,nominal,2.0NRT,282.07,0.63,N
51.36363,10.47951,299.97,0.32,0.55,2026-09-26,0228,N20,nominal,2.0NRT,280.75,0.58,N
53.58342,-0.62066,311.92,0.39,0.36,2026-09-26,0228,N20,nominal,2.0NRT,283.63,1.14,N
53.56969,-0.59649,320.26,0.39,0.36,2026-09-26,0228,N20,nominal,2.0NRT,283.62,1.57,N
53.5687,-0.59076,315.96,0.39,0.36,2026-09-26,0228,N20,nominal,2.0NRT,281.72,1.26,N
53.56744,-0.60381,303.29,0.39,0.36,2026-09-26,0228,N20,nominal,2.0NRT,281.36,1.57,N
53.56645,-0.59807,310.78,0.39,0.36,2026-09-26,0228,N20,nominal,2.0NRT,284.01,1.57,N
52.4982,4.6086,305.06,0.54,0.42,2026-09-26,0228,N20,nominal,2.0NRT,284.42,0.94,N
52.49286,4.61385,324.91,0.54,0.42,2026-09-26,0228,N20,nominal,2.0NRT,286.87,3.21,N
52.48529,4.5922,324.69,0.53,0.42,2026-09-26,0228,N20,nominal,2.0NRT,285.77,3.87,N
52.48697,4.58477,306.61,0.53,0.42,2026-09-26,0228,N20,nominal,2.0NRT,284.62,0.83,N
52.48332,4.58256,311.95,0.53,0.42,2026-09-26,0228,N20,nominal,2.0NRT,284.86,2.07,N
52.47797,4.58777,297.59,0.53,0.42,2026-09-26,0228,N20,nominal,2.0NRT,286.09,1.63,N
48.46042,17.19201,295.12,0.74,0.76,2026-09-26,0228,N20,nominal,2.0NRT,277.88,1.05,N
51.47688,7.15988,299.98,0.47,0.48,2026-09-26,0228,N20,nominal,2.0NRT,282.99,1.02,N
53.3383,-1.75355,304.18,0.38,0.36,2026-09-26,0228,N20,nominal,2.0NRT,281.04,1.04,N
51.50719,6.73793,296.75,0.45,0.47,2026-09-26,0228,N20,nominal,2.0NRT,285.71,1.1,N
51.48555,6.73097,297.3,0.45,0.47,2026-09-26,0228,N20,nominal,2.0NRT,284.6,0.45,N
51.48618,6.71008,338.52,0.45,0.47,2026-09-26,0228,N20,nominal,2.0NRT,286.85,4.8,N
51.48462,6.71618,329.23,0.45,0.47,2026-09-26,0228,N20,nominal,2.0NRT,284.49,3.56,N
51.48307,6.72228,320.01,0.45,0.47,2026-09-26,0228,N20,nominal,2.0NRT,284.88,3.56,N
51.48369,6.70145,331.48,0.45,0.47,2026-09-26,0228,N20,nominal,2.0NRT,286.15,4.8,N
53.26502,-1.85524,296.33,0.38,0.36,2026-09-26,0228,N20,nominal,2.0NRT,280.64,0.54,N
51.48523,6.69541,299.38,0.45,0.47,2026-09-26,0228,N20,nominal,2.0NRT,284.19,1.06,N
51.46326,6.74486,297.78,0.45,0.47,2026-09-26,0228,N20,nominal,2.0NRT,284.6,0.73,N
51.42531,6.73615,299.69,0.45,0.47,2026-09-26,0228,N20,nominal,2.0NRT,284.22,0.91,N
51.36735,6.70569,337.15,0.45,0.47,2026-09-26,0228,N20,nominal,2.0NRT,287.92,6.15,N
51.87392,4.29091,296.89,0.54,0.42,2026-09-26,0228,N20,nominal,2.0NRT,286.76,0.72,N
48.28104,14.3353,303.69,0.58,0.7,2026-09-26,0228,N20,nominal,2.0NRT,281.49,1.93,N
48.27858,14.34232,297.19,0.58,0.7,2026-09-26,0228,N20,nominal,2.0NRT,280.75,1.93,N
48.27781,14.32376,295.45,0.58,0.7,2026-09-26,0228,N20,nominal,2.0NRT,280.36,2.31,N
48.27535,14.33074,299.34,0.58,0.7,2026-09-26,0228,N20,nominal,2.0NRT,280.23,1.93,N
48.27288,14.33774,315.35,0.58,0.7,2026-09-26,0228,N20,nominal,2.0NRT,280.64,1.93,N
48.26144,14.32877,296.14,0.58,0.7,2026-09-26,0228,N20,nominal,2.0NRT,279.15,1.13,N
50.76636,5.67083,314.68,0.43,0.46,2026-09-26,0228,N20,nominal,2.0NRT,285.32,1.29,N
51.17833,3.80984,298.77,0.54,0.42,2026-09-26,0228,N20,nominal,2.0NRT,274.47,4.2,N
51.17465,3.80772,342.49,0.54,0.42,2026-09-26,0228,N20,nominal,2.0NRT,277.09,4.2,N
51.17097,3.8056,326.02,0.54,0.42,2026-09-26,0228,N20,nominal,2.0NRT,275.74,2.33,N
51.16931,3.81294,307.46,0.54,0.42,2026-09-26,0228,N20,nominal,2.0NRT,275.04,2.33,N
51.16729,3.80352,308.97,0.54,0.42,2026-09-26,0228,N20,nominal,2.0NRT,272.97,2.33,N
52.9851,-7.2389,300.42,0.45,0.39,2026-09-26,0228,N20,nominal,2.0NRT,281.03,0.79,N
50.5707,5.36766,303.39,0.42,0.45,2026-09-26,0228,N20,nominal,2.0NRT,285.72,1.08,N
51.04747,2.32198,329.03,0.48,0.4,2026-09-26,0228,N20,nominal,2.0NRT,285.56,3.39,N
51.04815,2.30029,295.74,0.48,0.4,2026-09-26,0228,N20,nominal,2.0NRT,281.6,4.27,N
51.04602,2.29182,321.88,0.48,0.4,2026-09-26,0228,N20,nominal,2.0NRT,280.98,4.27,N
51.04462,2.2984,329.28,0.48,0.4,2026-09-26,0228,N20,nominal,2.0NRT,284.23,4.27,N
51.04322,2.305,295.2,0.48,0.4,2026-09-26,0228,N20,nominal,2.0NRT,280.79,1.29,N
51.0425,2.28994,297.99,0.48,0.4,2026-09-26,0228,N20,nominal,2.0NRT,280.09,0.75,N
51.0411,2.29652,298.21,0.48,0.4,2026-09-26,0228,N20,nominal,2.0NRT,280.66,0.75,N
51.03546,2.28616,297.67,0.48,0.4,2026-09-26,0228,N20,nominal,2.0NRT,278.41,0.71,N
51.03405,2.29276,299.27,0.48,0.4,2026-09-26,0228,N20,nominal,2.0NRT,277.24,0.71,N
51.4809,-3.13702,304.83,0.38,0.36,2026-09-26,0228,N20,nominal,2.0NRT,282.57,1.1,N
49.35976,6.74999,306.97,0.52,0.5,2026-09-26,0228,N20,nominal,2.0NRT,280.62,1.56,N
49.35547,6.74737,329.51,0.52,0.5,2026-09-26,0228,N20,nominal,2.0NRT,282.04,5.13,N
51.6853,-5.03191,298.21,0.39,0.36,2026-09-26,0228,N20,nominal,2.0NRT,286.35,0.75,N
49.50626,5.95679,337.17,0.48,0.48,2026-09-26,0228,N20,nominal,2.0NRT,282.51,7.67,N
51.39837,-3.39694,312.79,0.38,0.36,2026-09-26,0228,N20,nominal,2.0NRT,281.4,0.82,N
48.60071,7.82094,298.99,0.61,0.53,2026-09-26,0228,N20,nominal,2.0NRT,284.49,1.81,N
48.69226,6.96397,296.97,0.55,0.51,2026-09-26,0228,N20,nominal,2.0NRT,280.26,1.13,N
48.77036,4.56467,296.67,0.44,0.46,2026-09-26,0228,N20,nominal,2.0NRT,284.34,0.75,N
49.47673,0.533,300.38,0.46,0.39,2026-09-26,0228,N20,nominal,2.0NRT,280.46,0.98,N
48.5169,4.18104,320.09,0.43,0.46,2026-09-26,0228,N20,nominal,2.0NRT,280.17,1.18,N
48.98542,1.76158,304.96,0.51,0.41,2026-09-26,0228,N20,nominal,2.0NRT,286.41,1.17,N
48.98178,1.75986,312.58,0.51,0.41,2026-09-26,0228,N20,nominal,2.0NRT,286.32,1.54,N
48.98147,1.75996,301.15,0.51,0.41,2026-09-26,0228,N20,nominal,2.0NRT,285.69,0.48,N
47.07164,8.26614,307.51,0.35,0.57,2026-09-26,0228,N20,nominal,2.0NRT,282,0.92,N
48.38908,2.98127,302.38,0.39,0.44,2026-09-26,0228,N20,nominal,2.0NRT,286.02,0.67,N
47.1735,7.55941,310.22,0.33,0.55,2026-09-26,0228,N20,nominal,2.0NRT,280.06,1.6,N
48.14759,3.32542,301.17,0.4,0.45,2026-09-26,0228,N20,nominal,2.0NRT,283.42,0.54,N
45.38166,11.9467,300.65,0.58,0.7,2026-09-26,0228,N20,nominal,2.0NRT,283.06,1.31,N
45.38515,11.94807,299.79,0.58,0.7,2026-09-26,0228,N20,nominal,2.0NRT,282.71,1.6,N
48.10962,-1.039,299.93,0.43,0.38,2026-09-26,0230,N20,nominal,2.0NRT,285.15,1.09,N
47.31712,-2.05542,297.12,0.42,0.37,2026-09-26,0230,N20,nominal,2.0NRT,282.51,0.7,N
43.44777,4.89633,334.13,0.63,0.54,2026-09-26,0230,N20,nominal,2.0NRT,283.62,6,N
43.44804,4.8911,314.16,0.63,0.54,2026-09-26,0230,N20,nominal,2.0NRT,277.21,2.79,N
43.44608,4.89847,315.95,0.63,0.54,2026-09-26,0230,N20,nominal,2.0NRT,283.14,2.11,N
43.44137,4.89607,297.64,0.63,0.54,2026-09-26,0230,N20,nominal,2.0NRT,281.01,2.11,N
43.43665,4.89369,300.53,0.63,0.54,2026-09-26,0230,N20,nominal,2.0NRT,279.27,1.77,N
43.44563,4.83982,300.61,0.63,0.54,2026-09-26,0230,N20,nominal,2.0NRT,283.66,1.03,N
42.71288,2.00169,298.12,0.48,0.48,2026-09-26,0230,N20,nominal,2.0NRT,283.48,0.93,N
41.45418,1.97965,306.49,0.51,0.5,2026-09-26,0230,N20,nominal,2.0NRT,291.11,1.19,N
42.99156,-5.83798,326.49,0.39,0.36,2026-09-26,0230,N20,nominal,2.0NRT,282.42,3.37,N
41.31217,1.65899,306.1,0.5,0.49,2026-09-26,0230,N20,nominal,2.0NRT,290.73,1.03,N
42.55468,-6.76977,297.79,0.38,0.36,2026-09-26,0232,N20,nominal,2.0NRT,284.56,0.36,N
41.47588,-1.48865,299.37,0.53,0.42,2026-09-26,0232,N20,nominal,2.0NRT,288.93,0.73,N
40.24679,-3.47216,300.3,0.47,0.39,2026-09-26,0232,N20,nominal,2.0NRT,289.28,1.73,N
40.24324,-3.47331,320.52,0.47,0.39,2026-09-26,0232,N20,nominal,2.0NRT,291.3,1.73,N
40.246,-3.47387,325.69,0.47,0.39,2026-09-26,0232,N20,nominal,2.0NRT,293.92,3.35,N
36.86888,6.98173,304.06,0.61,0.71,2026-09-26,0232,N20,nominal,2.0NRT,288.63,1.51,N
36.76237,7.3033,298.8,0.64,0.72,2026-09-26,0232,N20,nominal,2.0NRT,288.22,0.61,N
36.86702,6.98605,300.61,0.62,0.71,2026-09-26,0232,N20,nominal,2.0NRT,288.37,1.09,N
36.76205,7.30922,300.84,0.64,0.72,2026-09-26,0232,N20,nominal,2.0NRT,288.76,1.25,N
40.28895,-8.41986,305.46,0.39,0.36,2026-09-26,0232,N20,nominal,2.0NRT,286.31,1,N
36.7495,6.25622,308.61,0.57,0.69,2026-09-26,0232,N20,nominal,2.0NRT,288.84,2.1,N
36.74534,6.24736,300.78,0.57,0.69,2026-09-26,0232,N20,nominal,2.0NRT,289.67,1.59,N
36.74649,6.25414,317.28,0.57,0.69,2026-09-26,0232,N20,nominal,2.0NRT,289.32,2.73,N
38.3769,-0.54313,303.58,0.46,0.47,2026-09-26,0232,N20,nominal,2.0NRT,290.35,1.26,N
36.43384,6.62269,306.73,0.61,0.71,2026-09-26,0232,N20,nominal,2.0NRT,286.24,1.45,N
36.48841,6.22597,304.1,0.58,0.69,2026-09-26,0232,N20,nominal,2.0NRT,286.02,0.98,N
36.33565,5.47901,297.36,0.53,0.67,2026-09-26,0232,N20,nominal,2.0NRT,282.62,1.6,N
38.96361,-6.80773,308.7,0.39,0.36,2026-09-26,0232,N20,nominal,2.0NRT,288.92,0.54,N
38.96259,-6.82206,304.38,0.39,0.36,2026-09-26,0232,N20,nominal,2.0NRT,288.88,0.68,N
38.96032,-6.80865,297.61,0.39,0.36,2026-09-26,0232,N20,nominal,2.0NRT,286.67,0.54,N
38.95778,-6.81404,305.33,0.39,0.36,2026-09-26,0232,N20,nominal,2.0NRT,286.79,0.49,N
38.95372,-6.81049,299.23,0.39,0.36,2026-09-26,0232,N20,nominal,2.0NRT,287.78,0.62,N
36.74974,3.08028,308.59,0.39,0.59,2026-09-26,0232,N20,nominal,2.0NRT,291.46,0.93,N
36.63237,3.23011,305.61,0.4,0.6,2026-09-26,0232,N20,nominal,2.0NRT,289.55,0.61,N
38.92043,-9.01037,311.67,0.39,0.36,2026-09-26,0232,N20,nominal,2.0NRT,292.1,1.37,N
36.17993,3.74759,320.81,0.44,0.62,2026-09-26,0232,N20,nominal,2.0NRT,287.35,2.06,N
38.30676,-6.05929,300.73,0.41,0.37,2026-09-26,0232,N20,nominal,2.0NRT,288.55,0.49,N
38.30673,-6.06154,304.22,0.41,0.37,2026-09-26,0232,N20,nominal,2.0NRT,288.96,1.18,N
35.88102,4.44901,301.06,0.48,0.65,2026-09-26,0232,N20,nominal,2.0NRT,288.8,0.99,N
35.35267,5.76102,302.12,0.59,0.7,2026-09-26,0232,N20,nominal,2.0NRT,284.98,1.22,N
36.14064,2.92847,298.01,0.39,0.6,2026-09-26,0232,N20,nominal,2.0NRT,285.81,0.25,N
34.98097,5.71442,304.87,0.6,0.7,2026-09-26,0232,N20,nominal,2.0NRT,292.38,1.42,N
37.594,-5.08476,303.4,0.44,0.39,2026-09-26,0232,N20,nominal,2.0NRT,289.68,0.6,N
36.12924,1.23917,311.05,0.32,0.54,2026-09-26,0232,N20,nominal,2.0NRT,292.73,1.76,N
36.12839,1.24255,310.28,0.32,0.55,2026-09-26,0232,N20,nominal,2.0NRT,294.09,1.47,N
37.95872,-8.80327,302.89,0.38,0.36,2026-09-26,0232,N20,nominal,2.0NRT,292.29,1.44,N
37.95805,-8.79893,300.04,0.38,0.36,2026-09-26,0232,N20,nominal,2.0NRT,289.18,0.83,N
37.28515,-6.37074,303.5,0.41,0.37,2026-09-26,0232,N20,nominal,2.0NRT,279.65,0.44,N
35.8036,-0.2103,305.07,0.54,0.51,2026-09-26,0232,N20,nominal,2.0NRT,293.24,1.46,N
35.81283,-0.26973,325.06,0.54,0.51,2026-09-26,0232,N20,nominal,2.0NRT,293.09,3.06,N
35.8087,-0.25234,338.13,0.54,0.51,2026-09-26,0232,N20,nominal,2.0NRT,294.93,8.53,N
35.81009,-0.25818,310.28,0.54,0.51,2026-09-26,0232,N20,nominal,2.0NRT,293.14,4.92,N
35.76838,-0.26753,310.05,0.54,0.51,2026-09-26,0232,N20,nominal,2.0NRT,294.05,3.55,N
35.76833,-0.26246,309.33,0.54,0.51,2026-09-26,0232,N20,nominal,2.0NRT,293.79,2.75,N
35.53413,-0.2742,301.27,0.55,0.51,2026-09-26,0232,N20,nominal,2.0NRT,290.77,0.87,N
35.46153,-0.39779,311.25,0.54,0.51,2026-09-26,0232,N20,nominal,2.0NRT,290.9,2.3,N
35.56777,-0.94058,303.96,0.5,0.49,2026-09-26,0232,N20,nominal,2.0NRT,290.61,0.68,N
36.1792,-5.42317,304.2,0.45,0.39,2026-09-26,0232,N20,nominal,2.0NRT,293.01,0.9,N
35.31279,-1.34388,303.55,0.48,0.48,2026-09-26,0232,N20,nominal,2.0NRT,291.6,0.91,N
34.44039,2.05809,297.97,0.39,0.59,2026-09-26,0232,N20,nominal,2.0NRT,286.34,0.76,N
35.60135,-5.43439,306.72,0.46,0.39,2026-09-26,0232,N20,nominal,2.0NRT,293.56,1,N
34.59617,-2.34604,301.78,0.44,0.46,2026-09-26,0232,N20,nominal,2.0NRT,289.02,0.84,N
34.9822,-5.15643,304.18,0.48,0.4,2026-09-26,0232,N20,nominal,2.0NRT,291,0.78,N
34.97634,-5.16526,303.31,0.48,0.4,2026-09-26,0232,N20,nominal,2.0NRT,289.14,0.43,N
34.96823,-5.16262,333.38,0.48,0.4,2026-09-26,0232,N20,nominal,2.0NRT,289.39,3.2,N
34.97218,-5.1828,309.63,0.48,0.4,2026-09-26,0232,N20,nominal,2.0NRT,290.77,0.94,N
34.97123,-5.17791,309.92,0.48,0.4,2026-09-26,0232,N20,nominal,2.0NRT,292.11,0.94,N
34.96753,-5.17846,327.98,0.48,0.4,2026-09-26,0232,N20,nominal,2.0NRT,295.61,6.5,N
34.96661,-5.17374,340.57,0.48,0.4,2026-09-26,0232,N20,nominal,2.0NRT,296.38,19.23,N
34.96471,-5.16403,335.78,0.48,0.4,2026-09-26,0232,N20,nominal,2.0NRT,290.12,4.16,N
34.96567,-5.16893,314.37,0.48,0.4,2026-09-26,0232,N20,nominal,2.0NRT,289.46,19.23,N
34.96292,-5.17432,341.62,0.48,0.4,2026-09-26,0232,N20,nominal,2.0NRT,311.15,19.23,N
34.96202,-5.16971,355.52,0.48,0.4,2026-09-26,0232,N20,nominal,2.0NRT,300.47,19.23,N
34.9611,-5.16498,318.72,0.48,0.4,2026-09-26,0232,N20,nominal,2.0NRT,290.7,4.16,N
34.03723,-4.77689,303.31,0.52,0.41,2026-09-26,0234,N20,nominal,2.0NRT,291.15,0.61,N
58.35588,0.86827,338.83,0.58,0.69,2026-09-26,0406,N20,nominal,2.0NRT,281.72,2.61,N
58.35088,0.86053,295.74,0.58,0.69,2026-09-26,0406,N20,nominal,2.0NRT,279.9,2.61,N
58.35257,0.86871,323.59,0.58,0.7,2026-09-26,0406,N20,nominal,2.0NRT,281.63,2.93,N
58.35588,0.86092,314.09,0.58,0.69,2026-09-26,0406,N20,nominal,2.0NRT,280.53,2.93,N
64.35855,-21.78973,307.4,0.39,0.36,2026-09-26,0406,N20,nominal,2.0NRT,275.71,1.39,N
64.35901,-21.78749,310.25,0.35,0.57,2026-09-26,0546,N20,nominal,2.0NRT,274.68,1.27,N
52.40943,34.26298,334.99,0.71,0.75,2026-09-26,0856,N20,nominal,2.0NRT,285.45,5.28,D
36.26416,33.73117,329.02,0.51,0.41,2026-09-26,1030,N20,low,2.0NRT,302.57,3.28,D
37.07428,29.89559,340.37,0.51,0.49,2026-09-26,1032,N20,nominal,2.0NRT,301.86,5.55,D
37.07574,29.89289,330.23,0.51,0.49,2026-09-26,1032,N20,low,2.0NRT,300.6,1.55,D
37.59386,31.82612,340.04,0.4,0.44,2026-09-26,1032,N20,nominal,2.0NRT,289.6,2.99,D
36.90724,28.76726,330.16,0.59,0.53,2026-09-26,1032,N20,nominal,2.0NRT,293.48,4.12,D
37.61477,31.86586,329.68,0.39,0.44,2026-09-26,1032,N20,nominal,2.0NRT,293.22,1.9,D
37.6132,31.83818,331.41,0.39,0.44,2026-09-26,1032,N20,nominal,2.0NRT,293.18,10.1,D
37.62354,31.86765,341.16,0.39,0.44,2026-09-26,1032,N20,nominal,2.0NRT,299.2,6.77,D
37.61804,31.84122,327.19,0.39,0.44,2026-09-26,1032,N20,nominal,2.0NRT,290.27,10.1,D
37.61714,31.83687,355.15,0.39,0.44,2026-09-26,1032,N20,nominal,2.0NRT,296.59,10.1,D
37.61623,31.83252,338.35,0.39,0.44,2026-09-26,1032,N20,nominal,2.0NRT,296.38,11.2,D
37.61409,31.83512,344.39,0.39,0.44,2026-09-26,1032,N20,nominal,2.0NRT,298.04,15.18,D
36.90712,28.767,331.84,0.59,0.53,2026-09-26,1032,N20,nominal,2.0NRT,292.63,3.68,D
37.6246,31.8645,342.6,0.39,0.44,2026-09-26,1032,N20,nominal,2.0NRT,301.07,6.85,D
37.61802,31.83381,349.5,0.39,0.44,2026-09-26,1032,N20,nominal,2.0NRT,294.59,15.18,D
37.62922,31.80741,330.95,0.4,0.44,2026-09-26,1032,N20,nominal,2.0NRT,295.62,3.48,D
37.6283,31.8031,337.71,0.4,0.44,2026-09-26,1032,N20,nominal,2.0NRT,296.04,4.1,D
37.65933,31.90933,326.03,0.39,0.44,2026-09-26,1032,N20,nominal,2.0NRT,292.09,1.53,D
37.68301,31.80296,332.36,0.39,0.44,2026-09-26,1032,N20,nominal,2.0NRT,293.74,3.59,D
37.68887,31.81083,335.41,0.39,0.44,2026-09-26,1032,N20,nominal,2.0NRT,293.31,4.26,D
37.69284,31.80973,329.19,0.39,0.44,2026-09-26,1032,N20,nominal,2.0NRT,293.23,2.66,D
37.69186,31.80506,327.86,0.39,0.44,2026-09-26,1032,N20,nominal,2.0NRT,294.08,2.66,D
37.69092,31.80054,341.93,0.39,0.44,2026-09-26,1032,N20,nominal,2.0NRT,296.18,5.46,D
37.68999,31.79615,349.64,0.4,0.44,2026-09-26,1032,N20,nominal,2.0NRT,297.98,5.46,D
37.69489,31.79942,333.09,0.39,0.44,2026-09-26,1032,N20,nominal,2.0NRT,295,5.46,D
37.70214,31.77385,325.26,0.4,0.44,2026-09-26,1032,N20,low,2.0NRT,298.75,1.81,D
37.70426,31.7638,335.03,0.4,0.44,2026-09-26,1032,N20,nominal,2.0NRT,302.63,4.21,D
37.75758,31.75168,333.27,0.4,0.44,2026-09-26,1032,N20,low,2.0NRT,303.59,3.56,D
37.76614,31.77217,328.75,0.39,0.44,2026-09-26,1032,N20,low,2.0NRT,299.54,2.9,D
37.76523,31.76785,334.5,0.39,0.44,2026-09-26,1032,N20,nominal,2.0NRT,303.26,4.06,D
37.77007,31.77086,342.72,0.39,0.44,2026-09-26,1032,N20,nominal,2.0NRT,303.8,10.3,D
37.76916,31.76655,331.89,0.39,0.44,2026-09-26,1032,N20,low,2.0NRT,304.95,2.72,D
37.77308,31.76519,333.45,0.39,0.44,2026-09-26,1032,N20,nominal,2.0NRT,298.33,2.72,D
37.79483,31.74858,331.85,0.4,0.44,2026-09-26,1032,N20,nominal,2.0NRT,299.24,2.15,D
37.81056,31.74332,326.33,0.4,0.44,2026-09-26,1032,N20,low,2.0NRT,296.41,3.97,D
37.80964,31.73895,329.83,0.4,0.44,2026-09-26,1032,N20,nominal,2.0NRT,296.86,3.97,D
37.80872,31.73456,351.72,0.4,0.44,2026-09-26,1032,N20,nominal,2.0NRT,308.45,25.09,D
37.8078,31.73016,339.11,0.4,0.44,2026-09-26,1032,N20,nominal,2.0NRT,303.19,25.09,D
37.81266,31.73325,367,0.4,0.44,2026-09-26,1032,N20,high,2.0NRT,297.86,43.22,D
37.81358,31.73765,333.87,0.4,0.44,2026-09-26,1032,N20,nominal,2.0NRT,295.72,3.42,D
37.81322,31.72917,354.49,0.4,0.44,2026-09-26,1032,N20,nominal,2.0NRT,299.01,21.85,D
37.80976,31.67386,332.27,0.4,0.44,2026-09-26,1032,N20,nominal,2.0NRT,298.19,3.02,D
37.82629,31.69182,333.3,0.4,0.44,2026-09-26,1032,N20,nominal,2.0NRT,296.67,2.63,D
37.83023,31.6905,329.1,0.4,0.44,2026-09-26,1032,N20,nominal,2.0NRT,296.86,3.67,D
37.8351,31.69352,338.67,0.4,0.44,2026-09-26,1032,N20,nominal,2.0NRT,292.41,3.45,D
37.83417,31.68918,337.2,0.4,0.44,2026-09-26,1032,N20,nominal,2.0NRT,296.51,3.67,D
37.86047,31.61416,355.63,0.4,0.44,2026-09-26,1032,N20,nominal,2.0NRT,300.03,9.77,D
37.88536,31.59167,328.29,0.4,0.44,2026-09-26,1032,N20,nominal,2.0NRT,290.27,2.71,D
37.88932,31.59037,341.46,0.4,0.44,2026-09-26,1032,N20,nominal,2.0NRT,293.34,2.71,D
37.89818,31.59221,325.29,0.4,0.44,2026-09-26,1032,N20,nominal,2.0NRT,293.2,1.75,D
37.89999,31.59772,326.23,0.4,0.44,2026-09-26,1032,N20,nominal,2.0NRT,293.62,2.08,D
37.89809,31.58892,327.95,0.4,0.44,2026-09-26,1032,N20,nominal,2.0NRT,293.19,4.31,D
38.62886,34.2912,330.46,0.45,0.39,2026-09-26,1032,N20,nominal,2.0NRT,297.33,1.9,D
38.2563,32.29405,341.76,0.55,0.43,2026-09-26,1032,N20,nominal,2.0NRT,276.52,7.43,D
38.34038,32.55886,343.41,0.53,0.42,2026-09-26,1032,N20,nominal,2.0NRT,285.35,8.36,D
38.27095,32.22261,331.51,0.55,0.43,2026-09-26,1032,N20,nominal,2.0NRT,285.65,3.17,D
38.6905,34.2487,330.44,0.45,0.39,2026-09-26,1032,N20,nominal,2.0NRT,299.78,6.01,D
38.69398,34.24763,345.65,0.45,0.39,2026-09-26,1032,N20,nominal,2.0NRT,298.24,6.01,D
38.536,32.74282,345.89,0.52,0.41,2026-09-26,1032,N20,nominal,2.0NRT,291.33,13.66,D
39.08574,34.75743,331.43,0.43,0.38,2026-09-26,1032,N20,nominal,2.0NRT,300.39,1.96,D
38.637,32.42437,355.38,0.53,0.42,2026-09-26,1032,N20,nominal,2.0NRT,280.76,26.86,D
38.66607,32.35116,328.43,0.53,0.42,2026-09-26,1032,N20,nominal,2.0NRT,285.33,3.23,D
38.6328,32.01074,335.9,0.56,0.43,2026-09-26,1032,N20,nominal,2.0NRT,297.03,5.01,D
39.11803,34.43862,333.68,0.44,0.38,2026-09-26,1032,N20,nominal,2.0NRT,300.11,2.87,D
39.11712,34.43357,341.39,0.44,0.38,2026-09-26,1032,N20,nominal,2.0NRT,300.83,4.18,D
38.72057,31.99902,327.09,0.55,0.43,2026-09-26,1032,N20,nominal,2.0NRT,288.76,4.62,D
38.71928,31.9928,327.22,0.55,0.43,2026-09-26,1032,N20,nominal,2.0NRT,290.82,4.62,D
38.72438,31.99775,328.8,0.55,0.43,2026-09-26,1032,N20,nominal,2.0NRT,291.17,4.62,D
38.78118,32.13632,338.97,0.54,0.42,2026-09-26,1032,N20,nominal,2.0NRT,292.21,7.19,D
38.80722,32.22503,333.38,0.54,0.42,2026-09-26,1032,N20,nominal,2.0NRT,284.44,6.02,D
38.7787,32.13625,334.36,0.54,0.42,2026-09-26,1032,N20,nominal,2.0NRT,292.33,11.71,D
38.87435,32.46307,331.51,0.52,0.42,2026-09-26,1032,N20,nominal,2.0NRT,293.2,5.8,D
38.87314,32.45715,331.62,0.52,0.42,2026-09-26,1032,N20,nominal,2.0NRT,297.48,11.58,D
39.36842,34.9464,334.92,0.42,0.38,2026-09-26,1032,N20,nominal,2.0NRT,303.67,3.82,D
38.89814,32.42366,341.83,0.53,0.42,2026-09-26,1032,N20,nominal,2.0NRT,293.91,7.32,D
39.24566,33.37146,342.19,0.47,0.4,2026-09-26,1032,N20,nominal,2.0NRT,275.79,7.71,D
39.53477,34.88369,346.54,0.42,0.38,2026-09-26,1032,N20,nominal,2.0NRT,305.77,6.93,D
39.53464,34.88551,334.22,0.42,0.38,2026-09-26,1032,N20,low,2.0NRT,305.41,4.28,D
39.53378,34.8807,330.74,0.42,0.38,2026-09-26,1032,N20,nominal,2.0NRT,303.28,3.45,D
39.33678,33.64423,336.01,0.46,0.39,2026-09-26,1032,N20,nominal,2.0NRT,295.23,4.63,D
39.37563,33.59291,345.51,0.46,0.39,2026-09-26,1032,N20,nominal,2.0NRT,296.01,8.35,D
39.05684,31.8599,337.34,0.55,0.43,2026-09-26,1032,N20,nominal,2.0NRT,272.53,4.39,D
39.05703,31.85846,331.78,0.55,0.43,2026-09-26,1032,N20,nominal,2.0NRT,271.28,6.49,D
39.45544,33.78588,345.15,0.45,0.39,2026-09-26,1032,N20,nominal,2.0NRT,299.62,5.71,D
39.43173,33.54489,339.58,0.46,0.39,2026-09-26,1032,N20,nominal,2.0NRT,293.75,7.82,D
39.52038,33.99277,334.63,0.45,0.39,2026-09-26,1032,N20,nominal,2.0NRT,298.48,2.81,D
39.46468,33.67813,334.96,0.46,0.39,2026-09-26,1032,N20,nominal,2.0NRT,296.08,6.75,D
39.46368,33.6729,345.72,0.46,0.39,2026-09-26,1032,N20,nominal,2.0NRT,299,29.63,D
39.50457,33.83005,344.08,0.45,0.39,2026-09-26,1032,N20,nominal,2.0NRT,301.91,6.02,D
39.3954,32.34256,328.69,0.52,0.41,2026-09-26,1032,N20,nominal,2.0NRT,277.42,13.8,D
39.39418,32.33661,350.56,0.52,0.41,2026-09-26,1032,N20,nominal,2.0NRT,284.33,13.8,D
39.39912,32.34136,335.43,0.52,0.41,2026-09-26,1032,N20,nominal,2.0NRT,277.22,15.57,D
39.3979,32.3354,345.59,0.52,0.41,2026-09-26,1032,N20,nominal,2.0NRT,280.17,15.57,D
39.7656,33.9484,331.43,0.45,0.39,2026-09-26,1032,N20,low,2.0NRT,303.7,2.71,D
39.85396,34.25065,335.07,0.43,0.38,2026-09-26,1032,N20,nominal,2.0NRT,302.57,3.35,D
40.16474,34.73764,332.79,0.42,0.37,2026-09-26,1032,N20,nominal,2.0NRT,300.27,1.69,D
40.16264,34.46957,333.22,0.42,0.38,2026-09-26,1032,N20,nominal,2.0NRT,300.16,3.2,D
40.29548,33.972,329.78,0.44,0.38,2026-09-26,1032,N20,nominal,2.0NRT,303.3,1.25,D
40.42362,34.26678,338.76,0.43,0.38,2026-09-26,1032,N20,nominal,2.0NRT,299.11,7.72,D
40.41334,33.97457,337.47,0.44,0.38,2026-09-26,1032,N20,nominal,2.0NRT,307.45,2.79,D
40.55687,34.19551,340.06,0.43,0.38,2026-09-26,1032,N20,nominal,2.0NRT,298.79,3.67,D
40.58436,34.20806,344.69,0.43,0.38,2026-09-26,1032,N20,nominal,2.0NRT,304.03,7.64,D
40.58347,34.20311,331.49,0.43,0.38,2026-09-26,1032,N20,nominal,2.0NRT,300.4,3.81,D
40.57153,34.11753,332.44,0.43,0.38,2026-09-26,1032,N20,nominal,2.0NRT,291.55,4.62,D
40.65266,33.60066,335.4,0.44,0.39,2026-09-26,1032,N20,nominal,2.0NRT,288.57,6.98,D
40.22559,27.84665,326.48,0.54,0.51,2026-09-26,1032,N20,low,2.0NRT,297.16,3.74,D
40.2227,27.81447,332.43,0.55,0.51,2026-09-26,1032,N20,nominal,2.0NRT,297.13,2.65,D
40.29853,27.78677,325.23,0.55,0.51,2026-09-26,1032,N20,low,2.0NRT,299.42,2.83,D
41.45723,27.6989,335.98,0.52,0.5,2026-09-26,1032,N20,nominal,2.0NRT,284.43,5.05,D
45.25676,31.67311,342.65,0.44,0.39,2026-09-26,1034,N20,nominal,2.0NRT,287.25,8.29,D
47.58818,34.93688,346.95,0.38,0.36,2026-09-26,1034,N20,nominal,2.0NRT,285.95,6.46,D
47.31656,32.83576,331.36,0.4,0.37,2026-09-26,1034,N20,nominal,2.0NRT,286.49,1.6,D
47.32073,32.8397,337.27,0.4,0.37,2026-09-26,1034,N20,nominal,2.0NRT,286.97,5.28,D
44.9964,19.44293,327.07,0.5,0.66,2026-09-26,1034,N20,nominal,2.0NRT,292.58,2.73,D
45.41689,20.68375,367,0.43,0.62,2026-09-26,1034,N20,high,2.0NRT,292.23,10.27,D
45.0677,19.5324,325.93,0.5,0.65,2026-09-26,1034,N20,nominal,2.0NRT,292.85,2.06,D
48.19606,32.45798,347.72,0.4,0.37,2026-09-26,1034,N20,nominal,2.0NRT,290.24,6.65,D
45.08447,19.54359,356.38,0.49,0.65,2026-09-26,1034,N20,nominal,2.0NRT,294.36,8.9,D
45.74631,20.74428,331.1,0.42,0.61,2026-09-26,1034,N20,nominal,2.0NRT,293.45,2.82,D
45.74483,20.73929,339.45,0.42,0.61,2026-09-26,1034,N20,nominal,2.0NRT,297.58,2.82,D
45.75003,20.73614,331.91,0.42,0.61,2026-09-26,1034,N20,nominal,2.0NRT,294.56,2.82,D
45.74467,20.74252,330.68,0.42,0.61,2026-09-26,1034,N20,nominal,2.0NRT,294.74,2.48,D
45.74987,20.73937,332.32,0.42,0.61,2026-09-26,1034,N20,nominal,2.0NRT,294.29,3.56,D
45.74837,20.73441,337.58,0.42,0.61,2026-09-26,1034,N20,nominal,2.0NRT,295.55,3.79,D
46.68698,22.09405,342.63,0.34,0.56,2026-09-26,1034,N20,nominal,2.0NRT,296.57,3.87,D
49.51134,26.28106,326.16,0.57,0.43,2026-09-26,1034,N20,nominal,2.0NRT,293.44,2.07,D
50.60977,30.88568,343.13,0.4,0.37,2026-09-26,1034,N20,nominal,2.0NRT,285.19,5.45,D
50.61075,30.89121,355.71,0.4,0.37,2026-09-26,1034,N20,low,2.0NRT,291.86,5.45,D
50.61306,30.88423,356.19,0.4,0.37,2026-09-26,1034,N20,low,2.0NRT,290.66,5.45,D
50.52669,29.61502,328.91,0.43,0.38,2026-09-26,1034,N20,nominal,2.0NRT,285.16,5.38,D
50.52558,29.60918,327.33,0.43,0.38,2026-09-26,1034,N20,nominal,2.0NRT,286.46,5.34,D
51.06583,28.76169,328.94,0.44,0.38,2026-09-26,1034,N20,nominal,2.0NRT,289.58,2.43,D
52.1421,34.13995,328.25,0.39,0.36,2026-09-26,1034,N20,nominal,2.0NRT,287.41,2.59,D
52.35592,34.10348,330.52,0.39,0.36,2026-09-26,1034,N20,nominal,2.0NRT,289.21,2.44,D
52.3592,34.10224,326.23,0.39,0.36,2026-09-26,1034,N20,nominal,2.0NRT,289.47,2.44,D
52.40804,34.26077,330.42,0.39,0.36,2026-09-26,1034,N20,nominal,2.0NRT,292.95,4.03,D
52.33792,33.32023,330.04,0.39,0.36,2026-09-26,1034,N20,nominal,2.0NRT,292.46,2.09,D
52.19242,32.30475,329.72,0.38,0.36,2026-09-26,1034,N20,nominal,2.0NRT,290.66,2.41,D
49.67859,18.66798,349.66,0.38,0.59,2026-09-26,1034,N20,nominal,2.0NRT,289.44,7.36,D
48.27753,14.34395,334.39,0.64,0.72,2026-09-26,1034,N20,nominal,2.0NRT,290.3,10.47,D
53.02814,31.57625,329.36,0.39,0.36,2026-09-26,1034,N20,nominal,2.0NRT,291.12,5.05,D
53.02723,31.57064,327.01,0.39,0.36,2026-09-26,1034,N20,nominal,2.0NRT,291.78,5.05,D
53.42533,34.02209,349.09,0.4,0.37,2026-09-26,1034,N20,nominal,2.0NRT,290.85,8.52,D
51.6838,15.98837,325.06,0.42,0.61,2026-09-26,1036,N20,nominal,2.0NRT,294.05,2.21,D
52.17058,14.63146,342.65,0.45,0.63,2026-09-26,1036,N20,nominal,2.0NRT,292.59,4.27,D
52.17201,14.63083,342.4,0.45,0.63,2026-09-26,1036,N20,nominal,2.0NRT,291.81,4.86,D
58.84168,2.25361,335.01,0.59,0.7,2026-09-26,1038,N20,nominal,2.0NRT,280.72,7.72,D
58.84045,2.2465,345.07,0.59,0.7,2026-09-26,1038,N20,nominal,2.0NRT,281.45,6.64,D
34.09504,3.31443,347.06,0.35,0.57,2026-09-26,1212,N20,nominal,2.0NRT,310.73,5.03,D
34.09413,3.31076,344.59,0.35,0.57,2026-09-26,1212,N20,nominal,2.0NRT,312.29,4.51,D
36.13299,8.72775,342.04,0.5,0.41,2026-09-26,1212,N20,nominal,2.0NRT,305.22,5.1,D
36.13922,8.72018,341.81,0.5,0.41,2026-09-26,1212,N20,nominal,2.0NRT,307.49,10.53,D
36.13816,8.71478,335.39,0.5,0.41,2026-09-26,1212,N20,low,2.0NRT,306.04,4.51,D
36.08534,6.9188,341.13,0.4,0.44,2026-09-26,1212,N20,nominal,2.0NRT,312.89,3.76,D
37.31713,13.76603,338.13,0.39,0.36,2026-09-26,1212,N20,nominal,2.0NRT,299.94,3.75,D
36.08626,6.92012,341.93,0.4,0.44,2026-09-26,1212,N20,nominal,2.0NRT,312.77,2.44,D
36.10908,6.84787,341.23,0.4,0.45,2026-09-26,1212,N20,nominal,2.0NRT,312.99,3.23,D
37.36702,13.64285,332.47,0.39,0.36,2026-09-26,1212,N20,nominal,2.0NRT,302.8,1.8,D
36.24736,7.13812,355.32,0.39,0.44,2026-09-26,1212,N20,nominal,2.0NRT,312.63,9.84,D
37.41442,13.64175,344.58,0.39,0.36,2026-09-26,1212,N20,nominal,2.0NRT,302.95,6.14,D
37.41378,13.63743,333.13,0.39,0.36,2026-09-26,1212,N20,nominal,2.0NRT,302.43,6.14,D
36.2504,7.13271,346.91,0.39,0.44,2026-09-26,1212,N20,nominal,2.0NRT,311.05,9.84,D
36.74154,9.48726,330.52,0.45,0.39,2026-09-26,1212,N20,nominal,2.0NRT,296.42,2.41,D
37.50534,13.86739,342.84,0.39,0.36,2026-09-26,1212,N20,nominal,2.0NRT,306.05,6.86,D
36.40833,7.53769,333.23,0.55,0.43,2026-09-26,1212,N20,low,2.0NRT,307.75,2.3,D
36.33931,7.17976,342.01,0.39,0.44,2026-09-26,1212,N20,nominal,2.0NRT,308.01,3.06,D
36.33843,7.17544,336.97,0.39,0.44,2026-09-26,1212,N20,nominal,2.0NRT,307.65,3.06,D
36.22723,6.6214,342.27,0.41,0.45,2026-09-26,1212,N20,nominal,2.0NRT,310.02,4.26,D
37.49473,13.60981,330.76,0.39,0.36,2026-09-26,1212,N20,low,2.0NRT,303.54,2.56,D
37.49409,13.60548,332.71,0.39,0.36,2026-09-26,1212,N20,low,2.0NRT,302.94,2.23,D
37.53815,13.88211,336.65,0.39,0.36,2026-09-26,1212,N20,nominal,2.0NRT,303.52,2.65,D
37.53673,13.80322,334.75,0.39,0.36,2026-09-26,1212,N20,nominal,2.0NRT,308.22,2.96,D
37.50963,13.57182,339.28,0.39,0.36,2026-09-26,1212,N20,nominal,2.0NRT,303.92,6.51,D
37.58537,13.80979,332.68,0.39,0.36,2026-09-26,1212,N20,nominal,2.0NRT,306.11,2.76,D
37.58674,13.79588,337.95,0.39,0.36,2026-09-26,1212,N20,nominal,2.0NRT,306.84,4.85,D
37.61155,13.9432,341.18,0.39,0.36,2026-09-26,1212,N20,nominal,2.0NRT,303.39,4.67,D
37.54778,13.32608,341.6,0.38,0.36,2026-09-26,1212,N20,nominal,2.0NRT,301.92,9.05,D
37.65263,14.01502,330.76,0.39,0.36,2026-09-26,1212,N20,nominal,2.0NRT,298.67,2.99,D
36.99555,9.87386,330.1,0.44,0.38,2026-09-26,1212,N20,low,2.0NRT,302.63,0.73,D
36.99469,9.86913,333.63,0.44,0.38,2026-09-26,1212,N20,nominal,2.0NRT,303.98,2.29,D
36.99594,9.87091,346.52,0.44,0.38,2026-09-26,1212,N20,nominal,2.0NRT,305.11,5,D
36.99937,9.86987,341.38,0.44,0.38,2026-09-26,1212,N20,nominal,2.0NRT,304.55,3.54,D
37.65934,13.73521,335.59,0.39,0.36,2026-09-26,1212,N20,nominal,2.0NRT,301.24,2.42,D
36.97627,9.48717,336.14,0.45,0.39,2026-09-26,1212,N20,nominal,2.0NRT,304.59,5.33,D
37.58951,12.86203,338.9,0.38,0.36,2026-09-26,1212,N20,nominal,2.0NRT,306.46,3.56,D
37.58885,12.85773,344.77,0.38,0.36,2026-09-26,1212,N20,nominal,2.0NRT,306.78,3.56,D
37.59212,12.85693,335.87,0.38,0.36,2026-09-26,1212,N20,nominal,2.0NRT,303.59,5.65,D
36.48365,6.60755,336.81,0.41,0.45,2026-09-26,1212,N20,nominal,2.0NRT,309.31,2.66,D
37.77487,13.78123,341.04,0.39,0.36,2026-09-26,1212,N20,nominal,2.0NRT,304.18,6.06,D
37.69297,13.11452,347.19,0.38,0.36,2026-09-26,1212,N20,nominal,2.0NRT,305.2,6.68,D
36.46602,6.38519,333.11,0.42,0.45,2026-09-26,1212,N20,low,2.0NRT,305.92,1.89,D
37.66033,12.68019,342.65,0.38,0.36,2026-09-26,1212,N20,nominal,2.0NRT,303.3,4.76,D
37.73701,12.80113,335.45,0.38,0.36,2026-09-26,1212,N20,nominal,2.0NRT,303.8,2.66,D
38.15729,15.22947,329.71,0.41,0.37,2026-09-26,1212,N20,nominal,2.0NRT,294.44,5.17,D
38.16006,15.22635,341.32,0.41,0.37,2026-09-26,1212,N20,nominal,2.0NRT,294.6,3.53,D
35.41854,1.10866,339.35,0.43,0.62,2026-09-26,1212,N20,nominal,2.0NRT,312.91,2.31,D
36.86825,6.98386,345.64,0.38,0.44,2026-09-26,1212,N20,nominal,2.0NRT,303.53,7.4,D
37.99371,13.09997,331.86,0.38,0.36,2026-09-26,1212,N20,nominal,2.0NRT,303.48,10.04,D
36.74479,6.25767,343.32,0.42,0.45,2026-09-26,1212,N20,nominal,2.0NRT,300.2,7.18,D
37.95799,12.73174,344.23,0.38,0.36,2026-09-26,1212,N20,nominal,2.0NRT,305.12,54.82,D
37.96127,12.73094,333.59,0.38,0.36,2026-09-26,1212,N20,nominal,2.0NRT,302.94,4.93,D
36.33981,3.70116,336.12,0.59,0.53,2026-09-26,1212,N20,nominal,2.0NRT,302.59,3.69,D
38.76888,16.23113,327.89,0.45,0.39,2026-09-26,1212,N20,nominal,2.0NRT,299.03,1.71,D
38.83522,16.29693,328.09,0.45,0.39,2026-09-26,1212,N20,nominal,2.0NRT,298.62,1.46,D
38.83338,16.29492,331.09,0.45,0.39,2026-09-26,1212,N20,nominal,2.0NRT,298.31,2.11,D
39.00844,16.87002,327.03,0.48,0.4,2026-09-26,1212,N20,nominal,2.0NRT,294.85,2.51,D
39.0078,16.86456,330.64,0.48,0.4,2026-09-26,1212,N20,nominal,2.0NRT,298.1,2.51,D
39.00769,16.86836,335.14,0.48,0.4,2026-09-26,1212,N20,nominal,2.0NRT,296.47,3.55,D
35.80586,-0.25035,333.99,0.49,0.65,2026-09-26,1212,N20,nominal,2.0NRT,301.24,2.73,D
40.1161,28.06446,327.04,0.62,0.71,2026-09-26,1212,N20,nominal,2.0NRT,290.23,3.43,D
39.36193,8.9161,336.45,0.44,0.38,2026-09-26,1212,N20,low,2.0NRT,309.93,3.4,D
39.36631,8.92003,337.5,0.44,0.38,2026-09-26,1212,N20,low,2.0NRT,310.42,3.4,D
39.51463,9.0091,338.31,0.43,0.38,2026-09-26,1212,N20,nominal,2.0NRT,307.98,4.49,D
40.7378,16.50174,339.48,0.48,0.4,2026-09-26,1212,N20,nominal,2.0NRT,301.55,6.88,D
40.24253,9.00326,334.56,0.43,0.38,2026-09-26,1214,N20,low,2.0NRT,308.09,2.15,D
40.31311,8.61928,332.26,0.44,0.38,2026-09-26,1214,N20,low,2.0NRT,302.94,3.5,D
41.28813,13.92626,338.09,0.41,0.37,2026-09-26,1214,N20,nominal,2.0NRT,312.27,20.25,D
41.28752,13.92165,342.32,0.41,0.37,2026-09-26,1214,N20,nominal,2.0NRT,309.81,20.25,D
41.29301,13.91073,332.2,0.41,0.37,2026-09-26,1214,N20,low,2.0NRT,302.71,2.95,D
41.55505,15.57551,335.45,0.45,0.39,2026-09-26,1214,N20,nominal,2.0NRT,300.43,3.76,D
41.57576,15.67509,336.76,0.46,0.39,2026-09-26,1214,N20,nominal,2.0NRT,300.6,3.76,D
41.60192,15.58568,332.53,0.46,0.39,2026-09-26,1214,N20,nominal,2.0NRT,301.62,2.91,D
41.65512,15.91416,329.57,0.47,0.4,2026-09-26,1214,N20,nominal,2.0NRT,299.96,1.77,D
41.73206,15.49511,337.84,0.45,0.39,2026-09-26,1214,N20,nominal,2.0NRT,303.19,3.92,D
41.42278,12.88986,339.97,0.39,0.36,2026-09-26,1214,N20,nominal,2.0NRT,297.44,2.45,D
41.69072,13.74424,333.43,0.41,0.37,2026-09-26,1214,N20,nominal,2.0NRT,300.01,2.04,D
41.67593,12.56519,337.59,0.39,0.36,2026-09-26,1214,N20,nominal,2.0NRT,306.91,2.87,D
41.566,9.28519,335.53,0.41,0.37,2026-09-26,1214,N20,nominal,2.0NRT,300.52,2.49,D
42.12129,12.51466,331.68,0.39,0.36,2026-09-26,1214,N20,low,2.0NRT,303.69,3.48,D
43.8186,11.06444,332.28,0.38,0.36,2026-09-26,1214,N20,nominal,2.0NRT,302.08,1.92,D
43.84126,11.14662,326.87,0.38,0.36,2026-09-26,1214,N20,low,2.0NRT,301.27,6.72,D
44.88345,19.88397,342.36,0.51,0.49,2026-09-26,1214,N20,nominal,2.0NRT,297.85,9.14,D
45.06919,21.13096,339.45,0.59,0.53,2026-09-26,1214,N20,nominal,2.0NRT,296.91,7.79,D
45.0342,20.12924,345.48,0.53,0.5,2026-09-26,1214,N20,nominal,2.0NRT,297.55,16.29,D
44.38853,11.73694,333.5,0.39,0.36,2026-09-26,1214,N20,nominal,2.0NRT,300.91,1.4,D
45.26996,19.47443,340.25,0.49,0.49,2026-09-26,1214,N20,nominal,2.0NRT,296.43,4.85,D
44.51889,11.53313,347.07,0.39,0.36,2026-09-26,1214,N20,nominal,2.0NRT,300.56,3.41,D
43.79986,6.77825,335.28,0.45,0.39,2026-09-26,1214,N20,nominal,2.0NRT,296.35,6.24,D
43.79882,6.77278,339.21,0.45,0.39,2026-09-26,1214,N20,nominal,2.0NRT,295.84,3.84,D
43.44556,4.89905,344.47,0.53,0.42,2026-09-26,1214,N20,nominal,2.0NRT,303.53,9.88,D
43.4415,4.87991,331.41,0.53,0.42,2026-09-26,1214,N20,nominal,2.0NRT,300.74,3.72,D
43.51706,5.14355,331.69,0.52,0.41,2026-09-26,1214,N20,nominal,2.0NRT,301.25,5.75,D
43.53312,5.14402,344.53,0.52,0.41,2026-09-26,1214,N20,nominal,2.0NRT,300.84,5.28,D
43.53681,5.14259,342.53,0.52,0.41,2026-09-26,1214,N20,nominal,2.0NRT,301.15,5.37,D
44.6365,11.17053,338.42,0.39,0.36,2026-09-26,1214,N20,nominal,2.0NRT,300.94,2.86,D
44.70177,11.31453,335.67,0.39,0.36,2026-09-26,1214,N20,nominal,2.0NRT,300.3,1.74,D
41.00479,-4.87758,336.16,0.6,0.71,2026-09-26,1214,N20,nominal,2.0NRT,299.42,10.68,D
41.01077,-4.88101,367,0.6,0.71,2026-09-26,1214,N20,high,2.0NRT,301.66,10.68,D
41.00864,-4.88768,338.31,0.6,0.71,2026-09-26,1214,N20,nominal,2.0NRT,301.63,16.95,D
45.74231,20.72664,341.15,0.57,0.52,2026-09-26,1214,N20,nominal,2.0NRT,297.28,6.9,D
44.86222,11.57474,340.81,0.39,0.36,2026-09-26,1214,N20,nominal,2.0NRT,299.81,3.06,D
45.04246,11.81117,337.1,0.39,0.36,2026-09-26,1214,N20,nominal,2.0NRT,299.49,2.54,D
43.8614,4.8323,336.87,0.53,0.42,2026-09-26,1214,N20,nominal,2.0NRT,302.28,4.15,D
44.424,6.72312,337.83,0.44,0.39,2026-09-26,1214,N20,nominal,2.0NRT,296.09,3.17,D
45.05433,9.41253,330.52,0.39,0.36,2026-09-26,1214,N20,low,2.0NRT,300.67,1.16,D
45.14581,9.94112,334.67,0.38,0.36,2026-09-26,1214,N20,nominal,2.0NRT,301.21,3.84,D
45.39695,11.21811,337.26,0.39,0.36,2026-09-26,1214,N20,nominal,2.0NRT,296.36,3.25,D
45.5188,11.49795,330.64,0.39,0.36,2026-09-26,1214,N20,nominal,2.0NRT,302.59,2.72,D
45.46113,10.45481,333.99,0.38,0.36,2026-09-26,1214,N20,nominal,2.0NRT,299.35,2.05,D
46.2355,16.25163,328.25,0.54,0.42,2026-09-26,1214,N20,nominal,2.0NRT,294.34,2.42,D
45.47855,10.21093,333.22,0.38,0.36,2026-09-26,1214,N20,nominal,2.0NRT,302.98,3,D
45.1094,7.71875,337.2,0.41,0.37,2026-09-26,1214,N20,nominal,2.0NRT,299.2,2.81,D
45.55381,10.21044,339.58,0.38,0.36,2026-09-26,1214,N20,nominal,2.0NRT,298.22,2.69,D
45.55307,10.20558,327.48,0.38,0.36,2026-09-26,1214,N20,nominal,2.0NRT,295.95,1.9,D
45.1587,7.77692,337.56,0.41,0.37,2026-09-26,1214,N20,nominal,2.0NRT,298.07,1.58,D
45.74604,11.44254,339.26,0.39,0.36,2026-09-26,1214,N20,nominal,2.0NRT,296.54,2.08,D
45.20428,7.89533,329.98,0.41,0.37,2026-09-26,1214,N20,low,2.0NRT,302.32,1.8,D
45.18573,7.7296,332.39,0.41,0.37,2026-09-26,1214,N20,nominal,2.0NRT,301.59,2.01,D
45.68919,9.76015,340.9,0.38,0.36,2026-09-26,1214,N20,nominal,2.0NRT,299.54,3.29,D
45.66058,9.23681,330.44,0.39,0.36,2026-09-26,1214,N20,nominal,2.0NRT,297.04,2.44,D
45.56082,8.14624,330.2,0.4,0.37,2026-09-26,1214,N20,nominal,2.0NRT,296.16,3.1,D
45.75629,9.29938,326.27,0.39,0.36,2026-09-26,1214,N20,nominal,2.0NRT,292.52,1.58,D
45.7555,9.29449,329.56,0.39,0.36,2026-09-26,1214,N20,nominal,2.0NRT,294.68,1.58,D
43.22521,-2.87957,329.67,0.41,0.61,2026-09-26,1214,N20,nominal,2.0NRT,294.6,2.98,D
43.03022,-5.56215,346.15,0.56,0.69,2026-09-26,1214,N20,nominal,2.0NRT,293.84,7.55,D
45.92775,4.47912,342.79,0.5,0.41,2026-09-26,1214,N20,nominal,2.0NRT,310.78,39.27,D
43.53669,-5.82892,338.28,0.55,0.68,2026-09-26,1214,N20,nominal,2.0NRT,289.85,8.78,D
43.53571,-5.82723,326.03,0.55,0.68,2026-09-26,1214,N20,nominal,2.0NRT,289.19,1.69,D
43.54142,-5.83097,338.11,0.55,0.68,2026-09-26,1214,N20,nominal,2.0NRT,290.86,4.87,D
47.07111,8.26874,332.82,0.39,0.36,2026-09-26,1214,N20,nominal,2.0NRT,302.01,4.53,D
47.17207,7.56396,335.95,0.4,0.37,2026-09-26,1214,N20,nominal,2.0NRT,304.57,4,D
47.17535,7.56274,335.74,0.4,0.37,2026-09-26,1214,N20,nominal,2.0NRT,301.61,3.36,D
48.27529,14.34038,346.18,0.48,0.4,2026-09-26,1214,N20,nominal,2.0NRT,304.03,14.04,D
48.28193,14.33212,328.04,0.48,0.4,2026-09-26,1214,N20,nominal,2.0NRT,297.52,4.01,D
48.10675,12.52525,325.08,0.43,0.38,2026-09-26,1217,N20,nominal,2.0NRT,297.35,1.57,D
48.10793,12.52279,325.64,0.43,0.38,2026-09-26,1217,N20,nominal,2.0NRT,297.1,1.98,D
47.39919,7.54041,340.53,0.4,0.37,2026-09-26,1217,N20,nominal,2.0NRT,303.04,5,D
48.06573,8.44385,329.52,0.39,0.36,2026-09-26,1217,N20,nominal,2.0NRT,298.64,2.48,D
48.59737,7.82176,333.66,0.39,0.36,2026-09-26,1217,N20,nominal,2.0NRT,300.21,3.43,D
49.30873,6.52348,344.6,0.4,0.37,2026-09-26,1217,N20,nominal,2.0NRT,301.9,5.25,D
49.35813,6.7483,343.49,0.39,0.37,2026-09-26,1217,N20,nominal,2.0NRT,306.25,4.48,D
50.05722,6.21058,335.8,0.4,0.37,2026-09-26,1217,N20,nominal,2.0NRT,298.7,3.02,D
51.68712,15.9834,348.52,0.41,0.45,2026-09-26,1217,N20,nominal,2.0NRT,302.57,28.33,D
51.68662,15.9775,331.17,0.41,0.45,2026-09-26,1217,N20,nominal,2.0NRT,297.63,28.33,D
51.68517,15.98163,350.21,0.41,0.45,2026-09-26,1217,N20,nominal,2.0NRT,302.24,27.79,D
51.68927,15.98081,344.76,0.41,0.45,2026-09-26,1217,N20,nominal,2.0NRT,298.65,27.79,D
50.59412,4.13555,330.29,0.43,0.38,2026-09-26,1217,N20,nominal,2.0NRT,292.87,8.5,D
52.16888,14.62845,327.36,0.55,0.42,2026-09-26,1217,N20,nominal,2.0NRT,293.98,4.73,D
52.15365,10.40413,331.48,0.41,0.37,2026-09-26,1217,N20,nominal,2.0NRT,291.17,5.08,D
52.4839,4.59614,328.65,0.4,0.37,2026-09-26,1217,N20,nominal,2.0NRT,294.63,2.81,D
52.48288,4.5904,330.44,0.4,0.37,2026-09-26,1217,N20,nominal,2.0NRT,293.93,2.81,D
53.13378,8.68167,344.02,0.39,0.36,2026-09-26,1217,N20,nominal,2.0NRT,294.76,8.85,D
52.49124,4.61752,326,0.4,0.37,2026-09-26,1217,N20,nominal,2.0NRT,291.97,4.36,D
54.75169,20.33289,327.23,0.33,0.55,2026-09-26,1217,N20,nominal,2.0NRT,288.5,1.71,D
53.56951,-0.5897,328.87,0.52,0.41,2026-09-26,1217,N20,nominal,2.0NRT,292.37,4.12,D
53.56785,-0.59721,325.28,0.52,0.41,2026-09-26,1217,N20,nominal,2.0NRT,294.91,4.12,D
55.58072,8.13927,330.27,0.4,0.37,2026-09-26,1219,N20,nominal,2.0NRT,292.84,3.98,D
57.1891,-3.15073,331.54,0.51,0.41,2026-09-26,1217,N20,nominal,2.0NRT,278.21,7.12,D
57.81318,-0.97702,325.97,0.44,0.38,2026-09-26,1217,N20,nominal,2.0NRT,284.26,2.56,D
59.28011,5.97331,331.05,0.4,0.37,2026-09-26,1217,N20,nominal,2.0NRT,282.36,3.31,D
58.84336,2.25007,327.77,0.39,0.36,2026-09-26,1217,N20,nominal,2.0NRT,285.17,6.23,D
58.92231,2.19964,338.94,0.39,0.36,2026-09-26,1217,N20,nominal,2.0NRT,286.3,8.89,D
34.26934,-3.93177,345.99,0.47,0.48,2026-09-26,1353,N20,nominal,2.0NRT,315.57,18.46,D
34.27421,-3.92731,344.45,0.47,0.48,2026-09-26,1353,N20,nominal,2.0NRT,313.86,14.49,D
34.27031,-3.92346,339.59,0.47,0.48,2026-09-26,1353,N20,low,2.0NRT,313.76,4.68,D
34.26936,-3.93396,354.49,0.47,0.48,2026-09-26,1353,N20,nominal,2.0NRT,314.32,22.32,D
34.27468,-3.92424,343.01,0.47,0.48,2026-09-26,1353,N20,nominal,2.0NRT,312.49,4.68,D
34.91087,-0.88756,367,0.36,0.57,2026-09-26,1353,N20,high,2.0NRT,315.81,15.79,D
34.91114,-0.88363,341.65,0.36,0.57,2026-09-26,1353,N20,nominal,2.0NRT,310.98,7.76,D
35.16254,3.61609,330.09,0.65,0.73,2026-09-26,1353,N20,low,2.0NRT,304.26,4.62,D
35.15841,3.61695,343.78,0.65,0.73,2026-09-26,1353,N20,nominal,2.0NRT,306.54,5.12,D
35.18967,1.28903,345.52,0.48,0.65,2026-09-26,1353,N20,nominal,2.0NRT,308.6,3.69,D
34.95503,-5.17523,367,0.41,0.45,2026-09-26,1353,N20,high,2.0NRT,295.56,10.2,D
34.95656,-5.16,337.61,0.41,0.45,2026-09-26,1353,N20,nominal,2.0NRT,284.73,19.65,D
34.95615,-5.16406,352.4,0.41,0.45,2026-09-26,1353,N20,nominal,2.0NRT,299.45,19.65,D
34.95577,-5.16789,353.7,0.41,0.45,2026-09-26,1353,N20,nominal,2.0NRT,306.58,26.24,D
34.95539,-5.1716,355.14,0.41,0.45,2026-09-26,1353,N20,nominal,2.0NRT,301.69,26.24,D
34.96065,-5.16088,355.99,0.41,0.45,2026-09-26,1353,N20,nominal,2.0NRT,286.45,8.53,D
34.96023,-5.16508,336.84,0.41,0.45,2026-09-26,1353,N20,nominal,2.0NRT,290.85,8.53,D
34.95984,-5.16893,330.4,0.41,0.45,2026-09-26,1353,N20,nominal,2.0NRT,293.48,4.79,D
34.95947,-5.17262,331.7,0.41,0.45,2026-09-26,1353,N20,nominal,2.0NRT,294.58,4.79,D
34.95911,-5.17619,352.77,0.41,0.45,2026-09-26,1353,N20,nominal,2.0NRT,292.9,10.82,D
34.96724,-5.17844,340.37,0.41,0.45,2026-09-26,1353,N20,nominal,2.0NRT,280.78,3.54,D
34.96685,-5.18227,330.78,0.41,0.45,2026-09-26,1353,N20,nominal,2.0NRT,278.08,3.54,D
34.97129,-5.17966,342.41,0.41,0.45,2026-09-26,1353,N20,nominal,2.0NRT,276.61,3.54,D
35.80659,-0.25103,346.72,0.4,0.6,2026-09-26,1353,N20,nominal,2.0NRT,302.16,4.14,D
35.80636,-0.25359,342.87,0.4,0.6,2026-09-26,1353,N20,nominal,2.0NRT,302.06,3.93,D
36.99821,-5.99434,341.96,0.39,0.44,2026-09-26,1355,N20,nominal,2.0NRT,309.76,3.04,D
37.00226,-5.99496,342.12,0.39,0.44,2026-09-26,1355,N20,nominal,2.0NRT,308.9,2.79,D
37.34489,-5.6506,340.71,0.41,0.45,2026-09-26,1355,N20,nominal,2.0NRT,296.87,3.66,D
38.60782,-6.49784,339.55,0.39,0.44,2026-09-26,1355,N20,nominal,2.0NRT,292.78,4.01,D
39.36328,-3.94937,336.98,0.54,0.5,2026-09-26,1353,N20,nominal,2.0NRT,306.63,5.72,D
41.92322,0.18359,341.87,0.47,0.64,2026-09-26,1353,N20,nominal,2.0NRT,299.53,6.11,D
41.9209,0.18299,344.95,0.47,0.64,2026-09-26,1353,N20,nominal,2.0NRT,300.54,5.4,D
42.98128,-5.81101,342.61,0.47,0.48,2026-09-26,1355,N20,nominal,2.0NRT,299.53,31.12,D
42.98854,-5.83123,331.46,0.47,0.48,2026-09-26,1355,N20,nominal,2.0NRT,301.04,4.71,D
43.32371,-3.68569,339.71,0.6,0.53,2026-09-26,1355,N20,nominal,2.0NRT,293.26,9.74,D
45.93098,4.48342,367,0.8,0.78,2026-09-26,1355,N20,high,2.0NRT,292.95,26.52,D
45.93122,4.47052,351.85,0.79,0.78,2026-09-26,1355,N20,nominal,2.0NRT,296.45,26.52,D
47.51134,34.62536,312.68,0.48,0.65,2026-09-26,2248,N20,nominal,2.0NRT,274.3,1.85,N
47.50974,34.62633,317.78,0.48,0.65,2026-09-26,2248,N20,nominal,2.0NRT,274.32,1.77,N
46.75237,33.25411,297.16,0.55,0.68,2026-09-26,2248,N20,nominal,2.0NRT,279.81,0.73,N
46.36336,33.22427,303.62,0.55,0.68,2026-09-26,2248,N20,nominal,2.0NRT,280.91,1.43,N
46.16597,32.9018,297.15,0.57,0.69,2026-09-26,2248,N20,nominal,2.0NRT,280.99,0.54,N
46.16555,32.90179,297.87,0.57,0.69,2026-09-26,2248,N20,nominal,2.0NRT,280.7,0.54,N
38.67563,32.34202,299.79,0.56,0.69,2026-09-26,2250,N20,nominal,2.0NRT,279.32,1.46,N
36.87058,34.75719,300.94,0.4,0.6,2026-09-26,2250,N20,nominal,2.0NRT,287.71,2.28,N
36.87034,34.76154,303.75,0.4,0.6,2026-09-26,2250,N20,nominal,2.0NRT,288.12,1.91,N
36.26486,33.72227,297.5,0.45,0.63,2026-09-26,2252,N20,nominal,2.0NRT,286.34,0.91,N
36.26565,33.72662,312.36,0.45,0.63,2026-09-26,2252,N20,nominal,2.0NRT,289.35,1.45,N
64.66386,21.27714,336.96,0.45,0.47,2026-09-27,0024,N20,nominal,2.0NRT,280.25,8.96,N
64.66292,21.2819,337.4,0.45,0.47,2026-09-27,0024,N20,nominal,2.0NRT,281.88,8.53,N
59.38387,28.46231,302.28,0.4,0.37,2026-09-27,0026,N20,nominal,2.0NRT,281.51,0.85,N
57.70928,18.79814,305.89,0.46,0.47,2026-09-27,0026,N20,nominal,2.0NRT,281.38,0.89,N
57.06139,9.97571,313.54,0.49,0.65,2026-09-27,0026,N20,nominal,2.0NRT,283.79,1.99,N
55.09371,21.79867,301.93,0.51,0.41,2026-09-27,0028,N20,nominal,2.0NRT,281.55,0.65,N
55.09421,21.80057,299.93,0.51,0.41,2026-09-27,0028,N20,nominal,2.0NRT,281.41,0.85,N
53.87585,9.58009,298.06,0.49,0.65,2026-09-27,0028,N20,nominal,2.0NRT,282.35,0.82,N
51.89265,29.34173,305.93,0.4,0.37,2026-09-27,0028,N20,nominal,2.0NRT,275.66,1.23,N
53.52718,9.89687,295.45,0.48,0.64,2026-09-27,0028,N20,nominal,2.0NRT,282.81,0.58,N
53.52117,9.89667,323.75,0.48,0.64,2026-09-27,0028,N20,nominal,2.0NRT,282.71,2.74,N
53.52528,9.89664,326.98,0.48,0.64,2026-09-27,0028,N20,nominal,2.0NRT,283.53,3.13,N
53.14379,8.67048,296.11,0.54,0.68,2026-09-27,0028,N20,nominal,2.0NRT,281.03,1.55,N
53.1375,8.67046,306.08,0.54,0.68,2026-09-27,0028,N20,nominal,2.0NRT,281.8,1.55,N
53.13753,8.67878,303.43,0.54,0.67,2026-09-27,0028,N20,nominal,2.0NRT,282.7,1.55,N
53.13757,8.68706,302.3,0.53,0.67,2026-09-27,0028,N20,nominal,2.0NRT,282.19,1.23,N
53.13121,8.67049,330.23,0.54,0.68,2026-09-27,0028,N20,nominal,2.0NRT,283.17,4.22,N
52.58419,19.66609,300.72,0.56,0.43,2026-09-27,0028,N20,nominal,2.0NRT,282.71,1.28,N
52.49574,4.60255,313.28,0.79,0.78,2026-09-27,0028,N20,nominal,2.0NRT,282.31,2.22,N
52.48021,4.57931,295.85,0.79,0.78,2026-09-27,0028,N20,nominal,2.0NRT,283.76,2.23,N
52.49594,4.61022,307.4,0.79,0.78,2026-09-27,0028,N20,nominal,2.0NRT,283.4,1.96,N
52.48053,4.58745,296.63,0.79,0.78,2026-09-27,0028,N20,nominal,2.0NRT,283.96,1.75,N
51.36855,6.69761,307.82,0.64,0.72,2026-09-27,0028,N20,nominal,2.0NRT,281.93,3.08,N
51.36871,6.7072,295.8,0.64,0.72,2026-09-27,0028,N20,nominal,2.0NRT,282.19,2.8,N
51.08734,16.27361,312.41,0.49,0.49,2026-09-27,0028,N20,nominal,2.0NRT,279.65,2.06,N
50.53608,17.97392,305.52,0.41,0.45,2026-09-27,0028,N20,nominal,2.0NRT,279.25,1.71,N
50.41949,18.14321,296.32,0.4,0.45,2026-09-27,0028,N20,nominal,2.0NRT,278.55,1.09,N
50.4154,18.1423,300.92,0.4,0.45,2026-09-27,0028,N20,nominal,2.0NRT,276.41,0.9,N
50.00744,17.44516,341.05,0.43,0.46,2026-09-27,0028,N20,nominal,2.0NRT,278.52,10.25,N
50.00324,17.44427,321.33,0.43,0.46,2026-09-27,0028,N20,nominal,2.0NRT,272.69,10.25,N
48.74826,26.60273,297.26,0.39,0.36,2026-09-27,0028,N20,nominal,2.0NRT,281.51,0.83,N
49.21801,16.77453,295.97,0.45,0.47,2026-09-27,0028,N20,nominal,2.0NRT,281.83,0.73,N
49.50246,5.95422,304.08,0.69,0.74,2026-09-27,0028,N20,nominal,2.0NRT,272.39,1.01,N
48.61807,21.18802,305.01,0.45,0.39,2026-09-27,0028,N20,nominal,2.0NRT,281.62,2.04,N
48.61309,21.19919,295.87,0.45,0.39,2026-09-27,0028,N20,nominal,2.0NRT,281.73,0.86,N
46.58776,32.73908,295.49,0.41,0.45,2026-09-27,0028,N20,nominal,2.0NRT,275.35,0.91,N
48.61098,21.18607,312.9,0.45,0.39,2026-09-27,0028,N20,nominal,2.0NRT,283.37,1.58,N
48.60816,21.179,325.58,0.45,0.39,2026-09-27,0028,N20,nominal,2.0NRT,284.25,3.52,N
48.60672,21.19115,296.88,0.45,0.39,2026-09-27,0028,N20,nominal,2.0NRT,283.26,1.58,N
49.35621,6.7396,302.74,0.64,0.72,2026-09-27,0028,N20,nominal,2.0NRT,282.89,2.93,N
48.60462,21.17802,298.21,0.45,0.39,2026-09-27,0028,N20,nominal,2.0NRT,280.41,0.83,N
49.36059,6.74126,306.33,0.64,0.72,2026-09-27,0028,N20,nominal,2.0NRT,281.15,2.42,N
46.16797,32.90575,295.97,0.43,0.46,2026-09-27,0028,N20,nominal,2.0NRT,269.68,0.47,N
48.45911,17.18737,298.62,0.42,0.45,2026-09-27,0028,N20,nominal,2.0NRT,282.15,1.38,N
48.28683,14.33179,305.38,0.56,0.52,2026-09-27,0030,N20,nominal,2.0NRT,281.55,1.67,N
48.27682,14.33815,339.02,0.56,0.52,2026-09-27,0030,N20,nominal,2.0NRT,285.81,7.74,N
48.27728,14.33048,307.49,0.56,0.52,2026-09-27,0030,N20,nominal,2.0NRT,283.19,5.38,N
48.27205,14.3375,299.94,0.56,0.52,2026-09-27,0030,N20,nominal,2.0NRT,280.55,1.09,N
48.26296,14.32844,305.33,0.56,0.52,2026-09-27,0030,N20,nominal,2.0NRT,280.96,1.52,N
47.03617,22.32878,300.97,0.41,0.37,2026-09-27,0030,N20,nominal,2.0NRT,281.92,0.58,N
44.77348,33.861,295.16,0.51,0.5,2026-09-27,0030,N20,nominal,2.0NRT,282.17,0.87,N
46.0493,27.12516,305.41,0.41,0.37,2026-09-27,0030,N20,nominal,2.0NRT,282.19,0.95,N
45.95148,25.27971,306.76,0.39,0.36,2026-09-27,0030,N20,nominal,2.0NRT,280.71,0.89,N
47.17744,7.55769,298.14,0.58,0.69,2026-09-27,0030,N20,nominal,2.0NRT,281.26,0.75,N
47.0707,8.26014,299.33,0.53,0.67,2026-09-27,0030,N20,nominal,2.0NRT,281.63,1.17,N
45.9557,22.86882,298.56,0.39,0.36,2026-09-27,0030,N20,nominal,2.0NRT,281.16,1,N
47.0734,8.26339,309.65,0.53,0.67,2026-09-27,0030,N20,nominal,2.0NRT,282.21,1.43,N
46.73641,15.56942,296.51,0.48,0.48,2026-09-27,0030,N20,nominal,2.0NRT,281.28,0.83,N
45.12474,25.41645,314.22,0.39,0.36,2026-09-27,0030,N20,nominal,2.0NRT,280.91,1.06,N
45.71791,20.63538,299.27,0.44,0.38,2026-09-27,0030,N20,nominal,2.0NRT,278.85,0.75,N
46.22739,13.07462,306.32,0.62,0.54,2026-09-27,0030,N20,nominal,2.0NRT,285.66,2.59,N
44.85209,24.89111,299.16,0.39,0.36,2026-09-27,0030,N20,nominal,2.0NRT,282.35,0.8,N
46.17573,12.73698,299,0.32,0.55,2026-09-27,0030,N20,nominal,2.0NRT,283.78,0.41,N
46.07071,13.62625,304.33,0.58,0.52,2026-09-27,0030,N20,nominal,2.0NRT,284.4,1.56,N
46.06727,13.62603,300.09,0.58,0.52,2026-09-27,0030,N20,nominal,2.0NRT,284.02,1.01,N
44.9281,22.45948,297.06,0.39,0.36,2026-09-27,0030,N20,nominal,2.0NRT,280.99,0.56,N
45.20597,19.70674,299.44,0.46,0.39,2026-09-27,0030,N20,nominal,2.0NRT,283.07,0.83,N
45.07875,20.08579,301.75,0.45,0.39,2026-09-27,0030,N20,nominal,2.0NRT,281.69,0.84,N
45.07339,19.53404,320.53,0.47,0.4,2026-09-27,0030,N20,nominal,2.0NRT,280.87,2.92,N
45.68458,9.46223,295.1,0.46,0.64,2026-09-27,0030,N20,nominal,2.0NRT,284.75,0.61,N
45.52204,11.49559,330.98,0.36,0.58,2026-09-27,0030,N20,nominal,2.0NRT,284.51,2.3,N
45.48295,10.20953,315.44,0.42,0.61,2026-09-27,0030,N20,nominal,2.0NRT,283.96,2.15,N
45.47725,10.20906,330.3,0.42,0.61,2026-09-27,0030,N20,nominal,2.0NRT,284.3,2.15,N
44.60018,20.97944,295.22,0.42,0.38,2026-09-27,0030,N20,nominal,2.0NRT,282.96,0.56,N
45.48108,10.21203,321.69,0.42,0.61,2026-09-27,0030,N20,nominal,2.0NRT,284.23,2.85,N
45.48127,10.2065,316.5,0.42,0.61,2026-09-27,0030,N20,nominal,2.0NRT,284.42,2.59,N
44.12405,24.0805,301.93,0.38,0.36,2026-09-27,0030,N20,nominal,2.0NRT,280.98,0.7,N
45.42814,10.99973,298.17,0.38,0.59,2026-09-27,0030,N20,nominal,2.0NRT,285.33,0.75,N
45.14802,9.93749,303.85,0.43,0.62,2026-09-27,0030,N20,nominal,2.0NRT,285.77,1.59,N
44.57738,8.94244,316.99,0.48,0.65,2026-09-27,0030,N20,nominal,2.0NRT,282.83,1.39,N
44.58136,8.94144,312.83,0.48,0.65,2026-09-27,0030,N20,nominal,2.0NRT,282.14,1.09,N
43.54352,16.43983,300.49,0.4,0.44,2026-09-27,0030,N20,nominal,2.0NRT,288.78,0.59,N
43.65904,11.83376,298.51,0.34,0.56,2026-09-27,0030,N20,nominal,2.0NRT,282.23,0.53,N
42.55117,19.36725,301.74,0.45,0.39,2026-09-27,0030,N20,nominal,2.0NRT,284.7,0.49,N
42.01531,21.4653,300.26,0.39,0.37,2026-09-27,0030,N20,nominal,2.0NRT,283.44,0.98,N
41.03055,27.10379,306.35,0.47,0.4,2026-09-27,0030,N20,nominal,2.0NRT,276.07,1.11,N
41.027,27.10254,298.93,0.47,0.4,2026-09-27,0030,N20,nominal,2.0NRT,276.46,0.96,N
39.25402,33.74084,299.02,0.35,0.57,2026-09-27,0030,N20,nominal,2.0NRT,280.14,0.53,N
41.60458,19.6667,298.24,0.43,0.38,2026-09-27,0033,N20,nominal,2.0NRT,285.46,0.54,N
41.50083,19.74135,298.47,0.43,0.38,2026-09-27,0033,N20,nominal,2.0NRT,284.07,0.4,N
41.4653,15.70937,296.61,0.41,0.45,2026-09-27,0033,N20,nominal,2.0NRT,284.77,1.02,N
41.46484,15.7143,317.29,0.41,0.45,2026-09-27,0033,N20,nominal,2.0NRT,285.05,1.02,N
40.62777,18.00017,304.15,0.48,0.4,2026-09-27,0033,N20,nominal,2.0NRT,288.55,0.93,N
40.58653,18.03216,312.59,0.48,0.4,2026-09-27,0033,N20,nominal,2.0NRT,288.44,1.51,N
40.34368,8.81075,302.99,0.46,0.63,2026-09-27,0033,N20,nominal,2.0NRT,283.56,0.95,N
40.29766,8.60588,313.95,0.47,0.64,2026-09-27,0033,N20,nominal,2.0NRT,285.88,1.67,N
40.29747,8.61171,298.03,0.47,0.64,2026-09-27,0033,N20,nominal,2.0NRT,285.76,1.67,N
40.29727,8.61764,306.6,0.47,0.64,2026-09-27,0033,N20,nominal,2.0NRT,285.48,1.49,N
40.30058,8.60591,301.22,0.47,0.64,2026-09-27,0033,N20,nominal,2.0NRT,284.6,1.09,N
40.29462,8.60557,302.76,0.47,0.64,2026-09-27,0033,N20,nominal,2.0NRT,284.34,1.09,N
40.29417,8.61723,310.03,0.47,0.64,2026-09-27,0033,N20,nominal,2.0NRT,285.45,3.09,N
36.26329,33.72698,304.48,0.42,0.61,2026-09-27,0033,N20,nominal,2.0NRT,287.52,1.09,N
39.58421,9.04737,297.88,0.44,0.62,2026-09-27,0033,N20,nominal,2.0NRT,287.76,0.83,N
38.79512,15.20761,348.34,0.41,0.45,2026-09-27,0033,N20,nominal,2.0NRT,292.25,11.18,N
37.7486,15.0396,298.14,0.4,0.44,2026-09-27,0033,N20,nominal,2.0NRT,284.78,1.9,N
37.74819,15.04367,297.13,0.4,0.44,2026-09-27,0033,N20,nominal,2.0NRT,286.55,1.65,N
37.74298,15.05436,295.58,0.4,0.44,2026-09-27,0033,N20,nominal,2.0NRT,281.9,1.73,N
37.7426,15.05811,296.8,0.4,0.44,2026-09-27,0033,N20,nominal,2.0NRT,283.13,2.81,N
37.75412,14.99381,295.04,0.41,0.45,2026-09-27,0033,N20,nominal,2.0NRT,279.79,1.31,N
37.7491,15.04229,298.19,0.4,0.44,2026-09-27,0033,N20,nominal,2.0NRT,285.58,2.03,N
37.74305,15.06054,300.69,0.4,0.44,2026-09-27,0033,N20,nominal,2.0NRT,285.45,1.11,N
37.74265,15.06448,297.49,0.4,0.44,2026-09-27,0033,N20,nominal,2.0NRT,286.17,1.11,N
37.86473,12.89699,298.28,0.52,0.5,2026-09-27,0033,N20,nominal,2.0NRT,284.72,0.84,N
37.44081,15.02983,303.79,0.4,0.44,2026-09-27,0033,N20,nominal,2.0NRT,286.67,0.74,N
37.43674,15.02915,297.41,0.4,0.44,2026-09-27,0033,N20,nominal,2.0NRT,286.4,0.64,N
37.21286,15.16606,301.01,0.39,0.44,2026-09-27,0033,N20,nominal,2.0NRT,289.44,0.72,N
37.29921,13.7934,299.04,0.46,0.47,2026-09-27,0033,N20,nominal,2.0NRT,285.08,0.32,N
36.86837,6.97337,332.66,0.55,0.68,2026-09-27,0033,N20,nominal,2.0NRT,291.3,4.36,N
36.76411,7.30618,305.2,0.52,0.67,2026-09-27,0033,N20,nominal,2.0NRT,289.69,1.63,N
36.74899,6.2506,329.56,0.6,0.7,2026-09-27,0033,N20,nominal,2.0NRT,289.31,4.28,N
36.74988,6.24977,327.08,0.6,0.7,2026-09-27,0033,N20,nominal,2.0NRT,288.65,4.47,N
36.43226,6.61504,302.56,0.57,0.69,2026-09-27,0033,N20,nominal,2.0NRT,286.73,1.01,N
36.43108,6.61586,302.18,0.57,0.69,2026-09-27,0033,N20,nominal,2.0NRT,286.54,1.64,N
36.15906,10.28168,304.7,0.35,0.57,2026-09-27,0033,N20,nominal,2.0NRT,290.28,0.69,N
36.08821,6.80093,303.47,0.55,0.68,2026-09-27,0033,N20,nominal,2.0NRT,286.83,1.53,N
36.0856,6.79962,301.88,0.55,0.68,2026-09-27,0033,N20,nominal,2.0NRT,286.02,1.61,N
35.77862,9.88792,308.1,0.37,0.58,2026-09-27,0033,N20,nominal,2.0NRT,290.6,1.02,N
35.88253,4.44347,302.39,0.75,0.77,2026-09-27,0033,N20,nominal,2.0NRT,289.15,1.7,N
35.34925,5.75408,298.46,0.63,0.72,2026-09-27,0033,N20,nominal,2.0NRT,286.81,0.95,N
35.23594,8.16967,302.9,0.46,0.63,2026-09-27,0033,N20,nominal,2.0NRT,284.56,0.97,N
35.09464,5.64318,300.5,0.63,0.72,2026-09-27,0035,N20,nominal,2.0NRT,289.91,0.98,N
34.79787,10.67988,308.19,0.32,0.55,2026-09-27,0035,N20,nominal,2.0NRT,290.1,0.4,N
34.98556,5.70991,309.39,0.62,0.72,2026-09-27,0035,N20,nominal,2.0NRT,291.42,2.07,N
34.98177,5.71092,311.63,0.62,0.72,2026-09-27,0035,N20,nominal,2.0NRT,292.54,2.31,N
42.94635,-0.40018,299.38,0.4,0.37,2026-09-27,0211,N20,nominal,2.0NRT,285.64,0.7,N
63.31967,9.14094,297.79,0.38,0.36,2026-09-27,0206,N20,nominal,2.0NRT,281.17,0.88,N
43.44392,-3.84299,304.47,0.4,0.37,2026-09-27,0211,N20,nominal,2.0NRT,285.06,1.17,N
43.08015,-1.8465,311.15,0.38,0.36,2026-09-27,0211,N20,nominal,2.0NRT,279.63,0.65,N
60.13215,16.17361,306.08,0.55,0.42,2026-09-27,0206,N20,nominal,2.0NRT,274.26,1.51,N
59.12925,9.6249,326.3,0.41,0.37,2026-09-27,0209,N20,nominal,2.0NRT,278.78,2.94,N
43.20672,-2.77217,299.31,0.39,0.36,2026-09-27,0211,N20,nominal,2.0NRT,287.75,0.28,N
58.34612,11.42255,297.06,0.46,0.39,2026-09-27,0209,N20,nominal,2.0NRT,283.67,0.49,N
43.53867,-5.83469,295.64,0.45,0.39,2026-09-27,0211,N20,nominal,2.0NRT,271.35,0.97,N
55.09486,21.79936,297.61,0.41,0.61,2026-09-27,0209,N20,nominal,2.0NRT,280.56,0.52,N
40.34472,8.81812,295.52,0.35,0.57,2026-09-27,0211,N20,nominal,2.0NRT,284.29,0.5,N
57.06208,9.97867,322.72,0.45,0.39,2026-09-27,0209,N20,nominal,2.0NRT,286.67,2.48,N
40.29482,8.60314,301.34,0.34,0.56,2026-09-27,0211,N20,nominal,2.0NRT,284.98,0.75,N
58.35378,0.86059,329.76,0.43,0.38,2026-09-27,0209,N20,nominal,2.0NRT,285.31,2.92,N
41.92487,0.17679,305.76,0.41,0.37,2026-09-27,0211,N20,nominal,2.0NRT,290.02,0.52,N
57.81402,-0.97897,325.43,0.46,0.39,2026-09-27,0209,N20,nominal,2.0NRT,284.49,2.14,N
41.47403,-1.4889,305.25,0.39,0.36,2026-09-27,0211,N20,nominal,2.0NRT,288.3,1.15,N
57.81338,-0.97848,326.3,0.46,0.39,2026-09-27,0209,N20,nominal,2.0NRT,283.89,3.05,N
40.57774,0.5399,305.02,0.44,0.38,2026-09-27,0211,N20,nominal,2.0NRT,291.55,1.01,N
57.29544,1.66244,299.97,0.4,0.37,2026-09-27,0209,N20,nominal,2.0NRT,285.02,0.51,N
41.66594,-8.07647,367,0.52,0.42,2026-09-27,0211,N20,high,2.0NRT,268.29,15.19,N
52.5897,19.69473,297.78,0.43,0.62,2026-09-27,0209,N20,nominal,2.0NRT,281.49,1.19,N
56.00861,-3.6702,306.96,0.52,0.42,2026-09-27,0209,N20,nominal,2.0NRT,282.61,0.96,N
41.66385,-8.07587,351.93,0.52,0.42,2026-09-27,0211,N20,nominal,2.0NRT,267.56,13.16,N
40.24491,-3.47635,311.32,0.39,0.36,2026-09-27,0211,N20,nominal,2.0NRT,269.73,1.6,N
53.87429,9.58709,300.2,0.51,0.41,2026-09-27,0209,N20,nominal,2.0NRT,282.42,0.6,N
39.66367,-0.2478,304.29,0.42,0.38,2026-09-27,0211,N20,nominal,2.0NRT,291.97,0.72,N
53.52104,9.90631,325.09,0.53,0.42,2026-09-27,0209,N20,nominal,2.0NRT,283.02,2.25,N
36.1607,10.28327,298.63,0.54,0.68,2026-09-27,0213,N20,nominal,2.0NRT,288.53,0.49,N
53.52274,9.89878,300.26,0.53,0.42,2026-09-27,0209,N20,nominal,2.0NRT,284.2,2.25,N
36.88194,6.96054,303.12,0.34,0.56,2026-09-27,0213,N20,nominal,2.0NRT,288.83,0.77,N
36.87045,6.98384,336.71,0.35,0.56,2026-09-27,0213,N20,nominal,2.0NRT,290.4,2.91,N
53.13936,8.67587,323.75,0.49,0.4,2026-09-27,0209,N20,nominal,2.0NRT,285.2,2.69,N
36.87984,6.94746,300.68,0.34,0.56,2026-09-27,0213,N20,nominal,2.0NRT,289.38,0.58,N
36.76437,7.30576,300.6,0.36,0.57,2026-09-27,0213,N20,nominal,2.0NRT,288.83,0.83,N
36.76335,7.30963,303.91,0.36,0.57,2026-09-27,0213,N20,nominal,2.0NRT,290.03,0.86,N
53.1363,8.68985,297.3,0.49,0.41,2026-09-27,0209,N20,nominal,2.0NRT,283.89,1.47,N
38.37706,-0.54288,304.92,0.43,0.38,2026-09-27,0213,N20,nominal,2.0NRT,285.4,0.87,N
36.74694,6.25494,367,0.32,0.54,2026-09-27,0213,N20,high,2.0NRT,291.12,10.97,N
53.1343,8.68073,320.43,0.49,0.4,2026-09-27,0209,N20,nominal,2.0NRT,284.81,2.85,N
36.43075,6.62257,312.68,0.34,0.56,2026-09-27,0213,N20,nominal,2.0NRT,288.56,1.45,N
53.14107,8.67703,321.2,0.49,0.4,2026-09-27,0209,N20,nominal,2.0NRT,284.98,3.93,N
36.48321,6.2255,303.57,0.32,0.55,2026-09-27,0213,N20,nominal,2.0NRT,287.57,0.47,N
53.13452,8.68891,295.4,0.49,0.41,2026-09-27,0209,N20,nominal,2.0NRT,283.54,0.73,N
36.08788,6.80419,298.57,0.35,0.57,2026-09-27,0213,N20,nominal,2.0NRT,287.13,0.55,N
53.1325,8.67979,319.65,0.49,0.41,2026-09-27,0209,N20,nominal,2.0NRT,284.36,3.51,N
36.74956,3.08186,310.47,0.43,0.46,2026-09-27,0213,N20,nominal,2.0NRT,292.52,1.62,N
53.12896,8.67767,326.86,0.49,0.41,2026-09-27,0209,N20,nominal,2.0NRT,283.79,3.51,N
36.68266,3.12496,304.67,0.44,0.46,2026-09-27,0213,N20,nominal,2.0NRT,291.19,0.67,N
36.63237,3.2305,308.16,0.44,0.46,2026-09-27,0213,N20,nominal,2.0NRT,291.5,1.34,N
51.18406,16.11498,295.83,0.35,0.57,2026-09-27,0209,N20,nominal,2.0NRT,269.46,0.58,N
36.50864,2.86901,300.95,0.43,0.46,2026-09-27,0213,N20,nominal,2.0NRT,290.57,0.45,N
35.881,4.4485,312.09,0.53,0.5,2026-09-27,0213,N20,nominal,2.0NRT,291.15,2.24,N
35.88161,4.44685,310.8,0.53,0.5,2026-09-27,0213,N20,nominal,2.0NRT,291.53,2.01,N
50.0079,17.44521,328.37,0.43,0.62,2026-09-27,0209,N20,nominal,2.0NRT,247.45,2.5,N
36.13994,2.92992,298.28,0.44,0.46,2026-09-27,0213,N20,nominal,2.0NRT,285.92,0.6,N
48.60845,21.17166,306.13,0.68,0.74,2026-09-27,0209,N20,nominal,2.0NRT,277.23,2.71,N
35.71038,4.47513,303.47,0.54,0.51,2026-09-27,0213,N20,nominal,2.0NRT,290.6,0.84,N
48.60537,21.17988,297.16,0.68,0.74,2026-09-27,0209,N20,nominal,2.0NRT,278.61,3.73,N
35.35049,5.76091,322.61,0.32,0.55,2026-09-27,0213,N20,nominal,2.0NRT,289.54,1.58,N
54.10446,-3.18815,299.97,0.48,0.4,2026-09-27,0209,N20,nominal,2.0NRT,282.17,1.16,N
36.96646,-1.90463,312.43,0.41,0.37,2026-09-27,0213,N20,nominal,2.0NRT,291.66,1.26,N
52.20933,8.04161,297.15,0.49,0.4,2026-09-27,0209,N20,nominal,2.0NRT,280.15,1.29,N
35.3499,5.76183,316.65,0.32,0.55,2026-09-27,0213,N20,nominal,2.0NRT,290.14,1.83,N
52.20785,8.04845,303.42,0.49,0.4,2026-09-27,0209,N20,nominal,2.0NRT,281.21,1.29,N
35.09771,5.64476,300.7,0.32,0.55,2026-09-27,0213,N20,nominal,2.0NRT,290.23,0.72,N
35.09689,5.64808,303.61,0.32,0.55,2026-09-27,0213,N20,nominal,2.0NRT,291.55,0.97,N
34.98498,5.71503,303.82,0.33,0.55,2026-09-27,0213,N20,nominal,2.0NRT,291.72,0.8,N
34.98003,5.71346,310.46,0.33,0.55,2026-09-27,0213,N20,nominal,2.0NRT,291.69,1.11,N
36.01818,0.12703,303.39,0.49,0.4,2026-09-27,0213,N20,nominal,2.0NRT,287.34,1.14,N
36.65036,-5.10203,331.08,0.39,0.36,2026-09-27,0213,N20,nominal,2.0NRT,265.13,3.15,N
36.64972,-5.09771,315.15,0.39,0.36,2026-09-27,0213,N20,nominal,2.0NRT,262.29,8.21,N
35.81838,-0.271,297.35,0.47,0.4,2026-09-27,0213,N20,nominal,2.0NRT,275.99,2.48,N
53.63337,-0.24731,307.28,0.41,0.37,2026-09-27,0209,N20,nominal,2.0NRT,285.66,1.12,N
36.64706,-5.10277,324.46,0.39,0.36,2026-09-27,0213,N20,nominal,2.0NRT,265.66,3.15,N
36.64642,-5.09848,354.03,0.39,0.36,2026-09-27,0213,N20,nominal,2.0NRT,272.59,8.21,N
53.63255,-0.24126,300.86,0.41,0.37,2026-09-27,0209,N20,nominal,2.0NRT,281.49,1.12,N
53.57246,-0.61053,321.94,0.41,0.37,2026-09-27,0209,N20,nominal,2.0NRT,284.99,1.81,N
35.81482,-0.27211,335.7,0.47,0.4,2026-09-27,0213,N20,nominal,2.0NRT,277.42,2.48,N
36.64578,-5.09416,317.86,0.39,0.36,2026-09-27,0213,N20,nominal,2.0NRT,263.72,8.21,N
53.57003,-0.59208,296.56,0.41,0.37,2026-09-27,0209,N20,nominal,2.0NRT,281.67,1.1,N
53.56828,-0.60565,323.63,0.41,0.37,2026-09-27,0209,N20,nominal,2.0NRT,282.9,1.81,N
53.56747,-0.59951,311.45,0.41,0.37,2026-09-27,0209,N20,nominal,2.0NRT,285.02,1.1,N
36.64513,-5.08982,298.48,0.39,0.36,2026-09-27,0213,N20,nominal,2.0NRT,259.38,0.3,N
53.56666,-0.59334,296.87,0.41,0.37,2026-09-27,0209,N20,nominal,2.0NRT,282.11,1.1,N
35.82483,-0.32339,296.9,0.47,0.4,2026-09-27,0213,N20,nominal,2.0NRT,278.76,1.32,N
35.81382,-0.26698,298.07,0.47,0.4,2026-09-27,0213,N20,nominal,2.0NRT,274.01,1.27,N
51.8597,8.03015,296.3,0.5,0.41,2026-09-27,0209,N20,nominal,2.0NRT,282.6,0.57,N
35.81182,-0.25671,295.83,0.47,0.4,2026-09-27,0213,N20,nominal,2.0NRT,272.81,0.21,N
52.49281,4.613,346.11,0.4,0.37,2026-09-27,0209,N20,nominal,2.0NRT,286.16,6.56,N
35.81081,-0.25158,297.71,0.47,0.4,2026-09-27,0213,N20,nominal,2.0NRT,272.96,0.21,N
36.64313,-5.09927,324.97,0.39,0.36,2026-09-27,0213,N20,nominal,2.0NRT,263.85,1.34,N
52.48448,4.59559,328.55,0.4,0.37,2026-09-27,0209,N20,nominal,2.0NRT,282.69,2.06,N
36.64572,-5.11672,304.22,0.39,0.36,2026-09-27,0213,N20,nominal,2.0NRT,262.67,1.37,N
52.48657,4.5841,311.19,0.4,0.37,2026-09-27,0209,N20,nominal,2.0NRT,278.93,1.36,N
36.64377,-5.10357,296.14,0.39,0.36,2026-09-27,0213,N20,nominal,2.0NRT,262.38,0.75,N
36.64249,-5.09495,306.98,0.39,0.36,2026-09-27,0213,N20,nominal,2.0NRT,262.8,1.34,N
36.64184,-5.0906,298.14,0.39,0.36,2026-09-27,0213,N20,nominal,2.0NRT,261.6,1.38,N
35.80826,-0.25783,306.17,0.47,0.4,2026-09-27,0213,N20,nominal,2.0NRT,275.67,0.84,N
52.48553,4.58984,318.04,0.4,0.37,2026-09-27,0209,N20,nominal,2.0NRT,280.35,1.36,N
52.48329,4.5825,302.23,0.4,0.37,2026-09-27,0209,N20,nominal,2.0NRT,279.76,0.58,N
35.80725,-0.25269,304.86,0.47,0.4,2026-09-27,0213,N20,nominal,2.0NRT,274.15,0.84,N
35.80524,-0.24242,299.99,0.47,0.4,2026-09-27,0213,N20,nominal,2.0NRT,275.82,0.84,N
52.48225,4.58824,299.48,0.4,0.37,2026-09-27,0209,N20,nominal,2.0NRT,280.88,0.58,N
52.4812,4.59399,300.63,0.4,0.37,2026-09-27,0209,N20,nominal,2.0NRT,281.86,0.61,N
36.64243,-5.11752,329.51,0.39,0.36,2026-09-27,0213,N20,nominal,2.0NRT,268.72,1.37,N
36.63854,-5.09138,328.32,0.39,0.36,2026-09-27,0213,N20,nominal,2.0NRT,261.7,1.38,N
52.47792,4.59239,298.09,0.4,0.37,2026-09-27,0209,N20,nominal,2.0NRT,282.71,0.61,N
36.64177,-5.11312,297.24,0.39,0.36,2026-09-27,0213,N20,nominal,2.0NRT,264.92,1.37,N
52.47478,4.60967,296.47,0.4,0.37,2026-09-27,0209,N20,nominal,2.0NRT,283.72,0.6,N
36.63984,-5.1001,299.4,0.39,0.36,2026-09-27,0213,N20,nominal,2.0NRT,263.97,1.34,N
36.63919,-5.09577,316.09,0.39,0.36,2026-09-27,0213,N20,nominal,2.0NRT,261,1.34,N
52.47569,4.58504,297.69,0.4,0.37,2026-09-27,0209,N20,nominal,2.0NRT,282.15,0.56,N
36.63848,-5.11395,353.81,0.39,0.36,2026-09-27,0213,N20,nominal,2.0NRT,272.14,3.47,N
53.33979,-1.75081,298.26,0.43,0.38,2026-09-27,0211,N20,nominal,2.0NRT,277.11,0.95,N
36.63784,-5.10959,333.18,0.39,0.36,2026-09-27,0213,N20,nominal,2.0NRT,267.26,1.91,N
51.48572,6.70572,322.55,0.46,0.39,2026-09-27,0211,N20,nominal,2.0NRT,281.18,2.48,N
36.63589,-5.09656,320.72,0.39,0.36,2026-09-27,0213,N20,nominal,2.0NRT,264.71,5.12,N
51.48307,6.71854,339.4,0.46,0.39,2026-09-27,0211,N20,nominal,2.0NRT,279.7,6.34,N
36.63913,-5.11833,307.41,0.39,0.36,2026-09-27,0213,N20,nominal,2.0NRT,268.23,3.47,N
51.87443,4.29622,295.42,0.4,0.37,2026-09-27,0211,N20,nominal,2.0NRT,277.58,0.66,N
36.63718,-5.10524,310.93,0.39,0.36,2026-09-27,0213,N20,nominal,2.0NRT,265.18,1.91,N
51.87388,4.2951,295.19,0.4,0.37,2026-09-27,0211,N20,nominal,2.0NRT,277.14,0.69,N
36.63654,-5.10091,309.54,0.39,0.36,2026-09-27,0213,N20,nominal,2.0NRT,265.4,5.12,N
51.36893,6.7078,304.34,0.47,0.39,2026-09-27,0211,N20,nominal,2.0NRT,274.12,1.28,N
36.63325,-5.10168,354.97,0.39,0.36,2026-09-27,0213,N20,nominal,2.0NRT,277.33,5.12,N
36.63519,-5.11476,309.48,0.39,0.36,2026-09-27,0213,N20,nominal,2.0NRT,267.17,3.47,N
51.36546,6.70596,312.91,0.47,0.39,2026-09-27,0211,N20,nominal,2.0NRT,275.97,1.28,N
36.63454,-5.1104,305.16,0.39,0.36,2026-09-27,0213,N20,nominal,2.0NRT,266.77,1.91,N
48.45654,17.18843,298.08,0.48,0.65,2026-09-27,0211,N20,nominal,2.0NRT,280.1,0.74,N
36.63389,-5.10604,319.1,0.39,0.36,2026-09-27,0213,N20,nominal,2.0NRT,265.99,1.91,N
51.36326,4.27832,311.18,0.41,0.37,2026-09-27,0211,N20,nominal,2.0NRT,263.36,1.05,N
36.6326,-5.09733,317.58,0.39,0.36,2026-09-27,0213,N20,nominal,2.0NRT,269.38,5.12,N
51.17552,3.80911,324.79,0.4,0.37,2026-09-27,0211,N20,nominal,2.0NRT,269.95,3.22,N
36.62995,-5.10246,303.79,0.39,0.36,2026-09-27,0213,N20,nominal,2.0NRT,264.51,1.57,N
51.17224,3.8076,332.45,0.4,0.37,2026-09-27,0211,N20,nominal,2.0NRT,269.8,3.22,N
35.77063,-0.22267,303.68,0.47,0.4,2026-09-27,0213,N20,nominal,2.0NRT,284.22,0.77,N
51.17325,3.80201,302.55,0.4,0.37,2026-09-27,0211,N20,nominal,2.0NRT,267.36,1.23,N
35.76965,-0.21758,301.4,0.48,0.4,2026-09-27,0213,N20,nominal,2.0NRT,284.28,0.77,N
51.16795,3.81169,321.05,0.4,0.37,2026-09-27,0211,N20,nominal,2.0NRT,271.51,1.85,N
51.16896,3.80609,315.38,0.4,0.37,2026-09-27,0211,N20,nominal,2.0NRT,269.86,1.85,N
36.17823,-5.4251,302.72,0.39,0.36,2026-09-27,0213,N20,nominal,2.0NRT,285.47,1.05,N
50.76284,5.67061,296.92,0.45,0.39,2026-09-27,0211,N20,nominal,2.0NRT,269.3,0.58,N
35.31114,-1.34576,302.16,0.44,0.38,2026-09-27,0213,N20,nominal,2.0NRT,281.86,0.62,N
50.57266,5.36916,298.31,0.44,0.38,2026-09-27,0211,N20,nominal,2.0NRT,272.17,0.78,N
48.27946,14.33702,328.01,0.37,0.58,2026-09-27,0211,N20,nominal,2.0NRT,284.06,1.21,N
34.43968,2.05659,298.2,0.43,0.46,2026-09-27,0213,N20,nominal,2.0NRT,285.55,0.44,N
34.43777,2.05784,298.06,0.43,0.46,2026-09-27,0213,N20,nominal,2.0NRT,287.47,1.04,N
48.27809,14.34161,298.23,0.37,0.58,2026-09-27,0211,N20,nominal,2.0NRT,283.1,1.21,N
48.2773,14.32456,322.57,0.37,0.58,2026-09-27,0211,N20,nominal,2.0NRT,282.12,3.89,N
48.27457,14.3337,302.37,0.37,0.58,2026-09-27,0211,N20,nominal,2.0NRT,281.61,1.21,N
34.59669,-2.34722,313.6,0.42,0.37,2026-09-27,0213,N20,nominal,2.0NRT,291.4,1.63,N
48.2732,14.33829,302.57,0.37,0.58,2026-09-27,0211,N20,nominal,2.0NRT,282.06,1.21,N
51.04697,2.29713,328.79,0.39,0.36,2026-09-27,0211,N20,nominal,2.0NRT,285.32,3.17,N
34.95789,-5.15959,309.92,0.39,0.36,2026-09-27,0213,N20,nominal,2.0NRT,268.26,0.96,N
34.95786,-5.18151,299.29,0.39,0.36,2026-09-27,0213,N20,nominal,2.0NRT,267.83,0.49,N
48.26476,14.32716,305.09,0.37,0.58,2026-09-27,0211,N20,nominal,2.0NRT,280.27,1.01,N
34.95721,-5.17728,315.52,0.39,0.36,2026-09-27,0213,N20,nominal,2.0NRT,269.23,1.42,N
48.26339,14.33174,313.84,0.37,0.58,2026-09-27,0211,N20,nominal,2.0NRT,282,1.01,N
34.95264,-5.16959,325.24,0.39,0.36,2026-09-27,0213,N20,nominal,2.0NRT,269.1,2.15,N
51.04464,2.29037,300.82,0.39,0.36,2026-09-27,0211,N20,nominal,2.0NRT,283.09,0.94,N
51.04374,2.29576,302.59,0.39,0.36,2026-09-27,0211,N20,nominal,2.0NRT,284.77,0.94,N
51.0414,2.289,307.76,0.39,0.36,2026-09-27,0211,N20,nominal,2.0NRT,283.68,0.94,N
51.03959,2.29979,303.22,0.39,0.36,2026-09-27,0211,N20,nominal,2.0NRT,281.44,0.75,N
51.03492,2.28625,300.21,0.39,0.36,2026-09-27,0211,N20,nominal,2.0NRT,283.7,0.87,N
51.03258,2.27949,328.27,0.39,0.36,2026-09-27,0211,N20,nominal,2.0NRT,286.1,2.85,N
51.02934,2.27812,327.93,0.39,0.36,2026-09-27,0211,N20,nominal,2.0NRT,284.34,2.85,N
51.03387,2.25115,298.55,0.39,0.36,2026-09-27,0211,N20,nominal,2.0NRT,282.22,0.83,N
50.96959,1.88969,296.47,0.39,0.36,2026-09-27,0211,N20,nominal,2.0NRT,280.27,0.65,N
50.49019,4.19664,297.71,0.41,0.37,2026-09-27,0211,N20,nominal,2.0NRT,282.38,0.74,N
50.41257,4.41484,295.91,0.42,0.38,2026-09-27,0211,N20,nominal,2.0NRT,278.15,0.61,N
50.57491,3.44096,298.32,0.4,0.37,2026-09-27,0211,N20,nominal,2.0NRT,285.48,0.55,N
50.47114,3.99063,311.42,0.41,0.37,2026-09-27,0211,N20,nominal,2.0NRT,284.9,1.66,N
50.4032,3.56045,308.93,0.4,0.37,2026-09-27,0211,N20,nominal,2.0NRT,284.42,0.91,N
50.3395,3.49456,297.67,0.4,0.37,2026-09-27,0211,N20,nominal,2.0NRT,285.18,0.77,N
50.33621,3.4931,297.42,0.4,0.37,2026-09-27,0211,N20,nominal,2.0NRT,284.22,0.64,N
50.32963,3.49017,300.45,0.4,0.37,2026-09-27,0211,N20,nominal,2.0NRT,285,0.72,N
49.01701,8.61367,296.39,0.4,0.45,2026-09-27,0211,N20,nominal,2.0NRT,282.22,0.69,N
49.05817,8.32665,297.07,0.39,0.44,2026-09-27,0211,N20,nominal,2.0NRT,285.32,0.91,N
49.35672,6.74967,319.02,0.51,0.41,2026-09-27,0211,N20,nominal,2.0NRT,276.66,2.06,N
49.52435,5.8976,295.39,0.47,0.4,2026-09-27,0211,N20,nominal,2.0NRT,276.6,0.5,N
48.60055,7.81972,309.05,0.39,0.44,2026-09-27,0211,N20,nominal,2.0NRT,285.97,1.93,N
46.07093,13.62161,296.25,0.4,0.6,2026-09-27,0211,N20,nominal,2.0NRT,283.46,1.03,N
46.18023,12.73885,295.5,0.36,0.58,2026-09-27,0211,N20,nominal,2.0NRT,283.65,0.3,N
48.38774,2.98125,312.14,0.41,0.37,2026-09-27,0211,N20,nominal,2.0NRT,285.72,1.44,N
47.07101,8.26795,312.72,0.44,0.46,2026-09-27,0211,N20,nominal,2.0NRT,283.14,2.22,N
47.17621,7.56127,311.26,0.41,0.45,2026-09-27,0211,N20,nominal,2.0NRT,282.67,1.07,N
45.52129,11.49619,295.4,0.34,0.56,2026-09-27,0211,N20,nominal,2.0NRT,284.25,0.44,N
45.38204,11.94998,299.32,0.36,0.57,2026-09-27,0211,N20,nominal,2.0NRT,286.95,0.76,N
45.50924,10.24414,316.19,0.59,0.53,2026-09-27,0211,N20,nominal,2.0NRT,286.16,2.97,N
45.68362,9.46575,302.01,0.54,0.51,2026-09-27,0211,N20,nominal,2.0NRT,285.69,1.07,N
45.48108,10.21298,315.42,0.59,0.53,2026-09-27,0211,N20,nominal,2.0NRT,284.87,3.18,N
45.48148,10.21298,302.32,0.59,0.53,2026-09-27,0211,N20,nominal,2.0NRT,284.34,1.28,N
45.47691,10.21054,302.4,0.59,0.53,2026-09-27,0211,N20,nominal,2.0NRT,284.75,1.28,N
45.14419,9.94044,304.23,0.58,0.52,2026-09-27,0211,N20,nominal,2.0NRT,284.73,2.18,N
45.43558,8.79293,295.58,0.51,0.49,2026-09-27,0211,N20,nominal,2.0NRT,285.24,0.95,N
46.29043,4.80946,297.04,0.5,0.41,2026-09-27,0211,N20,nominal,2.0NRT,285.6,0.53,N
45.91259,5.8226,299.04,0.55,0.43,2026-09-27,0211,N20,nominal,2.0NRT,286.34,0.92,N
46.80801,-0.14158,300.55,0.38,0.36,2026-09-27,0211,N20,nominal,2.0NRT,284.48,0.41,N
44.57738,8.94524,295.74,0.54,0.51,2026-09-27,0211,N20,nominal,2.0NRT,283.32,0.51,N
43.36423,12.54454,296.91,0.44,0.62,2026-09-27,0211,N20,nominal,2.0NRT,283.88,0.7,N
44.57297,4.7201,297.39,0.53,0.42,2026-09-27,0211,N20,nominal,2.0NRT,286.58,0.53,N
41.46233,15.71033,296.71,0.7,0.75,2026-09-27,0211,N20,nominal,2.0NRT,283.88,1.37,N
44.57152,4.12826,307.23,0.51,0.41,2026-09-27,0213,N20,nominal,2.0NRT,287.03,1.05,N
44.56781,4.12707,328.31,0.51,0.41,2026-09-27,0213,N20,nominal,2.0NRT,294.64,4.39,N
44.56911,4.12096,312.92,0.5,0.41,2026-09-27,0213,N20,nominal,2.0NRT,285.09,4.39,N
44.56402,4.12631,310.72,0.51,0.41,2026-09-27,0213,N20,nominal,2.0NRT,285.65,4.39,N
43.88001,0.98749,311.13,0.41,0.37,2026-09-27,0213,N20,nominal,2.0NRT,287.26,1,N
42.90775,1.49797,321.48,0.44,0.38,2026-09-27,0213,N20,nominal,2.0NRT,287.95,1.15,N
42.90679,1.50302,301.39,0.44,0.38,2026-09-27,0213,N20,nominal,2.0NRT,287.35,1.15,N
42.90435,1.49663,337.36,0.44,0.38,2026-09-27,0213,N20,nominal,2.0NRT,288.78,8.28,N
42.90337,1.50179,335.07,0.44,0.38,2026-09-27,0213,N20,nominal,2.0NRT,296.63,8.28,N
42.90237,1.50703,297.24,0.44,0.38,2026-09-27,0213,N20,nominal,2.0NRT,286.44,0.96,N
42.69825,1.76287,298.52,0.45,0.39,2026-09-27,0213,N20,nominal,2.0NRT,284.28,0.96,N
65.56541,22.22801,340.21,0.52,0.42,2026-09-27,0204,N20,nominal,2.0NRT,271.59,11.61,N
65.56464,22.21333,323.47,0.52,0.42,2026-09-27,0204,N20,nominal,2.0NRT,271.12,3.79,N
65.56215,22.22308,348.71,0.52,0.42,2026-09-27,0204,N20,nominal,2.0NRT,272.99,11.61,N
64.66529,21.27988,302.82,0.53,0.42,2026-09-27,0204,N20,nominal,2.0NRT,278.99,1.42,N
63.00878,23.16272,304.87,0.45,0.47,2026-09-27,0206,N20,nominal,2.0NRT,277.95,1.04,N
63.0094,23.16579,299.74,0.45,0.47,2026-09-27,0206,N20,nominal,2.0NRT,277.97,0.69,N
60.30173,25.5242,327.08,0.33,0.55,2026-09-27,0206,N20,nominal,2.0NRT,280.48,1.98,N
60.3,25.52931,306.79,0.33,0.55,2026-09-27,0206,N20,nominal,2.0NRT,280.56,1.57,N
64.35314,7.78248,302.73,0.39,0.36,2026-09-27,0206,N20,nominal,2.0NRT,282.32,1.03,N
65.56563,22.21259,304.63,0.56,0.69,2026-09-27,0345,N20,nominal,2.0NRT,278.27,1.67,N
65.5614,22.2196,298.14,0.56,0.69,2026-09-27,0345,N20,nominal,2.0NRT,277.43,1.67,N
65.56645,22.21935,306.91,0.56,0.69,2026-09-27,0345,N20,nominal,2.0NRT,278.1,1.52,N
65.56229,22.22635,303.28,0.56,0.69,2026-09-27,0345,N20,nominal,2.0NRT,278.51,1.52,N
64.66525,21.27544,302.99,0.61,0.71,2026-09-27,0345,N20,nominal,2.0NRT,276.7,1.46,N
63.32035,9.1439,297.57,0.41,0.61,2026-09-27,0347,N20,nominal,2.0NRT,272.49,1.21,N
58.35685,0.85966,296.44,0.42,0.61,2026-09-27,0349,N20,nominal,2.0NRT,282.77,1.19,N
58.35466,0.86565,316.86,0.42,0.61,2026-09-27,0349,N20,nominal,2.0NRT,283.08,1.55,N
60.29959,25.53324,327.4,0.74,0.76,2026-09-27,0839,N20,nominal,2.0NRT,284.06,5.12,D
60.29622,25.53043,351.53,0.74,0.76,2026-09-27,0839,N20,nominal,2.0NRT,285.26,8.92,D
64.64442,24.43224,337.37,0.46,0.64,2026-09-27,0839,N20,nominal,2.0NRT,284.02,4.81,D
65.76737,24.19646,340.76,0.41,0.6,2026-09-27,0839,N20,nominal,2.0NRT,284.52,3.76,D
40.2044,32.63052,334.55,0.54,0.51,2026-09-27,1011,N20,nominal,2.0NRT,299.18,3.74,D
38.19223,33.21216,342.78,0.57,0.52,2026-09-27,1011,N20,nominal,2.0NRT,295.86,6.32,D
38.19367,33.21119,342.08,0.57,0.52,2026-09-27,1011,N20,nominal,2.0NRT,295.21,6.29,D
38.25058,32.24886,354.2,0.32,0.54,2026-09-27,1011,N20,nominal,2.0NRT,295.51,5.04,D
38.27011,32.26366,331.32,0.32,0.54,2026-09-27,1011,N20,nominal,2.0NRT,292.91,6.37,D
38.28142,32.22443,344.67,0.32,0.55,2026-09-27,1011,N20,nominal,2.0NRT,296.14,4.29,D
38.29267,32.16103,353.97,0.32,0.55,2026-09-27,1011,N20,nominal,2.0NRT,295.2,7.11,D
38.32865,32.21949,367,0.32,0.54,2026-09-27,1011,N20,high,2.0NRT,297.84,4.16,D
38.34481,32.28356,331.04,0.63,0.54,2026-09-27,1011,N20,nominal,2.0NRT,294.89,4.49,D
38.32952,32.22295,332.94,0.32,0.54,2026-09-27,1011,N20,nominal,2.0NRT,294.05,4.16,D
38.34958,32.28162,342.36,0.63,0.54,2026-09-27,1011,N20,nominal,2.0NRT,294.33,11.07,D
38.33344,32.21755,339.3,0.32,0.54,2026-09-27,1011,N20,nominal,2.0NRT,295.74,3.34,D
38.3441,32.11274,334.92,0.32,0.55,2026-09-27,1011,N20,nominal,2.0NRT,291.12,1.87,D
38.34924,32.09093,345.23,0.32,0.55,2026-09-27,1011,N20,nominal,2.0NRT,293.54,4.57,D
38.38807,32.15712,337.93,0.32,0.55,2026-09-27,1011,N20,nominal,2.0NRT,296.65,2.82,D
38.43362,31.85599,329.95,0.33,0.55,2026-09-27,1011,N20,nominal,2.0NRT,291.1,3.32,D
38.61929,32.10099,354.77,0.64,0.54,2026-09-27,1011,N20,nominal,2.0NRT,294.55,16.67,D
38.62867,32.03373,335.54,0.32,0.55,2026-09-27,1011,N20,nominal,2.0NRT,292.29,2,D
38.65583,32.0786,336.37,0.64,0.54,2026-09-27,1011,N20,nominal,2.0NRT,292.38,8.24,D
39.16073,33.73616,335.07,0.51,0.49,2026-09-27,1011,N20,nominal,2.0NRT,296.05,7.17,D
39.15935,33.73027,339.41,0.51,0.49,2026-09-27,1011,N20,nominal,2.0NRT,297.27,8.87,D
39.242,33.90266,345.74,0.5,0.49,2026-09-27,1011,N20,nominal,2.0NRT,299.65,6.92,D
39.32498,33.64672,350.15,0.51,0.49,2026-09-27,1011,N20,nominal,2.0NRT,290.35,11.96,D
39.36572,33.69847,340.71,0.5,0.49,2026-09-27,1011,N20,nominal,2.0NRT,293.34,5.77,D
39.37435,33.69483,342.4,0.5,0.49,2026-09-27,1011,N20,nominal,2.0NRT,295.87,9.36,D
39.52448,33.83865,336.99,0.49,0.49,2026-09-27,1011,N20,nominal,2.0NRT,291.74,5.65,D
39.53131,33.84787,336.68,0.49,0.49,2026-09-27,1011,N20,nominal,2.0NRT,294.45,4.95,D
39.52618,33.82581,339.88,0.49,0.49,2026-09-27,1011,N20,nominal,2.0NRT,288.4,7.67,D
39.52492,33.82037,333.81,0.49,0.49,2026-09-27,1011,N20,nominal,2.0NRT,287.76,7.17,D
39.54538,33.84795,344.78,0.49,0.49,2026-09-27,1011,N20,nominal,2.0NRT,296,7.99,D
39.54937,33.80446,341.77,0.49,0.49,2026-09-27,1011,N20,nominal,2.0NRT,296.82,24.94,D
39.54809,33.79891,338.68,0.49,0.49,2026-09-27,1011,N20,nominal,2.0NRT,295.77,15.25,D
39.55618,33.81362,333.54,0.49,0.49,2026-09-27,1011,N20,nominal,2.0NRT,291.54,5.22,D
39.59291,33.81453,330.79,0.49,0.49,2026-09-27,1011,N20,nominal,2.0NRT,293.17,3.48,D
39.59164,33.8091,334.13,0.49,0.49,2026-09-27,1011,N20,nominal,2.0NRT,294.26,4.89,D
39.63536,33.81578,340.64,0.49,0.49,2026-09-27,1011,N20,nominal,2.0NRT,297.99,12.84,D
40.20328,34.92368,329.73,0.42,0.45,2026-09-27,1011,N20,nominal,2.0NRT,292.08,2.24,D
40.48939,34.38777,340.05,0.44,0.46,2026-09-27,1011,N20,nominal,2.0NRT,285.84,3.11,D
40.55517,34.2042,328.61,0.45,0.47,2026-09-27,1011,N20,nominal,2.0NRT,288.39,3.24,D
40.21623,32.73903,334.28,0.54,0.51,2026-09-27,1011,N20,nominal,2.0NRT,290.34,2.58,D
40.64168,34.37166,345.44,0.44,0.46,2026-09-27,1011,N20,nominal,2.0NRT,297.35,4.08,D
40.64056,34.36666,328.71,0.44,0.46,2026-09-27,1011,N20,nominal,2.0NRT,295.11,4.08,D
41.02642,24.09563,334.34,0.68,0.74,2026-09-27,1013,N20,nominal,2.0NRT,297,3.69,D
41.02121,24.09198,329.23,0.68,0.74,2026-09-27,1013,N20,nominal,2.0NRT,296.98,6.46,D
44.208,28.43766,329.76,0.34,0.56,2026-09-27,1013,N20,nominal,2.0NRT,295.61,2.92,D
44.20691,28.43367,338.08,0.34,0.56,2026-09-27,1013,N20,nominal,2.0NRT,298.98,4.21,D
45.25623,31.67221,332.4,0.45,0.47,2026-09-27,1013,N20,nominal,2.0NRT,291.1,8.76,D
43.8806,24.46811,328.84,0.53,0.67,2026-09-27,1013,N20,nominal,2.0NRT,293.26,6.67,D
45.46729,29.58701,367,0.55,0.51,2026-09-27,1013,N20,high,2.0NRT,296.47,78.44,D
46.19833,32.42292,332.85,0.4,0.44,2026-09-27,1013,N20,nominal,2.0NRT,291.05,5.67,D
46.19429,32.42214,337.53,0.4,0.44,2026-09-27,1013,N20,nominal,2.0NRT,289.56,6.91,D
46.19932,32.42526,335.25,0.4,0.44,2026-09-27,1013,N20,nominal,2.0NRT,290.16,4.12,D
43.90988,23.56575,341.07,0.58,0.7,2026-09-27,1013,N20,nominal,2.0NRT,293.9,5.62,D
44.0732,23.22525,325.08,0.6,0.7,2026-09-27,1013,N20,nominal,2.0NRT,293.48,3.14,D
44.1982,22.96461,367,0.61,0.71,2026-09-27,1013,N20,high,2.0NRT,297.12,15.06,D
44.20417,22.96086,340.77,0.61,0.71,2026-09-27,1013,N20,nominal,2.0NRT,295.4,15.06,D
46.47532,30.32421,339.75,0.48,0.48,2026-09-27,1013,N20,nominal,2.0NRT,293.43,6.99,D
46.39007,29.81365,333.07,0.51,0.49,2026-09-27,1013,N20,nominal,2.0NRT,296.92,3.67,D
46.10074,23.79606,330.82,0.48,0.65,2026-09-27,1015,N20,nominal,2.0NRT,291.52,2.75,D
45.00676,20.50691,331.31,0.73,0.76,2026-09-27,1015,N20,nominal,2.0NRT,293,5.87,D
45.44873,20.64486,337.3,0.7,0.75,2026-09-27,1015,N20,nominal,2.0NRT,295.56,4.92,D
45.45161,20.64585,333.53,0.69,0.75,2026-09-27,1015,N20,nominal,2.0NRT,294.56,6.33,D
50.50706,29.64518,337.84,0.41,0.45,2026-09-27,1015,N20,nominal,2.0NRT,289.74,5.64,D
50.5058,29.63979,338.72,0.41,0.45,2026-09-27,1015,N20,nominal,2.0NRT,292.82,5.64,D
51.94604,34.06231,344.68,0.42,0.37,2026-09-27,1015,N20,nominal,2.0NRT,294.39,7.42,D
52.40419,34.28085,334.44,0.41,0.37,2026-09-27,1015,N20,nominal,2.0NRT,289.49,4.35,D
52.40388,34.2782,338.5,0.41,0.37,2026-09-27,1015,N20,nominal,2.0NRT,289.64,4.34,D
52.35004,32.59528,329.18,0.45,0.39,2026-09-27,1015,N20,nominal,2.0NRT,286.51,1.8,D
53.27109,33.27599,333.97,0.42,0.38,2026-09-27,1015,N20,nominal,2.0NRT,285.46,7.03,D
53.679,33.25493,331.8,0.41,0.37,2026-09-27,1015,N20,nominal,2.0NRT,288.8,3.98,D
50.00655,17.44717,352.67,0.64,0.72,2026-09-27,1015,N20,nominal,2.0NRT,290.17,9.58,D
54.7557,20.33488,333.74,0.33,0.56,2026-09-27,1017,N20,nominal,2.0NRT,288.61,1.68,D
59.06018,30.07032,329.26,0.41,0.37,2026-09-27,1017,N20,nominal,2.0NRT,287.27,7.29,D
59.3838,28.46187,325.53,0.43,0.38,2026-09-27,1017,N20,nominal,2.0NRT,289.73,2.79,D
64.64636,24.43021,334.93,0.41,0.37,2026-09-27,1019,N20,nominal,2.0NRT,287.78,3.11,D
65.76768,24.19625,335.98,0.4,0.37,2026-09-27,1019,N20,nominal,2.0NRT,287.81,5.78,D
65.56076,22.23232,341.57,0.42,0.38,2026-09-27,1019,N20,nominal,2.0NRT,287.44,4.36,D
65.56389,22.22854,343.18,0.42,0.38,2026-09-27,1019,N20,nominal,2.0NRT,284.84,6.12,D
65.56216,22.22026,332.27,0.42,0.38,2026-09-27,1019,N20,nominal,2.0NRT,288.43,7.67,D
37.36309,15.0457,338.55,0.42,0.38,2026-09-27,1153,N20,nominal,2.0NRT,300.58,7.03,D
37.41542,15.06265,340.86,0.42,0.38,2026-09-27,1153,N20,nominal,2.0NRT,303.04,4,D
36.64877,10.89088,331.28,0.43,0.46,2026-09-27,1153,N20,nominal,2.0NRT,302.06,1.89,D
37.2252,13.67207,332.34,0.47,0.4,2026-09-27,1153,N20,nominal,2.0NRT,300.38,2.35,D
35.35839,5.30165,367,0.46,0.63,2026-09-27,1153,N20,high,2.0NRT,302.08,6.57,D
36.29851,8.87565,336.62,0.56,0.51,2026-09-27,1153,N20,nominal,2.0NRT,302.45,3.79,D
36.76358,10.88964,331.2,0.43,0.46,2026-09-27,1153,N20,nominal,2.0NRT,301.98,2.91,D
37.35108,13.61696,331.65,0.47,0.4,2026-09-27,1153,N20,nominal,2.0NRT,301.86,2.71,D
37.53906,14.51138,334.5,0.43,0.38,2026-09-27,1153,N20,low,2.0NRT,308.02,3.68,D
37.54336,14.51513,338.04,0.43,0.38,2026-09-27,1153,N20,nominal,2.0NRT,307.65,3.68,D
36.37608,8.85767,333.69,0.56,0.51,2026-09-27,1153,N20,nominal,2.0NRT,303.05,1.91,D
36.38488,8.87388,331.41,0.55,0.51,2026-09-27,1153,N20,low,2.0NRT,304.78,2.05,D
36.47452,9.19186,338.08,0.53,0.5,2026-09-27,1153,N20,nominal,2.0NRT,303.32,5.74,D
37.52335,14.0892,330.92,0.45,0.39,2026-09-27,1153,N20,nominal,2.0NRT,303.15,3.58,D
37.58179,14.36797,336.19,0.44,0.38,2026-09-27,1153,N20,nominal,2.0NRT,300.55,3.86,D
37.48249,13.75004,331.95,0.46,0.39,2026-09-27,1153,N20,nominal,2.0NRT,297.67,14.93,D
37.54314,13.80469,342.55,0.46,0.39,2026-09-27,1153,N20,nominal,2.0NRT,307.62,15.09,D
36.53249,8.94459,333.73,0.54,0.51,2026-09-27,1153,N20,low,2.0NRT,306.37,2.86,D
37.59396,13.81801,335.5,0.46,0.39,2026-09-27,1153,N20,low,2.0NRT,307.07,35.44,D
37.59204,13.72811,331.74,0.46,0.39,2026-09-27,1153,N20,nominal,2.0NRT,300.37,0.95,D
37.53528,13.34659,331.19,0.48,0.4,2026-09-27,1153,N20,low,2.0NRT,303.08,5.75,D
37.53506,13.34395,337.56,0.48,0.4,2026-09-27,1153,N20,nominal,2.0NRT,301.89,3.57,D
37.53865,13.34289,335.61,0.48,0.4,2026-09-27,1153,N20,nominal,2.0NRT,300.64,3.47,D
36.77378,9.4407,336.52,0.51,0.49,2026-09-27,1153,N20,nominal,2.0NRT,305.37,2.78,D
36.64941,8.86359,330.13,0.55,0.51,2026-09-27,1153,N20,low,2.0NRT,301.72,2.58,D
39.69357,33.9094,355.88,0.7,0.75,2026-09-27,1153,N20,nominal,2.0NRT,290.48,15.76,D
39.69345,33.90067,352.89,0.7,0.75,2026-09-27,1153,N20,nominal,2.0NRT,292.98,15.76,D
39.69244,33.90916,347.99,0.7,0.75,2026-09-27,1153,N20,nominal,2.0NRT,290.03,19.07,D
39.69237,33.90027,355.24,0.7,0.75,2026-09-27,1153,N20,nominal,2.0NRT,293.12,22.43,D
36.87713,9.57094,352.82,0.5,0.49,2026-09-27,1153,N20,nominal,2.0NRT,306.95,13.28,D
36.84019,9.30879,341.84,0.51,0.5,2026-09-27,1153,N20,nominal,2.0NRT,296.55,6.72,D
37.69127,13.10925,332.12,0.49,0.4,2026-09-27,1153,N20,nominal,2.0NRT,300.55,4.24,D
36.83432,9.05531,340.34,0.53,0.5,2026-09-27,1153,N20,nominal,2.0NRT,300.07,5.75,D
36.83764,9.04878,341.06,0.53,0.5,2026-09-27,1153,N20,nominal,2.0NRT,299.36,9.2,D
36.8344,9.05429,339.71,0.53,0.5,2026-09-27,1153,N20,nominal,2.0NRT,300.03,8.69,D
36.83767,9.04769,339.89,0.53,0.5,2026-09-27,1153,N20,nominal,2.0NRT,298.62,7.42,D
37.02275,9.59799,340.67,0.49,0.49,2026-09-27,1153,N20,nominal,2.0NRT,303.86,7.4,D
37.02157,9.59281,339.43,0.49,0.49,2026-09-27,1153,N20,nominal,2.0NRT,303.24,7.4,D
37.67375,12.63214,335.23,0.51,0.41,2026-09-27,1153,N20,nominal,2.0NRT,303.55,3.06,D
37.75082,12.64186,331.8,0.51,0.41,2026-09-27,1153,N20,nominal,2.0NRT,303.11,3.1,D
37.74971,12.63629,331.07,0.51,0.41,2026-09-27,1153,N20,nominal,2.0NRT,302.72,3.1,D
38.54257,16.55879,330.83,0.39,0.36,2026-09-27,1153,N20,nominal,2.0NRT,303.87,2.34,D
37.22698,9.68077,331.44,0.48,0.48,2026-09-27,1153,N20,nominal,2.0NRT,300.9,2.05,D
37.87507,12.69089,330.6,0.5,0.41,2026-09-27,1153,N20,nominal,2.0NRT,300.13,2.23,D
36.46213,6.36523,332.78,0.38,0.58,2026-09-27,1153,N20,nominal,2.0NRT,302.75,4.25,D
37.95086,12.66102,337.66,0.5,0.41,2026-09-27,1153,N20,nominal,2.0NRT,304.01,5.28,D
37.95274,12.66338,332.66,0.5,0.41,2026-09-27,1153,N20,low,2.0NRT,303.07,3.49,D
38.65883,16.17991,333.06,0.39,0.36,2026-09-27,1153,N20,nominal,2.0NRT,300.4,6.71,D
38.65811,16.1755,340.83,0.39,0.36,2026-09-27,1153,N20,nominal,2.0NRT,306.76,13.16,D
38.66213,16.17905,332.8,0.39,0.36,2026-09-27,1153,N20,nominal,2.0NRT,300,6.71,D
38.6614,16.17463,338.92,0.39,0.36,2026-09-27,1153,N20,nominal,2.0NRT,299.65,13.16,D
38.6647,16.17376,348.47,0.39,0.36,2026-09-27,1153,N20,nominal,2.0NRT,301.67,4.4,D
36.86678,6.98553,347.97,0.34,0.56,2026-09-27,1153,N20,nominal,2.0NRT,301.4,7.89,D
36.8658,6.98162,353.7,0.34,0.56,2026-09-27,1153,N20,nominal,2.0NRT,302.42,7.89,D
36.87807,6.94401,353.95,0.34,0.56,2026-09-27,1153,N20,nominal,2.0NRT,298.83,4.7,D
38.95841,16.94281,336.67,0.38,0.36,2026-09-27,1153,N20,nominal,2.0NRT,302.69,2.88,D
36.74687,6.2565,349.07,0.37,0.58,2026-09-27,1153,N20,nominal,2.0NRT,304.15,5.92,D
39.85752,18.34189,343.96,0.39,0.36,2026-09-27,1153,N20,nominal,2.0NRT,304.81,3.46,D
39.54504,16.18545,330.42,0.39,0.36,2026-09-27,1153,N20,nominal,2.0NRT,300.34,2.39,D
41.29552,26.61542,333.63,0.59,0.53,2026-09-27,1153,N20,nominal,2.0NRT,292.25,4.01,D
41.03551,23.43166,339.23,0.4,0.44,2026-09-27,1153,N20,nominal,2.0NRT,301.38,2.57,D
41.03409,23.42871,340.89,0.4,0.44,2026-09-27,1153,N20,nominal,2.0NRT,302.04,3.79,D
41.29824,26.61416,330.86,0.59,0.53,2026-09-27,1153,N20,nominal,2.0NRT,292.62,4.08,D
40.21848,16.33858,335.83,0.39,0.36,2026-09-27,1153,N20,nominal,2.0NRT,299.28,1.71,D
40.22334,16.3045,339.23,0.39,0.36,2026-09-27,1153,N20,nominal,2.0NRT,298.9,3.19,D
40.48688,18.01122,342.4,0.39,0.36,2026-09-27,1153,N20,nominal,2.0NRT,304.72,3.25,D
40.23059,16.30722,345.81,0.39,0.36,2026-09-27,1153,N20,nominal,2.0NRT,298.74,3.37,D
40.32003,16.77169,334.31,0.38,0.36,2026-09-27,1153,N20,nominal,2.0NRT,302.45,3.12,D
40.3284,16.77978,337.7,0.38,0.36,2026-09-27,1153,N20,nominal,2.0NRT,302.43,2.39,D
40.47234,17.69961,331.49,0.39,0.36,2026-09-27,1153,N20,nominal,2.0NRT,302.45,1.17,D
40.50133,17.61715,332.53,0.39,0.36,2026-09-27,1153,N20,nominal,2.0NRT,301.55,1.83,D
40.80059,19.54478,334.83,0.42,0.38,2026-09-27,1153,N20,nominal,2.0NRT,300.35,5.95,D
40.83111,19.75506,329.03,0.43,0.38,2026-09-27,1153,N20,nominal,2.0NRT,300.6,1.69,D
40.62428,17.62074,332.26,0.39,0.36,2026-09-27,1153,N20,nominal,2.0NRT,300.8,1.58,D
41.02434,16.05565,339.98,0.39,0.36,2026-09-27,1153,N20,nominal,2.0NRT,304.96,13.71,D
41.07996,15.86725,332.88,0.39,0.36,2026-09-27,1153,N20,nominal,2.0NRT,301.88,1.27,D
42.21338,25.74911,342.61,0.54,0.51,2026-09-27,1153,N20,nominal,2.0NRT,299.89,6.68,D
41.6849,19.6054,329.72,0.43,0.38,2026-09-27,1153,N20,nominal,2.0NRT,300.59,2.24,D
42.3651,26.07191,339.02,0.57,0.52,2026-09-27,1153,N20,nominal,2.0NRT,296.41,5.71,D
41.20156,15.77319,333.14,0.39,0.36,2026-09-27,1153,N20,nominal,2.0NRT,305,3.05,D
42.36987,26.07133,334.54,0.57,0.52,2026-09-27,1153,N20,nominal,2.0NRT,295.97,3.28,D
41.30864,15.14882,341.99,0.39,0.36,2026-09-27,1153,N20,nominal,2.0NRT,296.29,3.82,D
41.52034,15.90695,338.16,0.38,0.36,2026-09-27,1153,N20,nominal,2.0NRT,304.31,1.9,D
41.28977,14.34737,337.4,0.4,0.37,2026-09-27,1153,N20,nominal,2.0NRT,305.4,1.57,D
41.2931,14.34637,331.18,0.4,0.37,2026-09-27,1153,N20,nominal,2.0NRT,303.8,1.57,D
41.54221,15.82946,337.34,0.39,0.36,2026-09-27,1153,N20,nominal,2.0NRT,303.89,3.67,D
41.21832,13.81862,333.28,0.42,0.37,2026-09-27,1153,N20,nominal,2.0NRT,300.44,2.96,D
41.4767,13.77528,346.68,0.41,0.37,2026-09-27,1153,N20,nominal,2.0NRT,303.89,4.45,D
41.47583,13.77043,338.71,0.41,0.37,2026-09-27,1153,N20,nominal,2.0NRT,303.9,4.45,D
41.48006,13.77423,343.29,0.41,0.37,2026-09-27,1153,N20,nominal,2.0NRT,305.73,4.45,D
41.52578,13.51167,343.7,0.42,0.38,2026-09-27,1153,N20,nominal,2.0NRT,301.29,3.67,D
41.85596,15.0399,342.49,0.39,0.36,2026-09-27,1153,N20,nominal,2.0NRT,301.95,5.8,D
41.9128,15.30369,329.53,0.39,0.36,2026-09-27,1153,N20,nominal,2.0NRT,301.17,1.46,D
41.74864,13.07428,336.68,0.43,0.38,2026-09-27,1153,N20,nominal,2.0NRT,302.87,2.42,D
42.06005,13.50116,340,0.41,0.37,2026-09-27,1153,N20,nominal,2.0NRT,303,3.31,D
42.25756,14.0226,327.56,0.4,0.37,2026-09-27,1153,N20,nominal,2.0NRT,301.19,1.61,D
42.37034,14.14059,333.47,0.4,0.37,2026-09-27,1153,N20,nominal,2.0NRT,298.4,1.47,D
42.15755,12.5781,339.83,0.44,0.38,2026-09-27,1153,N20,nominal,2.0NRT,296.63,2.74,D
44.05309,27.71585,340.99,0.36,0.57,2026-09-27,1153,N20,nominal,2.0NRT,295.89,5.16,D
43.82599,24.08807,328.74,0.47,0.47,2026-09-27,1153,N20,nominal,2.0NRT,298.56,1.93,D
43.79396,23.24809,337.77,0.42,0.46,2026-09-27,1153,N20,nominal,2.0NRT,295.71,3.44,D
43.23465,18.1634,327.54,0.41,0.37,2026-09-27,1153,N20,nominal,2.0NRT,295.9,1.93,D
43.79444,23.24931,351.85,0.43,0.46,2026-09-27,1153,N20,nominal,2.0NRT,296.53,5.74,D
43.9551,24.49657,346.99,0.49,0.49,2026-09-27,1153,N20,nominal,2.0NRT,298.83,9,D
43.95464,24.49043,331.68,0.49,0.49,2026-09-27,1153,N20,nominal,2.0NRT,296.96,9,D
42.35717,11.72974,336.49,0.46,0.39,2026-09-27,1153,N20,nominal,2.0NRT,303.46,2.89,D
42.48619,11.74742,338.65,0.46,0.39,2026-09-27,1153,N20,nominal,2.0NRT,299.54,2.19,D
44.27514,22.66446,340.98,0.4,0.45,2026-09-27,1153,N20,nominal,2.0NRT,301.95,4.9,D
44.3452,22.71639,328.56,0.41,0.45,2026-09-27,1153,N20,low,2.0NRT,303.06,2.46,D
43.32729,12.99646,336.77,0.41,0.37,2026-09-27,1155,N20,nominal,2.0NRT,297.63,2.87,D
44.56279,21.01595,329.23,0.52,0.41,2026-09-27,1155,N20,nominal,2.0NRT,297.61,2.46,D
44.58842,21.19273,343.71,0.53,0.42,2026-09-27,1155,N20,nominal,2.0NRT,299.86,6.84,D
44.59225,21.19196,349.56,0.53,0.42,2026-09-27,1155,N20,nominal,2.0NRT,299.81,12.48,D
44.86211,22.80898,329.33,0.42,0.45,2026-09-27,1155,N20,nominal,2.0NRT,296.29,1.26,D
43.78643,12.97846,345.77,0.41,0.37,2026-09-27,1155,N20,nominal,2.0NRT,298.44,5.39,D
43.78555,12.97347,332.78,0.41,0.37,2026-09-27,1155,N20,nominal,2.0NRT,299.19,3.26,D
45.45568,29.57078,335.56,0.45,0.63,2026-09-27,1155,N20,nominal,2.0NRT,288.86,18.72,D
45.45553,29.56489,345.12,0.45,0.63,2026-09-27,1155,N20,nominal,2.0NRT,288.08,18.72,D
45.45538,29.55904,342.65,0.45,0.63,2026-09-27,1155,N20,nominal,2.0NRT,288.15,9.45,D
45.46184,29.58225,339.6,0.45,0.63,2026-09-27,1155,N20,nominal,2.0NRT,290.39,15.15,D
45.46168,29.57638,352.84,0.45,0.63,2026-09-27,1155,N20,nominal,2.0NRT,290.74,15.15,D
45.46153,29.57051,354.79,0.45,0.63,2026-09-27,1155,N20,nominal,2.0NRT,294.96,18.72,D
45.46137,29.56465,350.52,0.45,0.63,2026-09-27,1155,N20,nominal,2.0NRT,290.98,18.72,D
45.46784,29.58787,353.44,0.45,0.63,2026-09-27,1155,N20,nominal,2.0NRT,290.09,14.57,D
45.46769,29.58199,353.19,0.45,0.63,2026-09-27,1155,N20,nominal,2.0NRT,292.35,19.97,D
45.03206,21.25967,330.62,0.54,0.42,2026-09-27,1155,N20,low,2.0NRT,301.27,4.78,D
44.98553,19.43867,345.9,0.46,0.39,2026-09-27,1155,N20,nominal,2.0NRT,303.25,9.63,D
45.0135,19.42634,346.94,0.46,0.39,2026-09-27,1155,N20,nominal,2.0NRT,298.98,9.73,D
45.06609,19.75077,331.77,0.47,0.4,2026-09-27,1155,N20,nominal,2.0NRT,297.01,4.95,D
45.01845,19.32881,332.42,0.46,0.39,2026-09-27,1155,N20,nominal,2.0NRT,300.62,19.38,D
45.01936,19.30496,343.89,0.45,0.39,2026-09-27,1155,N20,nominal,2.0NRT,304.26,6.09,D
45.0717,19.53717,351.81,0.46,0.39,2026-09-27,1155,N20,nominal,2.0NRT,306.02,10.06,D
45.08583,19.5639,332.64,0.46,0.39,2026-09-27,1155,N20,low,2.0NRT,303.3,7.15,D
45.08315,19.54046,346.9,0.46,0.39,2026-09-27,1155,N20,nominal,2.0NRT,306.62,9.6,D
45.09303,19.56224,367,0.46,0.39,2026-09-27,1155,N20,high,2.0NRT,307.34,33.93,D
45.21343,20.66261,335.66,0.51,0.41,2026-09-27,1155,N20,nominal,2.0NRT,301.18,3.21,D
45.3401,21.9024,338.13,0.38,0.44,2026-09-27,1155,N20,nominal,2.0NRT,296.06,2.56,D
45.25257,20.81536,343.62,0.52,0.41,2026-09-27,1155,N20,nominal,2.0NRT,303.54,8.75,D
45.20141,19.63301,338.72,0.47,0.4,2026-09-27,1155,N20,nominal,2.0NRT,299.06,4.56,D
45.20503,19.63224,332.74,0.47,0.4,2026-09-27,1155,N20,nominal,2.0NRT,297.85,4.56,D
44.14151,12.05471,331.15,0.43,0.38,2026-09-27,1155,N20,nominal,2.0NRT,300.6,1.06,D
46.00147,29.83206,335.12,0.47,0.64,2026-09-27,1155,N20,nominal,2.0NRT,292.52,5.57,D
46.00741,29.83181,356.44,0.47,0.64,2026-09-27,1155,N20,low,2.0NRT,283.92,8.33,D
44.87601,16.18594,329.07,0.39,0.36,2026-09-27,1155,N20,nominal,2.0NRT,295.84,2.32,D
45.62706,20.61879,339.61,0.51,0.41,2026-09-27,1155,N20,nominal,2.0NRT,302.05,8.26,D
46.3046,32.46738,331.28,0.63,0.72,2026-09-27,1155,N20,nominal,2.0NRT,285.17,4.22,D
45.82264,21.86574,353.85,0.39,0.44,2026-09-27,1155,N20,nominal,2.0NRT,303.84,7.89,D
46.3077,32.46692,331.78,0.63,0.72,2026-09-27,1155,N20,nominal,2.0NRT,286.35,3.3,D
44.51862,11.39513,335.89,0.44,0.39,2026-09-27,1155,N20,nominal,2.0NRT,299.63,4.81,D
43.43652,4.89227,326.96,0.59,0.52,2026-09-27,1155,N20,low,2.0NRT,300.38,7.91,D
44.76797,10.82558,337.35,0.46,0.39,2026-09-27,1155,N20,nominal,2.0NRT,299.83,1.79,D
42.70502,1.99598,367,0.42,0.61,2026-09-27,1155,N20,high,2.0NRT,300.19,12.73,D
42.70636,2.0006,355.57,0.42,0.61,2026-09-27,1155,N20,nominal,2.0NRT,296.68,12.73,D
42.71144,1.99715,367,0.42,0.61,2026-09-27,1155,N20,high,2.0NRT,300.48,12.73,D
42.70996,1.99206,367,0.42,0.61,2026-09-27,1155,N20,high,2.0NRT,302.27,22.2,D
42.69447,1.76973,334.97,0.43,0.62,2026-09-27,1155,N20,nominal,2.0NRT,298.81,3.6,D
42.69341,1.76607,327.54,0.44,0.62,2026-09-27,1155,N20,nominal,2.0NRT,294.71,3.6,D
42.70015,1.76812,340.58,0.43,0.62,2026-09-27,1155,N20,nominal,2.0NRT,296.27,24.66,D
42.69894,1.76396,353.62,0.44,0.62,2026-09-27,1155,N20,nominal,2.0NRT,315.51,24.66,D
42.69769,1.75962,338.46,0.44,0.62,2026-09-27,1155,N20,nominal,2.0NRT,298.1,19.08,D
42.69697,1.76686,367,0.43,0.62,2026-09-27,1155,N20,high,2.0NRT,303.07,33.77,D
42.69579,1.76285,350.84,0.43,0.62,2026-09-27,1155,N20,nominal,2.0NRT,307.42,32.5,D
42.70137,1.76087,348.98,0.43,0.62,2026-09-27,1155,N20,nominal,2.0NRT,294.14,6.94,D
45.09243,11.42461,344.86,0.43,0.38,2026-09-27,1155,N20,nominal,2.0NRT,300.04,2.59,D
45.09142,11.41922,334.66,0.44,0.38,2026-09-27,1155,N20,nominal,2.0NRT,300.19,2.59,D
45.19479,11.61365,330.49,0.43,0.38,2026-09-27,1155,N20,nominal,2.0NRT,299.3,3.64,D
42.90311,1.5007,330.17,0.44,0.62,2026-09-27,1155,N20,low,2.0NRT,301.74,4.96,D
42.9013,1.49454,346.78,0.44,0.62,2026-09-27,1155,N20,nominal,2.0NRT,304.42,4.96,D
45.14618,9.94427,335.33,0.48,0.4,2026-09-27,1155,N20,nominal,2.0NRT,305.44,4.53,D
45.40119,11.02486,328.54,0.44,0.39,2026-09-27,1155,N20,low,2.0NRT,299.94,1.79,D
45.50777,11.37491,346.16,0.43,0.38,2026-09-27,1155,N20,nominal,2.0NRT,296.28,6.38,D
45.69918,11.6941,336.76,0.42,0.38,2026-09-27,1155,N20,nominal,2.0NRT,296.84,2.16,D
46.19733,14.58951,339.36,0.38,0.36,2026-09-27,1155,N20,nominal,2.0NRT,297.9,4.69,D
46.19657,14.5846,328.91,0.38,0.36,2026-09-27,1155,N20,nominal,2.0NRT,296.78,4.69,D
45.73297,11.70737,328.69,0.42,0.38,2026-09-27,1155,N20,low,2.0NRT,298.98,3.63,D
45.76189,11.74733,339.12,0.42,0.38,2026-09-27,1155,N20,nominal,2.0NRT,301.42,1.93,D
45.509,10.24532,331.55,0.47,0.39,2026-09-27,1155,N20,nominal,2.0NRT,301.25,2.62,D
45.37347,9.51359,332.42,0.5,0.41,2026-09-27,1155,N20,nominal,2.0NRT,300.57,4.67,D
45.02955,7.85948,341,0.39,0.44,2026-09-27,1155,N20,nominal,2.0NRT,297.27,4.84,D
45.58493,9.47665,330.74,0.49,0.41,2026-09-27,1155,N20,nominal,2.0NRT,298.84,3.48,D
45.45733,8.63136,331.95,0.53,0.42,2026-09-27,1155,N20,nominal,2.0NRT,296.43,1.21,D
45.45559,8.63189,331.83,0.53,0.42,2026-09-27,1155,N20,nominal,2.0NRT,298.22,2.92,D
45.7326,9.73089,332.36,0.48,0.4,2026-09-27,1155,N20,nominal,2.0NRT,298.98,3.56,D
46.60115,13.86823,336.84,0.39,0.36,2026-09-27,1155,N20,nominal,2.0NRT,293.29,1.26,D
47.57581,20.35181,339.35,0.53,0.42,2026-09-27,1155,N20,nominal,2.0NRT,286.81,5.71,D
46.42807,11.34652,330.12,0.42,0.38,2026-09-27,1155,N20,nominal,2.0NRT,294.82,1.7,D
46.3647,10.94404,338.23,0.43,0.38,2026-09-27,1155,N20,nominal,2.0NRT,295.29,4.02,D
46.36223,10.9424,341.83,0.43,0.38,2026-09-27,1155,N20,nominal,2.0NRT,292.64,7.08,D
48.42897,32.09187,334.63,0.61,0.71,2026-09-27,1155,N20,nominal,2.0NRT,289.83,3.7,D
47.06984,8.26745,332.04,0.51,0.41,2026-09-27,1155,N20,nominal,2.0NRT,300.1,5.24,D
48.2736,14.33828,325.37,0.39,0.36,2026-09-27,1155,N20,nominal,2.0NRT,294.44,3.3,D
48.27687,14.33719,348,0.39,0.36,2026-09-27,1155,N20,nominal,2.0NRT,291.92,3.3,D
48.04311,11.63234,332.65,0.4,0.37,2026-09-27,1155,N20,nominal,2.0NRT,296.23,1.53,D
47.8213,10.30163,327.63,0.43,0.38,2026-09-27,1155,N20,nominal,2.0NRT,295.72,1.48,D
47.82469,10.30024,331.61,0.43,0.38,2026-09-27,1155,N20,nominal,2.0NRT,295.47,2.29,D
48.21443,11.31073,330.02,0.41,0.37,2026-09-27,1155,N20,nominal,2.0NRT,297.31,2.29,D
48.28669,11.25911,343.15,0.41,0.37,2026-09-27,1155,N20,nominal,2.0NRT,295.33,7.23,D
48.50701,11.71622,344.3,0.4,0.37,2026-09-27,1155,N20,nominal,2.0NRT,295.5,3.02,D
48.65536,12.19832,333.8,0.39,0.36,2026-09-27,1155,N20,nominal,2.0NRT,295.62,1.47,D
48.84206,11.83141,330.84,0.39,0.36,2026-09-27,1155,N20,nominal,2.0NRT,296.3,4.47,D
49.05421,12.82642,336.16,0.39,0.36,2026-09-27,1155,N20,nominal,2.0NRT,292.56,2.73,D
48.81261,10.02064,327.95,0.43,0.38,2026-09-27,1155,N20,nominal,2.0NRT,298.97,1.21,D
48.93828,10.60639,339.87,0.41,0.37,2026-09-27,1155,N20,nominal,2.0NRT,298.11,3.45,D
49.04497,10.80045,336.01,0.41,0.37,2026-09-27,1155,N20,nominal,2.0NRT,297.46,1.84,D
49.08487,11.00443,336.38,0.4,0.37,2026-09-27,1155,N20,nominal,2.0NRT,296.76,1.79,D
50.33454,19.29244,327.48,0.52,0.41,2026-09-27,1155,N20,nominal,2.0NRT,291.63,2.98,D
49.30415,11.36496,325.46,0.4,0.37,2026-09-27,1155,N20,nominal,2.0NRT,295.77,1.68,D
49.35822,10.83199,341.19,0.4,0.37,2026-09-27,1155,N20,nominal,2.0NRT,298.36,2.06,D
49.35725,10.82657,335.47,0.4,0.37,2026-09-27,1155,N20,nominal,2.0NRT,298.35,2.06,D
50.41585,18.14463,351.25,0.47,0.4,2026-09-27,1155,N20,nominal,2.0NRT,298.02,8,D
49.37901,10.72993,326.67,0.41,0.37,2026-09-27,1155,N20,nominal,2.0NRT,294.67,1.69,D
49.70273,10.63967,341.54,0.4,0.37,2026-09-27,1155,N20,nominal,2.0NRT,295.12,3.07,D
49.85137,10.32975,330.09,0.41,0.37,2026-09-27,1155,N20,nominal,2.0NRT,297.66,1.1,D
51.88956,29.34568,341.34,0.47,0.64,2026-09-27,1155,N20,nominal,2.0NRT,285.22,4.23,D
49.96515,8.99095,335.77,0.44,0.38,2026-09-27,1155,N20,nominal,2.0NRT,300.31,2.36,D
50.01097,8.91741,326.38,0.44,0.38,2026-09-27,1155,N20,nominal,2.0NRT,298.93,1.29,D
50.01436,8.91582,330.02,0.44,0.38,2026-09-27,1155,N20,nominal,2.0NRT,297.1,1.29,D
50.42643,10.75353,332.89,0.4,0.37,2026-09-27,1155,N20,nominal,2.0NRT,295.61,5.36,D
50.33281,10.15778,340.74,0.41,0.37,2026-09-27,1155,N20,nominal,2.0NRT,300.09,2.37,D
50.41705,10.27047,330.79,0.4,0.37,2026-09-27,1155,N20,nominal,2.0NRT,295.26,3.67,D
50.97568,11.13879,327.07,0.39,0.36,2026-09-27,1157,N20,nominal,2.0NRT,295.78,2.79,D
50.97892,11.1374,330.57,0.39,0.36,2026-09-27,1157,N20,nominal,2.0NRT,295.5,2.79,D
51.68832,15.98236,331.33,0.43,0.38,2026-09-27,1157,N20,low,2.0NRT,304.14,38.82,D
50.98592,11.11696,328.24,0.39,0.36,2026-09-27,1157,N20,nominal,2.0NRT,297.46,0.83,D
50.91677,10.54882,344.27,0.4,0.37,2026-09-27,1157,N20,nominal,2.0NRT,297.02,4.67,D
50.99961,10.32668,341.29,0.4,0.37,2026-09-27,1157,N20,nominal,2.0NRT,297.95,1.74,D
51.00288,10.32523,340.55,0.4,0.37,2026-09-27,1157,N20,nominal,2.0NRT,299.08,2.61,D
51.38424,10.06914,333.06,0.4,0.37,2026-09-27,1157,N20,nominal,2.0NRT,297.08,3.5,D
51.40244,9.11554,345.27,0.42,0.37,2026-09-27,1157,N20,nominal,2.0NRT,296.85,4.95,D
51.58453,10.0657,333.81,0.4,0.37,2026-09-27,1157,N20,nominal,2.0NRT,297.05,2.48,D
51.58549,9.58639,345.98,0.41,0.37,2026-09-27,1157,N20,nominal,2.0NRT,296.67,2.98,D
51.70851,10.24145,329.07,0.4,0.37,2026-09-27,1157,N20,nominal,2.0NRT,295.7,1.09,D
51.35909,8.2393,336.54,0.43,0.38,2026-09-27,1157,N20,nominal,2.0NRT,296.05,2.55,D
51.23325,6.35315,335.94,0.49,0.41,2026-09-27,1157,N20,nominal,2.0NRT,294.12,1.9,D
51.36513,6.70606,333.01,0.48,0.4,2026-09-27,1157,N20,nominal,2.0NRT,299.42,9.46,D
52.15162,10.40093,346.19,0.39,0.36,2026-09-27,1157,N20,nominal,2.0NRT,304.84,8.16,D
52.15677,10.41061,330.05,0.39,0.36,2026-09-27,1157,N20,nominal,2.0NRT,299.03,2.96,D
52.15582,10.40504,333.64,0.39,0.36,2026-09-27,1157,N20,nominal,2.0NRT,301.01,8.16,D
52.16191,10.4203,329.94,0.39,0.36,2026-09-27,1157,N20,low,2.0NRT,302.32,3.92,D
51.9297,9.08811,330.46,0.41,0.37,2026-09-27,1157,N20,nominal,2.0NRT,296.49,1.2,D
51.16462,3.81542,343.08,0.41,0.45,2026-09-27,1157,N20,nominal,2.0NRT,293.52,4.43,D
51.16718,3.80765,325.16,0.41,0.45,2026-09-27,1157,N20,nominal,2.0NRT,295.64,2.88,D
51.17236,3.81082,367,0.41,0.45,2026-09-27,1157,N20,high,2.0NRT,298.99,12.05,D
51.17105,3.80536,329.32,0.41,0.45,2026-09-27,1157,N20,nominal,2.0NRT,295.86,2.88,D
52.20694,8.04802,328.37,0.43,0.38,2026-09-27,1157,N20,nominal,2.0NRT,299.18,2.76,D
51.0282,2.27505,326.5,0.47,0.48,2026-09-27,1157,N20,nominal,2.0NRT,284.24,4.08,D
51.0443,2.3011,332.48,0.47,0.48,2026-09-27,1157,N20,nominal,2.0NRT,280.79,2.53,D
53.33617,12.20326,332.05,0.39,0.36,2026-09-27,1157,N20,nominal,2.0NRT,294.9,2.33,D
52.91042,9.34685,328.13,0.4,0.37,2026-09-27,1157,N20,nominal,2.0NRT,296.32,0.59,D
53.13538,8.69364,343.54,0.41,0.37,2026-09-27,1157,N20,nominal,2.0NRT,299.42,4.56,D
53.13326,8.68189,337.18,0.41,0.37,2026-09-27,1157,N20,nominal,2.0NRT,298.41,7.3,D
53.51182,10.03675,330.61,0.39,0.36,2026-09-27,1157,N20,nominal,2.0NRT,295.2,2.47,D
56.82419,8.35066,325.88,0.39,0.36,2026-09-27,1157,N20,nominal,2.0NRT,289.4,1.92,D
58.27739,6.89469,331.67,0.39,0.36,2026-09-27,1200,N20,nominal,2.0NRT,288.86,6.82,D
60.29612,25.5268,367,0.37,0.58,2026-09-27,1200,N20,high,2.0NRT,291.5,7.35,D
64.64358,24.43079,329.94,0.35,0.57,2026-09-27,1200,N20,nominal,2.0NRT,284.32,3.44,D
64.64731,24.42737,339.58,0.35,0.57,2026-09-27,1200,N20,nominal,2.0NRT,286.16,4.74,D
65.76704,24.19158,326.29,0.35,0.57,2026-09-27,1200,N20,nominal,2.0NRT,286.29,2.19,D
34.83675,-4.66014,332.98,0.41,0.37,2026-09-27,1333,N20,nominal,2.0NRT,301.86,4.35,D
34.83618,-4.66443,338.55,0.41,0.37,2026-09-27,1333,N20,nominal,2.0NRT,305.14,4.35,D
34.83957,-4.66505,347.96,0.41,0.37,2026-09-27,1333,N20,nominal,2.0NRT,306.03,4.35,D
35.96712,6.98973,336.79,0.55,0.68,2026-09-27,1333,N20,nominal,2.0NRT,299.65,5.52,D
35.96388,6.98915,344.35,0.55,0.68,2026-09-27,1333,N20,nominal,2.0NRT,299.19,5.11,D
35.54679,-0.56816,340.14,0.41,0.45,2026-09-27,1333,N20,nominal,2.0NRT,311.29,6.23,D
36.47567,6.66798,343.14,0.53,0.67,2026-09-27,1333,N20,nominal,2.0NRT,302.98,5.51,D
36.47356,6.66545,341.24,0.53,0.67,2026-09-27,1333,N20,nominal,2.0NRT,303.29,5.01,D
36.72535,9.32551,339.51,0.75,0.77,2026-09-27,1333,N20,nominal,2.0NRT,294.08,8.28,D
36.68924,6.51593,356.1,0.52,0.67,2026-09-27,1333,N20,nominal,2.0NRT,298.02,9.65,D
36.64166,4.30741,333.71,0.39,0.6,2026-09-27,1333,N20,nominal,2.0NRT,297.06,1.93,D
36.74674,6.25685,334.85,0.51,0.66,2026-09-27,1333,N20,nominal,2.0NRT,303.12,4.97,D
36.74701,6.25578,331.91,0.51,0.66,2026-09-27,1333,N20,low,2.0NRT,303.55,4.52,D
36.86749,6.98798,345.47,0.56,0.69,2026-09-27,1333,N20,nominal,2.0NRT,299,5.92,D
36.87886,6.95078,336.38,0.55,0.68,2026-09-27,1333,N20,nominal,2.0NRT,297.73,4.81,D
36.86956,6.98576,345.88,0.56,0.69,2026-09-27,1333,N20,nominal,2.0NRT,298.79,8.59,D
36.6422,-5.08628,349.78,0.41,0.37,2026-09-27,1333,N20,nominal,2.0NRT,285.87,49.32,D
36.64162,-5.09068,341.08,0.41,0.37,2026-09-27,1333,N20,nominal,2.0NRT,286.82,33.58,D
36.64561,-5.08693,342.67,0.41,0.37,2026-09-27,1333,N20,nominal,2.0NRT,302.31,49.32,D
36.64501,-5.09139,337.32,0.41,0.37,2026-09-27,1333,N20,nominal,2.0NRT,297.33,33.58,D
36.64901,-5.08757,344.08,0.41,0.37,2026-09-27,1333,N20,nominal,2.0NRT,281.43,9.08,D
36.64841,-5.09208,347.55,0.41,0.37,2026-09-27,1333,N20,nominal,2.0NRT,283.91,27.07,D
36.6574,-5.10316,335.85,0.41,0.37,2026-09-27,1333,N20,nominal,2.0NRT,283.61,5.5,D
36.66079,-5.10384,336.41,0.41,0.37,2026-09-27,1333,N20,nominal,2.0NRT,287.36,8.53,D
36.66479,-5.09999,337.26,0.41,0.37,2026-09-27,1333,N20,nominal,2.0NRT,283.46,8.3,D
36.66419,-5.10452,352.55,0.41,0.37,2026-09-27,1333,N20,nominal,2.0NRT,293.88,8.53,D
36.66819,-5.10068,341.44,0.41,0.37,2026-09-27,1333,N20,nominal,2.0NRT,286.65,20.15,D
36.66758,-5.1052,348.07,0.41,0.37,2026-09-27,1333,N20,nominal,2.0NRT,292.65,13.23,D
36.67099,-5.10588,347.21,0.41,0.37,2026-09-27,1333,N20,nominal,2.0NRT,283.21,13.23,D
37.47786,-5.7564,353.58,0.4,0.37,2026-09-27,1333,N20,nominal,2.0NRT,306.22,9.12,D
39.10285,-3.5045,336.97,0.49,0.4,2026-09-27,1333,N20,low,2.0NRT,310.12,7.82,D
39.0523,-5.43727,335.39,0.42,0.38,2026-09-27,1333,N20,nominal,2.0NRT,299.47,7.81,D
39.05166,-5.44216,345.55,0.42,0.38,2026-09-27,1333,N20,nominal,2.0NRT,301.81,7.81,D
41.92477,0.18017,344.75,0.53,0.5,2026-09-27,1336,N20,nominal,2.0NRT,281.91,6.2,D
42.69721,1.76882,367,0.32,0.55,2026-09-27,1336,N20,high,2.0NRT,297.63,21.96,D
42.69691,1.76362,355.9,0.32,0.55,2026-09-27,1336,N20,nominal,2.0NRT,301.15,13.72,D
42.69664,1.75893,332.32,0.32,0.55,2026-09-27,1336,N20,nominal,2.0NRT,288.71,13.72,D
42.89878,1.51971,326.2,0.63,0.54,2026-09-27,1336,N20,low,2.0NRT,299.98,11.92,D
42.89828,1.5114,342.44,0.63,0.54,2026-09-27,1336,N20,nominal,2.0NRT,307.96,21.13,D
42.90269,1.50086,354.78,0.63,0.54,2026-09-27,1336,N20,nominal,2.0NRT,313.81,21.13,D
42.90225,1.49362,338.58,0.63,0.54,2026-09-27,1336,N20,nominal,2.0NRT,299.88,12.64,D
43.21684,2.30755,367,0.35,0.57,2026-09-27,1336,N20,high,2.0NRT,297.8,9.01,D
43.21663,2.30316,367,0.35,0.57,2026-09-27,1336,N20,high,2.0NRT,296.32,9.01,D
43.21619,2.29444,367,0.35,0.57,2026-09-27,1336,N20,high,2.0NRT,295.94,11.3,D
43.21706,2.31193,355.5,0.35,0.57,2026-09-27,1336,N20,nominal,2.0NRT,294.46,9.95,D
43.22187,2.30278,332.66,0.35,0.57,2026-09-27,1336,N20,nominal,2.0NRT,293.16,9.01,D
43.68935,4.5212,335.11,0.46,0.63,2026-09-27,1336,N20,nominal,2.0NRT,293.38,6.07,D
43.68916,4.51544,331.47,0.46,0.63,2026-09-27,1336,N20,nominal,2.0NRT,295.63,8.67,D
43.69523,4.52093,356.44,0.46,0.63,2026-09-27,1336,N20,nominal,2.0NRT,297.28,6.07,D
43.7011,4.52064,338.26,0.46,0.63,2026-09-27,1336,N20,nominal,2.0NRT,294.61,3.69,D
43.68772,4.51858,335.29,0.46,0.63,2026-09-27,1336,N20,nominal,2.0NRT,294.26,6.24,D
43.6936,4.51827,354.26,0.46,0.63,2026-09-27,1336,N20,nominal,2.0NRT,298.25,6.24,D
43.69947,4.51796,348.73,0.46,0.63,2026-09-27,1336,N20,nominal,2.0NRT,296.16,6.08,D
43.78177,4.33658,337.62,0.45,0.63,2026-09-27,1336,N20,nominal,2.0NRT,295.92,2.09,D
43.78143,4.3384,328.08,0.45,0.63,2026-09-27,1336,N20,nominal,2.0NRT,295.31,1.83,D
51.04319,2.29947,329.05,0.4,0.6,2026-09-27,1338,N20,nominal,2.0NRT,286.43,3,D
51.16885,3.81069,332.62,0.46,0.64,2026-09-27,1338,N20,nominal,2.0NRT,291.19,4.92,D
51.17477,3.81059,346.65,0.46,0.64,2026-09-27,1338,N20,nominal,2.0NRT,291.36,4.92,D
51.16628,3.81591,331.32,0.46,0.64,2026-09-27,1338,N20,nominal,2.0NRT,288.54,7.81,D
51.17213,3.80898,351.41,0.46,0.64,2026-09-27,1338,N20,nominal,2.0NRT,293.04,7.81,D
53.12323,8.70652,329.65,0.75,0.77,2026-09-27,1338,N20,nominal,2.0NRT,290.71,3.44,D
59.5339,34.13904,300.19,0.79,0.78,2026-09-27,2227,N20,nominal,2.0NRT,278.74,1.41,N
59.53405,34.13535,307.66,0.79,0.78,2026-09-27,2227,N20,nominal,2.0NRT,278.84,1.89,N
59.52676,34.13653,299.7,0.79,0.78,2026-09-27,2227,N20,nominal,2.0NRT,278.24,1.64,N
42.57081,12.66981,297.6,0.53,0.67,2026-09-28,0011,N20,nominal,2.0NRT,285.76,0.97,N
41.08879,26.71058,295.56,0.39,0.36,2026-09-28,0011,N20,nominal,2.0NRT,285.34,0.68,N
40.82869,26.58305,310.08,0.39,0.36,2026-09-28,0011,N20,nominal,2.0NRT,283.67,0.72,N
40.828,26.58759,296.98,0.39,0.36,2026-09-28,0011,N20,nominal,2.0NRT,283.07,0.72,N
41.54965,19.7216,297.05,0.45,0.47,2026-09-28,0011,N20,nominal,2.0NRT,287.02,0.66,N
41.85878,9.39647,325.07,0.77,0.77,2026-09-28,0011,N20,nominal,2.0NRT,288.48,5.53,N
39.86811,26.24368,308.01,0.39,0.36,2026-09-28,0011,N20,nominal,2.0NRT,287.18,1.57,N
39.86482,26.24285,319.03,0.39,0.36,2026-09-28,0011,N20,nominal,2.0NRT,288.81,1.57,N
40.52101,17.20552,308.84,0.59,0.53,2026-09-28,0011,N20,nominal,2.0NRT,289.19,1.56,N
40.51809,17.20782,313.08,0.59,0.53,2026-09-28,0011,N20,nominal,2.0NRT,289.69,1.71,N
39.82709,21.68166,318.89,0.52,0.41,2026-09-28,0011,N20,nominal,2.0NRT,281.2,3.24,N
39.14865,26.11369,301.06,0.39,0.36,2026-09-28,0011,N20,nominal,2.0NRT,287.31,0.49,N
38.74864,26.94911,295.06,0.38,0.36,2026-09-28,0011,N20,nominal,2.0NRT,282.38,0.8,N
38.74537,26.94825,304.47,0.38,0.36,2026-09-28,0011,N20,nominal,2.0NRT,282.38,0.8,N
38.12952,23.52332,312.58,0.43,0.38,2026-09-28,0011,N20,nominal,2.0NRT,287.76,1.83,N
39.08125,9.0124,301.13,0.79,0.78,2026-09-28,0011,N20,nominal,2.0NRT,289.8,2.12,N
38.03645,23.59457,301.21,0.42,0.38,2026-09-28,0013,N20,nominal,2.0NRT,288.08,0.56,N
38.79712,15.20259,307.21,0.36,0.58,2026-09-28,0013,N20,nominal,2.0NRT,287.42,1.39,N
38.54382,16.56388,307.49,0.61,0.53,2026-09-28,0013,N20,nominal,2.0NRT,287.51,2.27,N
38.54234,16.56524,312.74,0.61,0.53,2026-09-28,0013,N20,nominal,2.0NRT,287.52,1.82,N
35.22131,33.80814,299.02,0.5,0.49,2026-09-28,0013,N20,nominal,2.0NRT,288.23,0.81,N
37.64367,13.89836,298.46,0.42,0.61,2026-09-28,0013,N20,nominal,2.0NRT,283.9,0.82,N
37.64676,13.89845,299.41,0.42,0.61,2026-09-28,0013,N20,nominal,2.0NRT,283.53,0.74,N
34.72433,33.31466,301.95,0.48,0.48,2026-09-28,0013,N20,nominal,2.0NRT,291.27,1.63,N
36.98359,14.36817,344.48,0.39,0.59,2026-09-28,0013,N20,nominal,2.0NRT,288.06,4.81,N
36.98386,14.3637,303.54,0.39,0.59,2026-09-28,0013,N20,nominal,2.0NRT,286.99,3.27,N
60.25109,29.32255,297.66,0.49,0.4,2026-09-28,0005,N20,nominal,2.0NRT,277.54,0.66,N
59.52979,34.14464,328.26,0.39,0.36,2026-09-28,0005,N20,nominal,2.0NRT,284.05,3.24,N
60.29836,25.51971,307.16,0.42,0.45,2026-09-28,0005,N20,nominal,2.0NRT,282.51,0.89,N
59.38415,28.46157,318.27,0.5,0.41,2026-09-28,0005,N20,nominal,2.0NRT,280.9,3.1,N
57.71082,18.79711,297.4,0.34,0.56,2026-09-28,0007,N20,nominal,2.0NRT,283.65,0.71,N
57.71066,18.80309,296.4,0.34,0.56,2026-09-28,0007,N20,nominal,2.0NRT,285.21,0.78,N
57.71097,18.79769,295.14,0.34,0.56,2026-09-28,0007,N20,nominal,2.0NRT,283.22,0.46,N
57.71078,18.80365,298.68,0.34,0.56,2026-09-28,0007,N20,nominal,2.0NRT,285.1,0.46,N
53.44468,34.41942,311.28,0.39,0.36,2026-09-28,0007,N20,nominal,2.0NRT,281.26,1.85,N
53.58653,31.95146,297.74,0.39,0.36,2026-09-28,0007,N20,nominal,2.0NRT,280.53,0.62,N
53.39484,32.01215,307.7,0.38,0.36,2026-09-28,0007,N20,nominal,2.0NRT,284.03,1.41,N
54.36481,18.6974,296.99,0.33,0.55,2026-09-28,0007,N20,nominal,2.0NRT,279.51,0.26,N
52.80624,32.22749,298.44,0.38,0.36,2026-09-28,0007,N20,nominal,2.0NRT,280.57,0.42,N
52.37157,33.33366,307.48,0.39,0.36,2026-09-28,0007,N20,nominal,2.0NRT,276.83,0.86,N
52.8463,29.99077,334.83,0.4,0.37,2026-09-28,0007,N20,nominal,2.0NRT,282.57,7.14,N
53.69756,18.91841,296.66,0.32,0.54,2026-09-28,0007,N20,nominal,2.0NRT,282.83,0.36,N
53.52501,9.89187,318.32,0.75,0.77,2026-09-28,0007,N20,nominal,2.0NRT,281.36,3.21,N
53.52292,9.89388,321.22,0.75,0.77,2026-09-28,0007,N20,nominal,2.0NRT,281.74,3.65,N
53.09167,14.23441,298.53,0.5,0.65,2026-09-28,0007,N20,nominal,2.0NRT,283.9,0.81,N
51.89832,29.32212,296.72,0.4,0.37,2026-09-28,0007,N20,nominal,2.0NRT,284.79,0.76,N
51.8926,29.33827,327.3,0.4,0.37,2026-09-28,0007,N20,nominal,2.0NRT,283.13,2.55,N
51.88926,29.33707,299.73,0.4,0.37,2026-09-28,0007,N20,nominal,2.0NRT,281.7,0.79,N
52.58834,19.68471,301.79,0.58,0.52,2026-09-28,0007,N20,nominal,2.0NRT,282.96,2.18,N
52.5844,19.66665,301.41,0.58,0.52,2026-09-28,0007,N20,nominal,2.0NRT,283.33,1.75,N
52.15298,10.3921,300.77,0.72,0.75,2026-09-28,0009,N20,nominal,2.0NRT,262.94,2.12,N
52.17353,14.62402,324.27,0.47,0.64,2026-09-28,0009,N20,nominal,2.0NRT,283.28,3.17,N
52.17359,14.61698,298.78,0.47,0.64,2026-09-28,0009,N20,nominal,2.0NRT,281.94,2.31,N
51.6895,15.97706,343.71,0.41,0.61,2026-09-28,0009,N20,nominal,2.0NRT,284.26,2.85,N
51.68386,15.97678,315.1,0.41,0.61,2026-09-28,0009,N20,nominal,2.0NRT,282,2.85,N
50.54312,26.26089,311.24,0.46,0.39,2026-09-28,0009,N20,nominal,2.0NRT,282.6,2.19,N
50.948,21.44982,307.8,0.47,0.48,2026-09-28,0009,N20,nominal,2.0NRT,282.33,1.25,N
50.93187,21.67713,295.38,0.46,0.47,2026-09-28,0009,N20,nominal,2.0NRT,282.47,1,N
51.1843,16.1129,367,0.4,0.6,2026-09-28,0009,N20,high,2.0NRT,284.39,6.01,N
51.18066,16.11132,367,0.4,0.6,2026-09-28,0009,N20,high,2.0NRT,282.49,6.65,N
50.53817,17.97567,300.68,0.33,0.55,2026-09-28,0009,N20,nominal,2.0NRT,282.4,0.57,N
50.53303,17.97513,304.33,0.33,0.55,2026-09-28,0009,N20,nominal,2.0NRT,283.08,0.8,N
50.4203,18.14842,299.93,0.32,0.55,2026-09-28,0009,N20,nominal,2.0NRT,282.33,0.73,N
50.41562,18.13841,314.91,0.32,0.55,2026-09-28,0009,N20,nominal,2.0NRT,284.82,1.7,N
50.41542,18.14308,297.9,0.32,0.55,2026-09-28,0009,N20,nominal,2.0NRT,283.5,0.73,N
50.34213,19.3379,299.81,0.57,0.52,2026-09-28,0009,N20,nominal,2.0NRT,284.84,1.58,N
50.33997,19.2875,305.62,0.58,0.52,2026-09-28,0009,N20,nominal,2.0NRT,283.15,1.86,N
50.33514,19.28675,327.73,0.58,0.52,2026-09-28,0009,N20,nominal,2.0NRT,283.91,4.13,N
50.33558,19.27853,302.77,0.58,0.52,2026-09-28,0009,N20,nominal,2.0NRT,284.01,1.81,N
50.33681,19.28308,334.5,0.58,0.52,2026-09-28,0009,N20,nominal,2.0NRT,285.88,3.56,N
50.33634,19.29127,298.37,0.58,0.52,2026-09-28,0009,N20,nominal,2.0NRT,282.99,3.56,N
50.06715,20.07276,295.14,0.53,0.5,2026-09-28,0009,N20,nominal,2.0NRT,280.75,0.46,N
50.00323,17.44316,297.79,0.35,0.56,2026-09-28,0009,N20,nominal,2.0NRT,276.37,0.88,N
49.67895,18.65971,300.51,0.61,0.53,2026-09-28,0009,N20,nominal,2.0NRT,282.5,0.98,N
49.55816,17.76391,295.4,0.33,0.55,2026-09-28,0009,N20,nominal,2.0NRT,282.69,0.54,N
48.97834,24.71141,296.56,0.5,0.41,2026-09-28,0009,N20,nominal,2.0NRT,281.49,1.13,N
48.97462,24.7105,301.1,0.5,0.41,2026-09-28,0009,N20,nominal,2.0NRT,281.82,1.13,N
48.74839,26.6068,296.42,0.43,0.38,2026-09-28,0009,N20,nominal,2.0NRT,283.4,1.2,N
49.21568,16.76934,295.42,0.37,0.58,2026-09-28,0009,N20,nominal,2.0NRT,283.56,0.48,N
47.78937,29.01527,296.25,0.39,0.36,2026-09-28,0009,N20,nominal,2.0NRT,281.45,1.31,N
48.62019,21.18676,301.73,0.46,0.47,2026-09-28,0009,N20,nominal,2.0NRT,282.29,1.62,N
48.61585,21.18594,312.74,0.46,0.47,2026-09-28,0009,N20,nominal,2.0NRT,283.8,2.76,N
48.61059,21.19757,298.36,0.46,0.47,2026-09-28,0009,N20,nominal,2.0NRT,283.57,1.56,N
48.60765,21.17806,328.13,0.46,0.47,2026-09-28,0009,N20,nominal,2.0NRT,283.85,3.66,N
48.61479,21.18641,310.48,0.46,0.47,2026-09-28,0009,N20,nominal,2.0NRT,284.24,2.81,N
48.60662,21.17856,330.45,0.46,0.47,2026-09-28,0009,N20,nominal,2.0NRT,283.87,3.94,N
48.45961,17.18916,307.17,0.35,0.56,2026-09-28,0009,N20,nominal,2.0NRT,286.21,1.02,N
48.27835,14.33459,332.01,0.47,0.64,2026-09-28,0009,N20,nominal,2.0NRT,285.52,4.83,N
48.27847,14.32814,297.74,0.47,0.64,2026-09-28,0009,N20,nominal,2.0NRT,284.18,3.02,N
48.27239,14.33432,308.86,0.47,0.64,2026-09-28,0009,N20,nominal,2.0NRT,281.91,1.51,N
48.26073,14.32077,297.47,0.47,0.64,2026-09-28,0009,N20,nominal,2.0NRT,281.04,0.97,N
48.26061,14.3272,306.16,0.47,0.64,2026-09-28,0009,N20,nominal,2.0NRT,282.65,0.97,N
47.0365,22.33135,305.65,0.39,0.44,2026-09-28,0009,N20,nominal,2.0NRT,283.69,0.87,N
45.77478,28.9465,295.41,0.38,0.36,2026-09-28,0009,N20,nominal,2.0NRT,282.06,0.57,N
45.95232,25.28304,304.05,0.44,0.39,2026-09-28,0009,N20,nominal,2.0NRT,280.76,0.77,N
45.21164,29.02168,321.35,0.38,0.36,2026-09-28,0009,N20,nominal,2.0NRT,277.73,1.6,N
45.20838,29.02064,330.45,0.38,0.36,2026-09-28,0009,N20,nominal,2.0NRT,277.51,4.27,N
45.20761,29.02546,319.94,0.38,0.36,2026-09-28,0009,N20,nominal,2.0NRT,279.83,3.92,N
45.20512,29.0196,305.14,0.38,0.36,2026-09-28,0009,N20,nominal,2.0NRT,278.39,4.27,N
45.20436,29.02442,309.9,0.38,0.36,2026-09-28,0009,N20,nominal,2.0NRT,278.01,3.92,N
45.95439,22.86461,297.99,0.54,0.42,2026-09-28,0009,N20,nominal,2.0NRT,281.45,0.78,N
46.23058,13.06957,296.12,0.53,0.67,2026-09-28,0009,N20,nominal,2.0NRT,283.53,0.99,N
45.29259,25.11131,296.54,0.44,0.39,2026-09-28,0009,N20,nominal,2.0NRT,279.12,0.97,N
46.06984,13.62399,310.84,0.49,0.65,2026-09-28,0009,N20,nominal,2.0NRT,283.97,1.62,N
45.51993,11.49273,304.54,0.62,0.72,2026-09-28,0009,N20,nominal,2.0NRT,285.06,1.45,N
44.23928,28.30866,304.95,0.38,0.36,2026-09-28,0009,N20,nominal,2.0NRT,286.49,0.81,N
45.03215,21.27129,318.07,0.41,0.45,2026-09-28,0009,N20,nominal,2.0NRT,278.39,1.4,N
45.46054,10.44946,312.28,0.7,0.75,2026-09-28,0009,N20,nominal,2.0NRT,284.97,2.45,N
44.88575,22.42961,308.19,0.55,0.43,2026-09-28,0009,N20,nominal,2.0NRT,284.15,3.44,N
44.88172,22.43016,333.26,0.55,0.43,2026-09-28,0009,N20,nominal,2.0NRT,287.96,3.44,N
44.87232,22.44488,295.29,0.55,0.43,2026-09-28,0009,N20,nominal,2.0NRT,282.46,0.6,N
44.87238,22.44585,295.57,0.55,0.43,2026-09-28,0009,N20,nominal,2.0NRT,282.53,0.96,N
44.22141,27.29995,295.05,0.39,0.36,2026-09-28,0009,N20,nominal,2.0NRT,278.69,0.52,N
44.60658,20.9686,296.82,0.42,0.45,2026-09-28,0011,N20,nominal,2.0NRT,282.49,0.93,N
44.30865,22.75177,297.17,0.52,0.42,2026-09-28,0011,N20,nominal,2.0NRT,281.14,0.45,N
43.23262,27.5953,302.7,0.39,0.36,2026-09-28,0011,N20,nominal,2.0NRT,285.08,0.64,N
43.54192,16.4366,298.91,0.34,0.56,2026-09-28,0011,N20,nominal,2.0NRT,286.54,0.53,N
43.65673,11.83411,295.66,0.59,0.7,2026-09-28,0011,N20,nominal,2.0NRT,283.11,1.14,N
42.71672,24.17112,322.5,0.45,0.39,2026-09-28,0011,N20,nominal,2.0NRT,280.79,2.54,N
41.79881,26.7031,299.21,0.39,0.36,2026-09-28,0011,N20,nominal,2.0NRT,282.87,0.6,N
65.77145,24.19341,296.32,0.53,0.5,2026-09-28,0005,N20,nominal,2.0NRT,279.56,1.32,N
65.76734,24.18045,298.32,0.53,0.5,2026-09-28,0005,N20,nominal,2.0NRT,277.88,1.75,N
65.76682,24.19213,311.28,0.53,0.5,2026-09-28,0005,N20,nominal,2.0NRT,279.82,1.32,N
65.56361,22.21122,333.5,0.6,0.53,2026-09-28,0005,N20,nominal,2.0NRT,280.3,5.04,N
65.56322,22.22414,320.6,0.6,0.53,2026-09-28,0005,N20,nominal,2.0NRT,278.68,5.04,N
65.56756,22.20662,309.66,0.6,0.53,2026-09-28,0005,N20,nominal,2.0NRT,278.72,2.36,N
65.56712,22.21974,309.49,0.6,0.53,2026-09-28,0005,N20,nominal,2.0NRT,278.66,2.36,N
65.56221,22.21878,331.94,0.6,0.53,2026-09-28,0005,N20,nominal,2.0NRT,278.57,3.49,N
65.56264,22.2058,305.83,0.6,0.53,2026-09-28,0005,N20,nominal,2.0NRT,277.55,3.49,N
65.56176,22.23178,295.73,0.6,0.53,2026-09-28,0005,N20,nominal,2.0NRT,277.6,1.93,N
64.66663,21.27885,296.12,0.63,0.54,2026-09-28,0005,N20,nominal,2.0NRT,275.46,1.03,N
57.71061,18.79971,302.74,0.56,0.43,2026-09-28,0147,N20,nominal,2.0NRT,284.33,1.61,N
59.54693,1.53088,318.02,0.56,0.43,2026-09-28,0147,N20,nominal,2.0NRT,282.99,2.07,N
65.77106,24.19421,296.48,0.46,0.39,2026-09-28,0145,N20,nominal,2.0NRT,279.99,1.36,N
55.09496,21.79859,295.17,0.56,0.52,2026-09-28,0147,N20,nominal,2.0NRT,279.82,0.84,N
65.76789,24.18992,321.25,0.46,0.39,2026-09-28,0145,N20,nominal,2.0NRT,280.92,1.36,N
51.89314,29.33677,313.01,0.68,0.74,2026-09-28,0147,N20,nominal,2.0NRT,280.41,3,N
65.56348,22.21611,346.78,0.43,0.38,2026-09-28,0145,N20,nominal,2.0NRT,281.77,6.52,N
51.89641,29.34146,308.38,0.69,0.74,2026-09-28,0147,N20,nominal,2.0NRT,279.39,1.49,N
65.55445,22.2581,327.36,0.43,0.38,2026-09-28,0145,N20,nominal,2.0NRT,279.04,5.72,N
51.8906,29.33552,299.52,0.69,0.74,2026-09-28,0147,N20,nominal,2.0NRT,280.11,1.49,N
65.56168,22.22452,304.13,0.43,0.38,2026-09-28,0145,N20,nominal,2.0NRT,278.32,1.57,N
53.2651,24.44856,296.33,0.41,0.6,2026-09-28,0147,N20,nominal,2.0NRT,279.2,0.56,N
55.65477,11.09729,301.61,0.4,0.37,2026-09-28,0149,N20,nominal,2.0NRT,278.57,0.83,N
55.28453,11.52529,319.47,0.41,0.37,2026-09-28,0149,N20,nominal,2.0NRT,281.92,1.18,N
59.54486,29.19333,338.17,0.33,0.55,2026-09-28,0145,N20,nominal,2.0NRT,278.97,2.55,N
52.58722,19.69628,296.72,0.57,0.52,2026-09-28,0149,N20,nominal,2.0NRT,281.59,0.93,N
59.54643,29.19357,311.32,0.33,0.55,2026-09-28,0145,N20,nominal,2.0NRT,278.34,1.45,N
50.92935,21.67207,308.06,0.38,0.59,2026-09-28,0149,N20,nominal,2.0NRT,281.12,1.02,N
59.54478,29.19853,319.81,0.33,0.55,2026-09-28,0145,N20,nominal,2.0NRT,280.84,1.45,N
53.51114,10.03228,297.84,0.4,0.37,2026-09-28,0149,N20,nominal,2.0NRT,277.44,0.95,N
59.38433,28.45728,323.48,0.32,0.55,2026-09-28,0145,N20,nominal,2.0NRT,279.59,1.43,N
53.51005,10.03819,308.48,0.4,0.37,2026-09-28,0149,N20,nominal,2.0NRT,279.39,1.15,N
59.0625,28.1346,303.21,0.32,0.55,2026-09-28,0145,N20,nominal,2.0NRT,279.04,0.62,N
60.28598,22.28687,295.56,0.39,0.44,2026-09-28,0147,N20,nominal,2.0NRT,282.65,0.7,N
61.58467,1.5469,325.06,0.39,0.44,2026-09-28,0147,N20,nominal,2.0NRT,277.46,1.81,N
50.80571,20.52833,305.72,0.35,0.57,2026-09-28,0149,N20,nominal,2.0NRT,280.5,0.77,N
61.58524,1.53943,313.71,0.39,0.44,2026-09-28,0147,N20,nominal,2.0NRT,276.02,1.81,N
51.10703,18.93795,301.26,0.59,0.53,2026-09-28,0149,N20,nominal,2.0NRT,282.53,1.01,N
61.52419,2.20436,303.64,0.56,0.43,2026-09-28,0147,N20,nominal,2.0NRT,281.73,1.06,N
52.17326,14.62456,300.52,0.57,0.43,2026-09-28,0149,N20,nominal,2.0NRT,281.68,1.15,N
61.52626,2.20997,307.62,0.56,0.43,2026-09-28,0147,N20,nominal,2.0NRT,281.93,1.31,N
52.17209,14.61584,295.54,0.57,0.43,2026-09-28,0149,N20,nominal,2.0NRT,282.49,0.75,N
52.17027,14.6237,300.38,0.57,0.43,2026-09-28,0149,N20,nominal,2.0NRT,280.62,0.75,N
51.69095,15.97813,309.59,0.44,0.46,2026-09-28,0149,N20,nominal,2.0NRT,281.07,2.48,N
51.68552,15.98144,333.47,0.44,0.46,2026-09-28,0149,N20,nominal,2.0NRT,283.75,3.77,N
51.68259,15.99325,296.45,0.44,0.46,2026-09-28,0149,N20,nominal,2.0NRT,283.45,0.66,N
48.97826,24.70876,301.08,0.59,0.7,2026-09-28,0149,N20,nominal,2.0NRT,280.05,1.49,N
53.13479,8.6932,337.55,0.39,0.36,2026-09-28,0149,N20,nominal,2.0NRT,285.18,5.05,N
53.13352,8.68028,318.5,0.39,0.36,2026-09-28,0149,N20,nominal,2.0NRT,280.8,2.49,N
52.40058,12.49842,298.82,0.48,0.4,2026-09-28,0149,N20,nominal,2.0NRT,282.44,0.61,N
53.12803,8.67148,326.03,0.39,0.36,2026-09-28,0149,N20,nominal,2.0NRT,277.36,1.62,N
53.12704,8.67717,309.27,0.39,0.36,2026-09-28,0149,N20,nominal,2.0NRT,276.61,1.62,N
48.9768,24.70699,299.91,0.59,0.7,2026-09-28,0149,N20,nominal,2.0NRT,279.5,1.33,N
50.49565,19.45489,295.81,0.32,0.55,2026-09-28,0149,N20,nominal,2.0NRT,281.87,0.57,N
50.49445,19.45899,297.75,0.32,0.55,2026-09-28,0149,N20,nominal,2.0NRT,282.14,0.94,N
50.49209,19.4671,309.93,0.32,0.55,2026-09-28,0149,N20,nominal,2.0NRT,281.54,0.86,N
51.23923,16.41775,321.62,0.47,0.47,2026-09-28,0149,N20,nominal,2.0NRT,281.37,2.65,N
50.34132,19.33383,298.2,0.32,0.55,2026-09-28,0149,N20,nominal,2.0NRT,284.53,0.98,N
50.34744,19.29334,296.03,0.32,0.55,2026-09-28,0149,N20,nominal,2.0NRT,283.51,0.39,N
50.34401,19.28593,295,0.32,0.55,2026-09-28,0149,N20,nominal,2.0NRT,282.54,0.39,N
50.33816,19.28691,301.03,0.32,0.55,2026-09-28,0149,N20,nominal,2.0NRT,285.23,1.55,N
50.33694,19.29111,304.16,0.32,0.55,2026-09-28,0149,N20,nominal,2.0NRT,283.31,0.96,N
51.1824,16.11406,311.63,0.46,0.47,2026-09-28,0149,N20,nominal,2.0NRT,282.2,1.96,N
52.31774,10.24951,295.19,0.42,0.38,2026-09-28,0149,N20,nominal,2.0NRT,281.05,0.35,N
50.42028,18.15386,295.56,0.58,0.52,2026-09-28,0149,N20,nominal,2.0NRT,281.88,0.38,N
54.13135,-7.58185,296.92,0.36,0.57,2026-09-28,0149,N20,nominal,2.0NRT,279.13,0.41,N
52.16469,10.43212,296.59,0.43,0.38,2026-09-28,0149,N20,nominal,2.0NRT,281.75,0.6,N
52.16366,10.41841,313.74,0.43,0.38,2026-09-28,0149,N20,nominal,2.0NRT,284.14,2.07,N
52.16031,10.41669,329.1,0.43,0.38,2026-09-28,0149,N20,nominal,2.0NRT,283.64,2.74,N
52.16147,10.41069,298.3,0.43,0.38,2026-09-28,0149,N20,nominal,2.0NRT,282.69,1.33,N
52.16044,10.39697,301.62,0.43,0.38,2026-09-28,0149,N20,nominal,2.0NRT,284.44,0.94,N
52.15812,10.40897,306.61,0.43,0.38,2026-09-28,0149,N20,nominal,2.0NRT,282.27,1.33,N
52.15594,10.40125,327.63,0.43,0.38,2026-09-28,0149,N20,nominal,2.0NRT,285.16,3.82,N
52.15479,10.40725,308.36,0.43,0.38,2026-09-28,0149,N20,nominal,2.0NRT,283.38,3.82,N
52.1526,10.39953,343.63,0.43,0.38,2026-09-28,0149,N20,nominal,2.0NRT,286.14,3.82,N
53.5689,-0.59224,323.7,0.56,0.43,2026-09-28,0149,N20,nominal,2.0NRT,271.97,4.79,N
53.56574,-0.60181,321.17,0.56,0.43,2026-09-28,0149,N20,nominal,2.0NRT,272.08,3.21,N
52.211,8.05183,297.98,0.39,0.36,2026-09-28,0149,N20,nominal,2.0NRT,268.03,0.23,N
52.20871,8.0448,329.82,0.39,0.36,2026-09-28,0149,N20,nominal,2.0NRT,274.94,2.9,N
49.86189,18.27524,299.75,0.61,0.53,2026-09-28,0149,N20,nominal,2.0NRT,282.85,1.39,N
49.85897,18.2742,298.46,0.61,0.53,2026-09-28,0149,N20,nominal,2.0NRT,281.91,1.19,N
49.67831,18.66254,338.76,0.32,0.55,2026-09-28,0149,N20,nominal,2.0NRT,283.6,3.07,N
49.6795,18.65843,299.3,0.32,0.55,2026-09-28,0149,N20,nominal,2.0NRT,281.77,2.34,N
51.27262,11.65876,298.15,0.47,0.4,2026-09-28,0149,N20,nominal,2.0NRT,281.35,0.94,N
52.49245,4.6131,332.23,0.4,0.37,2026-09-28,0149,N20,nominal,2.0NRT,273.19,3.87,N
52.48574,4.58625,295.07,0.4,0.37,2026-09-28,0149,N20,nominal,2.0NRT,271.66,0.55,N
52.48494,4.59204,310.63,0.4,0.37,2026-09-28,0149,N20,nominal,2.0NRT,272.32,1.9,N
51.85714,8.03068,302.23,0.39,0.36,2026-09-28,0149,N20,nominal,2.0NRT,282.64,0.58,N
48.621,21.18845,300.31,0.44,0.62,2026-09-28,0149,N20,nominal,2.0NRT,280.93,0.99,N
48.61578,21.18473,302.54,0.44,0.62,2026-09-28,0149,N20,nominal,2.0NRT,282.76,1.1,N
48.61226,21.19564,300.07,0.44,0.62,2026-09-28,0149,N20,nominal,2.0NRT,282.66,2.45,N
48.61055,21.18102,295.67,0.44,0.62,2026-09-28,0149,N20,nominal,2.0NRT,283.8,1.1,N
48.61932,21.18642,308.55,0.44,0.62,2026-09-28,0149,N20,nominal,2.0NRT,281.79,2.06,N
48.61409,21.18268,295.35,0.44,0.62,2026-09-28,0149,N20,nominal,2.0NRT,282.82,2.07,N
48.61063,21.19362,298.44,0.44,0.62,2026-09-28,0149,N20,nominal,2.0NRT,283.03,0.86,N
48.60887,21.17895,322.9,0.44,0.62,2026-09-28,0149,N20,nominal,2.0NRT,284.37,2.07,N
48.60539,21.18992,296.45,0.44,0.62,2026-09-28,0149,N20,nominal,2.0NRT,282.43,0.86,N
51.62197,8.50437,296.76,0.4,0.37,2026-09-28,0149,N20,nominal,2.0NRT,285.52,0.86,N
51.61772,8.50841,304.83,0.4,0.37,2026-09-28,0149,N20,nominal,2.0NRT,286.37,1.18,N
48.59191,20.83901,296.12,0.43,0.62,2026-09-28,0149,N20,nominal,2.0NRT,280.49,0.73,N
51.59552,8.33547,299.79,0.4,0.37,2026-09-28,0149,N20,nominal,2.0NRT,285.49,0.62,N
49.89488,15.63693,297.44,0.47,0.48,2026-09-28,0149,N20,nominal,2.0NRT,281.93,0.82,N
51.488,6.71197,304.09,0.38,0.36,2026-09-28,0149,N20,nominal,2.0NRT,267.16,0.95,N
51.48299,6.72147,330.62,0.38,0.36,2026-09-28,0149,N20,nominal,2.0NRT,261.4,2.1,N
51.48565,6.7052,313.5,0.38,0.36,2026-09-28,0149,N20,nominal,2.0NRT,267.25,2.17,N
51.48476,6.71062,316.75,0.38,0.36,2026-09-28,0149,N20,nominal,2.0NRT,267.26,1.86,N
51.46003,6.73501,295.35,0.38,0.36,2026-09-28,0149,N20,nominal,2.0NRT,266.68,0.26,N
51.36887,6.70251,300.6,0.38,0.36,2026-09-28,0149,N20,nominal,2.0NRT,277.23,1.12,N
51.36798,6.70792,312.21,0.38,0.36,2026-09-28,0149,N20,nominal,2.0NRT,277.82,1.12,N
51.36474,6.70657,299.87,0.38,0.36,2026-09-28,0149,N20,nominal,2.0NRT,276.33,1.12,N
51.36386,6.71198,297.85,0.38,0.36,2026-09-28,0149,N20,nominal,2.0NRT,274.08,0.65,N
51.29766,7.00817,298.98,0.39,0.36,2026-09-28,0149,N20,nominal,2.0NRT,284.6,0.57,N
48.45712,17.19375,296.17,0.6,0.53,2026-09-28,0149,N20,nominal,2.0NRT,285.76,1,N
51.17313,3.80957,295.49,0.4,0.37,2026-09-28,0149,N20,nominal,2.0NRT,267.39,0.31,N
50.766,5.67111,297.21,0.38,0.36,2026-09-28,0149,N20,nominal,2.0NRT,276.79,0.53,N
50.76275,5.66984,297.72,0.38,0.36,2026-09-28,0149,N20,nominal,2.0NRT,275.83,0.59,N
49.77094,11.02453,298.56,0.48,0.4,2026-09-28,0149,N20,nominal,2.0NRT,283.23,0.71,N
50.0319,8.25731,300,0.41,0.37,2026-09-28,0149,N20,nominal,2.0NRT,285.56,0.48,N
51.39636,-3.39855,301.5,0.45,0.47,2026-09-28,0149,N20,nominal,2.0NRT,280.23,0.85,N
50.41117,4.41942,299.34,0.39,0.36,2026-09-28,0149,N20,nominal,2.0NRT,270.42,0.61,N
48.28037,14.34191,298.81,0.46,0.47,2026-09-28,0149,N20,nominal,2.0NRT,283.31,3.42,N
48.27774,14.3337,329.23,0.46,0.47,2026-09-28,0149,N20,nominal,2.0NRT,284.51,5.43,N
48.27626,14.33961,334.9,0.46,0.47,2026-09-28,0149,N20,nominal,2.0NRT,285.65,3.42,N
48.2751,14.32552,306.53,0.46,0.47,2026-09-28,0149,N20,nominal,2.0NRT,284.73,1.56,N
48.26131,14.32455,304.33,0.46,0.47,2026-09-28,0149,N20,nominal,2.0NRT,281.78,1.18,N
48.25983,14.33045,296.31,0.46,0.47,2026-09-28,0149,N20,nominal,2.0NRT,282.06,1.34,N
48.1848,12.842,299.09,0.4,0.45,2026-09-28,0149,N20,nominal,2.0NRT,282.9,0.86,N
44.88711,22.42929,303.33,0.66,0.73,2026-09-28,0152,N20,nominal,2.0NRT,281.56,2.03,N
44.88579,22.43303,296.29,0.66,0.73,2026-09-28,0152,N20,nominal,2.0NRT,281.79,2.03,N
44.87992,22.42818,316.39,0.66,0.73,2026-09-28,0152,N20,nominal,2.0NRT,282.04,2.03,N
48.37008,9.73562,297.76,0.46,0.39,2026-09-28,0152,N20,nominal,2.0NRT,282.43,0.56,N
44.88245,22.4311,321.92,0.66,0.73,2026-09-28,0152,N20,nominal,2.0NRT,282.79,6.03,N
44.88374,22.42742,308.87,0.66,0.73,2026-09-28,0152,N20,nominal,2.0NRT,281.77,3.49,N
48.33272,9.73176,296.26,0.46,0.39,2026-09-28,0152,N20,nominal,2.0NRT,283.33,0.8,N
45.55931,19.67939,295.9,0.48,0.64,2026-09-28,0152,N20,nominal,2.0NRT,279.73,0.56,N
45.03844,21.2646,302.76,0.58,0.7,2026-09-28,0152,N20,nominal,2.0NRT,278.09,1.71,N
45.0362,21.27131,299.22,0.58,0.7,2026-09-28,0152,N20,nominal,2.0NRT,277.7,1.71,N
48.2248,8.77822,295.08,0.44,0.38,2026-09-28,0152,N20,nominal,2.0NRT,283.42,0.24,N
48.98508,1.75816,327.38,0.42,0.38,2026-09-28,0152,N20,nominal,2.0NRT,274.09,3.49,N
44.60115,20.97288,296.12,0.58,0.7,2026-09-28,0152,N20,nominal,2.0NRT,280.69,1.4,N
48.38795,2.98256,311.68,0.4,0.37,2026-09-28,0152,N20,nominal,2.0NRT,286.86,1.42,N
46.06933,13.62437,301.39,0.49,0.49,2026-09-28,0152,N20,nominal,2.0NRT,285.4,1.1,N
46.1786,12.74048,297.3,0.45,0.47,2026-09-28,0152,N20,nominal,2.0NRT,284.62,0.51,N
47.06975,8.26816,324.4,0.44,0.38,2026-09-28,0152,N20,nominal,2.0NRT,286.13,2.16,N
47.07087,8.26245,297.54,0.44,0.38,2026-09-28,0152,N20,nominal,2.0NRT,282.65,1.58,N
47.17548,7.56369,328.61,0.42,0.38,2026-09-28,0152,N20,nominal,2.0NRT,285.42,1.64,N
47.17212,7.56231,299.96,0.42,0.38,2026-09-28,0152,N20,nominal,2.0NRT,283.88,1.64,N
45.5182,11.49907,304.67,0.41,0.45,2026-09-28,0152,N20,nominal,2.0NRT,286.08,1.26,N
45.38218,11.95117,301.47,0.43,0.46,2026-09-28,0152,N20,nominal,2.0NRT,288.33,1.64,N
45.68399,9.46682,302.27,0.51,0.41,2026-09-28,0152,N20,nominal,2.0NRT,286.62,0.97,N
45.51145,10.24645,297.82,0.55,0.42,2026-09-28,0152,N20,nominal,2.0NRT,286.69,1.26,N
45.46098,10.45565,332.71,0.56,0.43,2026-09-28,0152,N20,nominal,2.0NRT,288.46,5.29,N
45.4363,8.79368,298.49,0.48,0.4,2026-09-28,0152,N20,nominal,2.0NRT,287.45,0.69,N
45.14665,9.94072,327.23,0.54,0.42,2026-09-28,0152,N20,nominal,2.0NRT,289.38,4.13,N
45.91295,5.81858,297.47,0.4,0.37,2026-09-28,0152,N20,nominal,2.0NRT,284.75,0.43,N
41.5495,19.72159,295.66,0.64,0.72,2026-09-28,0152,N20,nominal,2.0NRT,284.45,0.63,N
41.5062,19.74154,295.36,0.65,0.73,2026-09-28,0152,N20,nominal,2.0NRT,283.03,0.81,N
44.37903,8.28975,296.55,0.48,0.4,2026-09-28,0152,N20,nominal,2.0NRT,285,0.82,N
43.36567,12.54513,301.75,0.52,0.5,2026-09-28,0152,N20,nominal,2.0NRT,284.03,0.88,N
43.36485,12.5437,300.4,0.52,0.5,2026-09-28,0152,N20,nominal,2.0NRT,283.53,1.63,N
43.23578,11.83719,312.93,0.48,0.48,2026-09-28,0152,N20,nominal,2.0NRT,283.63,1.08,N
43.79345,7.37089,306.13,0.46,0.39,2026-09-28,0152,N20,nominal,2.0NRT,287.67,0.87,N
40.54681,17.359,314.15,0.53,0.67,2026-09-28,0152,N20,nominal,2.0NRT,285.86,1.77,N
40.54498,17.36489,299.89,0.53,0.67,2026-09-28,0152,N20,nominal,2.0NRT,286.32,1.29,N
43.45224,5.46229,297.85,0.41,0.37,2026-09-28,0152,N20,nominal,2.0NRT,287.23,0.64,N
40.54274,17.35045,305.91,0.53,0.67,2026-09-28,0152,N20,nominal,2.0NRT,285.94,1.77,N
40.53728,17.36803,304.09,0.53,0.67,2026-09-28,0152,N20,nominal,2.0NRT,285.54,1.29,N
40.54609,17.36142,324.93,0.53,0.67,2026-09-28,0152,N20,nominal,2.0NRT,285.95,2.53,N
40.54201,17.35279,313.27,0.53,0.67,2026-09-28,0152,N20,nominal,2.0NRT,285.94,1.2,N
40.53664,17.37046,304.37,0.53,0.67,2026-09-28,0152,N20,nominal,2.0NRT,286.17,0.74,N
43.44778,4.89349,325.51,0.4,0.37,2026-09-28,0152,N20,nominal,2.0NRT,289.71,3.1,N
43.44693,4.89834,332.86,0.4,0.37,2026-09-28,0152,N20,nominal,2.0NRT,291.95,3.1,N
43.44117,4.89129,308.08,0.4,0.37,2026-09-28,0152,N20,nominal,2.0NRT,290.88,0.94,N
43.43872,4.88535,300.38,0.4,0.37,2026-09-28,0152,N20,nominal,2.0NRT,290.07,1.05,N
43.437,4.89504,302,0.4,0.37,2026-09-28,0152,N20,nominal,2.0NRT,290.25,0.94,N
43.43369,4.89395,312.03,0.4,0.37,2026-09-28,0152,N20,nominal,2.0NRT,290.34,1.63,N
43.42793,4.8869,305.14,0.4,0.37,2026-09-28,0152,N20,nominal,2.0NRT,290.49,1.06,N
42.00811,9.38802,302.72,0.4,0.44,2026-09-28,0152,N20,nominal,2.0NRT,286.31,0.9,N
42.90689,1.48687,301.24,0.39,0.36,2026-09-28,0152,N20,nominal,2.0NRT,268.73,0.5,N
42.9055,1.49635,306.11,0.39,0.36,2026-09-28,0152,N20,nominal,2.0NRT,271.02,1.31,N
42.90359,1.48595,349.22,0.39,0.36,2026-09-28,0152,N20,nominal,2.0NRT,275.9,7.98,N
42.9029,1.49067,347.11,0.39,0.36,2026-09-28,0152,N20,nominal,2.0NRT,280.3,4.12,N
42.90221,1.49539,347.08,0.39,0.36,2026-09-28,0152,N20,nominal,2.0NRT,278.87,4.12,N
42.90152,1.5001,310.35,0.39,0.36,2026-09-28,0152,N20,nominal,2.0NRT,271.01,1.22,N
42.89963,1.4896,299.39,0.39,0.36,2026-09-28,0152,N20,nominal,2.0NRT,268.54,4.12,N
42.89893,1.49431,300.95,0.39,0.36,2026-09-28,0152,N20,nominal,2.0NRT,269.27,4.12,N
42.89824,1.49902,295.96,0.39,0.36,2026-09-28,0152,N20,nominal,2.0NRT,269.54,1.22,N
40.1463,-4.07821,298.41,0.55,0.42,2026-09-28,0154,N20,nominal,2.0NRT,261.99,0.62,N
42.71388,2.00219,296.16,0.39,0.36,2026-09-28,0152,N20,nominal,2.0NRT,276.7,0.73,N
40.14241,-4.07895,303.01,0.55,0.42,2026-09-28,0154,N20,nominal,2.0NRT,260.68,0.94,N
42.71061,2.00125,296.72,0.39,0.36,2026-09-28,0152,N20,nominal,2.0NRT,279.03,4.19,N
42.70805,1.9957,348.22,0.39,0.36,2026-09-28,0152,N20,nominal,2.0NRT,288.81,4.19,N
39.6649,-0.24934,297.49,0.4,0.37,2026-09-28,0154,N20,nominal,2.0NRT,280.73,0.62,N
42.70875,1.99109,316.23,0.39,0.36,2026-09-28,0152,N20,nominal,2.0NRT,276.9,1.69,N
40.08794,-4.0186,331.17,0.54,0.42,2026-09-28,0154,N20,nominal,2.0NRT,274.43,5.05,N
42.70734,2.00027,313.29,0.39,0.36,2026-09-28,0152,N20,nominal,2.0NRT,280.63,4.19,N
36.5894,10.3185,302.71,0.59,0.53,2026-09-28,0154,N20,nominal,2.0NRT,289.13,1.45,N
42.70235,1.76389,327.68,0.39,0.36,2026-09-28,0152,N20,nominal,2.0NRT,276.55,1.6,N
36.87765,6.94531,329.3,0.39,0.44,2026-09-28,0154,N20,nominal,2.0NRT,292.14,1.24,N
42.70166,1.76848,297.53,0.39,0.36,2026-09-28,0152,N20,nominal,2.0NRT,275.57,1.6,N
36.86955,6.9832,328.59,0.39,0.44,2026-09-28,0154,N20,nominal,2.0NRT,292.14,2.58,N
42.69977,1.75832,295.25,0.39,0.36,2026-09-28,0152,N20,nominal,2.0NRT,274.19,0.5,N
36.87856,6.94106,305.04,0.39,0.44,2026-09-28,0154,N20,nominal,2.0NRT,292.66,1.24,N
42.69907,1.76296,310.08,0.39,0.36,2026-09-28,0152,N20,nominal,2.0NRT,280.92,1.96,N
36.76158,7.3055,301.98,0.41,0.45,2026-09-28,0154,N20,nominal,2.0NRT,289.64,0.75,N
42.69649,1.75742,296.92,0.39,0.36,2026-09-28,0152,N20,nominal,2.0NRT,275.05,0.5,N
38.57095,-5.16069,328.05,0.39,0.44,2026-09-28,0154,N20,nominal,2.0NRT,276.13,2.26,N
42.6958,1.76204,312.44,0.39,0.36,2026-09-28,0152,N20,nominal,2.0NRT,279.56,1.96,N
38.57049,-5.15612,298.8,0.39,0.44,2026-09-28,0154,N20,nominal,2.0NRT,275.24,1.54,N
42.69251,1.76118,324.39,0.39,0.36,2026-09-28,0152,N20,nominal,2.0NRT,276.23,1.86,N
36.74845,6.25737,306.12,0.54,0.42,2026-09-28,0154,N20,nominal,2.0NRT,291.51,0.73,N
43.05924,-5.71683,296.06,0.47,0.48,2026-09-28,0152,N20,nominal,2.0NRT,281.58,1.14,N
36.74718,6.25656,327.82,0.54,0.42,2026-09-28,0154,N20,nominal,2.0NRT,292.53,3.74,N
36.74461,6.24938,312.86,0.54,0.42,2026-09-28,0154,N20,nominal,2.0NRT,294.29,2.23,N
43.05862,-5.70901,301.87,0.47,0.48,2026-09-28,0152,N20,nominal,2.0NRT,279.89,1.14,N
38.36982,-5.77139,302.1,0.42,0.45,2026-09-28,0154,N20,nominal,2.0NRT,270.71,1.09,N
43.05798,-5.70068,304.72,0.47,0.48,2026-09-28,0152,N20,nominal,2.0NRT,276.34,0.94,N
36.42989,6.62183,306.63,0.57,0.43,2026-09-28,0154,N20,nominal,2.0NRT,289.62,1.22,N
43.05736,-5.69283,295.53,0.47,0.48,2026-09-28,0152,N20,nominal,2.0NRT,277.63,0.94,N
36.33245,5.4791,297.95,0.51,0.41,2026-09-28,0154,N20,nominal,2.0NRT,287.47,0.8,N
43.05415,-5.70833,341.55,0.47,0.48,2026-09-28,0152,N20,nominal,2.0NRT,281.52,12.35,N
36.75045,3.0817,322.7,0.41,0.37,2026-09-28,0154,N20,nominal,2.0NRT,294.65,1.96,N
43.053,-5.69371,331.32,0.47,0.48,2026-09-28,0152,N20,nominal,2.0NRT,284.08,22.02,N
36.63103,3.2331,308.53,0.42,0.38,2026-09-28,0154,N20,nominal,2.0NRT,293.57,0.87,N
43.05473,-5.71582,305.75,0.47,0.48,2026-09-28,0152,N20,nominal,2.0NRT,280.66,12.35,N
36.59855,3.13737,306.13,0.42,0.37,2026-09-28,0154,N20,nominal,2.0NRT,292.2,0.98,N
43.05356,-5.70081,319.23,0.47,0.48,2026-09-28,0152,N20,nominal,2.0NRT,296.47,22.02,N
43.04923,-5.70223,345.29,0.47,0.48,2026-09-28,0152,N20,nominal,2.0NRT,291.57,22.02,N
36.59572,2.87693,311.77,0.41,0.37,2026-09-28,0154,N20,nominal,2.0NRT,291.33,0.79,N
43.04873,-5.69592,353.06,0.47,0.48,2026-09-28,0152,N20,nominal,2.0NRT,292.83,22.02,N
36.08819,4.61202,302.8,0.47,0.4,2026-09-28,0154,N20,nominal,2.0NRT,288.2,0.54,N
43.05022,-5.71474,309.19,0.47,0.48,2026-09-28,0152,N20,nominal,2.0NRT,279.23,12.35,N
35.23354,8.17397,301.82,0.49,0.48,2026-09-28,0154,N20,nominal,2.0NRT,285.09,0.97,N
43.04972,-5.70842,318.86,0.47,0.48,2026-09-28,0152,N20,nominal,2.0NRT,278.17,12.35,N
35.23396,8.17311,302.83,0.49,0.48,2026-09-28,0154,N20,nominal,2.0NRT,284.57,1.32,N
43.05937,-5.71855,295.22,0.47,0.48,2026-09-28,0152,N20,nominal,2.0NRT,281.52,1.76,N
35.88067,4.44773,304.83,0.47,0.4,2026-09-28,0154,N20,nominal,2.0NRT,291.5,0.77,N
43.05872,-5.71093,297.03,0.47,0.48,2026-09-28,0152,N20,nominal,2.0NRT,280.7,1.46,N
36.14026,2.92986,306.42,0.42,0.37,2026-09-28,0154,N20,nominal,2.0NRT,287.54,0.74,N
43.05801,-5.70264,307.41,0.47,0.48,2026-09-28,0152,N20,nominal,2.0NRT,277.24,1.46,N
43.05732,-5.69457,297.77,0.47,0.48,2026-09-28,0152,N20,nominal,2.0NRT,278.02,1.81,N
43.05357,-5.70252,348.06,0.47,0.48,2026-09-28,0152,N20,nominal,2.0NRT,298.97,25.27,N
43.05296,-5.69545,338.33,0.47,0.48,2026-09-28,0152,N20,nominal,2.0NRT,285.55,13.92,N
35.70809,4.4775,311.94,0.47,0.4,2026-09-28,0154,N20,nominal,2.0NRT,291.93,1.28,N
43.05484,-5.71746,300.3,0.47,0.48,2026-09-28,0152,N20,nominal,2.0NRT,280.61,1.47,N
35.34799,5.76081,314.95,0.55,0.42,2026-09-28,0154,N20,nominal,2.0NRT,288.18,2.17,N
43.05422,-5.71017,317.07,0.47,0.48,2026-09-28,0152,N20,nominal,2.0NRT,278.46,25.27,N
36.12979,1.23787,301.03,0.39,0.36,2026-09-28,0154,N20,nominal,2.0NRT,284.45,0.54,N
43.04923,-5.70374,349.79,0.47,0.48,2026-09-28,0152,N20,nominal,2.0NRT,291.07,25.27,N
36.12581,1.24129,304.34,0.39,0.36,2026-09-28,0154,N20,nominal,2.0NRT,284.93,0.76,N
43.0487,-5.69749,343.25,0.47,0.48,2026-09-28,0152,N20,nominal,2.0NRT,295.33,13.92,N
35.09663,5.64689,308.71,0.55,0.42,2026-09-28,0154,N20,nominal,2.0NRT,292.21,1.54,N
43.05029,-5.71621,304.43,0.47,0.48,2026-09-28,0152,N20,nominal,2.0NRT,278.56,1.47,N
34.98156,5.71315,312.89,0.55,0.43,2026-09-28,0156,N20,nominal,2.0NRT,294.22,1.79,N
43.04976,-5.7099,314.09,0.47,0.48,2026-09-28,0152,N20,nominal,2.0NRT,278.83,25.27,N
34.98128,5.71205,305.41,0.55,0.43,2026-09-28,0156,N20,nominal,2.0NRT,292.68,1.36,N
43.04816,-5.69121,298.57,0.47,0.48,2026-09-28,0152,N20,nominal,2.0NRT,281.59,13.92,N
43.0458,-5.71563,299.08,0.47,0.48,2026-09-28,0152,N20,nominal,2.0NRT,274.94,1.38,N
35.81113,-0.25521,300.13,0.39,0.36,2026-09-28,0156,N20,nominal,2.0NRT,268.02,0.49,N
43.04533,-5.71001,302.69,0.47,0.48,2026-09-28,0152,N20,nominal,2.0NRT,277.49,1.72,N
35.80784,-0.25596,296.04,0.39,0.36,2026-09-28,0156,N20,nominal,2.0NRT,267.41,0.49,N
43.04488,-5.70472,303.46,0.47,0.48,2026-09-28,0152,N20,nominal,2.0NRT,279.8,1.72,N
43.04438,-5.69887,311.43,0.47,0.48,2026-09-28,0152,N20,nominal,2.0NRT,281.25,3.33,N
38.79509,15.21027,334.84,0.47,0.64,2026-09-28,0154,N20,nominal,2.0NRT,282.67,4.67,N
34.43737,2.0588,305.69,0.41,0.37,2026-09-28,0156,N20,nominal,2.0NRT,289.17,1.08,N
38.79404,15.21387,329.23,0.47,0.64,2026-09-28,0154,N20,nominal,2.0NRT,287.89,4.67,N
38.79458,15.2118,350.98,0.47,0.64,2026-09-28,0154,N20,nominal,2.0NRT,287.1,6.61,N
41.45481,1.97786,301.67,0.38,0.36,2026-09-28,0154,N20,nominal,2.0NRT,288.94,0.38,N
41.31301,1.66009,302.97,0.39,0.36,2026-09-28,0154,N20,nominal,2.0NRT,282.82,0.64,N
39.57938,9.00946,302.42,0.43,0.46,2026-09-28,0154,N20,nominal,2.0NRT,286.94,0.47,N
39.61861,8.59924,305.87,0.41,0.45,2026-09-28,0154,N20,nominal,2.0NRT,287.71,0.91,N
41.56586,-8.08031,312.63,0.6,0.53,2026-09-28,0154,N20,nominal,2.0NRT,283.39,2.4,N
40.57795,0.54291,308.5,0.39,0.36,2026-09-28,0154,N20,nominal,2.0NRT,285.73,0.79,N
53.63452,-0.25074,297.9,0.42,0.61,2026-09-28,0330,N20,nominal,2.0NRT,283.04,1.05,N
53.63265,-0.24522,305.49,0.42,0.61,2026-09-28,0330,N20,nominal,2.0NRT,282.99,1.05,N
53.63568,-0.25019,296.23,0.42,0.61,2026-09-28,0330,N20,nominal,2.0NRT,282.92,1.39,N
53.63383,-0.24462,311.34,0.42,0.61,2026-09-28,0330,N20,nominal,2.0NRT,284.18,1.88,N
53.56951,-0.59235,305.91,0.41,0.6,2026-09-28,0330,N20,nominal,2.0NRT,276.21,1.43,N
53.57177,-0.61845,312.07,0.4,0.6,2026-09-28,0330,N20,nominal,2.0NRT,273.73,1.72,N
53.56997,-0.613,304.86,0.41,0.6,2026-09-28,0330,N20,nominal,2.0NRT,274.81,1.69,N
53.56816,-0.60759,307.83,0.41,0.6,2026-09-28,0330,N20,nominal,2.0NRT,274.96,1.69,N
53.56638,-0.6022,316.79,0.41,0.6,2026-09-28,0330,N20,nominal,2.0NRT,276.68,2.83,N
54.72377,-5.77043,295.96,0.48,0.48,2026-09-28,0330,N20,nominal,2.0NRT,280.74,1.14,N
52.64363,-8.68782,305.44,0.44,0.46,2026-09-28,0332,N20,nominal,2.0NRT,278.58,1.02,N
61.58299,1.55029,336.98,0.48,0.48,2026-09-28,0328,N20,nominal,2.0NRT,283.72,3.73,N
61.58525,1.54253,295.47,0.48,0.48,2026-09-28,0328,N20,nominal,2.0NRT,282.68,2.45,N
36.95889,34.92484,327.8,0.44,0.63,2026-09-28,0954,N20,nominal,2.0NRT,293.45,2.24,D
39.24493,34.69868,327.53,0.4,0.6,2026-09-28,0954,N20,nominal,2.0NRT,291.67,3.92,D
39.2437,34.69416,342.25,0.4,0.6,2026-09-28,0954,N20,nominal,2.0NRT,292.66,3.92,D
46.6072,34.62471,333.46,0.5,0.49,2026-09-28,0956,N20,nominal,2.0NRT,291.66,3.24,D
46.60566,34.61849,328.47,0.5,0.49,2026-09-28,0956,N20,nominal,2.0NRT,292.3,3.24,D
46.60916,34.62161,335.55,0.5,0.49,2026-09-28,0956,N20,nominal,2.0NRT,291.95,3.54,D
44.55869,26.5895,334.3,0.66,0.73,2026-09-28,0956,N20,nominal,2.0NRT,289.99,8.85,D
44.56228,26.58762,325.88,0.66,0.73,2026-09-28,0956,N20,nominal,2.0NRT,287.01,6.45,D
44.55965,26.58007,329.87,0.66,0.73,2026-09-28,0956,N20,nominal,2.0NRT,289.67,7.07,D
51.196,34.31596,326.95,0.39,0.44,2026-09-28,0956,N20,nominal,2.0NRT,292.05,3.01,D
51.19982,34.31375,344.12,0.39,0.44,2026-09-28,0956,N20,nominal,2.0NRT,291.73,4.65,D
51.22351,34.36017,346.43,0.39,0.44,2026-09-28,0956,N20,nominal,2.0NRT,291.6,5.48,D
51.22427,34.35753,339.31,0.39,0.44,2026-09-28,0956,N20,nominal,2.0NRT,289.88,4.65,D
50.80585,28.85115,339.58,0.33,0.55,2026-09-28,0958,N20,nominal,2.0NRT,289.56,2.25,D
52.18846,34.04629,325.57,0.57,0.43,2026-09-28,0958,N20,nominal,2.0NRT,281.26,2.92,D
51.29005,27.71895,347.39,0.35,0.57,2026-09-28,0958,N20,nominal,2.0NRT,289.15,3.41,D
51.89268,29.34374,344.71,0.58,0.52,2026-09-28,0958,N20,nominal,2.0NRT,291.33,7.63,D
51.89328,29.34529,338.04,0.58,0.52,2026-09-28,0958,N20,nominal,2.0NRT,290.75,12.31,D
53.30504,34.89568,330.06,0.5,0.41,2026-09-28,0958,N20,nominal,2.0NRT,289.89,4.13,D
53.78201,32.64787,336.43,0.39,0.44,2026-09-28,0958,N20,nominal,2.0NRT,287.05,3.59,D
52.26424,24.87563,334.91,0.42,0.61,2026-09-28,0958,N20,nominal,2.0NRT,289.47,3.19,D
54.56195,33.17104,332.23,0.53,0.42,2026-09-28,0958,N20,nominal,2.0NRT,292.77,28.13,D
54.56558,33.16862,339.57,0.53,0.42,2026-09-28,0958,N20,nominal,2.0NRT,289.17,28.13,D
52.97919,25.16774,327.8,0.39,0.59,2026-09-28,0958,N20,nominal,2.0NRT,289.73,1.56,D
59.52861,34.14944,328.13,0.41,0.37,2026-09-28,0958,N20,nominal,2.0NRT,290.36,2.72,D
38.52223,23.18348,337.84,0.39,0.36,2026-09-28,1134,N20,nominal,2.0NRT,298.03,2.23,D
37.22193,14.32237,338.84,0.49,0.48,2026-09-28,1134,N20,nominal,2.0NRT,293.01,3.72,D
37.22624,14.3209,334.62,0.49,0.48,2026-09-28,1134,N20,nominal,2.0NRT,294.89,5.11,D
37.36043,14.77202,340.8,0.46,0.47,2026-09-28,1134,N20,nominal,2.0NRT,301.42,4.98,D
36.36454,9.82351,333.87,0.44,0.63,2026-09-28,1134,N20,nominal,2.0NRT,301.32,1.73,D
37.56841,14.66786,330.93,0.46,0.47,2026-09-28,1134,N20,low,2.0NRT,302.21,3.47,D
37.54955,13.75318,331.23,0.51,0.5,2026-09-28,1134,N20,nominal,2.0NRT,296.78,4.28,D
37.57154,13.8067,330.21,0.51,0.49,2026-09-28,1134,N20,low,2.0NRT,300.65,5.76,D
37.54805,13.68544,340.61,0.52,0.5,2026-09-28,1134,N20,nominal,2.0NRT,299.39,10.66,D
37.54691,13.68053,338.46,0.52,0.5,2026-09-28,1134,N20,nominal,2.0NRT,297.36,10.36,D
36.35275,8.8221,333.67,0.5,0.66,2026-09-28,1134,N20,low,2.0NRT,305.41,2.66,D
38.28334,16.23687,339.99,0.56,0.43,2026-09-28,1134,N20,nominal,2.0NRT,301.73,6.19,D
38.28334,16.23595,338.64,0.56,0.43,2026-09-28,1134,N20,nominal,2.0NRT,300.91,6.55,D
35.80297,6.40898,342.68,0.7,0.75,2026-09-28,1134,N20,nominal,2.0NRT,301.98,7.47,D
36.95101,9.91867,335.18,0.42,0.61,2026-09-28,1134,N20,nominal,2.0NRT,302.21,2.72,D
37.81184,13.19951,337.69,0.54,0.51,2026-09-28,1134,N20,nominal,2.0NRT,302.6,4.95,D
40.25368,27.86903,340.71,0.57,0.43,2026-09-28,1134,N20,nominal,2.0NRT,300.49,5.67,D
36.91703,9.44932,342.39,0.45,0.63,2026-09-28,1134,N20,nominal,2.0NRT,305.29,5.84,D
36.91583,9.44495,334.62,0.45,0.63,2026-09-28,1134,N20,nominal,2.0NRT,304.49,4.1,D
36.92517,9.45652,336.2,0.45,0.63,2026-09-28,1134,N20,nominal,2.0NRT,303.78,2.97,D
36.29482,7.2619,333.87,0.61,0.71,2026-09-28,1134,N20,nominal,2.0NRT,302.2,5.16,D
37.86771,13.02589,339.88,0.55,0.51,2026-09-28,1134,N20,nominal,2.0NRT,300.02,3.99,D
37.87222,13.0241,342.77,0.55,0.51,2026-09-28,1134,N20,nominal,2.0NRT,299.82,11.33,D
37.0686,9.76001,341.54,0.43,0.62,2026-09-28,1134,N20,nominal,2.0NRT,304.4,4.26,D
37.10814,9.88519,367,0.42,0.61,2026-09-28,1134,N20,high,2.0NRT,302.41,7.68,D
37.10691,9.88058,349.48,0.42,0.61,2026-09-28,1134,N20,nominal,2.0NRT,305.09,8.75,D
37.87209,12.89825,333.85,0.56,0.51,2026-09-28,1134,N20,nominal,2.0NRT,299.89,9.63,D
37.87519,12.90192,334.28,0.56,0.51,2026-09-28,1134,N20,nominal,2.0NRT,299.58,4.66,D
37.87381,12.89622,334.8,0.56,0.51,2026-09-28,1134,N20,nominal,2.0NRT,300.96,4.66,D
37.06698,9.76268,330.74,0.43,0.62,2026-09-28,1134,N20,low,2.0NRT,303.54,1.8,D
37.10598,9.88278,343.1,0.42,0.61,2026-09-28,1134,N20,nominal,2.0NRT,303.92,10.79,D
37.07241,9.76047,331.47,0.43,0.62,2026-09-28,1134,N20,low,2.0NRT,303.75,1.57,D
37.92996,13.06723,337.57,0.55,0.51,2026-09-28,1134,N20,nominal,2.0NRT,295.69,8.54,D
37.11136,9.88055,355.08,0.42,0.61,2026-09-28,1134,N20,nominal,2.0NRT,305.47,10.79,D
37.05552,9.67721,336.69,0.43,0.62,2026-09-28,1134,N20,nominal,2.0NRT,304.89,3.73,D
37.93442,13.06531,332.46,0.55,0.51,2026-09-28,1134,N20,nominal,2.0NRT,299.49,4.93,D
37.01982,9.48179,335.7,0.44,0.63,2026-09-28,1134,N20,nominal,2.0NRT,304.85,4.77,D
37.01856,9.47727,330.13,0.45,0.63,2026-09-28,1134,N20,nominal,2.0NRT,303.6,3.47,D
38.94793,17.10806,328.67,0.5,0.41,2026-09-28,1134,N20,low,2.0NRT,301.53,2.12,D
37.21157,9.70352,330.55,0.43,0.62,2026-09-28,1134,N20,low,2.0NRT,302.95,1.76,D
39.00221,17.16752,330.14,0.49,0.41,2026-09-28,1134,N20,nominal,2.0NRT,300.7,1.24,D
39.00586,17.16644,331.74,0.49,0.41,2026-09-28,1134,N20,nominal,2.0NRT,301.9,3.1,D
39.00092,17.12133,333.41,0.5,0.41,2026-09-28,1134,N20,nominal,2.0NRT,302.52,4.92,D
37.25928,9.57848,367,0.43,0.62,2026-09-28,1134,N20,high,2.0NRT,305.49,28.85,D
39.0932,17.02928,336.78,0.5,0.41,2026-09-28,1134,N20,nominal,2.0NRT,304.32,10.84,D
39.09575,17.02244,353.65,0.5,0.41,2026-09-28,1134,N20,nominal,2.0NRT,303.79,8.32,D
36.60092,6.63831,335.64,0.64,0.72,2026-09-28,1134,N20,nominal,2.0NRT,302.11,5.52,D
39.75626,19.98902,332.25,0.4,0.37,2026-09-28,1134,N20,nominal,2.0NRT,300.03,2.59,D
36.59942,6.63898,335.79,0.64,0.72,2026-09-28,1134,N20,nominal,2.0NRT,302.17,7.62,D
39.84557,20.07533,326.08,0.4,0.37,2026-09-28,1134,N20,nominal,2.0NRT,300.03,1.56,D
40.76279,26.41994,328.89,0.5,0.41,2026-09-28,1134,N20,nominal,2.0NRT,301.33,2.83,D
36.86753,6.98361,352.68,0.61,0.71,2026-09-28,1134,N20,nominal,2.0NRT,298.17,9.22,D
40.80567,26.3865,335.57,0.5,0.41,2026-09-28,1134,N20,nominal,2.0NRT,298.08,8.85,D
40.91109,26.65306,337.87,0.51,0.41,2026-09-28,1134,N20,nominal,2.0NRT,300.97,5.27,D
41.1081,27.59941,332.81,0.57,0.43,2026-09-28,1134,N20,nominal,2.0NRT,297.35,4.73,D
41.10624,27.59937,332.26,0.57,0.43,2026-09-28,1134,N20,nominal,2.0NRT,297.36,3.72,D
39.87858,18.38295,339.57,0.43,0.38,2026-09-28,1134,N20,nominal,2.0NRT,303.85,2.97,D
41.272,26.87432,340.37,0.53,0.42,2026-09-28,1134,N20,nominal,2.0NRT,300.11,9.39,D
40.00817,18.04942,332.84,0.44,0.39,2026-09-28,1134,N20,nominal,2.0NRT,301.5,2.82,D
41.46788,27.68361,341.78,0.39,0.44,2026-09-28,1134,N20,nominal,2.0NRT,299.62,8.37,D
40.47126,19.71978,333.24,0.4,0.37,2026-09-28,1134,N20,nominal,2.0NRT,299.06,2.68,D
39.74353,15.81958,331.88,0.55,0.42,2026-09-28,1134,N20,nominal,2.0NRT,298.32,7.66,D
39.74449,15.81845,332.24,0.55,0.42,2026-09-28,1134,N20,nominal,2.0NRT,298.44,12.88,D
40.38737,17.97603,334.81,0.44,0.38,2026-09-28,1134,N20,nominal,2.0NRT,299.66,2.19,D
40.44609,18.01348,331.63,0.44,0.38,2026-09-28,1134,N20,nominal,2.0NRT,300.11,1.91,D
40.71531,19.42335,342.96,0.4,0.37,2026-09-28,1134,N20,nominal,2.0NRT,297.98,1.63,D
40.51352,18.08271,331.26,0.44,0.38,2026-09-28,1134,N20,nominal,2.0NRT,300.32,2.18,D
40.24499,16.62497,334.06,0.5,0.41,2026-09-28,1134,N20,nominal,2.0NRT,297.58,3.51,D
40.24643,16.6225,330.69,0.5,0.41,2026-09-28,1134,N20,nominal,2.0NRT,299.2,2.61,D
40.79339,19.40202,339.42,0.4,0.37,2026-09-28,1134,N20,nominal,2.0NRT,297.89,2.86,D
40.81272,19.49443,328.52,0.4,0.37,2026-09-28,1134,N20,nominal,2.0NRT,302.03,2.46,D
40.79752,19.40571,336.53,0.4,0.37,2026-09-28,1134,N20,nominal,2.0NRT,297.67,2.52,D
40.79671,19.40103,342.34,0.4,0.37,2026-09-28,1134,N20,nominal,2.0NRT,298.39,2.52,D
41.1614,21.42108,350.63,0.38,0.36,2026-09-28,1134,N20,nominal,2.0NRT,299.11,6.58,D
41.16536,21.42473,329.6,0.38,0.36,2026-09-28,1134,N20,nominal,2.0NRT,300.62,3.48,D
41.16467,21.42021,349.91,0.38,0.36,2026-09-28,1134,N20,nominal,2.0NRT,303.07,11.04,D
41.16863,21.42386,345.58,0.38,0.36,2026-09-28,1134,N20,nominal,2.0NRT,300.71,3.48,D
40.38773,16.84999,333.21,0.48,0.4,2026-09-28,1134,N20,nominal,2.0NRT,295.66,11.1,D
40.30573,16.43199,332.6,0.5,0.41,2026-09-28,1134,N20,nominal,2.0NRT,299.25,3.46,D
41.79128,25.44439,343.72,0.47,0.4,2026-09-28,1136,N20,nominal,2.0NRT,298.13,15.24,D
41.79491,25.44376,349.14,0.47,0.4,2026-09-28,1136,N20,nominal,2.0NRT,303.3,15.24,D
41.79855,25.44311,338.33,0.47,0.4,2026-09-28,1136,N20,nominal,2.0NRT,303.61,28.86,D
41.34135,19.6212,328.16,0.39,0.37,2026-09-28,1136,N20,nominal,2.0NRT,297.32,3.25,D
41.34056,19.61651,342.07,0.39,0.37,2026-09-28,1136,N20,nominal,2.0NRT,303.21,5.34,D
41.34385,19.61552,348.34,0.39,0.37,2026-09-28,1136,N20,nominal,2.0NRT,301.17,5.34,D
41.39068,19.52328,332.78,0.4,0.37,2026-09-28,1136,N20,nominal,2.0NRT,302.12,3.01,D
40.85809,16.46734,332.82,0.49,0.4,2026-09-28,1136,N20,low,2.0NRT,304.98,3.61,D
40.86089,16.21853,338.74,0.5,0.41,2026-09-28,1136,N20,nominal,2.0NRT,307.54,8.22,D
41.58285,19.67039,328.33,0.39,0.36,2026-09-28,1136,N20,low,2.0NRT,301.52,2.58,D
40.90129,15.65734,337.65,0.53,0.42,2026-09-28,1136,N20,nominal,2.0NRT,306.2,6.43,D
40.98082,15.89247,333.11,0.52,0.41,2026-09-28,1136,N20,nominal,2.0NRT,303.48,4.35,D
40.9805,15.89093,330.65,0.52,0.41,2026-09-28,1136,N20,nominal,2.0NRT,303.54,3.73,D
41.07124,15.90945,336.98,0.51,0.41,2026-09-28,1136,N20,nominal,2.0NRT,306.54,4.39,D
41.76538,19.65217,332.41,0.39,0.36,2026-09-28,1136,N20,nominal,2.0NRT,302.07,2.41,D
41.76461,19.64752,332.08,0.39,0.36,2026-09-28,1136,N20,nominal,2.0NRT,302.12,2.41,D
41.08187,15.55377,337.6,0.53,0.42,2026-09-28,1136,N20,nominal,2.0NRT,303.09,4.91,D
41.14265,15.77269,355.93,0.52,0.41,2026-09-28,1136,N20,nominal,2.0NRT,308.55,18.5,D
41.14635,15.77135,341.01,0.52,0.41,2026-09-28,1136,N20,nominal,2.0NRT,306.84,4.79,D
41.22435,15.86284,332.11,0.51,0.41,2026-09-28,1136,N20,nominal,2.0NRT,301.98,2.12,D
41.04802,14.61745,331.99,0.39,0.44,2026-09-28,1136,N20,nominal,2.0NRT,302.29,2.64,D
41.40666,15.33906,338.4,0.53,0.42,2026-09-28,1136,N20,nominal,2.0NRT,305.42,3.53,D
41.72117,15.50143,333.11,0.52,0.41,2026-09-28,1136,N20,low,2.0NRT,303.43,2.42,D
42.98688,21.97595,331.89,0.39,0.36,2026-09-28,1136,N20,nominal,2.0NRT,299.52,1.25,D
43.65858,24.64915,367,0.46,0.39,2026-09-28,1136,N20,high,2.0NRT,338.97,83.44,D
43.65924,24.65485,334.76,0.46,0.39,2026-09-28,1136,N20,nominal,2.0NRT,292.24,83.44,D
43.66217,24.64837,337.6,0.46,0.39,2026-09-28,1136,N20,nominal,2.0NRT,290.25,10.02,D
43.89307,25.60387,354.33,0.5,0.41,2026-09-28,1136,N20,nominal,2.0NRT,305.78,10.84,D
43.89345,25.60276,350.21,0.5,0.41,2026-09-28,1136,N20,nominal,2.0NRT,305.92,12.61,D
43.86417,23.44413,339.36,0.42,0.38,2026-09-28,1136,N20,nominal,2.0NRT,303.56,6,D
43.86559,23.44176,338.33,0.42,0.38,2026-09-28,1136,N20,nominal,2.0NRT,302.97,6.11,D
43.99161,24.4338,330.57,0.46,0.39,2026-09-28,1136,N20,nominal,2.0NRT,301.95,2.93,D
43.89304,23.46232,336.2,0.43,0.38,2026-09-28,1136,N20,nominal,2.0NRT,306.09,7.6,D
44.00217,24.2116,338.07,0.45,0.39,2026-09-28,1136,N20,nominal,2.0NRT,300.97,5.88,D
44.07943,24.52562,332.19,0.46,0.39,2026-09-28,1136,N20,nominal,2.0NRT,299.56,3.58,D
43.97168,23.46522,335.68,0.43,0.38,2026-09-28,1136,N20,low,2.0NRT,308.8,3.82,D
43.97513,23.46439,335.48,0.43,0.38,2026-09-28,1136,N20,low,2.0NRT,307.1,3.82,D
43.97446,23.45911,346.75,0.43,0.38,2026-09-28,1136,N20,nominal,2.0NRT,309.71,8.86,D
43.97261,23.46159,343.89,0.43,0.38,2026-09-28,1136,N20,nominal,2.0NRT,313.42,15.01,D
44.13615,24.03489,338.82,0.44,0.39,2026-09-28,1136,N20,nominal,2.0NRT,302.9,3.51,D
44.13968,24.03408,333.22,0.44,0.39,2026-09-28,1136,N20,nominal,2.0NRT,302.15,3.51,D
44.08189,23.27024,333.23,0.42,0.38,2026-09-28,1136,N20,low,2.0NRT,306.66,2.2,D
44.12868,23.24796,335.38,0.42,0.38,2026-09-28,1136,N20,low,2.0NRT,306.53,4.23,D
44.13212,23.24712,335.09,0.42,0.38,2026-09-28,1136,N20,low,2.0NRT,307.29,3.29,D
44.40318,25.31325,342.66,0.5,0.41,2026-09-28,1136,N20,nominal,2.0NRT,300.5,16.53,D
44.40689,25.31248,338.19,0.5,0.41,2026-09-28,1136,N20,nominal,2.0NRT,303.3,7.29,D
44.40397,25.31139,344.78,0.5,0.41,2026-09-28,1136,N20,nominal,2.0NRT,307.26,21.04,D
44.15882,22.99603,335.75,0.42,0.37,2026-09-28,1136,N20,low,2.0NRT,308.19,4.22,D
44.05668,21.4632,341.96,0.39,0.36,2026-09-28,1136,N20,nominal,2.0NRT,300.41,6.34,D
44.1536,21.04862,329.97,0.39,0.36,2026-09-28,1136,N20,nominal,2.0NRT,297.75,2.18,D
44.38039,22.62764,341.3,0.41,0.37,2026-09-28,1136,N20,nominal,2.0NRT,301.11,4.39,D
44.37971,22.62253,335.51,0.41,0.37,2026-09-28,1136,N20,nominal,2.0NRT,298.04,2.34,D
44.38445,22.63188,336.77,0.41,0.37,2026-09-28,1136,N20,nominal,2.0NRT,306.65,4.7,D
44.3831,22.62167,336.3,0.41,0.37,2026-09-28,1136,N20,nominal,2.0NRT,301.29,4.89,D
44.38242,22.61656,329.78,0.41,0.37,2026-09-28,1136,N20,nominal,2.0NRT,298.59,4.89,D
44.40134,22.7335,333.3,0.41,0.37,2026-09-28,1136,N20,low,2.0NRT,304.45,3.95,D
44.38648,22.6208,353.27,0.41,0.37,2026-09-28,1136,N20,nominal,2.0NRT,306.06,4.89,D
44.44154,22.7204,335.28,0.41,0.37,2026-09-28,1136,N20,nominal,2.0NRT,304.87,1.44,D
44.44493,22.71954,331.8,0.41,0.37,2026-09-28,1136,N20,low,2.0NRT,304.82,1.44,D
44.4706,22.78223,336.87,0.41,0.37,2026-09-28,1136,N20,nominal,2.0NRT,306.8,3.46,D
44.47401,22.78136,333.74,0.41,0.37,2026-09-28,1136,N20,low,2.0NRT,303.95,3.46,D
43.58479,16.55486,343,0.44,0.39,2026-09-28,1136,N20,nominal,2.0NRT,296.97,3.93,D
43.58379,16.54962,348.64,0.44,0.39,2026-09-28,1136,N20,nominal,2.0NRT,298.09,8.65,D
44.68116,23.11071,339.12,0.42,0.38,2026-09-28,1136,N20,nominal,2.0NRT,303.41,3.75,D
44.68491,23.0968,333.91,0.42,0.38,2026-09-28,1136,N20,nominal,2.0NRT,303.94,4.51,D
44.4026,20.049,327.67,0.38,0.36,2026-09-28,1136,N20,nominal,2.0NRT,298.3,2.19,D
44.75282,22.37266,334.84,0.41,0.37,2026-09-28,1136,N20,nominal,2.0NRT,294.93,3.07,D
44.59642,20.97664,330.01,0.39,0.36,2026-09-28,1136,N20,nominal,2.0NRT,300.13,2.9,D
44.8831,22.43085,331.12,0.41,0.37,2026-09-28,1136,N20,nominal,2.0NRT,294.71,7.25,D
43.34771,13.46511,326.18,0.39,0.44,2026-09-28,1136,N20,nominal,2.0NRT,299.07,1.77,D
44.59163,19.90074,343.25,0.38,0.36,2026-09-28,1136,N20,nominal,2.0NRT,302.87,9.62,D
44.79845,19.86733,344.44,0.38,0.36,2026-09-28,1136,N20,nominal,2.0NRT,304.28,7.14,D
45.05737,21.44107,341.06,0.39,0.36,2026-09-28,1136,N20,nominal,2.0NRT,300.43,14.45,D
44.84523,19.99359,338.48,0.38,0.36,2026-09-28,1136,N20,nominal,2.0NRT,308.1,7.7,D
45.03776,21.277,333.36,0.39,0.36,2026-09-28,1136,N20,low,2.0NRT,304.5,3.15,D
44.85035,19.87156,331.71,0.38,0.36,2026-09-28,1136,N20,low,2.0NRT,304.55,2.98,D
45.05951,21.26064,335.7,0.39,0.36,2026-09-28,1136,N20,nominal,2.0NRT,304.42,2.51,D
44.89289,20.05948,346.42,0.38,0.36,2026-09-28,1136,N20,nominal,2.0NRT,304.37,4.89,D
44.88922,20.03547,342.19,0.38,0.36,2026-09-28,1136,N20,nominal,2.0NRT,303.07,2.38,D
44.89322,20.03928,333.64,0.38,0.36,2026-09-28,1136,N20,low,2.0NRT,304.05,5.84,D
44.89248,20.03448,341.42,0.38,0.36,2026-09-28,1136,N20,nominal,2.0NRT,308.32,5.84,D
44.86666,19.86657,344.26,0.38,0.36,2026-09-28,1136,N20,nominal,2.0NRT,306.91,8.96,D
44.90954,20.03434,332.55,0.38,0.36,2026-09-28,1136,N20,nominal,2.0NRT,305.15,1.77,D
44.89761,19.84459,336.07,0.38,0.36,2026-09-28,1136,N20,low,2.0NRT,306.72,3.65,D
44.90087,19.84359,342.4,0.38,0.36,2026-09-28,1136,N20,nominal,2.0NRT,307.8,3.65,D
44.91524,19.91459,334.64,0.38,0.36,2026-09-28,1136,N20,nominal,2.0NRT,304.77,5.2,D
44.9145,19.90979,339.76,0.38,0.36,2026-09-28,1136,N20,nominal,2.0NRT,306.01,5.2,D
44.91776,19.90879,349.16,0.38,0.36,2026-09-28,1136,N20,nominal,2.0NRT,306.66,5.2,D
44.90219,19.80801,335.25,0.38,0.36,2026-09-28,1136,N20,nominal,2.0NRT,305.12,5.39,D
44.8838,19.66791,342.65,0.38,0.36,2026-09-28,1136,N20,nominal,2.0NRT,303.81,3.95,D
44.88707,19.6669,333.28,0.38,0.36,2026-09-28,1136,N20,nominal,2.0NRT,303.24,3.95,D
45.02072,20.47683,331.86,0.39,0.36,2026-09-28,1136,N20,low,2.0NRT,304.16,2.52,D
44.92741,19.8606,338.83,0.38,0.36,2026-09-28,1136,N20,nominal,2.0NRT,305.26,2.46,D
45.08705,20.88284,335.52,0.39,0.36,2026-09-28,1136,N20,nominal,2.0NRT,304.21,2.63,D
44.90487,19.67145,346.55,0.38,0.36,2026-09-28,1136,N20,nominal,2.0NRT,305.62,11.33,D
44.84758,19.18034,332.15,0.39,0.36,2026-09-28,1136,N20,nominal,2.0NRT,301.97,3.15,D
44.8468,19.17553,330.19,0.39,0.36,2026-09-28,1136,N20,nominal,2.0NRT,303.35,3.15,D
44.9365,19.61133,330.31,0.38,0.36,2026-09-28,1136,N20,nominal,2.0NRT,304.66,1.89,D
44.93347,19.52667,331.45,0.38,0.36,2026-09-28,1136,N20,low,2.0NRT,303.21,2.37,D
44.88531,19.16031,341.42,0.39,0.36,2026-09-28,1136,N20,nominal,2.0NRT,304.04,3.05,D
44.88858,19.15927,337.41,0.39,0.36,2026-09-28,1136,N20,nominal,2.0NRT,304.05,3.05,D
45.1553,20.62655,332.98,0.39,0.36,2026-09-28,1136,N20,nominal,2.0NRT,302.26,3.75,D
45.15459,20.6217,345.29,0.39,0.36,2026-09-28,1136,N20,nominal,2.0NRT,307.69,9.11,D
45.18559,20.81079,341.31,0.39,0.36,2026-09-28,1136,N20,nominal,2.0NRT,301.67,62.86,D
44.98336,19.45266,332.83,0.38,0.36,2026-09-28,1136,N20,nominal,2.0NRT,303.43,1.87,D
45.19642,20.83826,332.77,0.39,0.36,2026-09-28,1136,N20,nominal,2.0NRT,302.25,4.45,D
45.19216,20.80889,334.55,0.39,0.36,2026-09-28,1136,N20,low,2.0NRT,305.19,3.46,D
45.1997,20.83731,337.51,0.39,0.36,2026-09-28,1136,N20,nominal,2.0NRT,305.62,4.45,D
44.9914,19.46023,342.77,0.38,0.36,2026-09-28,1136,N20,nominal,2.0NRT,304.26,5.06,D
44.99693,19.47363,339.13,0.38,0.36,2026-09-28,1136,N20,nominal,2.0NRT,308.26,15.73,D
45.03862,19.65225,335.19,0.38,0.36,2026-09-28,1136,N20,nominal,2.0NRT,306.27,5,D
45.04263,19.65605,330.46,0.38,0.36,2026-09-28,1136,N20,low,2.0NRT,305.31,5,D
45.04188,19.65124,343.72,0.38,0.36,2026-09-28,1136,N20,nominal,2.0NRT,307.71,5,D
45.04514,19.65023,344.14,0.38,0.36,2026-09-28,1136,N20,nominal,2.0NRT,306.02,5.17,D
45.22317,20.81013,337.75,0.39,0.36,2026-09-28,1136,N20,nominal,2.0NRT,305.2,1.83,D
45.07836,19.77605,344.18,0.38,0.36,2026-09-28,1136,N20,nominal,2.0NRT,306.29,8.94,D
45.19733,20.44875,338.25,0.39,0.36,2026-09-28,1136,N20,nominal,2.0NRT,305.65,39.23,D
45.19661,20.4439,340.25,0.39,0.36,2026-09-28,1136,N20,low,2.0NRT,312.61,39.23,D
45.2006,20.44778,339.91,0.39,0.36,2026-09-28,1136,N20,nominal,2.0NRT,305.1,16.14,D
45.20388,20.44681,346.3,0.39,0.36,2026-09-28,1136,N20,nominal,2.0NRT,311,16.14,D
45.09449,19.57107,330.53,0.38,0.36,2026-09-28,1136,N20,low,2.0NRT,302.54,1.61,D
45.05347,19.31108,333.57,0.39,0.36,2026-09-28,1136,N20,low,2.0NRT,304.88,5.48,D
45.203,20.2345,339.63,0.38,0.36,2026-09-28,1136,N20,nominal,2.0NRT,305.53,6.29,D
45.09346,19.52089,337.25,0.38,0.36,2026-09-28,1136,N20,nominal,2.0NRT,305.4,5.14,D
45.09824,19.5295,332.52,0.38,0.36,2026-09-28,1136,N20,nominal,2.0NRT,302.43,3.18,D
45.09748,19.52468,339.11,0.38,0.36,2026-09-28,1136,N20,nominal,2.0NRT,304.7,3.18,D
44.86451,18.08243,338.07,0.4,0.37,2026-09-28,1136,N20,nominal,2.0NRT,299.49,3.54,D
45.12054,19.49728,340.04,0.38,0.36,2026-09-28,1136,N20,nominal,2.0NRT,305.12,2.64,D
44.8702,17.87134,331.8,0.4,0.37,2026-09-28,1136,N20,nominal,2.0NRT,298.92,1.66,D
44.88939,17.9016,325.1,0.4,0.37,2026-09-28,1136,N20,nominal,2.0NRT,298.61,1.19,D
44.94744,18.04658,330.4,0.4,0.37,2026-09-28,1136,N20,nominal,2.0NRT,298.81,1.59,D
44.84968,17.1865,334.92,0.41,0.37,2026-09-28,1136,N20,nominal,2.0NRT,298.88,2.41,D
44.97825,17.77856,334.73,0.4,0.37,2026-09-28,1136,N20,nominal,2.0NRT,299.58,2.2,D
45.15538,18.44095,333.06,0.39,0.36,2026-09-28,1136,N20,nominal,2.0NRT,301.74,3.33,D
44.9691,17.33682,326.6,0.41,0.37,2026-09-28,1136,N20,nominal,2.0NRT,301.47,1.81,D
45.52287,20.59666,334.17,0.39,0.36,2026-09-28,1136,N20,nominal,2.0NRT,303.91,1.79,D
45.52216,20.59175,335.33,0.39,0.36,2026-09-28,1136,N20,low,2.0NRT,306.01,2.91,D
45.12807,17.24883,325.48,0.41,0.37,2026-09-28,1136,N20,nominal,2.0NRT,298.86,1.06,D
45.40047,18.69933,332.98,0.39,0.36,2026-09-28,1136,N20,nominal,2.0NRT,300.31,3.35,D
45.70108,20.53363,337.15,0.39,0.36,2026-09-28,1136,N20,low,2.0NRT,308.29,12.84,D
45.69965,20.52379,336.56,0.39,0.36,2026-09-28,1136,N20,low,2.0NRT,308.82,3.28,D
45.72084,20.64598,336.72,0.39,0.36,2026-09-28,1136,N20,low,2.0NRT,307.7,2.39,D
45.70437,20.53265,335.85,0.39,0.36,2026-09-28,1136,N20,low,2.0NRT,307.45,10.73,D
45.70366,20.52773,355.06,0.39,0.36,2026-09-28,1136,N20,nominal,2.0NRT,313.8,10.73,D
45.70293,20.52282,331.79,0.39,0.36,2026-09-28,1136,N20,low,2.0NRT,304.96,5.32,D
45.60342,19.72103,352.86,0.38,0.36,2026-09-28,1136,N20,nominal,2.0NRT,306.53,5.77,D
45.14598,9.94128,338.06,0.51,0.49,2026-09-28,1136,N20,nominal,2.0NRT,300.06,3.17,D
47.19115,16.59244,328.24,0.4,0.37,2026-09-28,1138,N20,low,2.0NRT,302.41,1.92,D
48.16724,22.85707,332.99,0.45,0.39,2026-09-28,1138,N20,nominal,2.0NRT,300.19,2.39,D
48.2485,20.3838,337.54,0.4,0.37,2026-09-28,1138,N20,nominal,2.0NRT,303.07,2.88,D
48.25109,20.37751,345.27,0.4,0.37,2026-09-28,1138,N20,nominal,2.0NRT,298.23,5.3,D
49.11973,26.80409,344.28,0.43,0.46,2026-09-28,1138,N20,nominal,2.0NRT,295.42,4.72,D
49.12395,26.80336,335.44,0.43,0.46,2026-09-28,1138,N20,nominal,2.0NRT,293.33,3.38,D
48.32194,19.29453,330.04,0.39,0.36,2026-09-28,1138,N20,nominal,2.0NRT,301.05,2.39,D
48.60714,21.1793,340.82,0.41,0.37,2026-09-28,1138,N20,nominal,2.0NRT,303.73,4.84,D
48.61944,21.19287,330.78,0.41,0.37,2026-09-28,1138,N20,low,2.0NRT,301.81,1.87,D
48.69035,17.36547,327.33,0.39,0.36,2026-09-28,1138,N20,nominal,2.0NRT,299.37,1.21,D
48.27371,14.33817,335.56,0.44,0.39,2026-09-28,1138,N20,nominal,2.0NRT,304.04,7.85,D
48.27714,14.33668,345.77,0.44,0.39,2026-09-28,1138,N20,nominal,2.0NRT,300.09,7.11,D
50.55292,30.86179,330.44,0.33,0.56,2026-09-28,1138,N20,nominal,2.0NRT,290.55,1.59,D
48.82688,14.45185,333.38,0.43,0.38,2026-09-28,1138,N20,nominal,2.0NRT,299.52,3.05,D
49.50732,16.63848,340.33,0.39,0.36,2026-09-28,1138,N20,nominal,2.0NRT,298.1,2.64,D
50.46073,23.69635,332.22,0.5,0.41,2026-09-28,1138,N20,nominal,2.0NRT,295.7,3.52,D
49.51058,16.63719,335.97,0.39,0.36,2026-09-28,1138,N20,nominal,2.0NRT,297.72,2.05,D
50.84397,25.33084,341.24,0.39,0.44,2026-09-28,1138,N20,nominal,2.0NRT,294.14,4.6,D
50.84435,25.33397,337.75,0.39,0.44,2026-09-28,1138,N20,nominal,2.0NRT,291.45,6.57,D
50.3366,19.28837,336.11,0.39,0.36,2026-09-28,1138,N20,nominal,2.0NRT,301.94,6.7,D
49.99406,15.84669,335.02,0.4,0.37,2026-09-28,1138,N20,nominal,2.0NRT,297.52,4.36,D
49.99221,15.83592,338.64,0.4,0.37,2026-09-28,1138,N20,nominal,2.0NRT,296.51,3.52,D
49.3381,11.64144,338.93,0.52,0.41,2026-09-28,1138,N20,nominal,2.0NRT,296.69,4.9,D
49.88605,13.37328,342.46,0.45,0.39,2026-09-28,1138,N20,nominal,2.0NRT,294.77,4.14,D
51.8922,29.3472,333.87,0.59,0.53,2026-09-28,1138,N20,nominal,2.0NRT,289.93,4.11,D
52.1885,34.05053,329.27,0.47,0.64,2026-09-28,1138,N20,nominal,2.0NRT,286.36,3.52,D
50.77819,16.25205,325.99,0.39,0.36,2026-09-28,1138,N20,nominal,2.0NRT,293.89,1.29,D
51.09904,15.94109,344.18,0.39,0.36,2026-09-28,1138,N20,nominal,2.0NRT,296.01,9.99,D
50.93351,14.8014,350.03,0.4,0.37,2026-09-28,1138,N20,nominal,2.0NRT,296.26,11.69,D
50.99891,14.97063,352.1,0.4,0.37,2026-09-28,1138,N20,nominal,2.0NRT,297.39,15.06,D
50.99596,14.95386,339.91,0.4,0.37,2026-09-28,1138,N20,nominal,2.0NRT,293.13,2.2,D
51.02658,15.04783,335.54,0.4,0.37,2026-09-28,1138,N20,nominal,2.0NRT,295,1.29,D
51.01385,14.9678,325.29,0.4,0.37,2026-09-28,1138,N20,nominal,2.0NRT,293.1,1.08,D
51.01941,14.95927,348.17,0.4,0.37,2026-09-28,1138,N20,nominal,2.0NRT,293.02,4.25,D
51.02367,14.96336,335.54,0.4,0.37,2026-09-28,1138,N20,nominal,2.0NRT,292.64,2.64,D
51.02169,14.95221,335.57,0.4,0.37,2026-09-28,1138,N20,nominal,2.0NRT,293.31,4.25,D
52.29148,24.2877,335.3,0.56,0.43,2026-09-28,1138,N20,nominal,2.0NRT,298.09,3.59,D
51.30791,15.74312,339.7,0.39,0.36,2026-09-28,1138,N20,nominal,2.0NRT,297.84,2.01,D
51.24048,15.06286,333.71,0.4,0.37,2026-09-28,1138,N20,nominal,2.0NRT,292.44,2.48,D
51.36688,14.96002,335.74,0.4,0.37,2026-09-28,1138,N20,nominal,2.0NRT,291.16,11.48,D
51.68659,15.98414,329.77,0.39,0.36,2026-09-28,1138,N20,low,2.0NRT,300.59,3.58,D
51.6857,15.97867,328.88,0.39,0.36,2026-09-28,1138,N20,low,2.0NRT,301.11,3.58,D
50.96177,11.26666,340.32,0.49,0.41,2026-09-28,1138,N20,nominal,2.0NRT,295.74,4.57,D
52.22359,16.252,334.04,0.38,0.36,2026-09-28,1138,N20,nominal,2.0NRT,293.31,1.58,D
52.18971,14.77865,334.07,0.4,0.37,2026-09-28,1138,N20,nominal,2.0NRT,285.71,2.26,D
52.18874,14.77302,333.93,0.4,0.37,2026-09-28,1138,N20,nominal,2.0NRT,286.61,1.73,D
52.79635,17.78643,329.56,0.39,0.36,2026-09-28,1138,N20,nominal,2.0NRT,294.16,6.1,D
52.38406,14.61829,329.97,0.4,0.37,2026-09-28,1138,N20,nominal,2.0NRT,286.18,1.52,D
52.02129,11.68738,333.33,0.46,0.39,2026-09-28,1138,N20,nominal,2.0NRT,296.74,3.44,D
54.56006,33.16863,349.26,0.44,0.63,2026-09-28,1138,N20,nominal,2.0NRT,289.51,8.17,D
54.56588,33.16846,356.44,0.44,0.63,2026-09-28,1138,N20,low,2.0NRT,289.44,8.17,D
52.14932,10.40134,341.22,0.5,0.41,2026-09-28,1138,N20,nominal,2.0NRT,291.81,8.62,D
52.15438,10.40626,341.74,0.5,0.41,2026-09-28,1138,N20,nominal,2.0NRT,292.36,8.62,D
52.82774,13.6727,349.09,0.4,0.37,2026-09-28,1138,N20,nominal,2.0NRT,295.83,7.33,D
52.82879,13.67852,355.11,0.4,0.37,2026-09-28,1138,N20,low,2.0NRT,295.29,8.21,D
52.92495,10.09436,333.16,0.49,0.4,2026-09-28,1138,N20,nominal,2.0NRT,268.14,6.07,D
55.93733,29.52007,327.79,0.32,0.55,2026-09-28,1140,N20,nominal,2.0NRT,286.5,2.91,D
53.56642,-0.586,327.88,0.38,0.59,2026-09-28,1140,N20,nominal,2.0NRT,285.97,2.92,D
53.56471,-0.5913,326.76,0.38,0.59,2026-09-28,1140,N20,nominal,2.0NRT,288.33,5.76,D
58.27755,6.88886,325.56,0.47,0.4,2026-09-28,1140,N20,nominal,2.0NRT,271.26,2.96,D
58.35136,0.8681,338.17,0.46,0.47,2026-09-28,1140,N20,nominal,2.0NRT,284.87,3.7,D
36.24596,8.05019,344.34,0.34,0.56,2026-09-28,1314,N20,nominal,2.0NRT,307.3,4.03,D
36.33839,8.64793,350.71,0.37,0.58,2026-09-28,1314,N20,nominal,2.0NRT,306.57,11.01,D
36.33812,8.64387,349.73,0.37,0.58,2026-09-28,1314,N20,nominal,2.0NRT,314.48,11.01,D
36.33569,8.64411,367,0.37,0.58,2026-09-28,1314,N20,high,2.0NRT,306.38,4.32,D
36.34104,8.64355,353.09,0.37,0.58,2026-09-28,1314,N20,nominal,2.0NRT,313.44,16.68,D
36.41091,9.09361,339.52,0.39,0.59,2026-09-28,1314,N20,nominal,2.0NRT,307.39,4.19,D
36.29125,7.25855,343.79,0.62,0.54,2026-09-28,1314,N20,nominal,2.0NRT,309.85,16.54,D
36.27994,7.03854,338.87,0.6,0.53,2026-09-28,1314,N20,nominal,2.0NRT,308.05,3.8,D
36.45341,8.66872,348.41,0.37,0.58,2026-09-28,1314,N20,nominal,2.0NRT,308.35,3.93,D
36.52615,9.26856,339.09,0.4,0.6,2026-09-28,1314,N20,nominal,2.0NRT,308.12,2.36,D
36.52411,9.23205,339.05,0.4,0.6,2026-09-28,1314,N20,nominal,2.0NRT,308.33,11.65,D
36.52963,9.23118,367,0.4,0.6,2026-09-28,1314,N20,high,2.0NRT,310.43,11.65,D
36.52936,9.22632,345.68,0.4,0.6,2026-09-28,1314,N20,nominal,2.0NRT,309.46,14.32,D
36.56869,8.84312,336.64,0.38,0.59,2026-09-28,1314,N20,low,2.0NRT,308.43,1.93,D
36.57412,8.84267,345.27,0.38,0.59,2026-09-28,1314,N20,nominal,2.0NRT,306.74,2.58,D
36.60735,9.24085,336.04,0.4,0.6,2026-09-28,1314,N20,low,2.0NRT,306.89,4.03,D
36.35773,5.23432,333.4,0.48,0.48,2026-09-28,1314,N20,nominal,2.0NRT,306.89,1.81,D
35.80734,-0.25463,352.58,0.41,0.37,2026-09-28,1316,N20,nominal,2.0NRT,303.77,18.64,D
36.50728,6.23057,342.79,0.54,0.51,2026-09-28,1316,N20,low,2.0NRT,314.06,7.61,D
36.76877,9.44757,353.66,0.41,0.61,2026-09-28,1316,N20,nominal,2.0NRT,307.51,3.85,D
36.34372,3.76105,351.26,0.4,0.44,2026-09-28,1316,N20,nominal,2.0NRT,304.83,14.69,D
36.83141,9.39479,340.12,0.41,0.61,2026-09-28,1316,N20,nominal,2.0NRT,306.41,2.19,D
36.83362,9.22655,333.85,0.4,0.6,2026-09-28,1316,N20,nominal,2.0NRT,305.91,1,D
36.87233,9.42134,335.18,0.41,0.61,2026-09-28,1316,N20,low,2.0NRT,307.83,4.8,D
36.76751,7.7189,337.23,0.33,0.55,2026-09-28,1316,N20,nominal,2.0NRT,305.94,2.05,D
36.9053,9.50646,354.23,0.42,0.61,2026-09-28,1316,N20,nominal,2.0NRT,304.99,4.11,D
36.90847,9.50935,340.2,0.42,0.61,2026-09-28,1316,N20,nominal,2.0NRT,303.06,2.89,D
36.9082,9.50389,335.42,0.42,0.61,2026-09-28,1316,N20,nominal,2.0NRT,303.97,2.89,D
36.93129,9.62565,335.87,0.42,0.61,2026-09-28,1316,N20,nominal,2.0NRT,305.81,2.49,D
37.15393,14.13248,356.34,0.76,0.77,2026-09-28,1316,N20,nominal,2.0NRT,292.09,12.97,D
37.1704,14.27234,334.07,0.77,0.77,2026-09-28,1316,N20,nominal,2.0NRT,291.48,6.7,D
37.15681,14.13186,355.99,0.76,0.77,2026-09-28,1316,N20,nominal,2.0NRT,291.08,10.78,D
36.86764,6.98713,342.52,0.6,0.53,2026-09-28,1316,N20,nominal,2.0NRT,303.87,6.13,D
37.17257,14.27198,334.7,0.77,0.77,2026-09-28,1316,N20,nominal,2.0NRT,291.47,4.56,D
37.0371,9.5295,335.54,0.42,0.61,2026-09-28,1316,N20,nominal,2.0NRT,306.31,3.17,D
37.05841,9.72893,346.05,0.43,0.62,2026-09-28,1316,N20,nominal,2.0NRT,305.37,4.4,D
37.09473,9.43753,355.52,0.42,0.61,2026-09-28,1316,N20,nominal,2.0NRT,319.96,47.39,D
37.09445,9.43243,345.47,0.41,0.61,2026-09-28,1316,N20,nominal,2.0NRT,307.23,46.39,D
37.10033,9.43652,331.54,0.42,0.61,2026-09-28,1316,N20,nominal,2.0NRT,300.98,47.39,D
37.09804,9.43964,367,0.42,0.61,2026-09-28,1316,N20,high,2.0NRT,305.14,47.86,D
37.0978,9.43455,312.12,0.42,0.61,2026-09-28,1316,N20,low,2.0NRT,321.4,94.09,D
37.49065,13.76637,345.57,0.73,0.76,2026-09-28,1316,N20,nominal,2.0NRT,292.25,13.03,D
39.22293,-0.31481,331.06,0.43,0.38,2026-09-28,1316,N20,nominal,2.0NRT,284.36,3,D
41.13596,14.034,335.02,0.78,0.78,2026-09-28,1316,N20,nominal,2.0NRT,296.73,4.45,D
40.59143,-6.47358,349.26,0.41,0.37,2026-09-28,1316,N20,nominal,2.0NRT,288.96,4.65,D
40.59104,-6.47637,337.66,0.41,0.37,2026-09-28,1316,N20,nominal,2.0NRT,285.75,3.16,D
41.63643,-7.32192,329.2,0.42,0.38,2026-09-28,1316,N20,low,2.0NRT,301.23,1.99,D
41.63554,-7.32686,338.19,0.42,0.38,2026-09-28,1316,N20,nominal,2.0NRT,301.86,5.85,D
41.63804,-7.33288,338.29,0.42,0.38,2026-09-28,1316,N20,nominal,2.0NRT,303.32,5.53,D
42.89876,1.50101,349.15,0.55,0.43,2026-09-28,1316,N20,nominal,2.0NRT,286.37,12.97,D
42.89813,1.49456,334.03,0.55,0.43,2026-09-28,1316,N20,nominal,2.0NRT,280.6,12.97,D
42.90516,1.48494,342.44,0.55,0.43,2026-09-28,1316,N20,nominal,2.0NRT,278.66,8.65,D
43.53938,-5.83116,326.6,0.39,0.36,2026-09-28,1318,N20,nominal,2.0NRT,275.24,2.53,D
45.57868,9.24038,338.17,0.47,0.64,2026-09-28,1318,N20,nominal,2.0NRT,294.45,2.07,D
45.58379,9.20966,337.18,0.46,0.64,2026-09-28,1318,N20,nominal,2.0NRT,293.34,1.88,D
45.58125,9.20716,342.01,0.46,0.64,2026-09-28,1318,N20,nominal,2.0NRT,293.08,2.36,D
52.93521,-4.21883,326.02,0.45,0.39,2026-09-28,1321,N20,nominal,2.0NRT,291.09,1.51,D
53.56398,-0.59981,333.28,0.4,0.44,2026-09-28,1321,N20,nominal,2.0NRT,296.56,3.57,D
53.56855,-0.59471,338.86,0.4,0.44,2026-09-28,1321,N20,nominal,2.0NRT,294.63,7.67,D
37.89928,30.49297,301.99,0.39,0.36,2026-09-28,2354,N20,nominal,2.0NRT,283.53,0.83,N
39.09602,17.0277,313.37,0.53,0.67,2026-09-28,2354,N20,nominal,2.0NRT,285.99,2.75,N
39.09584,17.03365,307.37,0.53,0.67,2026-09-28,2354,N20,nominal,2.0NRT,285.48,1.85,N
39.09174,17.03078,313.16,0.53,0.67,2026-09-28,2354,N20,nominal,2.0NRT,284.49,1.31,N
36.86827,34.76512,300.67,0.46,0.39,2026-09-28,2354,N20,nominal,2.0NRT,289.38,0.91,N
38.79342,15.18549,328.75,0.66,0.73,2026-09-28,2354,N20,nominal,2.0NRT,284.83,3.55,N
38.12892,23.52119,303.32,0.46,0.47,2026-09-28,2354,N20,nominal,2.0NRT,284.52,1.86,N
37.25307,30.44263,311.62,0.39,0.36,2026-09-28,2354,N20,nominal,2.0NRT,286.88,1.51,N
36.26335,33.7265,301.31,0.43,0.38,2026-09-28,2354,N20,nominal,2.0NRT,289.59,0.66,N
36.26247,33.73127,306.86,0.43,0.38,2026-09-28,2354,N20,nominal,2.0NRT,291.68,0.84,N
60.38417,30.15267,309.56,0.42,0.46,2026-09-28,2348,N20,nominal,2.0NRT,277.9,1.63,N
59.5288,34.14598,328.83,0.48,0.4,2026-09-28,2348,N20,nominal,2.0NRT,284.26,3.5,N
59.53076,34.14035,318.78,0.48,0.4,2026-09-28,2348,N20,nominal,2.0NRT,279.03,2.3,N
59.52986,34.1488,310.56,0.48,0.4,2026-09-28,2348,N20,nominal,2.0NRT,281.96,2.3,N
59.38504,28.45546,311.63,0.47,0.48,2026-09-28,2348,N20,nominal,2.0NRT,279.67,1.5,N
59.06388,28.1314,301.35,0.48,0.48,2026-09-28,2348,N20,nominal,2.0NRT,278.88,1.33,N
59.0613,28.13207,302.16,0.48,0.48,2026-09-28,2348,N20,nominal,2.0NRT,278.31,1.02,N
54.11092,28.59175,307.15,0.41,0.45,2026-09-28,2350,N20,nominal,2.0NRT,276.93,1.37,N
53.44504,34.41991,309.5,0.41,0.37,2026-09-28,2350,N20,nominal,2.0NRT,281.48,0.98,N
53.44168,34.41863,304.79,0.41,0.37,2026-09-28,2350,N20,nominal,2.0NRT,283.09,1.03,N
52.80692,32.22381,299.62,0.45,0.39,2026-09-28,2350,N20,nominal,2.0NRT,280.94,1.08,N
52.84748,29.98787,315.15,0.53,0.42,2026-09-28,2350,N20,nominal,2.0NRT,282.07,2.96,N
52.84601,29.99052,314.14,0.53,0.42,2026-09-28,2350,N20,nominal,2.0NRT,281.49,3,N
52.26659,34.53356,313.99,0.4,0.37,2026-09-28,2350,N20,nominal,2.0NRT,279.71,1.33,N
52.76659,14.75387,301,0.74,0.76,2026-09-28,2350,N20,nominal,2.0NRT,280.02,1.38,N
52.58625,19.66116,314.95,0.46,0.64,2026-09-28,2350,N20,nominal,2.0NRT,283.85,1.09,N
51.89149,29.34188,315.85,0.54,0.42,2026-09-28,2350,N20,nominal,2.0NRT,281.36,2.6,N
51.88837,29.33293,299.81,0.54,0.42,2026-09-28,2350,N20,nominal,2.0NRT,281.76,1.07,N
52.08681,17.0594,308.86,0.59,0.7,2026-09-28,2350,N20,nominal,2.0NRT,278.94,1.43,N
51.83131,14.60962,318.68,0.76,0.77,2026-09-28,2350,N20,nominal,2.0NRT,277.58,3.38,N
51.68673,15.97627,314.89,0.66,0.73,2026-09-28,2350,N20,nominal,2.0NRT,282.88,3.84,N
51.68619,15.97186,315.65,0.66,0.73,2026-09-28,2350,N20,nominal,2.0NRT,281.76,2.78,N
50.93068,21.67408,298.53,0.37,0.58,2026-09-28,2350,N20,nominal,2.0NRT,284.44,0.7,N
50.92872,21.67166,304.54,0.37,0.58,2026-09-28,2350,N20,nominal,2.0NRT,284.34,0.62,N
50.89685,20.66805,295.4,0.41,0.61,2026-09-28,2350,N20,nominal,2.0NRT,281.36,0.32,N
50.54668,26.25787,305.24,0.46,0.47,2026-09-28,2350,N20,nominal,2.0NRT,283.39,1.4,N
50.42218,18.14643,295.7,0.53,0.67,2026-09-28,2350,N20,nominal,2.0NRT,283.04,0.64,N
50.41595,18.13845,299.61,0.53,0.67,2026-09-28,2350,N20,nominal,2.0NRT,284.66,1.14,N
50.34429,19.2908,296.89,0.47,0.64,2026-09-28,2350,N20,nominal,2.0NRT,282.59,0.91,N
50.34365,19.33207,295.16,0.47,0.64,2026-09-28,2350,N20,nominal,2.0NRT,284.2,0.94,N
50.33843,19.28363,299.95,0.47,0.64,2026-09-28,2350,N20,nominal,2.0NRT,285.31,0.82,N
50.04237,18.48217,295.93,0.51,0.66,2026-09-28,2350,N20,nominal,2.0NRT,283.4,0.58,N
48.53378,34.64329,310.45,0.38,0.36,2026-09-28,2350,N20,nominal,2.0NRT,283.86,1.04,N
48.47433,34.62783,303.09,0.38,0.36,2026-09-28,2350,N20,nominal,2.0NRT,282.41,0.86,N
48.47353,34.63295,300.32,0.38,0.36,2026-09-28,2350,N20,nominal,2.0NRT,284.3,0.79,N
49.68625,18.64826,299.92,0.5,0.66,2026-09-28,2350,N20,nominal,2.0NRT,283.01,1.17,N
48.9751,24.70875,306.6,0.52,0.5,2026-09-28,2350,N20,nominal,2.0NRT,281.56,1.79,N
48.97193,23.91323,308.39,0.57,0.52,2026-09-28,2350,N20,nominal,2.0NRT,278.29,1.04,N
48.74818,26.60209,303.15,0.43,0.46,2026-09-28,2350,N20,nominal,2.0NRT,283.22,1.53,N
47.87642,33.4164,295.47,0.39,0.36,2026-09-28,2350,N20,nominal,2.0NRT,283.89,0.71,N
47.87341,33.43705,309.59,0.39,0.36,2026-09-28,2350,N20,nominal,2.0NRT,284.19,1.02,N
47.87312,33.41534,299.51,0.39,0.36,2026-09-28,2350,N20,nominal,2.0NRT,283.26,0.71,N
48.51171,27.37101,298.89,0.4,0.44,2026-09-28,2350,N20,nominal,2.0NRT,281.79,0.61,N
48.61919,21.18567,301.21,0.38,0.58,2026-09-28,2352,N20,nominal,2.0NRT,283.94,0.98,N
48.61395,21.17993,299.21,0.38,0.58,2026-09-28,2352,N20,nominal,2.0NRT,283.67,0.98,N
48.61377,21.18513,299.86,0.38,0.58,2026-09-28,2352,N20,nominal,2.0NRT,285.92,0.98,N
47.30252,34.66561,328.9,0.38,0.36,2026-09-28,2352,N20,nominal,2.0NRT,283.37,2.15,N
48.60872,21.17418,309.11,0.38,0.59,2026-09-28,2352,N20,nominal,2.0NRT,283.5,1.56,N
48.60853,21.17938,303.36,0.38,0.58,2026-09-28,2352,N20,nominal,2.0NRT,285.22,2.18,N
47.93708,28.65158,307.09,0.52,0.41,2026-09-28,2352,N20,nominal,2.0NRT,281.07,0.8,N
48.45598,17.18587,298.35,0.58,0.69,2026-09-28,2352,N20,nominal,2.0NRT,285.95,1.29,N
47.78814,29.01443,295.58,0.5,0.41,2026-09-28,2352,N20,nominal,2.0NRT,281.57,0.41,N
47.78441,29.0135,300.56,0.5,0.41,2026-09-28,2352,N20,nominal,2.0NRT,282.61,1.32,N
48.2769,14.33345,329.61,0.78,0.78,2026-09-28,2352,N20,nominal,2.0NRT,286.8,6.65,N
48.27662,14.32265,296.61,0.78,0.78,2026-09-28,2352,N20,nominal,2.0NRT,286.14,4.53,N
48.26213,14.32312,309.58,0.78,0.78,2026-09-28,2352,N20,nominal,2.0NRT,284.6,2.53,N
48.27556,14.33123,333.79,0.78,0.78,2026-09-28,2352,N20,nominal,2.0NRT,286.21,8.14,N
48.26084,14.32101,304.8,0.78,0.78,2026-09-28,2352,N20,nominal,2.0NRT,283.97,2.06,N
47.1727,31.75758,299.8,0.41,0.37,2026-09-28,2352,N20,nominal,2.0NRT,282.8,0.75,N
46.80252,33.35943,321.54,0.39,0.36,2026-09-28,2352,N20,nominal,2.0NRT,283.26,1.65,N
46.52245,34.71518,305.8,0.38,0.36,2026-09-28,2352,N20,nominal,2.0NRT,281.37,0.63,N
46.67997,32.70489,297.76,0.39,0.36,2026-09-28,2352,N20,nominal,2.0NRT,282.85,0.38,N
46.29744,33.49283,297.7,0.39,0.36,2026-09-28,2352,N20,nominal,2.0NRT,280.75,0.42,N
47.28494,18.88837,297.17,0.47,0.64,2026-09-28,2352,N20,nominal,2.0NRT,284.21,0.91,N
47.27896,18.88789,298.97,0.47,0.64,2026-09-28,2352,N20,nominal,2.0NRT,284.59,1.06,N
47.03682,22.32686,297.8,0.32,0.55,2026-09-28,2352,N20,nominal,2.0NRT,282.07,0.52,N
46.32858,30.54267,300.31,0.43,0.38,2026-09-28,2352,N20,nominal,2.0NRT,283.32,0.62,N
46.1541,30.26216,298.16,0.44,0.38,2026-09-28,2352,N20,nominal,2.0NRT,282.28,1.36,N
46.67909,23.52816,309.43,0.56,0.52,2026-09-28,2352,N20,nominal,2.0NRT,278.24,1.76,N
45.3742,30.92799,325.84,0.42,0.37,2026-09-28,2352,N20,nominal,2.0NRT,289.41,1.77,N
45.25823,31.67235,330.62,0.4,0.37,2026-09-28,2352,N20,nominal,2.0NRT,293.52,12.38,N
45.35656,30.90143,331.62,0.42,0.37,2026-09-28,2352,N20,nominal,2.0NRT,289.62,2.9,N
45.9539,25.28286,295.28,0.46,0.47,2026-09-28,2352,N20,nominal,2.0NRT,281.02,0.62,N
44.77467,33.86048,298.35,0.38,0.36,2026-09-28,2352,N20,nominal,2.0NRT,279.65,0.48,N
45.76422,20.94974,303.01,0.37,0.58,2026-09-28,2352,N20,nominal,2.0NRT,280.24,0.69,N
45.30006,22.25402,295.54,0.63,0.54,2026-09-28,2352,N20,nominal,2.0NRT,283.35,1.02,N
45.18006,21.11601,331.17,0.36,0.57,2026-09-28,2352,N20,nominal,2.0NRT,280.25,2.97,N
45.19464,20.80551,296.92,0.37,0.58,2026-09-28,2352,N20,nominal,2.0NRT,278.91,0.87,N
45.08872,20.88224,296.58,0.37,0.58,2026-09-28,2352,N20,nominal,2.0NRT,278.79,0.52,N
45.12541,19.47828,296.31,0.43,0.62,2026-09-28,2352,N20,nominal,2.0NRT,281.74,0.75,N
45.12521,19.4841,297.88,0.43,0.62,2026-09-28,2352,N20,nominal,2.0NRT,283.07,0.84,N
45.11412,19.47139,303.63,0.43,0.62,2026-09-28,2352,N20,nominal,2.0NRT,281.45,0.87,N
45.11393,19.47694,295.22,0.43,0.62,2026-09-28,2352,N20,nominal,2.0NRT,281.41,0.87,N
45.1115,19.55024,295.78,0.43,0.62,2026-09-28,2352,N20,nominal,2.0NRT,282.22,0.46,N
45.11131,19.55589,298.03,0.43,0.62,2026-09-28,2352,N20,nominal,2.0NRT,282.44,0.46,N
45.10869,19.63341,306.06,0.42,0.61,2026-09-28,2352,N20,nominal,2.0NRT,283.56,0.63,N
45.10579,19.54957,321.37,0.43,0.62,2026-09-28,2352,N20,nominal,2.0NRT,282.88,1.65,N
45.10188,19.6652,309.61,0.42,0.61,2026-09-28,2352,N20,nominal,2.0NRT,282.09,1.6,N
45.08201,19.57518,367,0.43,0.62,2026-09-28,2352,N20,high,2.0NRT,288.79,4.34,N
45.08218,19.56973,318.29,0.43,0.62,2026-09-28,2352,N20,nominal,2.0NRT,282.22,4.34,N
45.0763,19.57449,335.68,0.43,0.62,2026-09-28,2352,N20,nominal,2.0NRT,282.88,4.34,N
45.07736,19.54136,314.16,0.43,0.62,2026-09-28,2352,N20,nominal,2.0NRT,281.39,1.37,N
45.07648,19.56901,299.42,0.43,0.62,2026-09-28,2352,N20,nominal,2.0NRT,281.81,4.34,N
45.07374,19.47328,306.62,0.43,0.62,2026-09-28,2352,N20,nominal,2.0NRT,280.13,1.07,N
44.90107,22.47153,297.02,0.61,0.54,2026-09-28,2352,N20,nominal,2.0NRT,281.88,0.69,N
44.97184,21.18199,296.35,0.35,0.57,2026-09-28,2352,N20,nominal,2.0NRT,279.57,0.35,N
45.03003,19.37992,299.49,0.44,0.62,2026-09-28,2352,N20,nominal,2.0NRT,279.37,0.54,N
44.95687,20.01031,320.57,0.4,0.6,2026-09-28,2352,N20,nominal,2.0NRT,281.08,1.85,N
44.95706,20.00508,309.84,0.4,0.6,2026-09-28,2352,N20,nominal,2.0NRT,278.72,1.85,N
44.89329,19.80704,298.95,0.41,0.61,2026-09-28,2352,N20,nominal,2.0NRT,280.1,0.48,N
44.89192,19.84431,300.3,0.41,0.61,2026-09-28,2352,N20,nominal,2.0NRT,279.44,0.64,N
44.75052,22.37177,298.31,0.62,0.54,2026-09-28,2352,N20,nominal,2.0NRT,284.28,1.55,N
44.4468,22.72255,329.78,0.59,0.53,2026-09-28,2352,N20,nominal,2.0NRT,280.6,5.29,N
44.44632,22.73,320.92,0.59,0.53,2026-09-28,2352,N20,nominal,2.0NRT,281.43,5.29,N
44.44194,22.72192,334.79,0.59,0.53,2026-09-28,2352,N20,nominal,2.0NRT,281.54,5.29,N
44.43708,22.7213,317.83,0.59,0.53,2026-09-28,2352,N20,nominal,2.0NRT,281.46,3.57,N
43.98933,23.49111,296.22,0.53,0.5,2026-09-28,2352,N20,nominal,2.0NRT,279.57,0.83,N
43.96432,23.4468,297.09,0.53,0.5,2026-09-28,2352,N20,nominal,2.0NRT,280.35,1.13,N
43.9085,21.5077,296.22,0.33,0.56,2026-09-28,2352,N20,nominal,2.0NRT,282.15,0.18,N
43.54277,16.43594,299.1,0.6,0.7,2026-09-28,2352,N20,nominal,2.0NRT,287.01,0.7,N
43.24975,17.68211,311.8,0.52,0.67,2026-09-28,2352,N20,nominal,2.0NRT,286.36,1.42,N
42.96366,21.13391,322.34,0.34,0.56,2026-09-28,2352,N20,nominal,2.0NRT,280.85,2.2,N
42.76293,18.92505,298.99,0.44,0.63,2026-09-28,2352,N20,nominal,2.0NRT,281.29,0.89,N
42.76331,18.92501,296.03,0.44,0.63,2026-09-28,2352,N20,nominal,2.0NRT,281.21,0.67,N
42.76309,18.93063,297.59,0.44,0.63,2026-09-28,2352,N20,nominal,2.0NRT,281.21,0.67,N
42.42271,19.2994,299.91,0.42,0.61,2026-09-28,2352,N20,nominal,2.0NRT,286.59,0.73,N
41.5481,19.72079,301.88,0.39,0.6,2026-09-28,2352,N20,nominal,2.0NRT,288.24,0.82,N
41.47358,15.21337,295.61,0.68,0.74,2026-09-28,2354,N20,nominal,2.0NRT,282.1,0.59,N
39.76756,33.47669,295.32,0.4,0.37,2026-09-28,2354,N20,nominal,2.0NRT,283.67,0.49,N
40.51155,17.20473,300.68,0.53,0.67,2026-09-28,2354,N20,nominal,2.0NRT,287.33,2.66,N
40.51366,17.20579,298.82,0.53,0.67,2026-09-28,2354,N20,nominal,2.0NRT,287.79,1.61,N
38.74997,26.94965,313.69,0.48,0.4,2026-09-28,2354,N20,nominal,2.0NRT,288.52,2.21,N
39.17182,22.83881,296.94,0.51,0.49,2026-09-28,2354,N20,nominal,2.0NRT,285.18,0.58,N
38.74765,26.94813,300.91,0.48,0.4,2026-09-28,2354,N20,nominal,2.0NRT,285.78,1.31,N
38.74698,26.9536,300.11,0.48,0.4,2026-09-28,2354,N20,nominal,2.0NRT,286.05,1.01,N
38.74331,26.95292,304.58,0.48,0.4,2026-09-28,2354,N20,nominal,2.0NRT,286.18,1.01,N
38.7403,26.94673,299.82,0.48,0.4,2026-09-28,2354,N20,nominal,2.0NRT,288.6,1.08,N
38.73729,26.9405,297.17,0.48,0.4,2026-09-28,2354,N20,nominal,2.0NRT,286.91,1.08,N
38.73663,26.94601,305.75,0.48,0.4,2026-09-28,2354,N20,nominal,2.0NRT,290.03,1.08,N
38.42859,27.21595,313.16,0.47,0.39,2026-09-28,2354,N20,nominal,2.0NRT,287.47,1.74,N
52.84866,29.98442,299.02,0.45,0.63,2026-09-29,0130,N20,nominal,2.0NRT,279.11,2.1,N
52.84665,29.9903,317.45,0.45,0.63,2026-09-29,0130,N20,nominal,2.0NRT,280.45,2.55,N
55.0946,21.80121,304.19,0.38,0.44,2026-09-29,0130,N20,nominal,2.0NRT,281.21,0.65,N
51.89487,29.33744,299.16,0.46,0.63,2026-09-29,0130,N20,nominal,2.0NRT,280.83,1.53,N
51.89286,29.3433,299.77,0.46,0.64,2026-09-29,0130,N20,nominal,2.0NRT,279.72,1.01,N
51.89407,29.33853,307.71,0.46,0.64,2026-09-29,0130,N20,nominal,2.0NRT,281.01,1.66,N
51.88889,29.33401,298.29,0.46,0.64,2026-09-29,0130,N20,nominal,2.0NRT,280.4,1.12,N
50.54615,26.25817,303.77,0.39,0.59,2026-09-29,0130,N20,nominal,2.0NRT,281,1.22,N
51.13871,23.5535,296.18,0.58,0.52,2026-09-29,0130,N20,nominal,2.0NRT,280,1.07,N
52.76751,14.75918,312.58,0.41,0.37,2026-09-29,0130,N20,nominal,2.0NRT,282.14,1.16,N
53.51152,10.03862,308.55,0.39,0.37,2026-09-29,0130,N20,nominal,2.0NRT,278.11,1.02,N
53.52402,9.90073,320.47,0.4,0.37,2026-09-29,0130,N20,nominal,2.0NRT,284.6,2.99,N
53.52319,9.90663,325.65,0.4,0.37,2026-09-29,0130,N20,nominal,2.0NRT,284.33,1.39,N
53.51989,9.90532,307.74,0.4,0.37,2026-09-29,0130,N20,nominal,2.0NRT,283.14,1.39,N
52.08461,17.06478,315.36,0.48,0.4,2026-09-29,0132,N20,nominal,2.0NRT,278.76,1.67,N
50.93284,21.67354,304.09,0.5,0.49,2026-09-29,0132,N20,nominal,2.0NRT,282.36,1.65,N
52.48932,13.84089,298.52,0.4,0.37,2026-09-29,0132,N20,nominal,2.0NRT,277.01,0.34,N
50.80913,20.52896,296.49,0.45,0.47,2026-09-29,0132,N20,nominal,2.0NRT,280.25,0.89,N
51.10554,18.93976,299.8,0.39,0.44,2026-09-29,0132,N20,nominal,2.0NRT,283.93,0.65,N
51.6883,15.97822,301.07,0.45,0.39,2026-09-29,0132,N20,nominal,2.0NRT,281.9,1.48,N
51.68102,15.99525,296.1,0.45,0.39,2026-09-29,0132,N20,nominal,2.0NRT,282.26,0.42,N
53.63515,-0.24938,303.36,0.55,0.51,2026-09-29,0132,N20,nominal,2.0NRT,287.54,2.06,N
53.6347,-0.24094,296.02,0.55,0.51,2026-09-29,0132,N20,nominal,2.0NRT,284.83,1.14,N
48.74884,26.60228,296.61,0.46,0.64,2026-09-29,0132,N20,nominal,2.0NRT,281.56,0.75,N
51.83058,14.6169,326.99,0.42,0.38,2026-09-29,0132,N20,nominal,2.0NRT,278.76,3.32,N
48.74839,26.60329,297.33,0.46,0.64,2026-09-29,0132,N20,nominal,2.0NRT,282.01,0.68,N
50.79802,19.18488,318.4,0.4,0.44,2026-09-29,0132,N20,nominal,2.0NRT,283.2,1.47,N
53.57152,-0.59471,305.06,0.57,0.52,2026-09-29,0132,N20,nominal,2.0NRT,281.56,4.67,N
53.56716,-0.60428,337.23,0.57,0.52,2026-09-29,0132,N20,nominal,2.0NRT,283.27,4.67,N
53.5667,-0.59542,334.17,0.57,0.52,2026-09-29,0132,N20,nominal,2.0NRT,284.17,4.67,N
47.94047,28.65049,295.19,0.6,0.71,2026-09-29,0132,N20,nominal,2.0NRT,279.02,0.53,N
50.49257,19.46895,302.04,0.42,0.45,2026-09-29,0132,N20,nominal,2.0NRT,282.74,0.7,N
50.49127,19.4558,310.24,0.42,0.45,2026-09-29,0132,N20,nominal,2.0NRT,284.54,1.83,N
51.18118,16.11778,297.72,0.47,0.39,2026-09-29,0132,N20,nominal,2.0NRT,281.79,0.54,N
53.34014,-1.75338,297.99,0.32,0.54,2026-09-29,0132,N20,nominal,2.0NRT,282.39,1.08,N
52.16334,10.41829,320.22,0.39,0.36,2026-09-29,0132,N20,nominal,2.0NRT,282.35,2.06,N
48.97537,24.70836,310.23,0.38,0.59,2026-09-29,0132,N20,nominal,2.0NRT,280.8,1.46,N
52.16093,10.41144,312.6,0.39,0.36,2026-09-29,0132,N20,nominal,2.0NRT,281.46,1.7,N
52.16008,10.41699,301.3,0.39,0.36,2026-09-29,0132,N20,nominal,2.0NRT,280.26,1.1,N
52.15767,10.41014,322.23,0.39,0.36,2026-09-29,0132,N20,nominal,2.0NRT,281.63,1.7,N
52.15934,10.39903,299.54,0.39,0.36,2026-09-29,0132,N20,nominal,2.0NRT,283.11,1.08,N
52.15525,10.40329,347.99,0.39,0.36,2026-09-29,0132,N20,nominal,2.0NRT,284.96,5.4,N
52.15199,10.40199,338.9,0.39,0.36,2026-09-29,0132,N20,nominal,2.0NRT,284.19,5.4,N
50.34354,19.33538,299.73,0.42,0.45,2026-09-29,0132,N20,nominal,2.0NRT,283.78,1.54,N
50.34171,19.33267,299.44,0.42,0.45,2026-09-29,0132,N20,nominal,2.0NRT,284.26,0.85,N
50.34038,19.33825,296.21,0.42,0.45,2026-09-29,0132,N20,nominal,2.0NRT,286.19,0.85,N
50.34701,19.29187,302.58,0.42,0.45,2026-09-29,0132,N20,nominal,2.0NRT,283.81,1.18,N
50.33917,19.28732,302.28,0.42,0.45,2026-09-29,0132,N20,nominal,2.0NRT,284.05,1.11,N
50.33525,19.28504,307.49,0.42,0.45,2026-09-29,0132,N20,nominal,2.0NRT,286.05,1.11,N
50.33307,18.83316,295.16,0.4,0.44,2026-09-29,0132,N20,nominal,2.0NRT,282.78,0.52,N
48.97164,23.91653,311.56,0.35,0.57,2026-09-29,0132,N20,nominal,2.0NRT,278.37,0.99,N
50.41619,18.14479,299.85,0.56,0.43,2026-09-29,0132,N20,nominal,2.0NRT,284.91,1.03,N
50.03827,18.48531,309.12,0.39,0.44,2026-09-29,0132,N20,nominal,2.0NRT,285.68,1.17,N
51.27074,11.66173,305.74,0.39,0.36,2026-09-29,0132,N20,nominal,2.0NRT,284.57,0.78,N
49.68104,18.66439,314.43,0.41,0.45,2026-09-29,0132,N20,nominal,2.0NRT,283.04,1.53,N
51.51889,6.97567,325.57,0.43,0.38,2026-09-29,0132,N20,nominal,2.0NRT,276.69,2.5,N
51.51965,6.96947,312.3,0.43,0.38,2026-09-29,0132,N20,nominal,2.0NRT,277.16,2.35,N
51.48618,6.71122,306.23,0.44,0.38,2026-09-29,0132,N20,nominal,2.0NRT,260.29,2.59,N
51.48541,6.7175,302.84,0.44,0.38,2026-09-29,0132,N20,nominal,2.0NRT,260.49,2.59,N
51.48465,6.72379,297.21,0.44,0.38,2026-09-29,0132,N20,nominal,2.0NRT,262.25,2.68,N
51.48191,6.71641,333.94,0.44,0.38,2026-09-29,0132,N20,nominal,2.0NRT,260.85,2.59,N
51.48345,6.70381,304.68,0.44,0.38,2026-09-29,0132,N20,nominal,2.0NRT,260.14,1.08,N
51.48268,6.71012,303.09,0.44,0.38,2026-09-29,0132,N20,nominal,2.0NRT,259.78,2.59,N
51.48115,6.72269,319.45,0.44,0.38,2026-09-29,0132,N20,nominal,2.0NRT,261.7,2.68,N
51.46409,6.74351,299.72,0.44,0.38,2026-09-29,0132,N20,nominal,2.0NRT,264.87,0.47,N
48.62147,21.18845,298.76,0.55,0.51,2026-09-29,0132,N20,nominal,2.0NRT,280.27,1.03,N
48.61706,21.1858,299.72,0.55,0.51,2026-09-29,0132,N20,nominal,2.0NRT,282.51,1.03,N
48.61074,21.19019,323.31,0.55,0.51,2026-09-29,0132,N20,nominal,2.0NRT,285.38,2.63,N
48.60823,21.1805,333.76,0.55,0.51,2026-09-29,0132,N20,nominal,2.0NRT,284.94,5.62,N
48.60632,21.18757,296.07,0.55,0.51,2026-09-29,0132,N20,nominal,2.0NRT,282.83,2.63,N
48.6207,21.18281,295.64,0.55,0.51,2026-09-29,0132,N20,nominal,2.0NRT,279.54,0.78,N
48.61883,21.18988,303.82,0.55,0.51,2026-09-29,0132,N20,nominal,2.0NRT,282.29,1.81,N
48.61254,21.1943,295.56,0.56,0.51,2026-09-29,0132,N20,nominal,2.0NRT,283.72,1.81,N
48.60812,21.19165,322.89,0.56,0.51,2026-09-29,0132,N20,nominal,2.0NRT,284.2,3.61,N
48.60747,21.17483,324.93,0.55,0.51,2026-09-29,0132,N20,nominal,2.0NRT,281.24,3.67,N
48.60559,21.18189,298.22,0.55,0.51,2026-09-29,0132,N20,nominal,2.0NRT,281.71,3.61,N
49.8959,15.64029,297.91,0.47,0.4,2026-09-29,0132,N20,nominal,2.0NRT,284.94,0.98,N
50.65298,11.43209,305.7,0.39,0.36,2026-09-29,0132,N20,nominal,2.0NRT,282.49,1.38,N
51.17553,3.80316,299.53,0.54,0.42,2026-09-29,0132,N20,nominal,2.0NRT,259.25,1.4,N
51.17479,3.81093,314.2,0.54,0.42,2026-09-29,0132,N20,nominal,2.0NRT,260.31,1.4,N
51.17165,3.80222,303.32,0.54,0.42,2026-09-29,0132,N20,nominal,2.0NRT,259.17,1.4,N
51.17092,3.80996,300.82,0.54,0.42,2026-09-29,0132,N20,nominal,2.0NRT,259.87,1.4,N
51.16705,3.809,312.19,0.54,0.42,2026-09-29,0132,N20,nominal,2.0NRT,261.17,1.4,N
51.17507,3.80503,315.19,0.54,0.42,2026-09-29,0132,N20,nominal,2.0NRT,259.23,1.64,N
51.1743,3.81278,303.28,0.54,0.42,2026-09-29,0132,N20,nominal,2.0NRT,259.94,1.03,N
51.17119,3.8041,307.25,0.54,0.42,2026-09-29,0132,N20,nominal,2.0NRT,260.54,1.64,N
51.17043,3.81182,302.04,0.54,0.42,2026-09-29,0132,N20,nominal,2.0NRT,260.77,1.03,N
51.16732,3.80313,298.05,0.54,0.42,2026-09-29,0132,N20,nominal,2.0NRT,261.62,1.83,N
51.16656,3.81087,311.01,0.54,0.42,2026-09-29,0132,N20,nominal,2.0NRT,261.16,1.33,N
50.76287,5.67197,299.32,0.46,0.39,2026-09-29,0132,N20,nominal,2.0NRT,271.39,1.04,N
49.7691,11.02252,299.22,0.39,0.36,2026-09-29,0132,N20,nominal,2.0NRT,282.94,0.75,N
49.95614,9.76737,296.71,0.38,0.36,2026-09-29,0132,N20,nominal,2.0NRT,282.67,0.59,N
48.45889,17.19232,307.91,0.38,0.43,2026-09-29,0132,N20,nominal,2.0NRT,287.96,1.42,N
48.45697,17.19096,313.7,0.38,0.43,2026-09-29,0132,N20,nominal,2.0NRT,288.06,1.47,N
45.95095,25.27727,296.72,0.5,0.66,2026-09-29,0132,N20,nominal,2.0NRT,278.32,1.14,N
50.0148,3.39771,301.92,0.54,0.42,2026-09-29,0132,N20,nominal,2.0NRT,280.59,1.02,N
48.27828,14.34773,329.77,0.46,0.39,2026-09-29,0132,N20,nominal,2.0NRT,287.6,2.32,N
48.27949,14.34173,297.82,0.46,0.39,2026-09-29,0132,N20,nominal,2.0NRT,284.31,2.32,N
48.27722,14.33414,330.17,0.46,0.39,2026-09-29,0132,N20,nominal,2.0NRT,287.02,4.84,N
48.27601,14.34014,328.6,0.46,0.39,2026-09-29,0132,N20,nominal,2.0NRT,290.29,8.66,N
48.27842,14.32814,296.14,0.46,0.39,2026-09-29,0132,N20,nominal,2.0NRT,285.88,4.84,N
48.27253,14.33855,321.22,0.46,0.39,2026-09-29,0132,N20,nominal,2.0NRT,283.91,8.66,N
48.27494,14.32656,297.8,0.46,0.39,2026-09-29,0132,N20,nominal,2.0NRT,287.66,4.84,N
48.26209,14.3338,311.1,0.46,0.39,2026-09-29,0132,N20,nominal,2.0NRT,285.3,1.87,N
48.77825,10.70144,297.76,0.39,0.36,2026-09-29,0132,N20,nominal,2.0NRT,283.09,0.71,N
49.35919,6.74636,328.76,0.42,0.38,2026-09-29,0132,N20,nominal,2.0NRT,285.71,2.69,N
49.35845,6.7521,304.32,0.42,0.38,2026-09-29,0132,N20,nominal,2.0NRT,285.55,1.42,N
49.35577,6.74531,298.23,0.42,0.38,2026-09-29,0132,N20,nominal,2.0NRT,285.68,1.14,N
49.35309,6.7385,314.89,0.42,0.38,2026-09-29,0132,N20,nominal,2.0NRT,285.49,1.14,N
45.95306,22.86514,302.01,0.39,0.6,2026-09-29,0132,N20,nominal,2.0NRT,280.36,0.64,N
49.24386,6.8524,299.69,0.42,0.37,2026-09-29,0132,N20,nominal,2.0NRT,287.06,0.61,N
48.59904,7.82232,320.04,0.4,0.37,2026-09-29,0132,N20,nominal,2.0NRT,280.21,2.26,N
48.69264,6.96507,302.43,0.41,0.37,2026-09-29,0132,N20,nominal,2.0NRT,285.19,0.93,N
47.79035,12.17892,303.43,0.41,0.37,2026-09-29,0132,N20,nominal,2.0NRT,284.29,1.13,N
48.9748,2.15661,296,0.39,0.44,2026-09-29,0132,N20,nominal,2.0NRT,282.56,0.11,N
44.91433,22.43212,295.8,0.41,0.6,2026-09-29,0132,N20,nominal,2.0NRT,282.71,0.47,N
44.88605,22.42414,296.01,0.41,0.6,2026-09-29,0132,N20,nominal,2.0NRT,282.76,0.51,N
44.87933,22.42636,323.31,0.41,0.6,2026-09-29,0132,N20,nominal,2.0NRT,284.23,3.46,N
44.87856,22.42895,312.88,0.41,0.6,2026-09-29,0132,N20,nominal,2.0NRT,283.63,3.31,N
48.21621,6.42999,303.47,0.42,0.37,2026-09-29,0132,N20,nominal,2.0NRT,268.59,1.29,N
45.09196,20.88473,334.7,0.34,0.56,2026-09-29,0132,N20,nominal,2.0NRT,284,1.8,N
45.09082,20.88882,320.36,0.34,0.56,2026-09-29,0132,N20,nominal,2.0NRT,284,1.8,N
45.086,20.88607,298.78,0.34,0.56,2026-09-29,0132,N20,nominal,2.0NRT,282.73,1.8,N
45.03532,20.81759,300.06,0.34,0.56,2026-09-29,0132,N20,nominal,2.0NRT,281.51,0.44,N
44.16218,22.9849,307.18,0.45,0.63,2026-09-29,0132,N20,nominal,2.0NRT,279.43,2.42,N
44.15514,22.98709,330.74,0.45,0.63,2026-09-29,0132,N20,nominal,2.0NRT,280.94,2.42,N
44.16185,22.98323,306.97,0.45,0.63,2026-09-29,0132,N20,nominal,2.0NRT,279.68,2.32,N
45.10508,19.63519,321.01,0.6,0.53,2026-09-29,0132,N20,nominal,2.0NRT,281.91,3.53,N
44.15481,22.98551,328.92,0.45,0.63,2026-09-29,0132,N20,nominal,2.0NRT,280.76,4.8,N
43.96995,23.44098,295.01,0.48,0.65,2026-09-29,0132,N20,nominal,2.0NRT,278.74,3.02,N
43.96647,23.45217,299.35,0.48,0.65,2026-09-29,0132,N20,nominal,2.0NRT,278.74,2.6,N
43.96095,23.4489,339.43,0.48,0.65,2026-09-29,0132,N20,nominal,2.0NRT,280.36,2.6,N
45.07963,19.57348,304.37,0.59,0.53,2026-09-29,0132,N20,nominal,2.0NRT,282.3,3.06,N
44.95694,20.00976,317.22,0.63,0.54,2026-09-29,0132,N20,nominal,2.0NRT,278.98,2.7,N
45.07612,19.54743,307.65,0.59,0.53,2026-09-29,0132,N20,nominal,2.0NRT,281.48,1.96,N
44.59797,20.97296,296.05,0.36,0.57,2026-09-29,0132,N20,nominal,2.0NRT,280.69,0.54,N
46.22684,13.07448,300.54,0.45,0.39,2026-09-29,0132,N20,nominal,2.0NRT,287.89,1.15,N
46.06906,13.62609,305.86,0.47,0.4,2026-09-29,0132,N20,nominal,2.0NRT,286.45,0.93,N
45.70201,11.79209,307.26,0.42,0.38,2026-09-29,0132,N20,nominal,2.0NRT,284.56,0.8,N
45.70101,11.7974,296.29,0.42,0.38,2026-09-29,0132,N20,nominal,2.0NRT,285.05,0.8,N
45.51842,11.49413,301.31,0.42,0.38,2026-09-29,0132,N20,nominal,2.0NRT,285.95,1.04,N
45.51744,11.49933,309.02,0.42,0.38,2026-09-29,0132,N20,nominal,2.0NRT,286.06,1.04,N
45.38024,11.9453,298.04,0.43,0.38,2026-09-29,0132,N20,nominal,2.0NRT,286.24,1.46,N
45.63861,9.59972,300.7,0.39,0.36,2026-09-29,0134,N20,nominal,2.0NRT,286.61,0.78,N
45.51011,10.24476,301.73,0.4,0.37,2026-09-29,0134,N20,nominal,2.0NRT,289.3,0.62,N
45.46098,10.45371,324.49,0.4,0.37,2026-09-29,0134,N20,nominal,2.0NRT,291.97,22.57,N
45.4601,10.4587,307.19,0.4,0.37,2026-09-29,0134,N20,nominal,2.0NRT,289.13,4.93,N
45.47897,10.21127,328.99,0.4,0.37,2026-09-29,0134,N20,nominal,2.0NRT,288.68,3.58,N
45.14643,9.94258,337.79,0.39,0.36,2026-09-29,0134,N20,nominal,2.0NRT,292.09,6.28,N
43.54057,16.44192,300.39,0.47,0.47,2026-09-29,0134,N20,nominal,2.0NRT,287.76,0.22,N
44.37885,8.29109,301.63,0.38,0.36,2026-09-29,0134,N20,nominal,2.0NRT,287.01,0.82,N
43.36336,12.54735,300.91,0.48,0.4,2026-09-29,0134,N20,nominal,2.0NRT,284.35,0.9,N
41.55028,19.7247,298.92,0.38,0.59,2026-09-29,0134,N20,nominal,2.0NRT,286.8,0.46,N
43.79515,7.37203,317.53,0.38,0.36,2026-09-29,0134,N20,nominal,2.0NRT,289.48,1.4,N
43.82806,6.21733,328.23,0.39,0.37,2026-09-29,0134,N20,nominal,2.0NRT,283.22,4.34,N
42.57034,12.67714,300.15,0.5,0.41,2026-09-29,0134,N20,nominal,2.0NRT,287.77,0.84,N
42.77435,10.90076,298.42,0.43,0.38,2026-09-29,0134,N20,nominal,2.0NRT,286.27,0.33,N
43.44262,4.87813,333.69,0.42,0.37,2026-09-29,0134,N20,nominal,2.0NRT,255.76,4.81,N
41.47101,15.22493,314.24,0.46,0.47,2026-09-29,0134,N20,nominal,2.0NRT,282.57,1.54,N
40.51455,17.20746,299.15,0.61,0.53,2026-09-29,0134,N20,nominal,2.0NRT,287.82,1.22,N
43.54162,-5.83429,303.09,0.42,0.61,2026-09-29,0134,N20,nominal,2.0NRT,256.8,0.85,N
43.30164,-3.01555,305.69,0.6,0.53,2026-09-29,0134,N20,nominal,2.0NRT,281.84,1.28,N
43.30441,-3.0119,307.95,0.6,0.53,2026-09-29,0134,N20,nominal,2.0NRT,281.59,1.71,N
43.0429,-4.24948,318.09,0.34,0.56,2026-09-29,0134,N20,nominal,2.0NRT,282.65,1.52,N
39.09702,17.03555,302.1,0.32,0.55,2026-09-29,0134,N20,nominal,2.0NRT,285.53,0.71,N
39.09219,17.03359,310.55,0.32,0.55,2026-09-29,0134,N20,nominal,2.0NRT,285.87,0.71,N
41.87511,-4.37418,333.71,0.34,0.56,2026-09-29,0134,N20,nominal,2.0NRT,281.22,3.58,N
41.87487,-4.3701,332.78,0.34,0.56,2026-09-29,0134,N20,nominal,2.0NRT,283.36,3.58,N
40.2237,8.79882,317.34,0.41,0.37,2026-09-29,0134,N20,nominal,2.0NRT,284.26,1.36,N
40.22034,8.81767,309.22,0.41,0.37,2026-09-29,0134,N20,nominal,2.0NRT,284.16,0.9,N
38.79548,15.21115,339.65,0.53,0.5,2026-09-29,0134,N20,nominal,2.0NRT,292.07,5.93,N
38.79581,15.21063,337.41,0.53,0.5,2026-09-29,0134,N20,nominal,2.0NRT,288.18,4.55,N
38.79459,15.21571,314.19,0.53,0.5,2026-09-29,0134,N20,nominal,2.0NRT,286.24,4.55,N
39.66355,8.75862,305.15,0.41,0.37,2026-09-29,0134,N20,nominal,2.0NRT,290.24,0.58,N
39.08069,9.0175,308.97,0.42,0.38,2026-09-29,0134,N20,nominal,2.0NRT,296.87,1.83,N
37.44086,15.02692,319.26,0.56,0.51,2026-09-29,0134,N20,nominal,2.0NRT,286.41,2.71,N
37.43938,15.033,311.28,0.56,0.51,2026-09-29,0134,N20,nominal,2.0NRT,288.3,2.99,N
40.24684,-3.47706,313.31,0.59,0.53,2026-09-29,0134,N20,nominal,2.0NRT,284.12,3.48,N
37.21327,15.16817,300.75,0.58,0.52,2026-09-29,0134,N20,nominal,2.0NRT,289.9,1.12,N
37.28287,13.6549,299.13,0.48,0.48,2026-09-29,0134,N20,nominal,2.0NRT,287.92,0.6,N
37.28286,13.65262,299.18,0.48,0.48,2026-09-29,0134,N20,nominal,2.0NRT,287.9,0.69,N
36.83416,10.94883,310.29,0.54,0.42,2026-09-29,0137,N20,nominal,2.0NRT,291.35,1.08,N
36.85168,9.22248,302.19,0.46,0.39,2026-09-29,0137,N20,nominal,2.0NRT,291.49,1.03,N
36.59177,10.31551,303.82,0.51,0.41,2026-09-29,0137,N20,nominal,2.0NRT,292.24,1.04,N
36.50121,10.02444,304.36,0.5,0.41,2026-09-29,0137,N20,nominal,2.0NRT,291.8,0.72,N
36.50225,10.02841,303.83,0.5,0.41,2026-09-29,0137,N20,nominal,2.0NRT,292.02,0.76,N
38.37947,-6.48575,295.3,0.41,0.61,2026-09-29,0137,N20,nominal,2.0NRT,284.84,0.53,N
36.8816,6.95979,301.56,0.4,0.37,2026-09-29,0137,N20,nominal,2.0NRT,289.95,0.47,N
36.87798,6.94055,304.33,0.4,0.37,2026-09-29,0137,N20,nominal,2.0NRT,291.45,0.7,N
36.87722,6.94492,309.16,0.4,0.37,2026-09-29,0137,N20,nominal,2.0NRT,289.95,0.7,N
36.87048,6.9842,313.11,0.4,0.37,2026-09-29,0137,N20,nominal,2.0NRT,291.54,0.91,N
36.86504,6.95541,319.86,0.4,0.37,2026-09-29,0137,N20,nominal,2.0NRT,289.02,1.39,N
36.76381,7.30844,306.65,0.4,0.37,2026-09-29,0137,N20,nominal,2.0NRT,292.07,0.79,N
36.76047,7.30754,307.65,0.4,0.37,2026-09-29,0137,N20,nominal,2.0NRT,290.9,0.99,N
36.74765,6.2532,323.87,0.39,0.36,2026-09-29,0137,N20,nominal,2.0NRT,291.4,4.27,N
36.74694,6.25749,323.75,0.39,0.36,2026-09-29,0137,N20,nominal,2.0NRT,292.52,4.27,N
36.58012,6.96219,314.1,0.4,0.37,2026-09-29,0137,N20,nominal,2.0NRT,291.3,1.3,N
36.42937,6.62264,306.67,0.39,0.36,2026-09-29,0137,N20,nominal,2.0NRT,287.21,1.03,N
35.7744,9.89122,303.08,0.5,0.41,2026-09-29,0137,N20,nominal,2.0NRT,292.2,0.82,N
36.74875,3.08333,303.65,0.41,0.37,2026-09-29,0137,N20,nominal,2.0NRT,277.69,0.93,N
35.85129,8.59418,302.74,0.45,0.39,2026-09-29,0137,N20,nominal,2.0NRT,289.73,0.86,N
36.33344,5.48328,321.32,0.38,0.36,2026-09-29,0137,N20,nominal,2.0NRT,288.2,1.38,N
36.08703,6.80612,303.59,0.4,0.37,2026-09-29,0137,N20,nominal,2.0NRT,289.09,0.9,N
36.59506,2.88003,299.02,0.42,0.37,2026-09-29,0137,N20,nominal,2.0NRT,282.14,0.41,N
36.17916,5.57154,296.47,0.38,0.36,2026-09-29,0137,N20,nominal,2.0NRT,282.88,0.36,N
36.17589,5.57074,305.03,0.38,0.36,2026-09-29,0137,N20,nominal,2.0NRT,284.71,0.88,N
36.23717,3.24152,295.32,0.4,0.37,2026-09-29,0134,N20,nominal,2.0NRT,283.13,0.41,N
36.14046,2.92893,300.73,0.41,0.37,2026-09-29,0134,N20,nominal,2.0NRT,282.71,0.47,N
35.87819,4.4473,308.5,0.39,0.36,2026-09-29,0134,N20,nominal,2.0NRT,288.69,0.85,N
35.23433,8.17019,304.09,0.44,0.38,2026-09-29,0134,N20,nominal,2.0NRT,283.48,1.31,N
35.71025,4.47729,311.62,0.39,0.36,2026-09-29,0134,N20,nominal,2.0NRT,288.97,0.87,N
34.29758,11.40499,314.43,0.42,0.45,2026-09-29,0134,N20,nominal,2.0NRT,294.89,0.92,N
35.34951,5.76169,316.31,0.39,0.36,2026-09-29,0134,N20,nominal,2.0NRT,282.88,1.69,N
65.11082,6.78685,296.85,0.42,0.45,2026-09-29,0128,N20,nominal,2.0NRT,281.44,1.63,N
59.53175,34.14735,321.58,0.34,0.56,2026-09-29,0128,N20,nominal,2.0NRT,282.12,2.76,N
64.27032,7.19382,339,0.4,0.44,2026-09-29,0128,N20,nominal,2.0NRT,283.28,6.82,N
64.26971,7.20215,296.39,0.4,0.44,2026-09-29,0128,N20,nominal,2.0NRT,281.52,2.04,N
64.27192,7.19721,343.9,0.4,0.44,2026-09-29,0128,N20,nominal,2.0NRT,282.74,7.02,N
35.64774,-5.91378,305.77,0.36,0.58,2026-09-29,0134,N20,nominal,2.0NRT,286.28,0.58,N
63.31816,9.14403,311.46,0.52,0.42,2026-09-29,0128,N20,nominal,2.0NRT,281.87,2.63,N
60.49223,15.45131,297.08,0.39,0.36,2026-09-29,0128,N20,nominal,2.0NRT,282.54,0.83,N
60.13393,15.41932,301.83,0.38,0.36,2026-09-29,0128,N20,nominal,2.0NRT,282.78,0.53,N
56.2594,30.506,318.89,0.35,0.57,2026-09-29,0128,N20,nominal,2.0NRT,274.46,1.11,N
56.25784,30.51085,295.69,0.35,0.57,2026-09-29,0128,N20,nominal,2.0NRT,275.15,1.11,N
34.43897,2.05966,302.64,0.42,0.38,2026-09-29,0134,N20,nominal,2.0NRT,278.22,0.71,N
54.18708,28.49878,297,0.35,0.57,2026-09-29,0130,N20,nominal,2.0NRT,276.84,0.26,N
58.35661,0.85652,336.93,0.55,0.51,2026-09-29,0130,N20,nominal,2.0NRT,283.61,5.31,N
64.26846,7.20059,322.92,0.4,0.44,2026-09-29,0308,N20,nominal,2.0NRT,277.15,2.52,N
63.31945,9.14153,312.05,0.48,0.48,2026-09-29,0308,N20,nominal,2.0NRT,283.7,1.99,N
57.06001,9.97579,303.16,0.46,0.64,2026-09-29,0310,N20,nominal,2.0NRT,273.52,1.79,N
57.06013,9.97576,307.56,0.46,0.64,2026-09-29,0310,N20,nominal,2.0NRT,273.76,1.48,N
59.54803,1.53109,321.82,0.41,0.45,2026-09-29,0310,N20,nominal,2.0NRT,281.04,1.47,N
58.48053,1.2656,297.27,0.44,0.46,2026-09-29,0310,N20,nominal,2.0NRT,282.42,0.45,N
58.35364,0.86164,312.3,0.43,0.46,2026-09-29,0310,N20,nominal,2.0NRT,281.54,1.09,N
58.3527,0.862,310.89,0.43,0.46,2026-09-29,0310,N20,nominal,2.0NRT,281.86,1.14,N
53.63501,-0.24362,310.48,0.56,0.51,2026-09-29,0313,N20,nominal,2.0NRT,286.51,2.53,N
53.58042,-0.61876,296.83,0.54,0.51,2026-09-29,0313,N20,nominal,2.0NRT,283.32,1.31,N
53.56984,-0.59959,333.75,0.54,0.51,2026-09-29,0313,N20,nominal,2.0NRT,284.18,3.69,N
53.56777,-0.59223,331.99,0.54,0.51,2026-09-29,0313,N20,nominal,2.0NRT,283.76,3.69,N
53.56558,-0.60295,313.81,0.54,0.51,2026-09-29,0313,N20,nominal,2.0NRT,282.69,3.69,N
54.72444,-5.77235,300.22,0.5,0.41,2026-09-29,0313,N20,nominal,2.0NRT,278.54,1,N
51.17682,3.80728,327.01,0.48,0.65,2026-09-29,0313,N20,nominal,2.0NRT,273.2,1.94,N
51.17474,3.81337,302.44,0.48,0.65,2026-09-29,0313,N20,nominal,2.0NRT,273.77,1.94,N
51.17156,3.80267,310.78,0.48,0.65,2026-09-29,0313,N20,nominal,2.0NRT,273.84,1.94,N
51.16948,3.80879,304.53,0.48,0.65,2026-09-29,0313,N20,nominal,2.0NRT,274.04,1.94,N
52.49128,-7.37432,303.13,0.5,0.41,2026-09-29,0313,N20,nominal,2.0NRT,268.56,1.17,N
52.64197,-8.68899,299.61,0.46,0.39,2026-09-29,0313,N20,nominal,2.0NRT,273.45,0.84,N
49.47726,0.53505,298.83,0.41,0.61,2026-09-29,0313,N20,nominal,2.0NRT,283.93,1.03,N
43.52732,-5.73442,299.24,0.33,0.55,2026-09-29,0315,N20,nominal,2.0NRT,286.93,0.98,N
43.52622,-5.73037,304.57,0.33,0.55,2026-09-29,0315,N20,nominal,2.0NRT,287.12,1.09,N
43.5481,-5.85047,314.47,0.33,0.55,2026-09-29,0315,N20,nominal,2.0NRT,286.75,0.65,N
43.54709,-5.84673,300.19,0.33,0.55,2026-09-29,0315,N20,nominal,2.0NRT,286.84,0.65,N
43.05557,-4.65495,314.8,0.38,0.59,2026-09-29,0315,N20,nominal,2.0NRT,282.79,1.25,N
40.24746,-3.47507,312.94,0.53,0.67,2026-09-29,0317,N20,nominal,2.0NRT,282.64,2.18,N
45.88752,33.69563,335.44,0.47,0.64,2026-09-29,0939,N20,nominal,2.0NRT,293.63,15.73,D
45.8947,33.69777,367,0.47,0.64,2026-09-29,0939,N20,high,2.0NRT,294.43,15.73,D
45.89294,33.69217,347.67,0.47,0.64,2026-09-29,0939,N20,nominal,2.0NRT,301.83,15.73,D
46.35559,33.59963,338.06,0.46,0.64,2026-09-29,0939,N20,nominal,2.0NRT,294.04,4.26,D
46.35388,33.59413,343.55,0.46,0.64,2026-09-29,0939,N20,nominal,2.0NRT,295.22,4.16,D
46.35216,33.58861,326.4,0.46,0.64,2026-09-29,0939,N20,nominal,2.0NRT,294.29,4.16,D
46.55093,33.95677,326.52,0.44,0.62,2026-09-29,0939,N20,nominal,2.0NRT,294.19,3,D
46.5493,33.9515,334.31,0.44,0.62,2026-09-29,0939,N20,nominal,2.0NRT,294.54,3.47,D
46.12667,32.42706,367,0.53,0.67,2026-09-29,0939,N20,high,2.0NRT,294.91,21.07,D
46.12668,32.42589,355.75,0.53,0.67,2026-09-29,0939,N20,nominal,2.0NRT,295.37,16.23,D
46.91184,34.86546,328.89,0.39,0.59,2026-09-29,0939,N20,nominal,2.0NRT,294.34,3.08,D
46.91043,34.86076,336.69,0.39,0.59,2026-09-29,0939,N20,nominal,2.0NRT,296.03,3.08,D
46.8391,34.48133,336.29,0.41,0.6,2026-09-29,0939,N20,nominal,2.0NRT,295.71,3.63,D
46.83762,34.47641,327.66,0.41,0.6,2026-09-29,0939,N20,nominal,2.0NRT,295.95,3.4,D
46.68461,33.76687,329.67,0.44,0.62,2026-09-29,0939,N20,nominal,2.0NRT,293.36,4.52,D
47.14375,34.13317,330.57,0.41,0.61,2026-09-29,0939,N20,nominal,2.0NRT,292.73,1.57,D
47.48402,34.61614,332.31,0.38,0.59,2026-09-29,0939,N20,nominal,2.0NRT,295.42,1.82,D
45.986,29.94784,340.12,0.68,0.74,2026-09-29,0939,N20,nominal,2.0NRT,290.81,6.89,D
45.98869,29.94685,335.34,0.68,0.74,2026-09-29,0939,N20,nominal,2.0NRT,290.41,11.09,D
45.62251,28.8587,326.41,0.78,0.78,2026-09-29,0939,N20,nominal,2.0NRT,283.64,3.71,D
47.23853,33.58215,367,0.43,0.62,2026-09-29,0939,N20,high,2.0NRT,294.63,7.02,D
47.2369,33.57693,352.05,0.43,0.62,2026-09-29,0939,N20,nominal,2.0NRT,295.89,7.02,D
47.49335,34.39799,333.37,0.39,0.59,2026-09-29,0939,N20,nominal,2.0NRT,292.86,2.1,D
47.12944,31.35931,334.43,0.54,0.68,2026-09-29,0939,N20,nominal,2.0NRT,291.91,4.77,D
48.47534,34.35099,331.13,0.37,0.58,2026-09-29,0939,N20,nominal,2.0NRT,291.92,1.78,D
48.47467,34.34966,333.64,0.37,0.58,2026-09-29,0939,N20,nominal,2.0NRT,292.19,2.34,D
48.3238,33.34857,367,0.41,0.6,2026-09-29,0939,N20,high,2.0NRT,294.68,12.26,D
48.32223,33.34348,339.65,0.41,0.6,2026-09-29,0939,N20,nominal,2.0NRT,292.39,12.26,D
47.55875,30.50889,333.21,0.57,0.69,2026-09-29,0939,N20,nominal,2.0NRT,292.35,12.45,D
47.56684,30.51159,367,0.57,0.69,2026-09-29,0939,N20,high,2.0NRT,291.24,12.45,D
47.56455,30.50489,351.43,0.57,0.69,2026-09-29,0939,N20,nominal,2.0NRT,297.38,12.45,D
52.12856,34.07106,327.59,0.57,0.52,2026-09-29,0939,N20,nominal,2.0NRT,286.8,2.82,D
52.1292,34.07016,325.02,0.57,0.52,2026-09-29,0939,N20,nominal,2.0NRT,286.82,2.66,D
53.5869,31.70709,337.86,0.63,0.54,2026-09-29,0941,N20,nominal,2.0NRT,291.21,7.45,D
53.58886,31.70893,339.11,0.63,0.54,2026-09-29,0941,N20,nominal,2.0NRT,291.91,7.74,D
54.56453,33.16292,328.88,0.52,0.5,2026-09-29,0941,N20,nominal,2.0NRT,288.06,2.41,D
55.7969,33.04636,333.86,0.48,0.48,2026-09-29,0941,N20,nominal,2.0NRT,288.76,137.66,D
57.00779,34.69741,342.18,0.39,0.44,2026-09-29,0941,N20,nominal,2.0NRT,286.51,4.81,D
64.64333,24.43058,329.51,0.41,0.45,2026-09-29,0941,N20,nominal,2.0NRT,286.08,3.11,D
65.76734,24.18818,328.55,0.57,0.43,2026-09-29,0941,N20,nominal,2.0NRT,286.4,4.29,D
36.26226,33.73111,331.58,0.39,0.44,2026-09-29,1113,N20,nominal,2.0NRT,302.06,2.17,D
36.58742,33.29889,339.56,0.56,0.43,2026-09-29,1113,N20,nominal,2.0NRT,305.29,9.72,D
37.84221,27.29498,333.03,0.38,0.36,2026-09-29,1115,N20,nominal,2.0NRT,296.97,1.61,D
37.16641,14.01579,330.01,0.45,0.63,2026-09-29,1115,N20,nominal,2.0NRT,294.35,2.06,D
37.34749,14.29546,331.91,0.43,0.62,2026-09-29,1115,N20,nominal,2.0NRT,296.26,2.78,D
37.45232,14.20046,367,0.44,0.62,2026-09-29,1115,N20,high,2.0NRT,303.06,11.81,D
37.44882,14.19876,367,0.44,0.62,2026-09-29,1115,N20,high,2.0NRT,304.13,11.46,D
37.41688,13.79599,331.06,0.46,0.63,2026-09-29,1115,N20,nominal,2.0NRT,294.03,5.38,D
37.34763,13.39433,331.87,0.48,0.65,2026-09-29,1115,N20,nominal,2.0NRT,296.25,2.95,D
37.35346,13.39248,331.07,0.48,0.65,2026-09-29,1115,N20,nominal,2.0NRT,295.05,2.95,D
37.46254,13.33568,339.17,0.48,0.65,2026-09-29,1115,N20,nominal,2.0NRT,294.08,4.46,D
37.46097,13.33015,331.34,0.48,0.65,2026-09-29,1115,N20,nominal,2.0NRT,295.26,4.46,D
37.58594,12.91143,351.28,0.5,0.66,2026-09-29,1115,N20,nominal,2.0NRT,295.63,8.59,D
37.81837,12.97974,333.6,0.49,0.65,2026-09-29,1115,N20,nominal,2.0NRT,300.85,4.94,D
37.94649,13.36305,330.71,0.47,0.64,2026-09-29,1115,N20,nominal,2.0NRT,296.38,4.34,D
37.88923,13.04872,334.59,0.49,0.65,2026-09-29,1115,N20,nominal,2.0NRT,299.04,4.68,D
39.05315,17.03669,343.34,0.56,0.52,2026-09-29,1115,N20,nominal,2.0NRT,302.07,4.28,D
37.95774,12.80213,339.3,0.5,0.66,2026-09-29,1115,N20,nominal,2.0NRT,293.42,4.34,D
37.11433,9.9629,333.18,0.74,0.76,2026-09-29,1115,N20,nominal,2.0NRT,295.82,3.81,D
37.11409,9.9635,330.81,0.74,0.76,2026-09-29,1115,N20,nominal,2.0NRT,296.06,3.25,D
39.98734,18.12157,341.89,0.47,0.48,2026-09-29,1115,N20,nominal,2.0NRT,304.85,3.78,D
40.25172,18.15449,335.66,0.46,0.47,2026-09-29,1115,N20,nominal,2.0NRT,301.35,5.7,D
40.79364,19.80759,332.63,0.56,0.43,2026-09-29,1115,N20,nominal,2.0NRT,302.41,48.92,D
40.79609,19.79961,334.6,0.57,0.43,2026-09-29,1115,N20,nominal,2.0NRT,302.83,8.69,D
40.74118,19.4612,344.83,0.39,0.44,2026-09-29,1115,N20,nominal,2.0NRT,305.71,4.34,D
40.43645,17.66822,344.57,0.48,0.48,2026-09-29,1115,N20,nominal,2.0NRT,306.38,6.32,D
40.50826,17.94032,332.02,0.47,0.48,2026-09-29,1115,N20,nominal,2.0NRT,306.6,2.04,D
40.50945,17.93826,331.88,0.47,0.48,2026-09-29,1115,N20,nominal,2.0NRT,306.38,2.93,D
41.04841,19.51535,343.09,0.38,0.43,2026-09-29,1115,N20,nominal,2.0NRT,302.58,5.27,D
41.24023,19.99366,330.78,0.54,0.42,2026-09-29,1115,N20,nominal,2.0NRT,298.49,3.66,D
41.20813,19.58683,354.07,0.57,0.43,2026-09-29,1115,N20,nominal,2.0NRT,306.91,28.61,D
41.20708,19.58604,350.82,0.57,0.43,2026-09-29,1115,N20,nominal,2.0NRT,307.49,22.67,D
41.82169,22.14496,327.41,0.44,0.38,2026-09-29,1115,N20,nominal,2.0NRT,298.43,2.22,D
41.38643,19.57428,334.51,0.56,0.43,2026-09-29,1115,N20,nominal,2.0NRT,304.45,16.6,D
40.86543,16.58025,346.67,0.54,0.5,2026-09-29,1115,N20,nominal,2.0NRT,302.73,11.85,D
40.87138,16.58471,344.45,0.54,0.5,2026-09-29,1115,N20,nominal,2.0NRT,299.64,19.43,D
40.86459,16.57822,347.26,0.54,0.5,2026-09-29,1115,N20,nominal,2.0NRT,302.15,12.94,D
40.87062,16.58278,354.55,0.53,0.5,2026-09-29,1115,N20,nominal,2.0NRT,300.66,20.93,D
40.53697,14.91545,353.57,0.33,0.55,2026-09-29,1115,N20,nominal,2.0NRT,304.05,28.05,D
40.54277,14.91699,332.45,0.33,0.55,2026-09-29,1115,N20,nominal,2.0NRT,296.05,24.7,D
40.54181,14.91328,349.96,0.33,0.55,2026-09-29,1115,N20,nominal,2.0NRT,311.71,28.05,D
41.01082,15.85728,329.56,0.58,0.52,2026-09-29,1115,N20,nominal,2.0NRT,301.95,4.03,D
40.92876,15.48701,334.55,0.6,0.53,2026-09-29,1115,N20,nominal,2.0NRT,297.4,2.57,D
40.92702,15.48697,335.11,0.6,0.53,2026-09-29,1115,N20,nominal,2.0NRT,297.95,3.23,D
41.88603,19.52077,343.31,0.55,0.43,2026-09-29,1115,N20,nominal,2.0NRT,303.92,8.06,D
41.88008,19.39664,334.53,0.56,0.43,2026-09-29,1115,N20,nominal,2.0NRT,301.26,6.14,D
40.98994,15.38723,338.85,0.61,0.53,2026-09-29,1115,N20,nominal,2.0NRT,298.6,2.85,D
41.96905,19.44717,325.43,0.56,0.43,2026-09-29,1115,N20,nominal,2.0NRT,298.38,1.77,D
39.33335,9.09948,328.13,0.7,0.75,2026-09-29,1115,N20,nominal,2.0NRT,293.32,8.12,D
39.3423,9.10409,352.51,0.7,0.75,2026-09-29,1115,N20,nominal,2.0NRT,294.14,8.12,D
39.34276,9.0994,355.79,0.7,0.75,2026-09-29,1115,N20,nominal,2.0NRT,295.19,12.28,D
42.41814,20.58317,326.21,0.49,0.4,2026-09-29,1115,N20,nominal,2.0NRT,296.35,2.09,D
42.7017,21.17266,343.77,0.46,0.39,2026-09-29,1115,N20,nominal,2.0NRT,296.28,12.83,D
41.42842,15.34089,340.52,0.6,0.53,2026-09-29,1115,N20,nominal,2.0NRT,303.48,11.53,D
42.6347,20.67451,330.08,0.48,0.4,2026-09-29,1115,N20,nominal,2.0NRT,299.1,3.58,D
41.43198,15.21133,333.05,0.61,0.53,2026-09-29,1115,N20,nominal,2.0NRT,301.42,4.27,D
41.4307,15.21232,329.01,0.6,0.53,2026-09-29,1115,N20,nominal,2.0NRT,301.25,2.1,D
42.77483,21.05602,325.65,0.46,0.39,2026-09-29,1115,N20,low,2.0NRT,297.3,2.26,D
42.77374,21.05044,351.21,0.46,0.39,2026-09-29,1115,N20,nominal,2.0NRT,300.11,6.56,D
42.77265,21.04485,330.97,0.46,0.39,2026-09-29,1115,N20,nominal,2.0NRT,297.51,6.56,D
42.77835,21.05476,332.4,0.46,0.39,2026-09-29,1115,N20,nominal,2.0NRT,296.69,2.56,D
42.657,20.44201,336.94,0.49,0.4,2026-09-29,1115,N20,nominal,2.0NRT,295.48,1.81,D
42.76311,20.82181,328.27,0.47,0.4,2026-09-29,1115,N20,nominal,2.0NRT,296.93,3.28,D
39.95029,9.34146,329.18,0.65,0.73,2026-09-29,1115,N20,nominal,2.0NRT,294.82,3.66,D
41.73487,15.09329,333.93,0.6,0.53,2026-09-29,1115,N20,nominal,2.0NRT,301.64,3.19,D
43.23738,21.83759,330.45,0.43,0.38,2026-09-29,1115,N20,nominal,2.0NRT,292.21,3.28,D
41.73805,15.09162,334.21,0.6,0.53,2026-09-29,1115,N20,nominal,2.0NRT,301.57,2.73,D
43.90909,23.00187,335.73,0.4,0.37,2026-09-29,1115,N20,nominal,2.0NRT,299.81,2.35,D
45.25776,31.67189,334.73,0.39,0.44,2026-09-29,1115,N20,nominal,2.0NRT,292.37,7.13,D
44.18021,22.93273,335.35,0.4,0.37,2026-09-29,1115,N20,nominal,2.0NRT,303.99,3.63,D
44.28365,23.09817,330.39,0.4,0.37,2026-09-29,1115,N20,nominal,2.0NRT,296.44,5.3,D
45.3564,30.90202,325.07,0.55,0.43,2026-09-29,1115,N20,nominal,2.0NRT,289.76,2.78,D
45.35598,30.90116,327.2,0.55,0.43,2026-09-29,1115,N20,nominal,2.0NRT,290.21,2.15,D
44.4165,23.48173,326.2,0.39,0.36,2026-09-29,1115,N20,low,2.0NRT,300.05,2.49,D
44.31205,22.68517,337.99,0.4,0.37,2026-09-29,1115,N20,nominal,2.0NRT,301.2,2.73,D
44.09865,20.9697,332.83,0.45,0.39,2026-09-29,1115,N20,nominal,2.0NRT,301.93,5.83,D
44.45184,22.73441,333.06,0.4,0.37,2026-09-29,1117,N20,nominal,2.0NRT,305.38,1.83,D
45.32814,28.58023,334.23,0.45,0.39,2026-09-29,1117,N20,nominal,2.0NRT,277.51,4.28,D
45.33006,28.57762,326.31,0.45,0.39,2026-09-29,1117,N20,nominal,2.0NRT,279.1,4.39,D
45.87317,33.74112,345.21,0.5,0.49,2026-09-29,1117,N20,nominal,2.0NRT,297.9,12.08,D
45.87815,33.74697,351.32,0.5,0.49,2026-09-29,1117,N20,nominal,2.0NRT,298.4,7.77,D
45.87769,33.74049,350.26,0.5,0.49,2026-09-29,1117,N20,nominal,2.0NRT,300.55,12.08,D
45.88266,33.74633,352.82,0.5,0.49,2026-09-29,1117,N20,nominal,2.0NRT,298.93,17.2,D
45.88219,33.73986,345.69,0.5,0.49,2026-09-29,1117,N20,nominal,2.0NRT,299.2,9.67,D
45.88173,33.73339,339.6,0.5,0.49,2026-09-29,1117,N20,nominal,2.0NRT,298.28,9.67,D
44.68691,23.06654,331.85,0.39,0.37,2026-09-29,1117,N20,nominal,2.0NRT,296.57,2.61,D
44.72725,23.22333,328.73,0.39,0.36,2026-09-29,1117,N20,nominal,2.0NRT,290.13,1.8,D
44.73216,23.23193,326.55,0.39,0.36,2026-09-29,1117,N20,nominal,2.0NRT,292.57,1.69,D
44.73135,23.22709,327.03,0.39,0.36,2026-09-29,1117,N20,nominal,2.0NRT,290.81,1.69,D
44.78059,23.21087,325.41,0.39,0.36,2026-09-29,1117,N20,nominal,2.0NRT,294.98,1.07,D
44.74662,22.368,356.27,0.41,0.37,2026-09-29,1117,N20,nominal,2.0NRT,300.64,11.19,D
44.74728,22.36568,326.7,0.41,0.37,2026-09-29,1117,N20,nominal,2.0NRT,293.99,2.21,D
45.85332,30.1822,338.36,0.52,0.41,2026-09-29,1117,N20,nominal,2.0NRT,296.99,4.11,D
44.52765,21.0121,335.24,0.44,0.38,2026-09-29,1117,N20,nominal,2.0NRT,303.89,4.05,D
44.38449,20.17775,333.93,0.47,0.4,2026-09-29,1117,N20,nominal,2.0NRT,299.23,3.95,D
45.81222,29.05856,331.7,0.47,0.4,2026-09-29,1117,N20,nominal,2.0NRT,283.32,3.1,D
44.87202,22.44814,326.78,0.4,0.37,2026-09-29,1117,N20,nominal,2.0NRT,289.81,2.3,D
44.88431,22.43816,329.2,0.4,0.37,2026-09-29,1117,N20,nominal,2.0NRT,292.25,2.26,D
44.90227,22.48054,343.47,0.4,0.37,2026-09-29,1117,N20,nominal,2.0NRT,292.73,7.76,D
44.61065,20.69259,329.94,0.45,0.39,2026-09-29,1117,N20,nominal,2.0NRT,298.84,2.73,D
42.96548,13.44947,329.78,0.34,0.56,2026-09-29,1117,N20,nominal,2.0NRT,292.38,2.5,D
44.69498,20.98146,336.21,0.44,0.38,2026-09-29,1117,N20,nominal,2.0NRT,297.93,3.51,D
44.59898,19.98499,340.47,0.47,0.4,2026-09-29,1117,N20,nominal,2.0NRT,301.92,3.78,D
44.87478,20.91636,330.03,0.44,0.38,2026-09-29,1117,N20,low,2.0NRT,302.94,1.83,D
44.88165,20.91383,339.45,0.44,0.38,2026-09-29,1117,N20,nominal,2.0NRT,303.98,5.02,D
46.56608,33.88383,340.02,0.51,0.5,2026-09-29,1117,N20,nominal,2.0NRT,296.28,8.72,D
44.96352,21.21583,347.99,0.43,0.38,2026-09-29,1117,N20,nominal,2.0NRT,305.31,5.32,D
46.57114,33.88997,367,0.51,0.5,2026-09-29,1117,N20,high,2.0NRT,300.08,8.72,D
46.57209,33.90355,337.37,0.51,0.5,2026-09-29,1117,N20,nominal,2.0NRT,297.22,6.13,D
46.57162,33.89677,349.07,0.51,0.5,2026-09-29,1117,N20,nominal,2.0NRT,298.26,6.13,D
46.57066,33.88319,339.22,0.51,0.5,2026-09-29,1117,N20,nominal,2.0NRT,297.55,8.72,D
46.5762,33.89614,351.57,0.51,0.5,2026-09-29,1117,N20,nominal,2.0NRT,298.39,12.41,D
46.57571,33.88935,354.15,0.51,0.5,2026-09-29,1117,N20,nominal,2.0NRT,299.53,16.5,D
44.98247,21.25962,336.58,0.43,0.38,2026-09-29,1117,N20,nominal,2.0NRT,305.04,3.86,D
46.56592,33.88351,338.32,0.51,0.5,2026-09-29,1117,N20,nominal,2.0NRT,296,4.45,D
46.57094,33.88966,367,0.51,0.5,2026-09-29,1117,N20,high,2.0NRT,299.46,11.64,D
46.57183,33.90326,337.1,0.51,0.5,2026-09-29,1117,N20,nominal,2.0NRT,297.48,7.36,D
46.57138,33.89646,348.14,0.51,0.5,2026-09-29,1117,N20,nominal,2.0NRT,298.3,11.64,D
46.5705,33.88287,339.26,0.51,0.5,2026-09-29,1117,N20,nominal,2.0NRT,297.14,11,D
46.57597,33.89583,352.93,0.51,0.5,2026-09-29,1117,N20,nominal,2.0NRT,298,11.64,D
46.57552,33.88902,353.52,0.51,0.5,2026-09-29,1117,N20,nominal,2.0NRT,299.68,11.64,D
45.00521,21.21552,344.45,0.43,0.38,2026-09-29,1117,N20,nominal,2.0NRT,304.76,4.54,D
45.00508,21.17589,337.79,0.43,0.38,2026-09-29,1117,N20,nominal,2.0NRT,303.62,3.01,D
45.00848,21.17463,339.81,0.43,0.38,2026-09-29,1117,N20,low,2.0NRT,312.5,12.96,D
45.00749,21.16932,348.88,0.43,0.38,2026-09-29,1117,N20,nominal,2.0NRT,306.65,12.96,D
45.01088,21.16806,330.69,0.43,0.38,2026-09-29,1117,N20,low,2.0NRT,304.64,12.96,D
45.00834,21.1349,330.33,0.43,0.38,2026-09-29,1117,N20,nominal,2.0NRT,304.61,2.54,D
45.01174,21.13363,339.7,0.43,0.38,2026-09-29,1117,N20,nominal,2.0NRT,305.77,2.54,D
45.01514,21.13236,345.17,0.43,0.38,2026-09-29,1117,N20,nominal,2.0NRT,306.32,9.89,D
45.01415,21.12704,338.22,0.43,0.38,2026-09-29,1117,N20,nominal,2.0NRT,306.29,12.38,D
45.01316,21.12172,355.51,0.43,0.38,2026-09-29,1117,N20,nominal,2.0NRT,307.29,12.38,D
45.01756,21.12577,351.85,0.43,0.38,2026-09-29,1117,N20,nominal,2.0NRT,306.29,12.38,D
45.03873,21.22009,338.79,0.43,0.38,2026-09-29,1117,N20,nominal,2.0NRT,305.26,6.61,D
45.04212,21.21884,355.61,0.43,0.38,2026-09-29,1117,N20,nominal,2.0NRT,305.82,6.61,D
45.04551,21.21758,331.34,0.43,0.38,2026-09-29,1117,N20,low,2.0NRT,304.21,3.73,D
44.8089,19.98095,333.54,0.47,0.4,2026-09-29,1117,N20,low,2.0NRT,304.44,1.72,D
45.04596,21.20041,339.9,0.43,0.38,2026-09-29,1117,N20,nominal,2.0NRT,305.19,4.12,D
45.0572,21.24156,335.34,0.43,0.38,2026-09-29,1117,N20,nominal,2.0NRT,305.57,3.41,D
45.05034,21.20446,334.35,0.43,0.38,2026-09-29,1117,N20,nominal,2.0NRT,303.66,10.25,D
45.04936,21.19916,352.77,0.43,0.38,2026-09-29,1117,N20,nominal,2.0NRT,307.36,10.25,D
45.06059,21.2403,332.72,0.43,0.38,2026-09-29,1117,N20,nominal,2.0NRT,300.66,3.41,D
44.83563,20.02017,333.22,0.47,0.4,2026-09-29,1117,N20,nominal,2.0NRT,305.53,2.66,D
44.79787,19.82877,332.55,0.48,0.4,2026-09-29,1117,N20,nominal,2.0NRT,304.91,2.36,D
44.83803,20.01303,333.5,0.47,0.4,2026-09-29,1117,N20,low,2.0NRT,305,7.53,D
44.84381,20.02317,334.98,0.47,0.4,2026-09-29,1117,N20,low,2.0NRT,306.6,3.06,D
44.85633,20.06777,333.9,0.47,0.39,2026-09-29,1117,N20,low,2.0NRT,303.93,5.44,D
44.84621,20.01604,336.87,0.47,0.4,2026-09-29,1117,N20,nominal,2.0NRT,304.02,1.93,D
44.81578,19.78382,335.97,0.48,0.4,2026-09-29,1117,N20,nominal,2.0NRT,304.79,6.55,D
44.8205,19.78828,332.99,0.48,0.4,2026-09-29,1117,N20,nominal,2.0NRT,302.02,6.55,D
44.81534,19.7823,342.7,0.48,0.4,2026-09-29,1117,N20,nominal,2.0NRT,303.59,7.03,D
44.82007,19.78676,345.04,0.48,0.4,2026-09-29,1117,N20,nominal,2.0NRT,302.74,5.56,D
44.92008,20.07806,338.31,0.46,0.39,2026-09-29,1117,N20,nominal,2.0NRT,304.38,3.27,D
44.88374,19.85612,330.92,0.47,0.4,2026-09-29,1117,N20,nominal,2.0NRT,303.43,1.94,D
44.88729,19.85473,334.82,0.47,0.4,2026-09-29,1117,N20,nominal,2.0NRT,304.17,4.6,D
44.90464,19.92299,331.49,0.47,0.4,2026-09-29,1117,N20,nominal,2.0NRT,303.27,3.56,D
45.01754,20.48259,341.72,0.45,0.39,2026-09-29,1117,N20,nominal,2.0NRT,305.4,3.65,D
45.04114,20.58642,332.84,0.45,0.39,2026-09-29,1117,N20,nominal,2.0NRT,302.07,2.69,D
45.02101,20.48126,338.35,0.45,0.39,2026-09-29,1117,N20,nominal,2.0NRT,306.04,3.65,D
46.81749,34.93286,344.32,0.58,0.52,2026-09-29,1117,N20,nominal,2.0NRT,297.84,5.59,D
44.9247,19.90888,351.25,0.47,0.4,2026-09-29,1117,N20,nominal,2.0NRT,306.78,11.38,D
44.92937,19.91329,332,0.47,0.4,2026-09-29,1117,N20,low,2.0NRT,304.91,2.23,D
44.92823,19.90749,331.05,0.47,0.4,2026-09-29,1117,N20,low,2.0NRT,302.97,2.23,D
46.83251,34.47832,340.59,0.55,0.51,2026-09-29,1117,N20,nominal,2.0NRT,297.43,8.86,D
44.90207,19.65904,335.06,0.48,0.4,2026-09-29,1117,N20,nominal,2.0NRT,304.4,9.96,D
44.90564,19.65761,332.47,0.48,0.4,2026-09-29,1117,N20,nominal,2.0NRT,302.29,9.96,D
44.90261,19.663,336.2,0.48,0.4,2026-09-29,1117,N20,nominal,2.0NRT,303.22,4.33,D
44.90617,19.66158,336.91,0.48,0.4,2026-09-29,1117,N20,nominal,2.0NRT,302.49,24.99,D
46.83353,34.47647,344.23,0.55,0.51,2026-09-29,1117,N20,nominal,2.0NRT,299.11,7.87,D
44.88879,19.42389,332.86,0.49,0.4,2026-09-29,1117,N20,low,2.0NRT,303.02,6.3,D
44.95011,19.55449,337.75,0.48,0.4,2026-09-29,1117,N20,nominal,2.0NRT,303.73,5.85,D
44.88985,19.18004,343.68,0.5,0.41,2026-09-29,1117,N20,nominal,2.0NRT,305.59,14.65,D
46.93651,34.67234,346.83,0.56,0.52,2026-09-29,1117,N20,nominal,2.0NRT,299.53,6.69,D
46.94129,34.67178,341.67,0.56,0.52,2026-09-29,1117,N20,nominal,2.0NRT,297.65,6.69,D
45.06752,19.9299,333.02,0.47,0.4,2026-09-29,1117,N20,low,2.0NRT,304.27,3.08,D
46.93623,34.67163,346.82,0.56,0.52,2026-09-29,1117,N20,nominal,2.0NRT,299.74,8.34,D
45.22784,20.69296,332.86,0.44,0.38,2026-09-29,1117,N20,low,2.0NRT,304.56,1.76,D
46.94101,34.67104,341.81,0.56,0.52,2026-09-29,1117,N20,nominal,2.0NRT,297.62,8.34,D
45.00863,19.5423,333.32,0.48,0.4,2026-09-29,1117,N20,nominal,2.0NRT,303.39,2.99,D
45.00742,19.53635,344.16,0.48,0.4,2026-09-29,1117,N20,nominal,2.0NRT,307.72,11.34,D
45.22769,20.63433,337.81,0.44,0.38,2026-09-29,1117,N20,nominal,2.0NRT,303.78,3.31,D
45.22664,20.62884,332.5,0.44,0.39,2026-09-29,1117,N20,nominal,2.0NRT,303.72,1.84,D
45.23008,20.62753,343.19,0.44,0.39,2026-09-29,1117,N20,nominal,2.0NRT,305.08,18.85,D
45.23561,20.63718,332.85,0.44,0.38,2026-09-29,1117,N20,nominal,2.0NRT,302.33,9.74,D
45.23457,20.6317,347.5,0.44,0.38,2026-09-29,1117,N20,nominal,2.0NRT,306.49,9.74,D
45.03598,19.50564,347.53,0.48,0.4,2026-09-29,1117,N20,nominal,2.0NRT,305.83,4.97,D
45.03835,19.49825,336.75,0.48,0.4,2026-09-29,1117,N20,nominal,2.0NRT,305.23,4.07,D
45.03715,19.49228,344.7,0.48,0.4,2026-09-29,1117,N20,nominal,2.0NRT,307.44,4.07,D
45.0309,19.3846,337.64,0.49,0.4,2026-09-29,1117,N20,low,2.0NRT,309.01,20.91,D
45.06815,19.47343,339.34,0.48,0.4,2026-09-29,1117,N20,nominal,2.0NRT,307.19,4.27,D
45.05732,19.41948,336.69,0.49,0.4,2026-09-29,1117,N20,nominal,2.0NRT,307.19,4.98,D
45.06452,19.43605,345.71,0.49,0.4,2026-09-29,1117,N20,nominal,2.0NRT,306.76,10.39,D
45.06091,19.41804,337.67,0.49,0.4,2026-09-29,1117,N20,nominal,2.0NRT,305.71,10.16,D
45.0991,19.5899,333.84,0.48,0.4,2026-09-29,1117,N20,nominal,2.0NRT,304.82,3.04,D
45.07767,19.44372,333.17,0.49,0.4,2026-09-29,1117,N20,nominal,2.0NRT,302.93,2.32,D
45.10272,19.55006,344.83,0.48,0.4,2026-09-29,1117,N20,nominal,2.0NRT,305.04,4.88,D
45.10035,19.51877,335.47,0.48,0.4,2026-09-29,1117,N20,nominal,2.0NRT,306.48,2.84,D
45.05825,19.30818,336.76,0.49,0.4,2026-09-29,1117,N20,low,2.0NRT,309.7,23.83,D
45.10221,19.54919,335.3,0.48,0.4,2026-09-29,1117,N20,nominal,2.0NRT,304.58,7.68,D
45.09972,19.51798,334.56,0.48,0.4,2026-09-29,1117,N20,nominal,2.0NRT,306.44,3.5,D
45.05672,19.3079,337.88,0.49,0.4,2026-09-29,1117,N20,low,2.0NRT,308.59,7.36,D
45.09963,19.49861,346.83,0.48,0.4,2026-09-29,1117,N20,nominal,2.0NRT,311.39,30.99,D
45.06032,19.30645,334.82,0.49,0.4,2026-09-29,1117,N20,low,2.0NRT,308.36,7.36,D
45.05881,19.26114,345.58,0.49,0.41,2026-09-29,1117,N20,nominal,2.0NRT,306.17,21.85,D
45.05756,19.25508,339.05,0.49,0.41,2026-09-29,1117,N20,nominal,2.0NRT,310.65,21.85,D
45.1186,19.45881,343.85,0.48,0.4,2026-09-29,1117,N20,nominal,2.0NRT,304.97,5.9,D
45.11739,19.45281,340.94,0.48,0.4,2026-09-29,1117,N20,nominal,2.0NRT,304.4,5.9,D
45.12218,19.45741,340.59,0.48,0.4,2026-09-29,1117,N20,nominal,2.0NRT,303.24,5.9,D
45.10487,19.31484,347.35,0.49,0.4,2026-09-29,1117,N20,nominal,2.0NRT,310.05,12.15,D
45.10848,19.31346,337.16,0.49,0.4,2026-09-29,1117,N20,nominal,2.0NRT,303.61,12.15,D
46.8692,31.39082,342.24,0.4,0.44,2026-09-29,1117,N20,nominal,2.0NRT,299.21,2.76,D
47.10421,34.20739,341.36,0.54,0.51,2026-09-29,1117,N20,nominal,2.0NRT,298.3,11.82,D
45.30444,20.06946,335.18,0.46,0.39,2026-09-29,1117,N20,nominal,2.0NRT,305.04,3.79,D
45.46941,20.71977,333.29,0.44,0.38,2026-09-29,1117,N20,nominal,2.0NRT,306.54,2.39,D
47.24781,34.89631,333.95,0.58,0.52,2026-09-29,1117,N20,nominal,2.0NRT,298.12,4.87,D
44.87672,17.3392,335.46,0.4,0.44,2026-09-29,1117,N20,nominal,2.0NRT,298.11,3.32,D
47.23698,33.57806,342.42,0.5,0.49,2026-09-29,1117,N20,nominal,2.0NRT,297.53,10.17,D
47.24152,33.57743,345.67,0.5,0.49,2026-09-29,1117,N20,nominal,2.0NRT,297.33,11.9,D
45.7771,21.53291,334.35,0.41,0.37,2026-09-29,1117,N20,nominal,2.0NRT,306.78,4.2,D
45.78138,21.53687,336.98,0.41,0.37,2026-09-29,1117,N20,nominal,2.0NRT,304.99,4.46,D
45.46317,19.70567,334.15,0.47,0.4,2026-09-29,1117,N20,nominal,2.0NRT,304.54,1.83,D
45.46335,19.70276,335.94,0.47,0.4,2026-09-29,1117,N20,nominal,2.0NRT,305.62,3.98,D
45.4704,19.69994,345.31,0.47,0.4,2026-09-29,1117,N20,nominal,2.0NRT,307.33,14.09,D
45.47977,19.70874,341,0.47,0.4,2026-09-29,1117,N20,nominal,2.0NRT,304.77,5.31,D
44.86191,16.81999,332.8,0.42,0.45,2026-09-29,1117,N20,nominal,2.0NRT,297.12,2.89,D
45.52339,19.1244,334.17,0.49,0.4,2026-09-29,1117,N20,nominal,2.0NRT,302.56,3.37,D
47.38265,32.20753,331.96,0.44,0.46,2026-09-29,1117,N20,nominal,2.0NRT,295.4,2.72,D
46.428,24.00949,325.43,0.38,0.36,2026-09-29,1117,N20,low,2.0NRT,298.59,2.63,D
46.65743,24.80524,328.14,0.39,0.36,2026-09-29,1117,N20,nominal,2.0NRT,297.41,1.82,D
46.32794,21.12796,342.06,0.42,0.37,2026-09-29,1117,N20,nominal,2.0NRT,310.69,9.9,D
46.32698,21.12268,335.02,0.42,0.37,2026-09-29,1117,N20,nominal,2.0NRT,306.81,9.9,D
46.3313,21.12669,341.34,0.42,0.37,2026-09-29,1117,N20,nominal,2.0NRT,308.07,9.9,D
46.33033,21.12141,341.89,0.42,0.37,2026-09-29,1117,N20,nominal,2.0NRT,307.89,9.9,D
47.66014,29.50093,331.99,0.51,0.41,2026-09-29,1117,N20,nominal,2.0NRT,300.07,18.45,D
46.58615,21.27306,340.91,0.41,0.37,2026-09-29,1117,N20,nominal,2.0NRT,304.02,2.11,D
47.90465,29.79381,332.91,0.53,0.42,2026-09-29,1117,N20,nominal,2.0NRT,298.65,6.45,D
47.29623,22.74086,332.07,0.39,0.36,2026-09-29,1117,N20,nominal,2.0NRT,298.64,2.43,D
47.23125,21.5175,336.61,0.4,0.37,2026-09-29,1117,N20,nominal,2.0NRT,302.51,2.03,D
48.4783,29.88871,338.42,0.54,0.42,2026-09-29,1117,N20,nominal,2.0NRT,300.56,60.47,D
48.48217,29.88787,334.72,0.54,0.42,2026-09-29,1117,N20,nominal,2.0NRT,302.55,60.47,D
48.48146,29.88057,351.36,0.54,0.42,2026-09-29,1117,N20,nominal,2.0NRT,313.62,60.47,D
48.48074,29.87332,337.99,0.54,0.42,2026-09-29,1117,N20,nominal,2.0NRT,307.26,57.02,D
48.48534,29.87974,348.45,0.54,0.42,2026-09-29,1117,N20,nominal,2.0NRT,305.13,28.92,D
48.47847,29.88809,339.13,0.54,0.42,2026-09-29,1117,N20,nominal,2.0NRT,302.48,17.69,D
48.47711,29.87351,342.81,0.54,0.42,2026-09-29,1117,N20,nominal,2.0NRT,297.47,129.81,D
48.48235,29.88724,334.73,0.54,0.42,2026-09-29,1117,N20,nominal,2.0NRT,301.71,13.46,D
48.48167,29.87993,350.78,0.54,0.42,2026-09-29,1117,N20,nominal,2.0NRT,314.38,39.79,D
48.48099,29.87267,342.56,0.54,0.42,2026-09-29,1117,N20,nominal,2.0NRT,302.23,39.79,D
48.48555,29.8791,344.39,0.54,0.42,2026-09-29,1117,N20,nominal,2.0NRT,302.41,39.79,D
47.40245,21.636,342.46,0.4,0.37,2026-09-29,1117,N20,nominal,2.0NRT,302.47,2.64,D
47.83036,22.9443,334.21,0.39,0.36,2026-09-29,1117,N20,nominal,2.0NRT,300.56,3.56,D
48.49226,26.80443,328.33,0.43,0.38,2026-09-29,1117,N20,nominal,2.0NRT,299.95,2.49,D
45.1422,9.94614,327.47,0.42,0.61,2026-09-29,1117,N20,nominal,2.0NRT,295.56,1.68,D
47.77538,20.94149,337.59,0.41,0.37,2026-09-29,1117,N20,nominal,2.0NRT,300.35,4.91,D
47.77632,20.94679,356.16,0.41,0.37,2026-09-29,1117,N20,low,2.0NRT,301.36,8.33,D
47.78058,20.95079,339.29,0.41,0.37,2026-09-29,1117,N20,nominal,2.0NRT,301.54,8.33,D
47.77964,20.94549,353.19,0.41,0.37,2026-09-29,1117,N20,nominal,2.0NRT,301.54,8.33,D
47.7787,20.94019,355.3,0.41,0.37,2026-09-29,1117,N20,nominal,2.0NRT,301.42,4.91,D
47.77776,20.93489,338.11,0.41,0.37,2026-09-29,1117,N20,nominal,2.0NRT,301.22,4.91,D
49.06265,30.57952,325.07,0.39,0.44,2026-09-29,1117,N20,nominal,2.0NRT,294.47,2.31,D
47.78013,20.92828,348.3,0.41,0.37,2026-09-29,1117,N20,nominal,2.0NRT,300.15,7.2,D
47.78295,20.94419,356.52,0.41,0.37,2026-09-29,1117,N20,low,2.0NRT,299.73,5.88,D
47.78107,20.93359,356.52,0.41,0.37,2026-09-29,1117,N20,low,2.0NRT,300.84,9.54,D
47.78344,20.92698,356.07,0.41,0.37,2026-09-29,1117,N20,nominal,2.0NRT,300.49,7.2,D
47.78439,20.93228,355.05,0.41,0.37,2026-09-29,1117,N20,low,2.0NRT,302.25,9.54,D
47.78864,20.93628,344.59,0.41,0.37,2026-09-29,1117,N20,nominal,2.0NRT,301.23,4.96,D
47.91843,21.66265,346.85,0.39,0.37,2026-09-29,1117,N20,nominal,2.0NRT,300.4,2.77,D
47.7929,20.94028,346.71,0.41,0.37,2026-09-29,1117,N20,nominal,2.0NRT,301.3,4.61,D
47.79196,20.93498,355.56,0.41,0.37,2026-09-29,1117,N20,nominal,2.0NRT,300.77,4.96,D
47.79102,20.92968,343.34,0.41,0.37,2026-09-29,1117,N20,nominal,2.0NRT,301.34,4.96,D
47.79621,20.93898,355.91,0.41,0.37,2026-09-29,1117,N20,nominal,2.0NRT,301.61,10.23,D
47.79527,20.93368,354.85,0.41,0.37,2026-09-29,1117,N20,nominal,2.0NRT,301.47,4.73,D
47.79433,20.92838,348.47,0.41,0.37,2026-09-29,1117,N20,nominal,2.0NRT,301.49,4.73,D
47.79859,20.93238,344.14,0.41,0.37,2026-09-29,1117,N20,nominal,2.0NRT,302.29,4.73,D
47.97183,21.86017,336.38,0.39,0.36,2026-09-29,1117,N20,nominal,2.0NRT,298.6,2.01,D
48.10314,21.69739,340.08,0.39,0.36,2026-09-29,1117,N20,nominal,2.0NRT,299.65,1.65,D
48.363,22.68836,345.86,0.39,0.36,2026-09-29,1117,N20,nominal,2.0NRT,301.75,5.31,D
48.36625,22.68719,335.43,0.39,0.36,2026-09-29,1117,N20,nominal,2.0NRT,297.35,1.08,D
48.09113,20.73021,334.61,0.41,0.37,2026-09-29,1117,N20,nominal,2.0NRT,295.96,2.68,D
48.15097,20.82376,340.86,0.41,0.37,2026-09-29,1117,N20,nominal,2.0NRT,301.42,2.23,D
48.28068,21.46479,346.16,0.4,0.37,2026-09-29,1117,N20,nominal,2.0NRT,304.31,5.84,D
48.23842,20.71284,335.27,0.41,0.37,2026-09-29,1117,N20,nominal,2.0NRT,299.42,2.49,D
48.24217,20.69416,339.74,0.41,0.37,2026-09-29,1117,N20,nominal,2.0NRT,299.88,1.42,D
48.24549,20.69283,336.94,0.41,0.37,2026-09-29,1117,N20,nominal,2.0NRT,300.65,1.42,D
47.66924,17.65214,333.05,0.5,0.41,2026-09-29,1117,N20,nominal,2.0NRT,299.65,4.34,D
48.34627,20.8163,330.74,0.4,0.37,2026-09-29,1117,N20,nominal,2.0NRT,298.07,3.73,D
48.60852,21.17929,326.89,0.4,0.37,2026-09-29,1117,N20,low,2.0NRT,300.97,2.92,D
48.61689,21.18725,338.07,0.4,0.37,2026-09-29,1117,N20,nominal,2.0NRT,301.5,3.33,D
48.60619,21.08447,339.09,0.4,0.37,2026-09-29,1117,N20,nominal,2.0NRT,302.07,2.05,D
49.31167,25.53169,341.81,0.41,0.37,2026-09-29,1117,N20,nominal,2.0NRT,300.99,6.62,D
49.31095,25.52613,354.63,0.41,0.37,2026-09-29,1117,N20,nominal,2.0NRT,305.83,16.89,D
49.7026,28.27815,329.56,0.49,0.4,2026-09-29,1117,N20,nominal,2.0NRT,292.46,2.52,D
48.53607,17.22471,342.11,0.5,0.41,2026-09-29,1117,N20,nominal,2.0NRT,309.91,25.98,D
48.53968,17.223,344.37,0.5,0.41,2026-09-29,1117,N20,nominal,2.0NRT,298.75,25.98,D
48.5368,17.22342,338.04,0.5,0.41,2026-09-29,1117,N20,nominal,2.0NRT,313.02,59.59,D
50.12597,26.73921,329.61,0.44,0.39,2026-09-29,1117,N20,nominal,2.0NRT,291.42,2.97,D
50.75957,30.23343,333.36,0.39,0.44,2026-09-29,1117,N20,nominal,2.0NRT,289.41,2.25,D
50.7592,30.23196,330.69,0.4,0.44,2026-09-29,1117,N20,nominal,2.0NRT,288.61,2.07,D
48.2735,14.33979,343.41,0.44,0.46,2026-09-29,1117,N20,nominal,2.0NRT,303.58,5.54,D
48.27752,14.33762,345.42,0.44,0.46,2026-09-29,1117,N20,nominal,2.0NRT,300.14,5.54,D
51.13455,34.88076,328.42,0.63,0.54,2026-09-29,1117,N20,nominal,2.0NRT,289.21,3.56,D
51.13956,34.88025,338.43,0.63,0.54,2026-09-29,1117,N20,nominal,2.0NRT,290.4,5.86,D
49.94104,21.85267,345.24,0.39,0.36,2026-09-29,1117,N20,nominal,2.0NRT,294.27,2.93,D
51.34355,34.52792,338.28,0.61,0.53,2026-09-29,1117,N20,nominal,2.0NRT,291.19,7.15,D
51.3485,34.52736,338.33,0.61,0.53,2026-09-29,1117,N20,nominal,2.0NRT,290.34,7.15,D
51.34937,34.52797,340.64,0.61,0.53,2026-09-29,1117,N20,nominal,2.0NRT,289.66,9.31,D
50.94617,27.96014,330.31,0.49,0.4,2026-09-29,1117,N20,nominal,2.0NRT,288.55,12.03,D
51.24544,29.86331,341.35,0.39,0.44,2026-09-29,1117,N20,nominal,2.0NRT,296.45,5.38,D
50.22466,21.29144,343.41,0.39,0.36,2026-09-29,1117,N20,nominal,2.0NRT,295.25,5.33,D
49.85913,18.28064,330.42,0.44,0.39,2026-09-29,1117,N20,nominal,2.0NRT,296.64,3.52,D
50.28244,20.51215,332.67,0.4,0.37,2026-09-29,1117,N20,nominal,2.0NRT,297.37,3.07,D
50.26237,20.13523,341.3,0.4,0.37,2026-09-29,1117,N20,nominal,2.0NRT,297.95,6.71,D
50.17037,19.423,353.16,0.41,0.37,2026-09-29,1117,N20,nominal,2.0NRT,295.44,8.06,D
50.33375,19.99087,345.47,0.4,0.37,2026-09-29,1117,N20,nominal,2.0NRT,294.83,3.79,D
50.33612,19.28982,338.38,0.41,0.37,2026-09-29,1119,N20,nominal,2.0NRT,299.06,3.85,D
50.3697,19.33593,345.92,0.41,0.37,2026-09-29,1119,N20,nominal,2.0NRT,295.7,8.49,D
50.49079,19.46886,329.48,0.41,0.37,2026-09-29,1119,N20,nominal,2.0NRT,295.12,1.83,D
50.48161,19.41823,328.87,0.41,0.37,2026-09-29,1119,N20,nominal,2.0NRT,295.6,1.22,D
50.6028,19.71181,338.84,0.4,0.37,2026-09-29,1119,N20,nominal,2.0NRT,292.79,2.4,D
50.72566,20.39158,345.35,0.39,0.36,2026-09-29,1119,N20,nominal,2.0NRT,296.76,4.19,D
50.72472,20.38614,336.46,0.39,0.36,2026-09-29,1119,N20,nominal,2.0NRT,296.62,2.08,D
50.73079,20.40103,337.75,0.39,0.36,2026-09-29,1119,N20,nominal,2.0NRT,296.72,3.56,D
50.71878,19.94701,338.59,0.4,0.37,2026-09-29,1119,N20,nominal,2.0NRT,298.32,44.73,D
50.72205,19.94558,336.61,0.4,0.37,2026-09-29,1119,N20,nominal,2.0NRT,299.45,34.02,D
50.81603,19.90885,330.22,0.4,0.37,2026-09-29,1119,N20,nominal,2.0NRT,295.34,2.68,D
50.73568,19.41606,345.85,0.41,0.37,2026-09-29,1119,N20,nominal,2.0NRT,295.01,3.55,D
50.73468,19.41046,339.67,0.41,0.37,2026-09-29,1119,N20,nominal,2.0NRT,294.97,3.41,D
50.73999,19.42018,335.17,0.41,0.37,2026-09-29,1119,N20,nominal,2.0NRT,293.07,6.26,D
50.73899,19.41457,355.81,0.41,0.37,2026-09-29,1119,N20,nominal,2.0NRT,296.49,6.26,D
50.92921,20.0234,343.98,0.4,0.37,2026-09-29,1119,N20,nominal,2.0NRT,295.44,3.84,D
50.9165,19.9102,337.29,0.4,0.37,2026-09-29,1119,N20,nominal,2.0NRT,294.17,1.85,D
50.3525,16.61861,328.75,0.49,0.4,2026-09-29,1119,N20,nominal,2.0NRT,294.71,2.88,D
51.01378,19.54491,336.21,0.4,0.37,2026-09-29,1119,N20,nominal,2.0NRT,293.5,2.02,D
52.57955,32.02771,332.58,0.49,0.48,2026-09-29,1119,N20,nominal,2.0NRT,288.82,4.29,D
51.12317,19.41554,337.47,0.4,0.37,2026-09-29,1119,N20,nominal,2.0NRT,297.24,3.69,D
51.15349,19.42602,327.36,0.4,0.37,2026-09-29,1119,N20,nominal,2.0NRT,294.44,1.41,D
51.15678,19.42452,336.73,0.4,0.37,2026-09-29,1119,N20,nominal,2.0NRT,296.74,3.33,D
51.10667,18.98799,336.04,0.41,0.37,2026-09-29,1119,N20,nominal,2.0NRT,295.39,3.82,D
51.11206,18.99786,347.93,0.41,0.37,2026-09-29,1119,N20,nominal,2.0NRT,296.93,3.51,D
51.11102,18.99216,351.7,0.41,0.37,2026-09-29,1119,N20,nominal,2.0NRT,297.64,3.51,D
51.10999,18.98646,349.56,0.41,0.37,2026-09-29,1119,N20,nominal,2.0NRT,297.9,3.82,D
51.11537,18.99635,354.1,0.41,0.37,2026-09-29,1119,N20,nominal,2.0NRT,299.49,9.92,D
51.11433,18.99064,340.95,0.41,0.37,2026-09-29,1119,N20,nominal,2.0NRT,297.71,9.92,D
51.11831,18.99314,350.96,0.41,0.37,2026-09-29,1119,N20,nominal,2.0NRT,297.04,4.54,D
51.21745,19.24264,335.32,0.41,0.37,2026-09-29,1119,N20,nominal,2.0NRT,295.68,1.71,D
51.21871,19.22983,345.73,0.41,0.37,2026-09-29,1119,N20,nominal,2.0NRT,295.98,8.05,D
51.21972,19.23548,356.36,0.41,0.37,2026-09-29,1119,N20,low,2.0NRT,298.5,8.05,D
51.38855,19.73897,344.92,0.4,0.37,2026-09-29,1119,N20,nominal,2.0NRT,295.97,2.78,D
51.40136,19.32516,335.14,0.4,0.37,2026-09-29,1119,N20,nominal,2.0NRT,294.76,1.6,D
51.49306,19.80309,339.67,0.4,0.37,2026-09-29,1119,N20,nominal,2.0NRT,295.85,3.32,D
52.84673,29.99002,328.54,0.41,0.45,2026-09-29,1119,N20,nominal,2.0NRT,295.49,2.41,D
51.75433,19.35357,351.92,0.4,0.37,2026-09-29,1119,N20,nominal,2.0NRT,297.44,8.33,D
51.7576,19.35206,343.19,0.4,0.37,2026-09-29,1119,N20,nominal,2.0NRT,295.45,8.33,D
50.57373,13.59487,341.28,0.41,0.45,2026-09-29,1119,N20,nominal,2.0NRT,300.67,7.23,D
51.17973,16.11572,336.58,0.49,0.4,2026-09-29,1119,N20,nominal,2.0NRT,299.38,8.39,D
51.89314,19.53105,343.35,0.4,0.37,2026-09-29,1119,N20,nominal,2.0NRT,294.3,2.81,D
51.89542,19.52394,351.44,0.4,0.37,2026-09-29,1119,N20,nominal,2.0NRT,296.96,9.54,D
51.88556,19.4678,346.8,0.4,0.37,2026-09-29,1119,N20,nominal,2.0NRT,297.91,5.53,D
51.88457,19.46219,345.93,0.4,0.37,2026-09-29,1119,N20,nominal,2.0NRT,297.98,5.53,D
51.89862,19.46179,343.74,0.4,0.37,2026-09-29,1119,N20,nominal,2.0NRT,296.63,2.33,D
51.94306,19.25212,334,0.4,0.37,2026-09-29,1119,N20,nominal,2.0NRT,294.92,1.37,D
51.94505,19.25497,335.5,0.4,0.37,2026-09-29,1119,N20,nominal,2.0NRT,295.84,2.38,D
51.96757,19.02293,342.25,0.4,0.37,2026-09-29,1119,N20,nominal,2.0NRT,298.57,3.9,D
49.52757,8.41978,341.44,0.36,0.57,2026-09-29,1119,N20,nominal,2.0NRT,292.4,4.32,D
49.52735,8.41704,349.38,0.36,0.57,2026-09-29,1119,N20,nominal,2.0NRT,292.81,4.75,D
51.99095,18.65499,335.47,0.41,0.37,2026-09-29,1119,N20,nominal,2.0NRT,295.56,5.19,D
51.98885,18.64345,346.15,0.41,0.37,2026-09-29,1119,N20,nominal,2.0NRT,297.18,10.54,D
51.99109,18.63609,336.85,0.41,0.37,2026-09-29,1119,N20,nominal,2.0NRT,295.49,2.81,D
51.99649,18.64606,336.16,0.41,0.37,2026-09-29,1119,N20,nominal,2.0NRT,295.86,3.33,D
51.99545,18.64029,346.85,0.41,0.37,2026-09-29,1119,N20,nominal,2.0NRT,295.92,3.33,D
51.99439,18.63451,346.12,0.41,0.37,2026-09-29,1119,N20,nominal,2.0NRT,296.5,2.74,D
51.99333,18.62873,343.65,0.41,0.37,2026-09-29,1119,N20,nominal,2.0NRT,296.06,2.74,D
51.99768,18.6329,341.29,0.41,0.37,2026-09-29,1119,N20,nominal,2.0NRT,295.51,2.74,D
51.99557,18.62135,342.69,0.41,0.37,2026-09-29,1119,N20,nominal,2.0NRT,294.98,2.87,D
52.10701,19.20219,347.2,0.4,0.37,2026-09-29,1119,N20,nominal,2.0NRT,296.65,4.38,D
52.11129,19.20634,337.95,0.4,0.37,2026-09-29,1119,N20,nominal,2.0NRT,296.86,2.76,D
52.11029,19.20067,353.41,0.4,0.37,2026-09-29,1119,N20,nominal,2.0NRT,297.53,5.51,D
52.01178,18.65119,336.06,0.41,0.37,2026-09-29,1119,N20,nominal,2.0NRT,294.98,3.21,D
52.00442,18.61082,337.61,0.41,0.37,2026-09-29,1119,N20,nominal,2.0NRT,294.72,1.95,D
52.00232,18.59927,330.17,0.41,0.37,2026-09-29,1119,N20,nominal,2.0NRT,295.28,4.5,D
52.0002,18.58768,336.94,0.41,0.37,2026-09-29,1119,N20,nominal,2.0NRT,294.02,3.73,D
52.01718,18.66119,342.76,0.41,0.37,2026-09-29,1119,N20,nominal,2.0NRT,295.74,6.27,D
52.01507,18.64962,342.5,0.41,0.37,2026-09-29,1119,N20,nominal,2.0NRT,295.24,3.21,D
52.13972,19.18693,345.33,0.4,0.37,2026-09-29,1119,N20,nominal,2.0NRT,296.6,5.51,D
52.13872,19.18125,351.78,0.4,0.37,2026-09-29,1119,N20,nominal,2.0NRT,298.52,5.51,D
52.14299,19.1854,339.2,0.4,0.37,2026-09-29,1119,N20,nominal,2.0NRT,295.07,5.03,D
52.14199,19.17972,355.32,0.4,0.37,2026-09-29,1119,N20,nominal,2.0NRT,297.1,5.03,D
52.07553,18.64456,339,0.41,0.37,2026-09-29,1119,N20,nominal,2.0NRT,295.53,4.28,D
52.07658,18.6503,355.32,0.41,0.37,2026-09-29,1119,N20,low,2.0NRT,296.05,4.28,D
52.08093,18.65448,335.69,0.41,0.37,2026-09-29,1119,N20,nominal,2.0NRT,294.01,1.77,D
52.07988,18.64871,343.57,0.41,0.37,2026-09-29,1119,N20,nominal,2.0NRT,296.04,2.31,D
52.08318,18.64717,340.54,0.41,0.37,2026-09-29,1119,N20,nominal,2.0NRT,295.69,2.31,D
52.24176,18.98766,335.75,0.4,0.37,2026-09-29,1119,N20,nominal,2.0NRT,295.33,3.02,D
52.35706,18.43333,339.96,0.41,0.37,2026-09-29,1119,N20,nominal,2.0NRT,293.49,2.33,D
52.34201,18.35165,339.02,0.41,0.37,2026-09-29,1119,N20,nominal,2.0NRT,295.2,2.02,D
52.34791,18.22756,346.96,0.41,0.37,2026-09-29,1119,N20,nominal,2.0NRT,294.66,4.46,D
52.35122,18.22593,344.92,0.41,0.37,2026-09-29,1119,N20,nominal,2.0NRT,295.65,14.81,D
52.35014,18.22009,344.62,0.41,0.37,2026-09-29,1119,N20,nominal,2.0NRT,297.97,14.81,D
52.3556,18.23012,338.98,0.41,0.37,2026-09-29,1119,N20,nominal,2.0NRT,294.32,2.04,D
52.35891,18.2285,336.18,0.41,0.37,2026-09-29,1119,N20,nominal,2.0NRT,294.86,1.41,D
52.52968,18.78885,341.37,0.4,0.37,2026-09-29,1119,N20,nominal,2.0NRT,294.84,2.94,D
52.57459,17.8005,346.91,0.42,0.38,2026-09-29,1119,N20,nominal,2.0NRT,295.52,4.36,D
54.56393,33.16235,327.05,0.57,0.52,2026-09-29,1119,N20,nominal,2.0NRT,289.97,2.02,D
54.56328,33.16209,327.18,0.57,0.52,2026-09-29,1119,N20,nominal,2.0NRT,289.68,4.03,D
52.95177,18.221,337.27,0.41,0.37,2026-09-29,1119,N20,nominal,2.0NRT,295.2,2.41,D
52.15458,10.40856,331.41,0.49,0.49,2026-09-29,1119,N20,nominal,2.0NRT,275.88,4.78,D
55.79935,33.04163,342.71,0.58,0.52,2026-09-29,1119,N20,nominal,2.0NRT,303.35,90.64,D
54.75389,20.33447,338.94,0.38,0.36,2026-09-29,1119,N20,nominal,2.0NRT,289.59,3.06,D
51.16866,3.81773,356.21,0.48,0.64,2026-09-29,1119,N20,low,2.0NRT,289.03,9.22,D
51.17393,3.81328,367,0.48,0.64,2026-09-29,1119,N20,high,2.0NRT,292.62,9.22,D
52.49245,4.6166,341.57,0.4,0.6,2026-09-29,1119,N20,nominal,2.0NRT,293.04,5.57,D
52.49332,4.61543,341.77,0.4,0.6,2026-09-29,1119,N20,nominal,2.0NRT,292.53,5.97,D
52.05853,0.49983,334.33,0.59,0.7,2026-09-29,1119,N20,nominal,2.0NRT,283.84,6.08,D
52.05576,0.49233,339.3,0.59,0.7,2026-09-29,1119,N20,nominal,2.0NRT,284.63,6.08,D
52.06015,0.49687,339.74,0.59,0.7,2026-09-29,1119,N20,nominal,2.0NRT,283.84,7.64,D
52.05734,0.48937,332.31,0.59,0.7,2026-09-29,1119,N20,nominal,2.0NRT,283.79,7.61,D
55.6571,-2.29632,330.47,0.52,0.67,2026-09-29,1121,N20,nominal,2.0NRT,282.39,2.8,D
55.65774,-2.29582,325.5,0.52,0.67,2026-09-29,1121,N20,nominal,2.0NRT,281.54,3.01,D
64.6463,24.42665,328.89,0.56,0.43,2026-09-29,1121,N20,nominal,2.0NRT,286.93,5.74,D
65.76763,24.18979,325.33,0.38,0.43,2026-09-29,1121,N20,nominal,2.0NRT,287.32,2.93,D
50.57255,13.59915,367,0.47,0.64,2026-09-29,1259,N20,high,2.0NRT,297.18,5.93,D
50.57492,13.59709,367,0.47,0.64,2026-09-29,1259,N20,high,2.0NRT,297.2,9.05,D
51.1601,3.80072,331.98,0.55,0.42,2026-09-29,1259,N20,nominal,2.0NRT,296.82,4.07,D
51.16543,3.81547,332.1,0.55,0.42,2026-09-29,1259,N20,nominal,2.0NRT,297.54,5.27,D
51.17322,3.81365,333.44,0.55,0.42,2026-09-29,1259,N20,nominal,2.0NRT,297.28,9.11,D
51.17249,3.8058,342.21,0.55,0.42,2026-09-29,1259,N20,nominal,2.0NRT,300.31,9.11,D
51.0289,2.2834,330.93,0.48,0.4,2026-09-29,1259,N20,nominal,2.0NRT,275.45,3.64,D
51.68422,15.98631,326.61,0.61,0.71,2026-09-29,1259,N20,nominal,2.0NRT,295.65,4.25,D
51.04575,2.30011,330.15,0.48,0.4,2026-09-29,1259,N20,nominal,2.0NRT,271.88,6.47,D
51.47966,6.72203,326.3,0.48,0.48,2026-09-29,1259,N20,nominal,2.0NRT,289.24,4.51,D
51.28379,1.01873,330.6,0.44,0.39,2026-09-29,1259,N20,nominal,2.0NRT,284.55,2.98,D
34.98062,5.71715,333.32,0.44,0.38,2026-09-29,1255,N20,nominal,2.0NRT,301.83,1.58,D
34.7841,1.16497,335.8,0.4,0.37,2026-09-29,1255,N20,low,2.0NRT,307.57,2.56,D
52.15459,10.40722,343.4,0.35,0.57,2026-09-29,1259,N20,nominal,2.0NRT,288.12,4.86,D
52.48047,4.59611,331.6,0.4,0.44,2026-09-29,1259,N20,nominal,2.0NRT,289.8,3.89,D
36.24636,8.85248,349.86,0.41,0.45,2026-09-29,1255,N20,nominal,2.0NRT,303.54,7.12,D
36.39992,8.93903,345.47,0.42,0.45,2026-09-29,1255,N20,nominal,2.0NRT,313.2,15.58,D
52.48271,4.59201,331.06,0.4,0.44,2026-09-29,1259,N20,nominal,2.0NRT,288.85,4.79,D
36.40503,8.94797,339.7,0.42,0.45,2026-09-29,1255,N20,nominal,2.0NRT,306.27,3.77,D
36.54633,9.29839,343.09,0.44,0.46,2026-09-29,1255,N20,nominal,2.0NRT,306.41,3.72,D
36.18015,5.32085,335.59,0.43,0.38,2026-09-29,1255,N20,low,2.0NRT,306.54,2.56,D
36.38952,6.60955,336.52,0.49,0.4,2026-09-29,1255,N20,nominal,2.0NRT,308.94,2.22,D
36.77535,9.28687,350.29,0.44,0.46,2026-09-29,1255,N20,nominal,2.0NRT,309.44,6.32,D
36.17873,3.75043,333.38,0.4,0.37,2026-09-29,1255,N20,nominal,2.0NRT,304.03,1.38,D
36.8262,9.18535,344.06,0.44,0.46,2026-09-29,1255,N20,nominal,2.0NRT,310.1,7.31,D
36.86034,9.45644,341.23,0.45,0.47,2026-09-29,1255,N20,nominal,2.0NRT,309.84,2.99,D
36.84734,9.22673,337.05,0.44,0.46,2026-09-29,1255,N20,nominal,2.0NRT,308.28,1.91,D
36.87727,9.40484,343.6,0.45,0.47,2026-09-29,1255,N20,nominal,2.0NRT,311.23,7.41,D
36.8968,9.473,338.98,0.45,0.47,2026-09-29,1255,N20,low,2.0NRT,309.57,3.54,D
36.89634,9.46816,339.05,0.45,0.47,2026-09-29,1255,N20,nominal,2.0NRT,309.57,3.54,D
36.8984,9.46977,352.32,0.45,0.47,2026-09-29,1255,N20,nominal,2.0NRT,310.41,10.42,D
37.23018,14.13407,335.72,0.41,0.61,2026-09-29,1255,N20,nominal,2.0NRT,296.52,2.55,D
36.8803,9.17362,342.18,0.44,0.46,2026-09-29,1255,N20,nominal,2.0NRT,306.27,4.77,D
36.73043,7.57672,332.73,0.54,0.42,2026-09-29,1255,N20,nominal,2.0NRT,296.39,6.18,D
37.24749,14.14133,339.02,0.41,0.61,2026-09-29,1255,N20,nominal,2.0NRT,299.07,4.27,D
36.7395,7.58768,330.48,0.54,0.42,2026-09-29,1255,N20,nominal,2.0NRT,287.26,3.17,D
36.95584,9.5732,346.86,0.46,0.47,2026-09-29,1255,N20,nominal,2.0NRT,307.3,6.45,D
36.96011,9.11015,335.65,0.43,0.46,2026-09-29,1255,N20,low,2.0NRT,307.31,1.9,D
37.00434,9.52816,346.35,0.46,0.47,2026-09-29,1255,N20,nominal,2.0NRT,306.18,9.78,D
37.00869,9.52776,344.08,0.46,0.47,2026-09-29,1255,N20,nominal,2.0NRT,303.93,9.78,D
36.95977,9.10808,339.25,0.43,0.46,2026-09-29,1255,N20,nominal,2.0NRT,307.05,4.81,D
37.00623,9.53128,343.17,0.46,0.47,2026-09-29,1255,N20,nominal,2.0NRT,306.89,9.64,D
37.00576,9.52596,336.4,0.46,0.47,2026-09-29,1255,N20,nominal,2.0NRT,307.7,9.73,D
36.3713,3.77107,333.37,0.4,0.37,2026-09-29,1255,N20,low,2.0NRT,306.71,3.75,D
37.03752,9.5873,348.61,0.46,0.47,2026-09-29,1255,N20,nominal,2.0NRT,308.02,6.15,D
36.37673,3.76079,339.15,0.4,0.37,2026-09-29,1255,N20,nominal,2.0NRT,306.96,5.69,D
37.36976,13.34225,355.94,0.37,0.58,2026-09-29,1255,N20,nominal,2.0NRT,296.72,6.03,D
36.74655,6.25829,336.98,0.47,0.4,2026-09-29,1255,N20,low,2.0NRT,311.25,5.67,D
36.74591,6.25299,337.18,0.47,0.4,2026-09-29,1255,N20,low,2.0NRT,312.12,5.67,D
37.52765,13.46674,367,0.38,0.59,2026-09-29,1255,N20,high,2.0NRT,294.82,9.78,D
37.25132,9.49322,344.42,0.46,0.47,2026-09-29,1255,N20,nominal,2.0NRT,302.7,7.25,D
37.56738,13.90038,336.37,0.4,0.6,2026-09-29,1255,N20,nominal,2.0NRT,297.54,3.98,D
37.60809,13.9289,367,0.41,0.6,2026-09-29,1255,N20,high,2.0NRT,299.33,5.93,D
36.50334,2.68459,330.11,0.39,0.36,2026-09-29,1255,N20,low,2.0NRT,303.19,2.35,D
34.95876,-6.11248,335.08,0.54,0.51,2026-09-29,1255,N20,nominal,2.0NRT,297.67,5.3,D
34.95813,-6.11345,339.83,0.54,0.51,2026-09-29,1255,N20,nominal,2.0NRT,298.48,4.22,D
37.82558,13.14604,343.94,0.37,0.58,2026-09-29,1255,N20,nominal,2.0NRT,298.27,5.42,D
37.9045,12.94198,332.39,0.36,0.57,2026-09-29,1255,N20,nominal,2.0NRT,295.71,1.72,D
37.89821,12.67136,332.41,0.35,0.56,2026-09-29,1255,N20,nominal,2.0NRT,296.46,3.87,D
38.9088,16.22954,337.46,0.55,0.68,2026-09-29,1255,N20,nominal,2.0NRT,296.19,5.47,D
38.91515,16.22931,333.75,0.55,0.68,2026-09-29,1255,N20,nominal,2.0NRT,294.49,5.47,D
39.07029,16.98833,331.12,0.61,0.71,2026-09-29,1255,N20,nominal,2.0NRT,296.21,6.66,D
36.76806,-5.91828,330.88,0.48,0.48,2026-09-29,1255,N20,low,2.0NRT,302.16,5.38,D
37.18511,-5.05958,342.2,0.42,0.45,2026-09-29,1255,N20,nominal,2.0NRT,301.32,3.76,D
37.1828,-5.06106,340.92,0.42,0.45,2026-09-29,1255,N20,nominal,2.0NRT,300.88,3.29,D
37.73384,-4.70437,332.01,0.39,0.44,2026-09-29,1255,N20,nominal,2.0NRT,299.94,1.83,D
37.83306,-4.37255,336.64,0.57,0.43,2026-09-29,1255,N20,nominal,2.0NRT,302.56,4.99,D
40.9588,15.87545,338.3,0.55,0.68,2026-09-29,1257,N20,nominal,2.0NRT,296.8,7.85,D
40.9555,15.8753,337.44,0.55,0.68,2026-09-29,1257,N20,nominal,2.0NRT,297.35,5.04,D
41.06791,14.29343,367,0.45,0.63,2026-09-29,1257,N20,high,2.0NRT,299.71,7.38,D
41.42189,15.8559,348.16,0.55,0.68,2026-09-29,1257,N20,nominal,2.0NRT,296.67,4.64,D
41.42174,15.84921,332.35,0.55,0.68,2026-09-29,1257,N20,nominal,2.0NRT,296.7,4.64,D
40.45915,-1.2507,339.64,0.4,0.37,2026-09-29,1257,N20,nominal,2.0NRT,297.62,6.28,D
40.24516,-3.47387,329.8,0.47,0.4,2026-09-29,1257,N20,nominal,2.0NRT,291.47,3.86,D
41.82697,-1.49525,339.38,0.4,0.37,2026-09-29,1257,N20,nominal,2.0NRT,296.47,2.44,D
42.90146,1.4784,334.14,0.39,0.36,2026-09-29,1257,N20,nominal,2.0NRT,288.1,7.96,D
42.90474,1.47738,335.86,0.39,0.36,2026-09-29,1257,N20,nominal,2.0NRT,289.42,5.38,D
43.62759,4.85881,325.86,0.49,0.41,2026-09-29,1257,N20,nominal,2.0NRT,290.39,3.47,D
44.65526,17.0638,326.81,0.65,0.73,2026-09-29,1257,N20,nominal,2.0NRT,291.69,3.35,D
44.50279,11.06822,342.29,0.33,0.55,2026-09-29,1257,N20,nominal,2.0NRT,295.16,2.19,D
44.90229,12.12236,347.64,0.37,0.58,2026-09-29,1257,N20,nominal,2.0NRT,295.72,5.35,D
44.90454,12.12824,329.83,0.37,0.58,2026-09-29,1257,N20,nominal,2.0NRT,296.1,3.5,D
44.90435,12.12345,354.31,0.37,0.58,2026-09-29,1257,N20,nominal,2.0NRT,295.56,3.5,D
45.14314,9.94497,332.42,0.58,0.52,2026-09-29,1257,N20,nominal,2.0NRT,298.97,4.02,D
45.50464,11.74204,336.1,0.36,0.57,2026-09-29,1257,N20,nominal,2.0NRT,296.08,1.15,D
45.93491,12.3774,345.75,0.39,0.59,2026-09-29,1257,N20,nominal,2.0NRT,293.28,5.11,D
48.27628,14.33939,341.48,0.5,0.66,2026-09-29,1259,N20,nominal,2.0NRT,296.46,8.5,D
48.88298,3.75152,337.04,0.51,0.41,2026-09-29,1259,N20,nominal,2.0NRT,299.7,3.62,D
49.52721,8.42208,328.05,0.54,0.51,2026-09-29,1259,N20,nominal,2.0NRT,279.58,3.59,D
53.68092,23.8981,306.81,0.49,0.65,2026-09-29,2329,N20,nominal,2.0NRT,282.12,2.01,N
53.68025,23.89829,311.08,0.49,0.65,2026-09-29,2329,N20,nominal,2.0NRT,282.37,1.76,N
53.26338,24.44235,300.29,0.46,0.64,2026-09-29,2329,N20,nominal,2.0NRT,278.91,1.44,N
53.26021,24.44545,295.73,0.46,0.64,2026-09-29,2329,N20,nominal,2.0NRT,279.22,1.33,N
52.38599,33.48635,300.45,0.39,0.44,2026-09-29,2331,N20,nominal,2.0NRT,275.36,0.67,N
52.35465,32.66073,312.99,0.42,0.45,2026-09-29,2331,N20,nominal,2.0NRT,274.73,1.33,N
52.35815,32.56711,295.33,0.42,0.45,2026-09-29,2331,N20,nominal,2.0NRT,273.77,0.57,N
52.15069,34.13828,321.6,0.55,0.42,2026-09-29,2331,N20,nominal,2.0NRT,275.39,1.5,N
52.58278,19.6586,295.43,0.73,0.76,2026-09-29,2331,N20,nominal,2.0NRT,278.46,0.7,N
52.1468,34.13728,305.46,0.55,0.42,2026-09-29,2331,N20,nominal,2.0NRT,275.11,1.5,N
51.8961,29.33717,305.42,0.56,0.52,2026-09-29,2331,N20,nominal,2.0NRT,279.35,1.34,N
51.89132,29.33643,297.08,0.56,0.52,2026-09-29,2331,N20,nominal,2.0NRT,278.35,1.05,N
50.48617,30.48064,311.16,0.49,0.48,2026-09-29,2331,N20,nominal,2.0NRT,280.35,1.6,N
50.54581,26.25608,304.96,0.38,0.58,2026-09-29,2331,N20,nominal,2.0NRT,280.04,1.33,N
49.41965,34.40635,316.09,0.5,0.41,2026-09-29,2331,N20,nominal,2.0NRT,280.95,1.76,N
49.41901,34.40672,314.68,0.5,0.41,2026-09-29,2331,N20,nominal,2.0NRT,281.1,1.24,N
48.53266,34.64417,308.14,0.48,0.4,2026-09-29,2331,N20,nominal,2.0NRT,281.19,1.93,N
48.53367,34.64437,300.99,0.48,0.4,2026-09-29,2331,N20,nominal,2.0NRT,281.76,1.17,N
48.53293,34.65081,297.92,0.48,0.4,2026-09-29,2331,N20,nominal,2.0NRT,282.42,1.56,N
48.47161,34.62923,299.56,0.48,0.4,2026-09-29,2331,N20,nominal,2.0NRT,281.77,1.68,N
48.97958,24.70569,298.55,0.43,0.62,2026-09-29,2331,N20,nominal,2.0NRT,280.78,0.74,N
48.97382,24.70539,300.68,0.43,0.62,2026-09-29,2331,N20,nominal,2.0NRT,279.15,0.74,N
48.97905,24.70622,310.3,0.43,0.62,2026-09-29,2331,N20,nominal,2.0NRT,281.57,1.86,N
48.61917,21.18408,297.06,0.62,0.72,2026-09-29,2331,N20,nominal,2.0NRT,283.53,1.8,N
48.60575,21.1751,303.49,0.63,0.72,2026-09-29,2331,N20,nominal,2.0NRT,283.37,3.35,N
48.6161,21.17907,300.15,0.62,0.72,2026-09-29,2331,N20,nominal,2.0NRT,283.14,2.34,N
47.87598,33.41591,301.79,0.52,0.41,2026-09-29,2331,N20,nominal,2.0NRT,285.54,1.12,N
47.8738,33.43672,304.68,0.52,0.41,2026-09-29,2331,N20,nominal,2.0NRT,283.81,1.09,N
48.13781,30.02121,308.85,0.48,0.48,2026-09-29,2331,N20,nominal,2.0NRT,278.09,1.2,N
47.57883,34.8852,327.49,0.46,0.39,2026-09-29,2331,N20,nominal,2.0NRT,283.73,5.17,N
47.31134,34.43047,298.14,0.47,0.4,2026-09-29,2331,N20,nominal,2.0NRT,281.3,0.42,N
47.78679,29.01646,304.4,0.53,0.5,2026-09-29,2331,N20,nominal,2.0NRT,282.23,1.58,N
47.17302,31.7585,295.36,0.4,0.44,2026-09-29,2331,N20,nominal,2.0NRT,283.82,0.93,N
46.80289,33.35859,312.81,0.51,0.41,2026-09-29,2331,N20,nominal,2.0NRT,282.66,1.61,N
46.6666,34.1476,296.95,0.47,0.4,2026-09-29,2331,N20,nominal,2.0NRT,280.76,0.61,N
46.75169,33.33294,304.86,0.51,0.41,2026-09-29,2331,N20,nominal,2.0NRT,283.37,1.41,N
46.1049,34.83041,334.01,0.44,0.39,2026-09-29,2331,N20,nominal,2.0NRT,285.49,111.39,N
46.10208,34.82381,312.91,0.44,0.39,2026-09-29,2331,N20,nominal,2.0NRT,283.68,15.81,N
46.09785,34.82862,313.82,0.44,0.39,2026-09-29,2331,N20,nominal,2.0NRT,284.43,1.58,N
46.07951,29.04911,304.49,0.51,0.49,2026-09-29,2331,N20,nominal,2.0NRT,281.91,0.96,N
46.02813,29.12181,296.23,0.51,0.49,2026-09-29,2331,N20,nominal,2.0NRT,281.53,0.91,N
45.95418,25.27934,303.39,0.39,0.59,2026-09-29,2331,N20,nominal,2.0NRT,280.18,1.25,N
45.37729,30.92503,308.36,0.41,0.45,2026-09-29,2331,N20,nominal,2.0NRT,289.74,0.83,N
45.37682,30.93031,304.44,0.41,0.45,2026-09-29,2331,N20,nominal,2.0NRT,290.4,0.8,N
45.35631,30.90321,332.06,0.41,0.45,2026-09-29,2331,N20,nominal,2.0NRT,291.08,2.61,N
45.25849,31.6721,328.19,0.57,0.43,2026-09-29,2331,N20,nominal,2.0NRT,293.82,13.29,N
45.77974,20.95944,299.71,0.63,0.72,2026-09-29,2331,N20,nominal,2.0NRT,279.38,0.69,N
44.77331,33.85803,304.79,0.46,0.39,2026-09-29,2331,N20,nominal,2.0NRT,282.95,1.02,N
45.29916,20.64573,327.5,0.65,0.73,2026-09-29,2333,N20,nominal,2.0NRT,281.22,5.06,N
45.29749,20.64924,327.53,0.65,0.73,2026-09-29,2333,N20,nominal,2.0NRT,280.97,4.43,N
45.22166,21.31641,303.16,0.6,0.71,2026-09-29,2333,N20,nominal,2.0NRT,282.1,2.8,N
45.22162,21.32423,319.15,0.6,0.71,2026-09-29,2333,N20,nominal,2.0NRT,282.37,3.28,N
45.19541,20.43406,298.96,0.66,0.73,2026-09-29,2333,N20,nominal,2.0NRT,280.23,0.77,N
45.17567,20.62248,295.79,0.65,0.73,2026-09-29,2333,N20,nominal,2.0NRT,281.1,1.61,N
45.17606,20.79148,298.22,0.64,0.72,2026-09-29,2333,N20,nominal,2.0NRT,280.89,1.13,N
45.19448,20.43486,297.26,0.66,0.73,2026-09-29,2333,N20,nominal,2.0NRT,280.14,1.15,N
45.17386,20.62331,296.68,0.65,0.73,2026-09-29,2333,N20,nominal,2.0NRT,280.84,1.72,N
45.17346,20.79214,297.29,0.64,0.72,2026-09-29,2333,N20,nominal,2.0NRT,280.68,1.08,N
45.16032,20.63183,295.01,0.65,0.73,2026-09-29,2333,N20,nominal,2.0NRT,280.74,0.88,N
45.10688,19.55537,297.52,0.73,0.76,2026-09-29,2333,N20,nominal,2.0NRT,281.6,0.65,N
45.03411,21.35865,295.02,0.6,0.7,2026-09-29,2333,N20,nominal,2.0NRT,280.62,0.78,N
45.0128,19.73261,307.55,0.72,0.75,2026-09-29,2333,N20,nominal,2.0NRT,280.31,1.33,N
45.01659,20.61179,299.34,0.65,0.73,2026-09-29,2333,N20,nominal,2.0NRT,281.64,1.46,N
45.01511,19.73419,307.61,0.72,0.75,2026-09-29,2333,N20,nominal,2.0NRT,280.62,2.06,N
45.01473,20.61246,295.27,0.65,0.73,2026-09-29,2333,N20,nominal,2.0NRT,281.61,1.51,N
41.55033,19.71535,295.63,0.7,0.75,2026-09-29,2333,N20,nominal,2.0NRT,283.67,1.28,N
39.96045,33.14265,297.21,0.44,0.38,2026-09-29,2333,N20,nominal,2.0NRT,282.64,0.81,N
39.9599,33.1457,300.14,0.44,0.38,2026-09-29,2333,N20,nominal,2.0NRT,282.57,0.58,N
39.94691,33.19032,300,0.44,0.38,2026-09-29,2333,N20,nominal,2.0NRT,282.41,0.64,N
39.76889,33.47857,298.65,0.43,0.38,2026-09-29,2333,N20,nominal,2.0NRT,282.62,0.58,N
38.42892,27.21771,302.2,0.53,0.5,2026-09-29,2333,N20,nominal,2.0NRT,286.59,1.17,N
38.42555,27.21664,308.8,0.53,0.5,2026-09-29,2333,N20,nominal,2.0NRT,286.23,1.5,N
38.10239,29.15466,330.64,0.41,0.45,2026-09-29,2333,N20,nominal,2.0NRT,282.66,2.09,N
38.3749,24.05988,298.38,0.39,0.59,2026-09-29,2333,N20,nominal,2.0NRT,285.19,0.74,N
37.86263,29.36929,296.35,0.4,0.44,2026-09-29,2333,N20,nominal,2.0NRT,283.86,1.14,N
36.87195,34.76426,302.52,0.39,0.36,2026-09-29,2333,N20,nominal,2.0NRT,290.93,0.59,N
36.86931,34.75918,301.7,0.39,0.36,2026-09-29,2333,N20,nominal,2.0NRT,290.85,0.59,N
36.86866,34.76349,303.98,0.39,0.36,2026-09-29,2333,N20,nominal,2.0NRT,291.25,0.59,N
36.93391,30.65004,301.06,0.51,0.41,2026-09-29,2335,N20,nominal,2.0NRT,289.04,0.54,N
36.26345,33.7289,318.43,0.4,0.37,2026-09-29,2335,N20,nominal,2.0NRT,292.46,2,N
34.72457,33.31664,308.18,0.4,0.37,2026-09-29,2335,N20,nominal,2.0NRT,291.41,0.67,N
65.77101,24.17858,299.08,0.49,0.65,2026-09-29,2329,N20,nominal,2.0NRT,274.6,1.86,N
65.77119,24.18934,299.25,0.49,0.65,2026-09-29,2329,N20,nominal,2.0NRT,275.5,2.61,N
65.76492,24.17878,325.43,0.49,0.65,2026-09-29,2329,N20,nominal,2.0NRT,275.23,1.86,N
65.56292,22.21642,336.01,0.56,0.69,2026-09-29,2329,N20,nominal,2.0NRT,274.72,3.02,N
65.56253,22.20401,302.29,0.56,0.69,2026-09-29,2329,N20,nominal,2.0NRT,273.9,3.02,N
65.56289,22.22464,326.03,0.56,0.69,2026-09-29,2329,N20,nominal,2.0NRT,274.69,4.48,N
65.56254,22.21247,316.17,0.56,0.69,2026-09-29,2329,N20,nominal,2.0NRT,274.94,4.99,N
64.65518,24.43053,296.82,0.49,0.65,2026-09-29,2329,N20,nominal,2.0NRT,279.64,0.91,N
64.64896,24.42038,298.63,0.49,0.65,2026-09-29,2329,N20,nominal,2.0NRT,279.6,0.91,N
60.30162,25.51381,296.8,0.44,0.63,2026-09-29,2329,N20,nominal,2.0NRT,281.6,0.37,N
65.75629,24.52449,297.25,0.39,0.36,2026-09-30,0107,N20,nominal,2.0NRT,279.21,0.75,N
65.76904,24.18846,343.7,0.39,0.36,2026-09-30,0107,N20,nominal,2.0NRT,280.01,8.51,N
65.76589,24.18559,301.11,0.39,0.36,2026-09-30,0107,N20,nominal,2.0NRT,275.9,0.89,N
65.56463,22.21408,328.82,0.4,0.37,2026-09-30,0107,N20,nominal,2.0NRT,277.36,2.82,N
65.56346,22.22234,331.52,0.4,0.37,2026-09-30,0107,N20,nominal,2.0NRT,278.13,2.82,N
65.56345,22.21589,336.44,0.4,0.37,2026-09-30,0107,N20,nominal,2.0NRT,280.08,4.21,N
65.56228,22.22413,328.59,0.4,0.37,2026-09-30,0107,N20,nominal,2.0NRT,277.94,3.4,N
66.31409,14.16281,298.7,0.56,0.43,2026-09-30,0107,N20,nominal,2.0NRT,275.78,1.7,N
64.65603,24.4342,299.21,0.38,0.36,2026-09-30,0107,N20,nominal,2.0NRT,279.12,0.76,N
64.64977,24.42864,306.58,0.38,0.36,2026-09-30,0107,N20,nominal,2.0NRT,280.03,1.25,N
64.64664,24.42586,328.96,0.38,0.36,2026-09-30,0107,N20,nominal,2.0NRT,280.76,3.48,N
64.66405,21.28179,313.52,0.4,0.37,2026-09-30,0107,N20,nominal,2.0NRT,279.43,1.5,N
63.70069,22.70922,295.44,0.39,0.36,2026-09-30,0107,N20,nominal,2.0NRT,280.6,0.59,N
62.59331,25.74796,295.17,0.4,0.37,2026-09-30,0107,N20,nominal,2.0NRT,279.93,0.57,N
63.31896,9.14067,319.15,0.47,0.48,2026-09-30,0109,N20,nominal,2.0NRT,284.4,3.1,N
60.24308,25.00863,298.13,0.41,0.37,2026-09-30,0109,N20,nominal,2.0NRT,280.66,0.46,N
60.72139,22.09936,327.89,0.39,0.36,2026-09-30,0109,N20,nominal,2.0NRT,276.58,2.33,N
60.71822,22.09713,296.41,0.39,0.36,2026-09-30,0109,N20,nominal,2.0NRT,275.93,0.52,N
60.28675,22.28741,300.47,0.39,0.36,2026-09-30,0109,N20,nominal,2.0NRT,281.1,0.45,N
60.61212,16.79101,304.24,0.42,0.38,2026-09-30,0109,N20,nominal,2.0NRT,277.88,1.5,N
60.61116,16.79851,318.02,0.42,0.38,2026-09-30,0109,N20,nominal,2.0NRT,281.2,2.15,N
55.09479,21.79876,302.98,0.43,0.38,2026-09-30,0109,N20,nominal,2.0NRT,276.55,0.95,N
53.67839,23.90359,316.43,0.51,0.41,2026-09-30,0111,N20,nominal,2.0NRT,282.2,2.3,N
53.68001,23.8977,302.63,0.51,0.41,2026-09-30,0111,N20,nominal,2.0NRT,279.68,1.07,N
53.67838,23.90506,299.62,0.51,0.41,2026-09-30,0111,N20,nominal,2.0NRT,280.65,1.51,N
55.65273,11.10128,305.9,0.5,0.41,2026-09-30,0111,N20,nominal,2.0NRT,282.43,1.51,N
49.41825,34.40218,295.36,0.58,0.7,2026-09-30,0111,N20,nominal,2.0NRT,278.35,1.54,N
50.58052,30.53033,299.47,0.37,0.58,2026-09-30,0111,N20,nominal,2.0NRT,278.05,0.72,N
50.38446,30.57586,295.36,0.38,0.59,2026-09-30,0111,N20,nominal,2.0NRT,278.62,1.32,N
50.37957,30.57215,299.61,0.38,0.59,2026-09-30,0111,N20,nominal,2.0NRT,278.25,1.11,N
52.58258,19.66804,308.91,0.42,0.37,2026-09-30,0111,N20,nominal,2.0NRT,281.74,0.9,N
53.87668,9.58545,297.42,0.53,0.42,2026-09-30,0111,N20,nominal,2.0NRT,285.59,0.71,N
53.52402,9.89968,319.12,0.52,0.41,2026-09-30,0111,N20,nominal,2.0NRT,286.67,1.81,N
50.54409,26.25835,302.12,0.5,0.49,2026-09-30,0111,N20,nominal,2.0NRT,280.76,1.62,N
51.13927,23.55107,299.76,0.57,0.43,2026-09-30,0111,N20,nominal,2.0NRT,279.72,1.09,N
51.14059,23.55233,298.59,0.57,0.43,2026-09-30,0111,N20,nominal,2.0NRT,278.81,1.3,N
53.13928,8.67401,314.55,0.56,0.43,2026-09-30,0111,N20,nominal,2.0NRT,288.27,2.95,N
50.93129,21.67204,299.85,0.5,0.41,2026-09-30,0111,N20,nominal,2.0NRT,281.98,0.86,N
52.17116,14.62375,297.59,0.39,0.36,2026-09-30,0111,N20,nominal,2.0NRT,281.29,0.42,N
51.68945,15.97791,323.26,0.38,0.36,2026-09-30,0111,N20,nominal,2.0NRT,285.34,2,N
51.68534,15.98201,317.83,0.38,0.36,2026-09-30,0111,N20,nominal,2.0NRT,284.93,2,N
50.80658,20.53222,307.11,0.46,0.39,2026-09-30,0111,N20,nominal,2.0NRT,283.52,1.25,N
52.46604,7.31432,319.07,0.42,0.45,2026-09-30,0111,N20,nominal,2.0NRT,285.81,1.22,N
52.46555,7.32051,297.3,0.42,0.45,2026-09-30,0111,N20,nominal,2.0NRT,286.59,1.22,N
52.15363,10.40127,299.11,0.48,0.4,2026-09-30,0111,N20,nominal,2.0NRT,270.85,0.82,N
50.79892,19.18377,329,0.43,0.38,2026-09-30,0111,N20,nominal,2.0NRT,282.48,3.28,N
52.49486,4.61442,307.88,0.54,0.5,2026-09-30,0111,N20,nominal,2.0NRT,263.76,1.72,N
52.48226,4.58817,297.9,0.54,0.51,2026-09-30,0111,N20,nominal,2.0NRT,280.26,2.19,N
52.20782,8.04441,298.34,0.39,0.44,2026-09-30,0111,N20,nominal,2.0NRT,286.06,0.52,N
51.18099,16.11546,304.6,0.38,0.36,2026-09-30,0111,N20,nominal,2.0NRT,282.45,1.19,N
50.49335,19.45286,297.17,0.44,0.38,2026-09-30,0111,N20,nominal,2.0NRT,283.34,0.77,N
50.49219,19.45876,299.81,0.44,0.38,2026-09-30,0111,N20,nominal,2.0NRT,284.06,0.77,N
50.49103,19.46465,315.19,0.44,0.38,2026-09-30,0111,N20,nominal,2.0NRT,282.27,1.79,N
50.35151,19.2807,319.22,0.43,0.38,2026-09-30,0111,N20,nominal,2.0NRT,282.7,1.59,N
50.34119,19.33371,304.52,0.44,0.38,2026-09-30,0111,N20,nominal,2.0NRT,285.41,1.11,N
50.34468,19.29675,310.45,0.43,0.38,2026-09-30,0111,N20,nominal,2.0NRT,282.76,1.52,N
50.33906,19.28765,330.84,0.43,0.38,2026-09-30,0111,N20,nominal,2.0NRT,284.27,2.13,N
50.33791,19.29356,296.76,0.43,0.38,2026-09-30,0111,N20,nominal,2.0NRT,282.8,2.13,N
50.33567,19.28605,331.84,0.43,0.38,2026-09-30,0111,N20,nominal,2.0NRT,288.39,2.13,N
50.33452,19.29196,297.2,0.43,0.38,2026-09-30,0111,N20,nominal,2.0NRT,282.68,2.13,N
51.85969,8.03004,298.94,0.38,0.43,2026-09-30,0111,N20,nominal,2.0NRT,286.88,0.51,N
50.34304,18.86921,299.1,0.42,0.38,2026-09-30,0111,N20,nominal,2.0NRT,282.63,0.61,N
50.42146,18.15105,299.52,0.41,0.37,2026-09-30,0111,N20,nominal,2.0NRT,282.36,0.66,N
50.41919,18.14397,304.48,0.41,0.37,2026-09-30,0111,N20,nominal,2.0NRT,283.88,0.66,N
50.41588,18.14248,316.89,0.41,0.37,2026-09-30,0111,N20,nominal,2.0NRT,286.17,2.08,N
48.97425,24.70996,309.12,0.48,0.48,2026-09-30,0111,N20,nominal,2.0NRT,280.18,2.26,N
51.61847,8.50566,299.86,0.55,0.43,2026-09-30,0111,N20,nominal,2.0NRT,283.52,1.11,N
51.59799,8.33637,298.78,0.56,0.43,2026-09-30,0111,N20,nominal,2.0NRT,285.92,0.94,N
51.59912,8.33741,302.7,0.56,0.43,2026-09-30,0111,N20,nominal,2.0NRT,286.37,1.37,N
51.88423,4.36582,299.9,0.54,0.51,2026-09-30,0111,N20,nominal,2.0NRT,286.98,0.81,N
51.52105,6.96981,300.61,0.42,0.45,2026-09-30,0111,N20,nominal,2.0NRT,289.54,0.91,N
51.50553,6.73434,302.97,0.43,0.46,2026-09-30,0111,N20,nominal,2.0NRT,289.23,1.12,N
51.50183,6.72719,310.86,0.43,0.46,2026-09-30,0111,N20,nominal,2.0NRT,290.63,1.12,N
51.48648,6.70512,342.18,0.43,0.46,2026-09-30,0111,N20,nominal,2.0NRT,290.5,5.94,N
51.48598,6.71136,311.86,0.43,0.46,2026-09-30,0111,N20,nominal,2.0NRT,289.12,3.32,N
51.48129,6.71665,331.54,0.43,0.46,2026-09-30,0111,N20,nominal,2.0NRT,286.95,2.49,N
51.43059,7.33189,309.09,0.4,0.45,2026-09-30,0111,N20,nominal,2.0NRT,286.78,0.88,N
51.462,6.74419,300.49,0.43,0.46,2026-09-30,0111,N20,nominal,2.0NRT,287.43,0.62,N
50.57571,13.59016,328.88,0.39,0.36,2026-09-30,0111,N20,nominal,2.0NRT,287.01,8.47,N
50.57493,13.59563,305.17,0.39,0.36,2026-09-30,0111,N20,nominal,2.0NRT,284.31,4.39,N
49.68553,18.66385,305.06,0.43,0.38,2026-09-30,0111,N20,nominal,2.0NRT,282.69,0.97,N
49.67879,18.66077,308.83,0.43,0.38,2026-09-30,0111,N20,nominal,2.0NRT,282.74,1.3,N
51.181,3.80734,298.09,0.56,0.52,2026-09-30,0111,N20,nominal,2.0NRT,284.37,1.53,N
49.89393,15.64136,297.49,0.39,0.36,2026-09-30,0111,N20,nominal,2.0NRT,284.45,0.9,N
51.18618,3.81042,298.23,0.56,0.52,2026-09-30,0111,N20,nominal,2.0NRT,284.74,1.93,N
51.17662,3.80907,339.05,0.56,0.52,2026-09-30,0111,N20,nominal,2.0NRT,287,6.87,N
51.17184,3.80838,338.85,0.56,0.52,2026-09-30,0111,N20,nominal,2.0NRT,285.6,6.87,N
51.17231,3.80014,308.34,0.56,0.52,2026-09-30,0111,N20,nominal,2.0NRT,285,5.2,N
51.16706,3.80767,316.55,0.56,0.52,2026-09-30,0111,N20,nominal,2.0NRT,283.76,2.98,N
51.1666,3.81583,313.92,0.56,0.52,2026-09-30,0111,N20,nominal,2.0NRT,283.93,2.98,N
48.62027,21.19134,300.4,0.53,0.42,2026-09-30,0111,N20,nominal,2.0NRT,283.02,1.93,N
48.61132,21.19461,303.85,0.53,0.42,2026-09-30,0113,N20,nominal,2.0NRT,285.94,1.94,N
48.60762,21.19279,313.88,0.53,0.42,2026-09-30,0113,N20,nominal,2.0NRT,286,1.94,N
48.61846,21.19099,304.42,0.53,0.42,2026-09-30,0113,N20,nominal,2.0NRT,283.67,2.21,N
48.61324,21.19611,301.03,0.53,0.42,2026-09-30,0113,N20,nominal,2.0NRT,284.96,2.05,N
48.60889,21.1785,330.95,0.53,0.42,2026-09-30,0113,N20,nominal,2.0NRT,285.83,4.99,N
48.60584,21.19244,312.03,0.53,0.42,2026-09-30,0113,N20,nominal,2.0NRT,285.57,1.68,N
48.60519,21.17666,304.5,0.53,0.42,2026-09-30,0113,N20,nominal,2.0NRT,282.65,4.99,N
51.04805,2.29717,323.79,0.33,0.55,2026-09-30,0113,N20,nominal,2.0NRT,282.65,2.8,N
51.04826,2.29241,317.3,0.33,0.55,2026-09-30,0113,N20,nominal,2.0NRT,282.41,2.56,N
51.04719,2.31617,298.07,0.33,0.55,2026-09-30,0113,N20,nominal,2.0NRT,282.28,1.23,N
51.04314,2.29184,297.86,0.33,0.55,2026-09-30,0113,N20,nominal,2.0NRT,283.4,1.39,N
51.04293,2.29662,316.08,0.33,0.55,2026-09-30,0113,N20,nominal,2.0NRT,282.51,1.72,N
51.03866,2.27699,296.66,0.33,0.55,2026-09-30,0113,N20,nominal,2.0NRT,282.75,0.5,N
51.03846,2.28176,302.5,0.33,0.55,2026-09-30,0113,N20,nominal,2.0NRT,283.83,0.5,N
51.02885,2.26633,296.37,0.33,0.55,2026-09-30,0113,N20,nominal,2.0NRT,283.51,0.62,N
51.01862,2.26513,297.37,0.33,0.55,2026-09-30,0113,N20,nominal,2.0NRT,284.55,0.56,N
46.05458,29.88122,330.45,0.49,0.65,2026-09-30,0113,N20,nominal,2.0NRT,281.25,3.48,N
46.05716,29.8831,324.82,0.49,0.65,2026-09-30,0113,N20,nominal,2.0NRT,281.18,3.05,N
49.21707,16.77273,299.94,0.4,0.37,2026-09-30,0113,N20,nominal,2.0NRT,285.17,0.64,N
46.30512,28.78272,295.85,0.43,0.62,2026-09-30,0113,N20,nominal,2.0NRT,280.85,0.47,N
45.25613,31.67071,342.91,0.63,0.72,2026-09-30,0113,N20,nominal,2.0NRT,288.48,4.46,N
45.25863,31.66347,303.83,0.63,0.72,2026-09-30,0113,N20,nominal,2.0NRT,287,4.46,N
49.95477,9.76519,299.97,0.48,0.4,2026-09-30,0113,N20,nominal,2.0NRT,283.57,0.89,N
49.76912,11.02606,300.77,0.43,0.38,2026-09-30,0113,N20,nominal,2.0NRT,283.78,0.46,N
50.40311,3.56193,308.86,0.57,0.52,2026-09-30,0113,N20,nominal,2.0NRT,281.82,1.53,N
48.45799,17.1929,308.22,0.41,0.37,2026-09-30,0113,N20,nominal,2.0NRT,287.86,1.28,N
45.95103,25.27878,298.34,0.62,0.54,2026-09-30,0113,N20,nominal,2.0NRT,278.86,1.92,N
48.28666,14.32961,314.36,0.38,0.36,2026-09-30,0113,N20,nominal,2.0NRT,286.39,2.17,N
48.28341,14.32845,331.16,0.38,0.36,2026-09-30,0113,N20,nominal,2.0NRT,289.54,2.17,N
48.27854,14.33748,348.54,0.38,0.36,2026-09-30,0113,N20,nominal,2.0NRT,293.54,9.75,N
48.27935,14.33239,298.02,0.38,0.36,2026-09-30,0113,N20,nominal,2.0NRT,287.81,0.55,N
48.27773,14.34257,303.43,0.38,0.36,2026-09-30,0113,N20,nominal,2.0NRT,286.96,9.75,N
48.27528,14.33632,327.65,0.38,0.36,2026-09-30,0113,N20,nominal,2.0NRT,288.3,9.75,N
48.2769,14.32614,299.67,0.38,0.36,2026-09-30,0113,N20,nominal,2.0NRT,289.67,0.55,N
48.2761,14.33123,299.34,0.38,0.36,2026-09-30,0113,N20,nominal,2.0NRT,287.22,0.55,N
48.27448,14.34141,308.25,0.38,0.36,2026-09-30,0113,N20,nominal,2.0NRT,286.91,9.75,N
47.92385,13.77867,299.49,0.38,0.36,2026-09-30,0113,N20,nominal,2.0NRT,283.07,0.43,N
48.59792,7.82278,302.8,0.54,0.42,2026-09-30,0113,N20,nominal,2.0NRT,287.56,1.32,N
48.3327,9.73241,297.16,0.46,0.39,2026-09-30,0113,N20,nominal,2.0NRT,284.89,0.8,N
48.33528,9.73281,298.85,0.46,0.39,2026-09-30,0113,N20,nominal,2.0NRT,284.59,0.67,N
45.12196,25.41772,302.72,0.33,0.55,2026-09-30,0113,N20,nominal,2.0NRT,281.4,1.24,N
47.79185,12.18241,305.22,0.4,0.37,2026-09-30,0113,N20,nominal,2.0NRT,284.85,1,N
46.07578,20.73888,296.91,0.39,0.44,2026-09-30,0113,N20,nominal,2.0NRT,282.16,0.91,N
45.7728,20.9664,307.14,0.4,0.44,2026-09-30,0113,N20,nominal,2.0NRT,280.68,0.63,N
46.73671,15.57019,295.74,0.4,0.37,2026-09-30,0113,N20,nominal,2.0NRT,281.69,0.55,N
45.44265,20.63133,298.25,0.4,0.44,2026-09-30,0113,N20,nominal,2.0NRT,280.56,0.49,N
45.43876,20.62953,297.25,0.4,0.44,2026-09-30,0113,N20,nominal,2.0NRT,280.75,0.49,N
45.42929,20.61441,305.39,0.4,0.44,2026-09-30,0113,N20,nominal,2.0NRT,281.34,0.93,N
45.2207,21.323,314.21,0.43,0.46,2026-09-30,0113,N20,nominal,2.0NRT,283.93,1.2,N
44.88263,22.42324,297.62,0.49,0.49,2026-09-30,0113,N20,nominal,2.0NRT,283.42,1.27,N
45.299,20.6554,355.12,0.4,0.44,2026-09-30,0113,N20,nominal,2.0NRT,287.08,4.14,N
44.8774,22.42511,301.06,0.49,0.49,2026-09-30,0113,N20,nominal,2.0NRT,283.86,1.35,N
45.2951,20.65361,330.49,0.4,0.44,2026-09-30,0113,N20,nominal,2.0NRT,281.48,4.14,N
45.29622,20.6487,301.88,0.4,0.44,2026-09-30,0113,N20,nominal,2.0NRT,280.15,4.14,N
45.17628,20.79436,295.8,0.41,0.45,2026-09-30,0113,N20,nominal,2.0NRT,281.64,0.71,N
45.10696,21.0943,296.73,0.42,0.45,2026-09-30,0113,N20,nominal,2.0NRT,280.9,0.72,N
45.16726,20.79568,298,0.41,0.45,2026-09-30,0113,N20,nominal,2.0NRT,281.64,0.83,N
45.09377,21.09386,297.22,0.42,0.45,2026-09-30,0113,N20,nominal,2.0NRT,280.26,0.5,N
45.28959,20.21955,299.66,0.38,0.44,2026-09-30,0113,N20,nominal,2.0NRT,283.06,0.67,N
45.30751,20.06431,298.66,0.57,0.43,2026-09-30,0113,N20,nominal,2.0NRT,280,0.95,N
45.13084,20.83982,298.72,0.41,0.45,2026-09-30,0113,N20,nominal,2.0NRT,281.05,0.58,N
45.17613,20.62483,298.54,0.4,0.44,2026-09-30,0113,N20,nominal,2.0NRT,282.35,0.43,N
45.17109,20.62792,309.71,0.4,0.44,2026-09-30,0113,N20,nominal,2.0NRT,282.12,1.02,N
45.16996,20.63282,297.68,0.4,0.44,2026-09-30,0113,N20,nominal,2.0NRT,282.16,1.02,N
45.15708,20.63235,307.17,0.4,0.44,2026-09-30,0113,N20,nominal,2.0NRT,282.43,1.22,N
45.12511,20.54571,300.29,0.4,0.44,2026-09-30,0113,N20,nominal,2.0NRT,281.92,0.64,N
44.97363,21.20286,296.55,0.43,0.46,2026-09-30,0113,N20,nominal,2.0NRT,282.57,0.6,N
44.96961,21.20092,295.91,0.43,0.46,2026-09-30,0113,N20,nominal,2.0NRT,282.32,0.6,N
44.96838,21.20617,299.07,0.43,0.46,2026-09-30,0113,N20,nominal,2.0NRT,282.57,0.6,N
44.96436,21.20423,296.02,0.43,0.46,2026-09-30,0113,N20,nominal,2.0NRT,282.97,0.64,N
44.95757,21.19509,295.6,0.43,0.46,2026-09-30,0113,N20,nominal,2.0NRT,283.08,0.49,N
47.17422,7.55891,318.12,0.53,0.42,2026-09-30,0113,N20,nominal,2.0NRT,284.93,3.26,N
47.17681,7.55939,311.42,0.53,0.42,2026-09-30,0113,N20,nominal,2.0NRT,284.5,1.24,N
47.17295,7.55858,299.99,0.53,0.42,2026-09-30,0113,N20,nominal,2.0NRT,283.91,0.7,N
47.17223,7.56554,295.39,0.53,0.42,2026-09-30,0113,N20,nominal,2.0NRT,285.09,0.91,N
45.01877,20.6141,295.62,0.41,0.45,2026-09-30,0113,N20,nominal,2.0NRT,282.6,0.53,N
45.07089,19.74687,306.23,0.56,0.43,2026-09-30,0113,N20,nominal,2.0NRT,282.38,1.48,N
45.10722,19.56231,300.32,0.55,0.42,2026-09-30,0113,N20,nominal,2.0NRT,282.63,1.35,N
45.10131,19.58932,296.8,0.55,0.43,2026-09-30,0113,N20,nominal,2.0NRT,282.33,0.67,N
45.06406,19.75898,307.52,0.56,0.43,2026-09-30,0113,N20,nominal,2.0NRT,281.57,1.35,N
45.10344,19.56073,300.11,0.55,0.42,2026-09-30,0113,N20,nominal,2.0NRT,283.13,0.89,N
45.10696,19.5258,300.26,0.55,0.42,2026-09-30,0113,N20,nominal,2.0NRT,282.9,0.52,N
44.91361,20.27987,298.51,0.39,0.44,2026-09-30,0113,N20,nominal,2.0NRT,282.35,0.67,N
45.0804,19.4782,301.61,0.54,0.42,2026-09-30,0113,N20,nominal,2.0NRT,284.09,0.92,N
45.07664,19.47658,299.02,0.54,0.42,2026-09-30,0113,N20,nominal,2.0NRT,283.96,0.92,N
45.05671,19.5483,320.79,0.55,0.43,2026-09-30,0113,N20,nominal,2.0NRT,283.02,3.77,N
45.01087,19.73605,307.47,0.56,0.43,2026-09-30,0113,N20,nominal,2.0NRT,279.94,1.16,N
45.00935,19.74287,302.64,0.56,0.43,2026-09-30,0113,N20,nominal,2.0NRT,280.26,1.33,N
45.01114,19.73571,296.59,0.56,0.43,2026-09-30,0113,N20,nominal,2.0NRT,279.55,1.31,N
45.00964,19.74256,310.95,0.56,0.43,2026-09-30,0113,N20,nominal,2.0NRT,280.49,1.31,N
45.00266,19.41496,297.07,0.54,0.42,2026-09-30,0113,N20,nominal,2.0NRT,280.46,1.19,N
43.78362,24.31056,303.81,0.32,0.55,2026-09-30,0113,N20,nominal,2.0NRT,280.67,0.63,N
44.59851,20.97723,299.72,0.43,0.46,2026-09-30,0113,N20,nominal,2.0NRT,281.64,0.76,N
45.52057,11.49793,305.94,0.4,0.37,2026-09-30,0113,N20,nominal,2.0NRT,286.71,1.09,N
45.38103,11.94728,314.53,0.39,0.36,2026-09-30,0113,N20,nominal,2.0NRT,289.27,1.74,N
45.78195,8.68067,299.1,0.47,0.39,2026-09-30,0113,N20,nominal,2.0NRT,286.61,0.72,N
45.63849,9.60533,321.67,0.44,0.38,2026-09-30,0113,N20,nominal,2.0NRT,289.24,2.42,N
45.50946,10.24524,305.01,0.42,0.38,2026-09-30,0113,N20,nominal,2.0NRT,289.4,1.03,N
45.46037,10.45634,311.78,0.41,0.37,2026-09-30,0113,N20,nominal,2.0NRT,290.14,1.23,N
45.47876,10.20944,329.24,0.42,0.38,2026-09-30,0113,N20,nominal,2.0NRT,289.52,6.2,N
46.0565,4.45301,303.27,0.47,0.48,2026-09-30,0113,N20,nominal,2.0NRT,287.86,1.4,N
45.34455,11.07064,298.85,0.4,0.37,2026-09-30,0113,N20,nominal,2.0NRT,280.71,0.72,N
46.05685,4.45437,301.26,0.47,0.48,2026-09-30,0113,N20,nominal,2.0NRT,287.82,1.49,N
46.05249,4.45338,303.04,0.47,0.48,2026-09-30,0113,N20,nominal,2.0NRT,286.55,1.08,N
45.14751,9.94,328.29,0.42,0.38,2026-09-30,0113,N20,nominal,2.0NRT,289.35,3.62,N
45.14407,9.93909,325.17,0.42,0.38,2026-09-30,0113,N20,nominal,2.0NRT,286.25,2.75,N
45.09946,8.88367,300.71,0.45,0.39,2026-09-30,0113,N20,nominal,2.0NRT,290.4,1.27,N
44.79274,9.81257,297.06,0.42,0.38,2026-09-30,0113,N20,nominal,2.0NRT,284.77,0.64,N
43.54255,16.43881,301.97,0.45,0.39,2026-09-30,0113,N20,nominal,2.0NRT,288.99,0.85,N
44.27094,11.91001,306.31,0.39,0.36,2026-09-30,0113,N20,nominal,2.0NRT,284.95,0.86,N
44.37981,8.29219,296.31,0.47,0.39,2026-09-30,0113,N20,nominal,2.0NRT,285.45,0.36,N
43.36607,12.54486,309.5,0.38,0.36,2026-09-30,0113,N20,nominal,2.0NRT,285.67,0.97,N
41.89637,19.58209,303.32,0.43,0.46,2026-09-30,0113,N20,nominal,2.0NRT,284.96,0.51,N
41.90555,19.38613,305.79,0.42,0.45,2026-09-30,0113,N20,nominal,2.0NRT,287.46,1.26,N
41.90444,19.39105,311.15,0.42,0.45,2026-09-30,0113,N20,nominal,2.0NRT,288.2,1.35,N
41.55087,19.72291,299.31,0.44,0.46,2026-09-30,0113,N20,nominal,2.0NRT,285.37,0.84,N
43.44613,4.89607,321.33,0.42,0.45,2026-09-30,0113,N20,nominal,2.0NRT,287.57,2.73,N
43.44341,4.87968,320.74,0.42,0.45,2026-09-30,0113,N20,nominal,2.0NRT,289.84,2.11,N
43.43828,4.88939,314.2,0.42,0.45,2026-09-30,0113,N20,nominal,2.0NRT,288.88,2.82,N
42.01005,12.71568,302.94,0.39,0.36,2026-09-30,0115,N20,nominal,2.0NRT,288.47,0.47,N
43.18573,0.98761,300.81,0.33,0.55,2026-09-30,0115,N20,nominal,2.0NRT,284.34,0.38,N
40.63003,18.00212,305.27,0.39,0.44,2026-09-30,0115,N20,nominal,2.0NRT,288.92,0.4,N
42.9054,1.47189,322.61,0.61,0.54,2026-09-30,0115,N20,nominal,2.0NRT,284.94,4.75,N
42.90012,1.47686,304.64,0.61,0.54,2026-09-30,0115,N20,nominal,2.0NRT,283.58,1.97,N
41.38735,13.53106,309.04,0.4,0.37,2026-09-30,0115,N20,nominal,2.0NRT,287.7,1.15,N
41.38403,13.53009,312.25,0.4,0.37,2026-09-30,0115,N20,nominal,2.0NRT,287.14,1.15,N
40.95343,15.66783,296.76,0.46,0.39,2026-09-30,0115,N20,nominal,2.0NRT,285.01,0.38,N
40.9508,15.67071,295.99,0.46,0.39,2026-09-30,0115,N20,nominal,2.0NRT,284.76,0.68,N
40.54256,17.56827,328.64,0.56,0.43,2026-09-30,0115,N20,nominal,2.0NRT,288.06,3.27,N
40.54391,17.56189,298.84,0.56,0.43,2026-09-30,0115,N20,nominal,2.0NRT,286.2,3.27,N
42.71426,1.77378,304.4,0.59,0.53,2026-09-30,0115,N20,nominal,2.0NRT,283.37,1.63,N
42.70931,1.7745,343.34,0.59,0.53,2026-09-30,0115,N20,nominal,2.0NRT,292.72,21.86,N
42.70972,1.76825,310.43,0.59,0.53,2026-09-30,0115,N20,nominal,2.0NRT,283.98,4.27,N
42.70481,1.76854,306.71,0.59,0.53,2026-09-30,0115,N20,nominal,2.0NRT,283.63,4.27,N
40.51919,17.2103,307.07,0.54,0.42,2026-09-30,0115,N20,nominal,2.0NRT,288.69,1.34,N
40.51543,17.20897,303.91,0.54,0.42,2026-09-30,0115,N20,nominal,2.0NRT,287.64,1.34,N
40.3953,17.37279,315.88,0.55,0.43,2026-09-30,0115,N20,nominal,2.0NRT,286.04,2.1,N
41.02241,13.92629,305.2,0.41,0.37,2026-09-30,0115,N20,nominal,2.0NRT,290.14,1.47,N
39.01273,17.17771,317.55,0.57,0.43,2026-09-30,0115,N20,nominal,2.0NRT,289.8,2.69,N
39.00782,16.73897,296.37,0.55,0.42,2026-09-30,0115,N20,nominal,2.0NRT,284.08,0.32,N
38.79675,15.21128,334.12,0.48,0.4,2026-09-30,0115,N20,nominal,2.0NRT,294.85,12.24,N
38.79324,15.20978,329.45,0.48,0.4,2026-09-30,0115,N20,nominal,2.0NRT,289.47,12.24,N
39.34124,9.12619,313.54,0.4,0.37,2026-09-30,0115,N20,nominal,2.0NRT,283.66,0.68,N
37.74881,15.04191,297.98,0.49,0.4,2026-09-30,0115,N20,nominal,2.0NRT,286.03,2.13,N
37.74517,15.06059,301.73,0.49,0.4,2026-09-30,0115,N20,nominal,2.0NRT,289.73,2.77,N
37.6299,14.16898,296.86,0.45,0.39,2026-09-30,0115,N20,nominal,2.0NRT,285.65,0.37,N
37.60472,14.14585,328.95,0.45,0.39,2026-09-30,0115,N20,nominal,2.0NRT,287.25,4.83,N
37.60592,14.14436,324.77,0.45,0.39,2026-09-30,0115,N20,nominal,2.0NRT,286.09,2.72,N
37.605,14.14924,302.97,0.45,0.39,2026-09-30,0115,N20,nominal,2.0NRT,285.4,2.04,N
37.21216,15.16956,305,0.5,0.41,2026-09-30,0115,N20,nominal,2.0NRT,292.78,1.33,N
38.6729,-4.05558,308.55,0.56,0.69,2026-09-30,0115,N20,nominal,2.0NRT,283.01,1.83,N
38.66655,-4.05628,306.73,0.56,0.69,2026-09-30,0115,N20,nominal,2.0NRT,281.02,1.83,N
36.77796,10.20237,307.06,0.38,0.36,2026-09-30,0115,N20,nominal,2.0NRT,293.85,0.4,N
36.59216,10.31902,306.03,0.38,0.36,2026-09-30,0115,N20,nominal,2.0NRT,292.95,0.77,N
36.87935,6.94351,329.66,0.44,0.38,2026-09-30,0115,N20,nominal,2.0NRT,293.99,6.89,N
36.87069,6.98213,323.45,0.44,0.38,2026-09-30,0115,N20,nominal,2.0NRT,292.46,2.47,N
36.74801,6.25448,328.06,0.46,0.39,2026-09-30,0115,N20,nominal,2.0NRT,294.86,24.71,N
36.74506,6.24862,304.94,0.46,0.39,2026-09-30,0115,N20,nominal,2.0NRT,294.65,0.98,N
36.74441,6.25378,306.81,0.46,0.39,2026-09-30,0115,N20,nominal,2.0NRT,291.72,0.98,N
36.4307,6.62143,311.88,0.45,0.39,2026-09-30,0115,N20,nominal,2.0NRT,290.71,1.61,N
36.1751,8.1038,296.97,0.4,0.37,2026-09-30,0115,N20,nominal,2.0NRT,286.51,0.37,N
35.7771,9.88971,305.75,0.38,0.36,2026-09-30,0115,N20,nominal,2.0NRT,292.25,1.16,N
36.33585,5.48045,299.8,0.49,0.4,2026-09-30,0115,N20,nominal,2.0NRT,283.17,0.67,N
35.85272,8.59186,301.99,0.39,0.36,2026-09-30,0115,N20,nominal,2.0NRT,288.97,0.73,N
36.08646,6.8046,307.91,0.44,0.38,2026-09-30,0115,N20,nominal,2.0NRT,286.22,1.55,N
36.23603,5.47872,296.22,0.49,0.4,2026-09-30,0115,N20,nominal,2.0NRT,272.46,0.76,N
36.1776,5.57082,300.4,0.49,0.4,2026-09-30,0115,N20,nominal,2.0NRT,275.55,0.89,N
36.13902,2.92557,297.74,0.44,0.46,2026-09-30,0115,N20,nominal,2.0NRT,287.46,0.4,N
36.13083,1.23699,306.2,0.54,0.51,2026-09-30,0115,N20,nominal,2.0NRT,290.43,0.96,N
36.12567,1.2425,303.7,0.54,0.51,2026-09-30,0115,N20,nominal,2.0NRT,290.59,0.66,N
35.7092,4.47269,295.76,0.54,0.42,2026-09-30,0115,N20,nominal,2.0NRT,273.85,0.97,N
35.23412,8.17412,297.69,0.4,0.37,2026-09-30,0115,N20,nominal,2.0NRT,283.35,0.47,N
35.23079,8.17339,311.46,0.4,0.37,2026-09-30,0115,N20,nominal,2.0NRT,284.03,1.23,N
34.78588,10.67449,304.42,0.39,0.36,2026-09-30,0115,N20,nominal,2.0NRT,290.94,0.34,N
35.82505,-0.32961,305.8,0.33,0.55,2026-09-30,0117,N20,nominal,2.0NRT,291.68,1.87,N
35.81622,-0.27638,306.99,0.32,0.55,2026-09-30,0117,N20,nominal,2.0NRT,290.34,0.89,N
35.81598,-0.27286,306.16,0.32,0.55,2026-09-30,0117,N20,nominal,2.0NRT,290.4,0.89,N
35.81014,-0.26253,343.31,0.32,0.55,2026-09-30,0117,N20,nominal,2.0NRT,290.98,4.65,N
35.8099,-0.25896,345.35,0.32,0.55,2026-09-30,0117,N20,nominal,2.0NRT,293.44,4.65,N
35.80964,-0.2553,350.51,0.32,0.55,2026-09-30,0117,N20,nominal,2.0NRT,292.47,5.24,N
35.80182,-0.21618,308.66,0.32,0.55,2026-09-30,0117,N20,nominal,2.0NRT,292.22,0.75,N
35.79958,-0.18398,308.3,0.32,0.55,2026-09-30,0117,N20,nominal,2.0NRT,292.41,1.21,N
35.81142,-0.25782,329.58,0.32,0.55,2026-09-30,0117,N20,nominal,2.0NRT,292.32,3.21,N
35.81115,-0.25426,342.28,0.32,0.55,2026-09-30,0117,N20,nominal,2.0NRT,292.8,4.5,N
35.81277,-0.27563,304.63,0.32,0.55,2026-09-30,0117,N20,nominal,2.0NRT,290.75,0.78,N
35.80661,-0.26174,352.03,0.32,0.55,2026-09-30,0117,N20,nominal,2.0NRT,290.5,3.21,N
35.80634,-0.2582,316.33,0.32,0.55,2026-09-30,0117,N20,nominal,2.0NRT,291.29,3.21,N
35.80526,-0.24387,303.56,0.32,0.55,2026-09-30,0117,N20,nominal,2.0NRT,291.67,1.33,N
35.80308,-0.21514,307.25,0.32,0.55,2026-09-30,0117,N20,nominal,2.0NRT,291.87,0.87,N
35.77135,-0.26883,304.55,0.32,0.55,2026-09-30,0117,N20,nominal,2.0NRT,292.87,1.46,N
35.76574,-0.26201,304,0.32,0.55,2026-09-30,0117,N20,nominal,2.0NRT,291.9,2.32,N
35.76547,-0.2584,304.67,0.32,0.55,2026-09-30,0117,N20,nominal,2.0NRT,291.58,0.98,N
35.09681,5.64831,303.93,0.47,0.4,2026-09-30,0117,N20,nominal,2.0NRT,290.35,0.71,N
34.98439,5.71386,302.74,0.47,0.39,2026-09-30,0117,N20,nominal,2.0NRT,290.9,1.73,N
34.98078,5.71313,313.89,0.47,0.39,2026-09-30,0117,N20,nominal,2.0NRT,292.23,1.73,N
34.57141,7.24041,305.47,0.41,0.37,2026-09-30,0117,N20,nominal,2.0NRT,290.13,0.55,N
34.50291,6.97852,298.73,0.42,0.38,2026-09-30,0117,N20,nominal,2.0NRT,286.86,0.4,N
34.43924,2.05542,301.35,0.46,0.47,2026-09-30,0117,N20,nominal,2.0NRT,284.68,0.77,N
34.43811,2.05808,306.98,0.46,0.47,2026-09-30,0117,N20,nominal,2.0NRT,286.05,1.71,N
34.59923,-2.3512,297.27,0.42,0.61,2026-09-30,0117,N20,nominal,2.0NRT,287.27,0.73,N
65.7706,24.19877,298.82,0.32,0.55,2026-09-30,0247,N20,nominal,2.0NRT,272.44,1.3,N
65.76897,24.18501,314.56,0.32,0.55,2026-09-30,0247,N20,nominal,2.0NRT,269.96,2.26,N
43.44056,4.88047,306.27,0.62,0.72,2026-09-30,0256,N20,nominal,2.0NRT,283.82,1.47,N
65.76694,24.1902,315.24,0.32,0.55,2026-09-30,0247,N20,nominal,2.0NRT,271.11,1.3,N
65.56397,22.22209,325.59,0.6,0.53,2026-09-30,0247,N20,nominal,2.0NRT,272.29,5.22,N
43.43819,4.8875,305.4,0.62,0.72,2026-09-30,0256,N20,nominal,2.0NRT,283.75,1.47,N
64.64498,24.4272,303.83,0.37,0.58,2026-09-30,0247,N20,nominal,2.0NRT,273.15,1.27,N
43.44188,4.87816,307.19,0.62,0.72,2026-09-30,0256,N20,nominal,2.0NRT,283.66,1.43,N
66.31216,14.17288,317.82,0.57,0.43,2026-09-30,0247,N20,nominal,2.0NRT,273.86,2.76,N
43.43954,4.88522,299.36,0.62,0.72,2026-09-30,0256,N20,nominal,2.0NRT,283.32,1.43,N
63.31884,9.14144,308.73,0.56,0.43,2026-09-30,0249,N20,nominal,2.0NRT,284.3,2.35,N
43.43722,4.89223,303.87,0.62,0.72,2026-09-30,0256,N20,nominal,2.0NRT,283.86,2.19,N
59.54512,1.5321,295.8,0.46,0.39,2026-09-30,0251,N20,nominal,2.0NRT,274.15,1.05,N
42.9039,1.47249,306.25,0.45,0.63,2026-09-30,0256,N20,nominal,2.0NRT,281.56,0.68,N
57.06047,9.9741,297.3,0.33,0.55,2026-09-30,0251,N20,nominal,2.0NRT,280.51,0.5,N
42.90792,1.47563,295.95,0.45,0.63,2026-09-30,0256,N20,nominal,2.0NRT,281.6,0.62,N
57.06148,9.97408,297.32,0.33,0.55,2026-09-30,0251,N20,nominal,2.0NRT,279.04,0.63,N
55.65369,11.0968,304.55,0.4,0.6,2026-09-30,0251,N20,nominal,2.0NRT,278.19,0.37,N
42.90215,1.4739,296.79,0.45,0.63,2026-09-30,0256,N20,nominal,2.0NRT,281.75,0.62,N
53.87681,9.58224,297.19,0.42,0.61,2026-09-30,0251,N20,nominal,2.0NRT,283.19,0.97,N
42.71117,1.77107,297.94,0.47,0.64,2026-09-30,0256,N20,nominal,2.0NRT,283.15,0.98,N
53.87635,9.58737,297.27,0.42,0.61,2026-09-30,0251,N20,nominal,2.0NRT,284.26,0.8,N
42.70889,1.77854,299.39,0.47,0.64,2026-09-30,0256,N20,nominal,2.0NRT,285.38,1.28,N
43.14928,-5.69011,308.41,0.41,0.45,2026-09-30,0256,N20,nominal,2.0NRT,289.46,0.77,N
53.51446,10.03895,299.17,0.45,0.63,2026-09-30,0251,N20,nominal,2.0NRT,285.44,0.59,N
53.52282,9.89835,310.61,0.44,0.62,2026-09-30,0251,N20,nominal,2.0NRT,284.9,1.81,N
53.52081,9.90415,304.18,0.44,0.62,2026-09-30,0251,N20,nominal,2.0NRT,283.09,1.51,N
36.13016,1.24094,304.76,0.69,0.74,2026-09-30,0258,N20,nominal,2.0NRT,287.52,1.53,N
53.52532,9.90344,316.14,0.44,0.62,2026-09-30,0251,N20,nominal,2.0NRT,284.11,2.1,N
36.12925,1.23718,303.38,0.69,0.74,2026-09-30,0258,N20,nominal,2.0NRT,286.09,1.97,N
53.14085,8.6761,315.47,0.41,0.61,2026-09-30,0251,N20,nominal,2.0NRT,287.03,1.8,N
35.81371,-0.25556,324.68,0.59,0.7,2026-09-30,0258,N20,nominal,2.0NRT,287.27,3.09,N
52.45302,9.13453,295.23,0.45,0.63,2026-09-30,0251,N20,nominal,2.0NRT,284.6,0.36,N
35.80817,-0.23707,303.24,0.59,0.7,2026-09-30,0258,N20,nominal,2.0NRT,288.13,1.43,N
50.57784,13.59467,335.59,0.78,0.78,2026-09-30,0251,N20,nominal,2.0NRT,280.87,4.64,N
52.46761,7.31378,301.58,0.39,0.59,2026-09-30,0251,N20,nominal,2.0NRT,284.6,1.16,N
35.80772,-0.25866,328.58,0.59,0.7,2026-09-30,0258,N20,nominal,2.0NRT,288.45,3.59,N
52.46598,7.31887,312.71,0.39,0.59,2026-09-30,0251,N20,nominal,2.0NRT,284.72,1.16,N
35.80587,-0.25246,303.74,0.59,0.7,2026-09-30,0258,N20,nominal,2.0NRT,288,2.54,N
52.21068,8.04578,302.34,0.42,0.61,2026-09-30,0251,N20,nominal,2.0NRT,285.59,0.8,N
35.79653,-0.18128,301.21,0.6,0.7,2026-09-30,0258,N20,nominal,2.0NRT,289.32,1.51,N
51.85803,8.02972,296.34,0.43,0.62,2026-09-30,0251,N20,nominal,2.0NRT,285.92,0.61,N
52.49452,4.61696,329.83,0.61,0.54,2026-09-30,0251,N20,nominal,2.0NRT,284.48,5.19,N
35.81224,-0.25838,322.48,0.59,0.7,2026-09-30,0258,N20,nominal,2.0NRT,287.78,3.7,N
52.48589,4.59,312.19,0.61,0.53,2026-09-30,0251,N20,nominal,2.0NRT,282.86,3.94,N
52.47691,4.58309,323.51,0.61,0.53,2026-09-30,0251,N20,nominal,2.0NRT,280.97,3.83,N
35.81039,-0.25208,324.24,0.59,0.7,2026-09-30,0258,N20,nominal,2.0NRT,288.16,3.7,N
51.48801,6.70809,302.35,0.4,0.6,2026-09-30,0251,N20,nominal,2.0NRT,275.97,1.18,N
51.48471,6.71844,319.03,0.4,0.6,2026-09-30,0251,N20,nominal,2.0NRT,273.93,2.55,N
35.81584,-0.27067,302.48,0.59,0.7,2026-09-30,0258,N20,nominal,2.0NRT,285.73,1.91,N
51.48471,6.69895,308.24,0.4,0.6,2026-09-30,0251,N20,nominal,2.0NRT,271.87,1.26,N
35.82461,-0.3241,295.5,0.59,0.7,2026-09-30,0258,N20,nominal,2.0NRT,281.33,2.91,N
51.48307,6.70405,306.46,0.4,0.6,2026-09-30,0251,N20,nominal,2.0NRT,274.68,1.26,N
35.80445,-0.25537,311.03,0.59,0.7,2026-09-30,0258,N20,nominal,2.0NRT,287.38,1.06,N
35.77243,-0.26384,302.63,0.59,0.7,2026-09-30,0258,N20,nominal,2.0NRT,290.27,1.74,N
51.36896,6.70609,303.72,0.4,0.6,2026-09-30,0251,N20,nominal,2.0NRT,277.45,1.13,N
35.46009,-0.39527,301.19,0.59,0.7,2026-09-30,0258,N20,nominal,2.0NRT,288.45,1.46,N
36.50163,-4.79827,308.35,0.32,0.55,2026-09-30,0258,N20,nominal,2.0NRT,286.79,0.62,N
51.87475,4.29563,298.26,0.62,0.54,2026-09-30,0251,N20,nominal,2.0NRT,284.69,1.49,N
51.26691,4.32194,297.69,0.33,0.55,2026-09-30,0251,N20,nominal,2.0NRT,284.14,0.84,N
36.50073,-4.7947,300.27,0.32,0.55,2026-09-30,0258,N20,nominal,2.0NRT,287.9,0.62,N
35.31344,-1.34576,301.33,0.53,0.67,2026-09-30,0258,N20,nominal,2.0NRT,286.25,1.07,N
51.25847,4.33137,312.59,0.33,0.55,2026-09-30,0251,N20,nominal,2.0NRT,282.87,1.46,N
34.93019,-1.89766,298.02,0.51,0.66,2026-09-30,0258,N20,nominal,2.0NRT,286.48,0.56,N
51.25721,4.33565,306.51,0.33,0.55,2026-09-30,0251,N20,nominal,2.0NRT,282.92,0.88,N
34.92815,-1.89833,298.56,0.51,0.66,2026-09-30,0258,N20,nominal,2.0NRT,286.55,0.37,N
51.25594,4.33994,297.69,0.33,0.55,2026-09-30,0251,N20,nominal,2.0NRT,284.25,0.88,N
34.93685,-2.74249,309.72,0.46,0.63,2026-09-30,0258,N20,nominal,2.0NRT,287.7,1.21,N
51.16811,4.33378,296.43,0.33,0.55,2026-09-30,0251,N20,nominal,2.0NRT,283.2,0.45,N
34.93703,-2.74585,304.45,0.46,0.63,2026-09-30,0258,N20,nominal,2.0NRT,287.77,1.44,N
50.76263,5.67076,307.21,0.38,0.59,2026-09-30,0251,N20,nominal,2.0NRT,280.83,1.04,N
34.93571,-2.74096,300.35,0.46,0.64,2026-09-30,0258,N20,nominal,2.0NRT,287.64,1.23,N
51.1752,3.81312,337.2,0.63,0.54,2026-09-30,0253,N20,nominal,2.0NRT,285.98,6.12,N
34.59856,-2.34766,298.13,0.49,0.65,2026-09-30,0258,N20,nominal,2.0NRT,286.43,0.73,N
51.17757,3.80495,316,0.63,0.54,2026-09-30,0253,N20,nominal,2.0NRT,284.99,6.12,N
51.17064,3.80978,331.79,0.63,0.54,2026-09-30,0253,N20,nominal,2.0NRT,285.52,3.23,N
51.17302,3.80157,302.92,0.63,0.54,2026-09-30,0253,N20,nominal,2.0NRT,284.94,3.23,N
51.16823,3.81805,300.49,0.63,0.54,2026-09-30,0253,N20,nominal,2.0NRT,284.21,1.81,N
51.16608,3.80645,300.14,0.63,0.54,2026-09-30,0253,N20,nominal,2.0NRT,283.52,3.23,N
50.57116,5.36868,295.33,0.38,0.59,2026-09-30,0253,N20,nominal,2.0NRT,279.12,0.39,N
53.43115,-7.1436,296.34,0.39,0.36,2026-09-30,0253,N20,nominal,2.0NRT,284.46,0.54,N
52.64461,-8.69087,311.1,0.38,0.36,2026-09-30,0253,N20,nominal,2.0NRT,284.09,0.76,N
48.77152,4.5634,295.79,0.4,0.6,2026-09-30,0253,N20,nominal,2.0NRT,280.18,0.45,N
45.46959,34.16389,335.54,0.75,0.77,2026-09-30,0917,N20,nominal,2.0NRT,285.68,12.36,D
45.47269,34.1725,356.46,0.75,0.77,2026-09-30,0917,N20,low,2.0NRT,289.81,17.88,D
45.47033,34.16814,367,0.75,0.77,2026-09-30,0917,N20,high,2.0NRT,290.59,22.65,D
46.75841,33.56363,326.34,0.71,0.75,2026-09-30,0917,N20,nominal,2.0NRT,289.37,3.01,D
47.14636,34.4181,328.85,0.64,0.72,2026-09-30,0917,N20,nominal,2.0NRT,289.35,3.08,D
47.36826,33.7795,336.15,0.66,0.73,2026-09-30,0917,N20,nominal,2.0NRT,290.59,7.1,D
47.3658,33.78271,345.54,0.66,0.73,2026-09-30,0917,N20,nominal,2.0NRT,290.5,6.15,D
47.44559,33.48028,367,0.68,0.74,2026-09-30,0917,N20,high,2.0NRT,291.73,9.98,D
47.44852,33.48835,336.77,0.68,0.74,2026-09-30,0917,N20,nominal,2.0NRT,289.37,9.98,D
49.31348,33.26488,326.83,0.59,0.7,2026-09-30,0920,N20,nominal,2.0NRT,286.71,3.96,D
51.22614,34.90849,367,0.44,0.62,2026-09-30,0920,N20,high,2.0NRT,290.52,7.48,D
52.17912,32.95663,367,0.48,0.64,2026-09-30,0920,N20,high,2.0NRT,293.92,14.1,D
52.48342,33.57241,332.3,0.44,0.62,2026-09-30,0920,N20,nominal,2.0NRT,287.58,2.88,D
52.55081,32.24994,347.19,0.49,0.65,2026-09-30,0920,N20,nominal,2.0NRT,288.82,5.66,D
53.44163,34.42163,327.8,0.38,0.59,2026-09-30,0920,N20,nominal,2.0NRT,292.59,1.95,D
53.44445,34.41867,325.49,0.38,0.59,2026-09-30,0920,N20,nominal,2.0NRT,291.22,2.24,D
53.79997,33.5756,367,0.4,0.6,2026-09-30,0920,N20,high,2.0NRT,290.36,6,D
53.80057,33.57335,367,0.39,0.6,2026-09-30,0920,N20,high,2.0NRT,291,6.04,D
57.01007,34.68486,341.08,0.55,0.51,2026-09-30,0920,N20,nominal,2.0NRT,286.53,5.68,D
59.52918,34.14697,334.09,0.47,0.48,2026-09-30,0922,N20,nominal,2.0NRT,291.04,4.88,D
65.76565,24.19132,327.92,0.48,0.48,2026-09-30,0924,N20,nominal,2.0NRT,281.1,4.94,D
65.56081,22.22105,326.39,0.54,0.51,2026-09-30,0924,N20,nominal,2.0NRT,282.16,4.91,D
36.83798,34.93538,335,0.42,0.38,2026-09-30,1056,N20,nominal,2.0NRT,302.28,2.66,D
36.85078,34.95218,332,0.42,0.38,2026-09-30,1056,N20,low,2.0NRT,302.09,1.11,D
36.88083,34.96556,335.17,0.42,0.38,2026-09-30,1056,N20,nominal,2.0NRT,305.44,3.3,D
36.89525,34.96752,340.01,0.42,0.38,2026-09-30,1056,N20,nominal,2.0NRT,305.18,4.23,D
36.89673,34.96414,331.35,0.42,0.38,2026-09-30,1056,N20,low,2.0NRT,304.8,1.71,D
36.90485,34.97224,332.05,0.42,0.38,2026-09-30,1056,N20,low,2.0NRT,306.58,2.69,D
36.9083,34.97155,330.21,0.42,0.38,2026-09-30,1056,N20,low,2.0NRT,303.32,2.69,D
37.76414,31.60258,327.33,0.38,0.36,2026-09-30,1056,N20,low,2.0NRT,297.55,3.08,D
38.59681,31.58498,335.09,0.38,0.36,2026-09-30,1056,N20,nominal,2.0NRT,293.68,5.73,D
38.81268,27.00603,327.47,0.48,0.4,2026-09-30,1056,N20,nominal,2.0NRT,291.64,3.82,D
37.40421,14.00632,337.22,0.79,0.78,2026-09-30,1058,N20,nominal,2.0NRT,298.15,8.36,D
38.24638,16.13764,325.9,0.58,0.7,2026-09-30,1058,N20,nominal,2.0NRT,293.04,3.6,D
41.07323,25.57972,335.86,0.5,0.41,2026-09-30,1058,N20,nominal,2.0NRT,291.62,7.63,D
39.34323,17.04402,337.49,0.48,0.65,2026-09-30,1058,N20,nominal,2.0NRT,297.99,4.66,D
39.88042,18.39259,330.35,0.4,0.6,2026-09-30,1058,N20,nominal,2.0NRT,293.86,3.59,D
40.72183,20.82881,330.04,0.57,0.52,2026-09-30,1058,N20,nominal,2.0NRT,293.31,4.65,D
40.42038,18.17206,346.24,0.4,0.6,2026-09-30,1058,N20,nominal,2.0NRT,297.92,2.72,D
40.42557,18.16961,335.79,0.4,0.6,2026-09-30,1058,N20,nominal,2.0NRT,298.25,2.72,D
40.34975,17.83445,336.43,0.41,0.61,2026-09-30,1058,N20,nominal,2.0NRT,295.75,4.03,D
40.53526,17.85774,331.11,0.41,0.6,2026-09-30,1058,N20,nominal,2.0NRT,296.37,3.35,D
40.53581,17.85953,334.61,0.41,0.6,2026-09-30,1058,N20,nominal,2.0NRT,297.02,2.32,D
41.13162,19.56817,336.99,0.32,0.55,2026-09-30,1058,N20,nominal,2.0NRT,301.9,3.62,D
41.13642,19.56604,367,0.32,0.55,2026-09-30,1058,N20,high,2.0NRT,300.55,6.16,D
42.03238,23.07287,328.59,0.41,0.45,2026-09-30,1058,N20,nominal,2.0NRT,294,1.76,D
42.03635,23.0712,334.78,0.41,0.45,2026-09-30,1058,N20,nominal,2.0NRT,292.76,1.76,D
40.59363,17.21228,367,0.44,0.62,2026-09-30,1058,N20,high,2.0NRT,297.6,12.7,D
42.61487,25.60291,335.49,0.48,0.4,2026-09-30,1058,N20,nominal,2.0NRT,285.78,3.57,D
42.61376,25.59734,353.73,0.48,0.4,2026-09-30,1058,N20,nominal,2.0NRT,297.51,10.89,D
40.59066,17.21378,367,0.44,0.62,2026-09-30,1058,N20,high,2.0NRT,296.65,13.89,D
41.37788,19.52386,343.29,0.32,0.55,2026-09-30,1058,N20,nominal,2.0NRT,296.2,4.05,D
40.68915,16.816,346.84,0.46,0.63,2026-09-30,1058,N20,nominal,2.0NRT,296.73,10.44,D
40.68766,16.81082,340.49,0.46,0.63,2026-09-30,1058,N20,nominal,2.0NRT,296.59,6.98,D
40.83408,17.283,331.85,0.43,0.62,2026-09-30,1058,N20,nominal,2.0NRT,294.27,2.05,D
40.68936,16.81345,367,0.45,0.63,2026-09-30,1058,N20,high,2.0NRT,297.15,9.32,D
41.55407,19.62606,331.31,0.62,0.54,2026-09-30,1058,N20,nominal,2.0NRT,297.7,5.17,D
41.59823,19.68584,335.82,0.62,0.54,2026-09-30,1058,N20,nominal,2.0NRT,298.84,6.2,D
42.52653,22.48335,354.54,0.43,0.46,2026-09-30,1058,N20,nominal,2.0NRT,296.65,14.72,D
42.53065,22.48199,348.26,0.43,0.46,2026-09-30,1058,N20,nominal,2.0NRT,295.02,14.72,D
41.00597,15.97353,367,0.49,0.65,2026-09-30,1058,N20,high,2.0NRT,297.16,9.67,D
41.98628,19.44972,339.91,0.62,0.54,2026-09-30,1058,N20,nominal,2.0NRT,296.85,7.32,D
41.98446,19.44259,328.24,0.62,0.54,2026-09-30,1058,N20,nominal,2.0NRT,296.03,5.31,D
41.00394,15.9742,367,0.49,0.65,2026-09-30,1058,N20,high,2.0NRT,297.89,10.83,D
41.98864,19.4495,328.12,0.62,0.54,2026-09-30,1058,N20,nominal,2.0NRT,296.37,6.37,D
41.98678,19.44239,338.91,0.62,0.54,2026-09-30,1058,N20,nominal,2.0NRT,297.78,6.37,D
42.09999,19.63674,328.78,0.6,0.53,2026-09-30,1058,N20,nominal,2.0NRT,295.35,5.31,D
42.61079,21.64342,341.53,0.47,0.48,2026-09-30,1058,N20,nominal,2.0NRT,298.01,5.59,D
43.30749,24.02272,330.93,0.53,0.42,2026-09-30,1058,N20,nominal,2.0NRT,300.96,4.07,D
43.30616,24.01643,327.74,0.53,0.42,2026-09-30,1058,N20,nominal,2.0NRT,300.01,3.43,D
42.64407,20.87785,335.41,0.51,0.49,2026-09-30,1058,N20,nominal,2.0NRT,296.61,4.22,D
41.27147,15.69306,336.07,0.5,0.66,2026-09-30,1058,N20,nominal,2.0NRT,299.5,2.41,D
42.99051,22.18073,334.26,0.43,0.46,2026-09-30,1058,N20,nominal,2.0NRT,298.1,5.63,D
42.99464,22.17938,339.45,0.43,0.46,2026-09-30,1058,N20,nominal,2.0NRT,297.04,5.63,D
41.27457,15.69257,330.53,0.5,0.65,2026-09-30,1058,N20,nominal,2.0NRT,298.68,1.63,D
42.75403,21.06544,352.86,0.5,0.49,2026-09-30,1058,N20,nominal,2.0NRT,302.16,15.14,D
42.75833,21.06362,339.41,0.5,0.49,2026-09-30,1058,N20,nominal,2.0NRT,296.33,15.14,D
42.80688,21.04865,342.81,0.49,0.49,2026-09-30,1058,N20,nominal,2.0NRT,299.7,15.35,D
43.73817,25.2904,329.55,0.47,0.4,2026-09-30,1058,N20,low,2.0NRT,303.05,2.66,D
41.38335,15.62073,337.54,0.5,0.66,2026-09-30,1058,N20,nominal,2.0NRT,299.78,3.17,D
41.3807,15.62155,337.87,0.5,0.65,2026-09-30,1058,N20,nominal,2.0NRT,299.63,4.17,D
42.84606,20.86221,338.15,0.5,0.49,2026-09-30,1058,N20,nominal,2.0NRT,298.89,5.9,D
43.78584,25.0258,340.19,0.48,0.4,2026-09-30,1058,N20,nominal,2.0NRT,302.36,5.31,D
43.78941,25.02447,336.52,0.48,0.4,2026-09-30,1058,N20,nominal,2.0NRT,299.23,5.31,D
43.78827,25.01871,341.27,0.48,0.4,2026-09-30,1058,N20,nominal,2.0NRT,300.95,5.31,D
41.36436,15.21904,329.09,0.52,0.67,2026-09-30,1058,N20,low,2.0NRT,299.27,3.02,D
44.22768,27.32175,343.8,0.41,0.37,2026-09-30,1058,N20,nominal,2.0NRT,297.14,3.11,D
44.22681,27.31676,354.41,0.41,0.37,2026-09-30,1058,N20,nominal,2.0NRT,296.99,4.81,D
43.97939,25.66265,335.58,0.45,0.39,2026-09-30,1058,N20,nominal,2.0NRT,300.61,3.14,D
43.6635,23.97358,332.42,0.53,0.42,2026-09-30,1058,N20,nominal,2.0NRT,300.55,4.29,D
41.60354,15.65949,334.29,0.49,0.65,2026-09-30,1058,N20,nominal,2.0NRT,300.3,2.77,D
43.88385,24.80551,332.71,0.48,0.4,2026-09-30,1058,N20,nominal,2.0NRT,301.38,5.87,D
43.88303,24.80461,332.79,0.48,0.4,2026-09-30,1058,N20,nominal,2.0NRT,303,3.87,D
41.60164,15.65976,327.14,0.49,0.65,2026-09-30,1058,N20,low,2.0NRT,300.23,2.5,D
41.59153,15.51909,330.47,0.49,0.65,2026-09-30,1058,N20,nominal,2.0NRT,297,3.72,D
41.58987,15.51357,344.77,0.49,0.65,2026-09-30,1058,N20,nominal,2.0NRT,300.97,3.72,D
41.59896,15.4573,327.98,0.5,0.66,2026-09-30,1058,N20,low,2.0NRT,299.11,1.53,D
41.60106,15.33387,333.94,0.5,0.66,2026-09-30,1058,N20,nominal,2.0NRT,299.91,3.21,D
41.60269,15.33119,332.99,0.5,0.66,2026-09-30,1058,N20,nominal,2.0NRT,299.22,2.71,D
43.86251,23.80206,339.29,0.53,0.42,2026-09-30,1058,N20,nominal,2.0NRT,303.94,7.67,D
43.97008,24.20678,333.86,0.51,0.41,2026-09-30,1058,N20,nominal,2.0NRT,302.43,5.36,D
43.90655,23.83958,332.42,0.53,0.42,2026-09-30,1058,N20,nominal,2.0NRT,300.65,3.83,D
45.25821,31.67478,330.43,0.41,0.37,2026-09-30,1058,N20,nominal,2.0NRT,293.57,3.71,D
45.57961,33.99677,328.69,0.48,0.4,2026-09-30,1058,N20,nominal,2.0NRT,296.01,2.44,D
44.55423,26.56074,339.37,0.42,0.38,2026-09-30,1058,N20,nominal,2.0NRT,305.71,21.88,D
44.56043,26.57499,329.97,0.42,0.38,2026-09-30,1058,N20,nominal,2.0NRT,299.92,1.9,D
44.55949,26.56984,332.53,0.42,0.38,2026-09-30,1058,N20,nominal,2.0NRT,299.08,22.32,D
44.5576,26.55954,343.12,0.42,0.38,2026-09-30,1058,N20,nominal,2.0NRT,306.49,20.2,D
44.56285,26.56865,336.73,0.42,0.38,2026-09-30,1058,N20,nominal,2.0NRT,300.69,22.32,D
44.56191,26.5635,334.85,0.42,0.38,2026-09-30,1058,N20,nominal,2.0NRT,299.44,22.32,D
44.02326,23.67902,346.03,0.53,0.42,2026-09-30,1058,N20,nominal,2.0NRT,304.24,6.62,D
41.87441,15.212,367,0.5,0.66,2026-09-30,1058,N20,high,2.0NRT,301.4,12.49,D
44.3023,24.33399,344.71,0.5,0.41,2026-09-30,1058,N20,nominal,2.0NRT,302.75,9.86,D
44.234,23.80724,330.02,0.52,0.42,2026-09-30,1058,N20,low,2.0NRT,301.37,4.44,D
44.24452,22.67388,339.77,0.39,0.44,2026-09-30,1058,N20,nominal,2.0NRT,301.95,13.73,D
45.27449,27.71154,335.81,0.39,0.36,2026-09-30,1058,N20,nominal,2.0NRT,299.54,5.55,D
45.27366,27.70661,328.6,0.39,0.36,2026-09-30,1058,N20,nominal,2.0NRT,300.5,3.81,D
44.34592,22.84986,343.32,0.57,0.43,2026-09-30,1058,N20,nominal,2.0NRT,301.22,22.75,D
44.35738,22.84492,333.83,0.57,0.43,2026-09-30,1058,N20,nominal,2.0NRT,301.23,7.86,D
44.35672,22.84528,334.32,0.57,0.43,2026-09-30,1058,N20,nominal,2.0NRT,301.61,8.45,D
44.40888,22.95006,327.75,0.56,0.43,2026-09-30,1058,N20,nominal,2.0NRT,301.18,2.12,D
44.40739,22.94325,327.9,0.56,0.43,2026-09-30,1058,N20,nominal,2.0NRT,301.89,2.63,D
44.34887,22.65795,328.81,0.38,0.44,2026-09-30,1058,N20,nominal,2.0NRT,302.23,2.11,D
46.24377,33.68671,331.77,0.47,0.4,2026-09-30,1058,N20,nominal,2.0NRT,296.67,8.63,D
46.24397,33.69111,337.43,0.47,0.4,2026-09-30,1058,N20,nominal,2.0NRT,295.12,4.14,D
44.59631,23.31935,330.9,0.54,0.42,2026-09-30,1058,N20,nominal,2.0NRT,299.25,17.26,D
44.59959,23.29672,325.43,0.54,0.42,2026-09-30,1058,N20,nominal,2.0NRT,299.17,2.72,D
44.31654,21.99581,335.03,0.41,0.45,2026-09-30,1058,N20,nominal,2.0NRT,295.07,3.75,D
44.51618,22.81532,326.46,0.56,0.43,2026-09-30,1058,N20,nominal,2.0NRT,295.35,6.01,D
44.51468,22.80842,347.69,0.56,0.43,2026-09-30,1058,N20,nominal,2.0NRT,306.02,6.01,D
44.51316,22.80148,336.47,0.56,0.43,2026-09-30,1058,N20,nominal,2.0NRT,300.64,3.77,D
44.51853,22.80695,346.66,0.56,0.43,2026-09-30,1058,N20,nominal,2.0NRT,303.84,6.09,D
44.51701,22.79997,331.4,0.56,0.43,2026-09-30,1058,N20,nominal,2.0NRT,305.52,6.13,D
44.5155,22.79305,332.33,0.57,0.43,2026-09-30,1058,N20,nominal,2.0NRT,298.43,6.13,D
44.46439,22.55999,326.8,0.39,0.44,2026-09-30,1058,N20,low,2.0NRT,300.53,1.78,D
44.52237,22.80545,331,0.56,0.43,2026-09-30,1058,N20,nominal,2.0NRT,298.11,6.09,D
44.52083,22.7984,343.31,0.56,0.43,2026-09-30,1058,N20,nominal,2.0NRT,305.86,6.13,D
44.5193,22.79137,347.65,0.57,0.43,2026-09-30,1058,N20,nominal,2.0NRT,303.57,6.13,D
44.52464,22.79677,339.66,0.56,0.43,2026-09-30,1058,N20,nominal,2.0NRT,297.95,5.73,D
44.52311,22.7897,344.37,0.57,0.43,2026-09-30,1058,N20,nominal,2.0NRT,298.31,5.73,D
44.51834,22.76781,335.27,0.57,0.43,2026-09-30,1058,N20,nominal,2.0NRT,302.46,6.86,D
44.52067,22.75933,340.87,0.57,0.43,2026-09-30,1058,N20,nominal,2.0NRT,299.06,6.86,D
44.68151,23.24203,325.99,0.54,0.42,2026-09-30,1058,N20,nominal,2.0NRT,293.49,3.03,D
45.88561,29.92233,339.36,0.39,0.36,2026-09-30,1058,N20,nominal,2.0NRT,299.93,2.65,D
44.68322,23.24088,337.09,0.54,0.42,2026-09-30,1058,N20,nominal,2.0NRT,297.12,4.46,D
46.58994,34.72304,348.35,0.52,0.41,2026-09-30,1058,N20,nominal,2.0NRT,297.57,6.08,D
46.59374,34.72224,334.24,0.52,0.41,2026-09-30,1058,N20,nominal,2.0NRT,296.42,6.08,D
46.61119,34.22352,335.13,0.5,0.41,2026-09-30,1058,N20,nominal,2.0NRT,294.97,11.02,D
46.15445,30.25089,344.23,0.39,0.36,2026-09-30,1058,N20,nominal,2.0NRT,300.64,10.34,D
46.15846,30.25492,330.98,0.39,0.36,2026-09-30,1058,N20,nominal,2.0NRT,296.55,8.73,D
46.16925,30.21001,333.32,0.39,0.36,2026-09-30,1058,N20,nominal,2.0NRT,297.63,3.72,D
44.91439,23.10534,334.3,0.54,0.42,2026-09-30,1058,N20,nominal,2.0NRT,299.42,9,D
44.91166,23.09254,346.86,0.54,0.42,2026-09-30,1058,N20,nominal,2.0NRT,301.97,10.44,D
44.7692,22.32239,327,0.39,0.44,2026-09-30,1058,N20,nominal,2.0NRT,290.89,3.04,D
44.89079,22.50025,330.5,0.57,0.43,2026-09-30,1058,N20,nominal,2.0NRT,294.68,4.56,D
44.3482,20.14759,328.13,0.5,0.49,2026-09-30,1058,N20,nominal,2.0NRT,298.27,3.1,D
44.40686,20.15331,352.51,0.5,0.49,2026-09-30,1058,N20,nominal,2.0NRT,298.43,6.73,D
46.88274,34.6872,345.92,0.52,0.42,2026-09-30,1058,N20,nominal,2.0NRT,294.66,7.89,D
46.88203,34.68036,331.85,0.52,0.42,2026-09-30,1058,N20,nominal,2.0NRT,289.89,7.89,D
46.88726,34.69324,367,0.52,0.42,2026-09-30,1058,N20,high,2.0NRT,337.19,78.84,D
46.88796,34.70008,332.54,0.52,0.42,2026-09-30,1058,N20,nominal,2.0NRT,294.48,78.84,D
46.88655,34.68639,286.36,0.52,0.42,2026-09-30,1058,N20,low,2.0NRT,322.22,62.32,D
46.89107,34.69242,353.27,0.52,0.42,2026-09-30,1058,N20,nominal,2.0NRT,293.71,78.84,D
46.88965,34.67873,339.35,0.52,0.42,2026-09-30,1058,N20,nominal,2.0NRT,293.71,62.32,D
46.88503,34.68634,296.59,0.52,0.42,2026-09-30,1058,N20,low,2.0NRT,317.5,176.98,D
46.89019,34.69923,331.59,0.52,0.42,2026-09-30,1058,N20,nominal,2.0NRT,293.97,19.3,D
46.88884,34.68552,331.55,0.52,0.42,2026-09-30,1058,N20,nominal,2.0NRT,296.48,176.98,D
46.88816,34.67867,335.74,0.52,0.42,2026-09-30,1058,N20,nominal,2.0NRT,292.58,8.96,D
46.89197,34.67785,334.95,0.52,0.42,2026-09-30,1058,N20,nominal,2.0NRT,289.9,2.68,D
44.40968,20.1512,349.69,0.5,0.49,2026-09-30,1058,N20,nominal,2.0NRT,298.71,7.08,D
47.01297,33.95688,336.33,0.49,0.4,2026-09-30,1058,N20,nominal,2.0NRT,293.68,4.12,D
46.42521,29.39223,337.64,0.39,0.36,2026-09-30,1058,N20,nominal,2.0NRT,300.17,3.47,D
44.8516,21.04278,336.01,0.44,0.46,2026-09-30,1058,N20,nominal,2.0NRT,299.44,2.14,D
45.81649,25.6385,329.06,0.43,0.38,2026-09-30,1058,N20,nominal,2.0NRT,299.08,1.68,D
44.85097,21.04016,333.62,0.44,0.46,2026-09-30,1058,N20,nominal,2.0NRT,298.97,2.98,D
45.08189,21.59792,330.7,0.41,0.45,2026-09-30,1058,N20,nominal,2.0NRT,299.64,1.47,D
45.11081,21.70734,335.55,0.41,0.45,2026-09-30,1058,N20,nominal,2.0NRT,298.96,4.6,D
45.11709,21.71605,339.12,0.41,0.45,2026-09-30,1058,N20,nominal,2.0NRT,295.97,42.92,D
46.70121,30.33938,351.83,0.39,0.36,2026-09-30,1058,N20,nominal,2.0NRT,304.25,14.07,D
46.70051,30.33428,306.04,0.39,0.36,2026-09-30,1058,N20,low,2.0NRT,307.74,14.07,D
46.70524,30.34352,340.46,0.39,0.36,2026-09-30,1058,N20,nominal,2.0NRT,301.04,5.79,D
46.70452,30.33841,332.27,0.39,0.36,2026-09-30,1058,N20,nominal,2.0NRT,299.49,14.07,D
47.14366,33.91072,329.96,0.49,0.4,2026-09-30,1058,N20,nominal,2.0NRT,295.43,2.95,D
45.02428,21.20314,338.85,0.43,0.46,2026-09-30,1058,N20,nominal,2.0NRT,302.88,4.34,D
45.02307,21.19795,336.29,0.43,0.46,2026-09-30,1058,N20,nominal,2.0NRT,301.75,2.86,D
45.02831,21.20129,328.91,0.43,0.46,2026-09-30,1058,N20,nominal,2.0NRT,301.67,3.27,D
45.02709,21.19609,345.18,0.43,0.46,2026-09-30,1058,N20,nominal,2.0NRT,302.72,3.7,D
45.02222,21.17524,334.36,0.43,0.46,2026-09-30,1058,N20,nominal,2.0NRT,299.42,3.18,D
45.021,21.17002,328.84,0.43,0.46,2026-09-30,1058,N20,nominal,2.0NRT,302.9,3.18,D
45.03233,21.19942,331.75,0.43,0.46,2026-09-30,1058,N20,nominal,2.0NRT,301.91,3.27,D
45.03111,21.19422,330.15,0.43,0.46,2026-09-30,1058,N20,nominal,2.0NRT,299.76,3.7,D
47.09595,33.26387,341.32,0.47,0.39,2026-09-30,1058,N20,nominal,2.0NRT,295.99,3.76,D
45.01928,21.12441,330.59,0.43,0.46,2026-09-30,1058,N20,low,2.0NRT,302.23,3.64,D
45.01805,21.11917,329.37,0.43,0.46,2026-09-30,1058,N20,low,2.0NRT,301.41,3.81,D
47.09955,33.263,328.77,0.47,0.39,2026-09-30,1058,N20,nominal,2.0NRT,294.63,3.76,D
45.02612,21.11539,337.91,0.43,0.46,2026-09-30,1058,N20,nominal,2.0NRT,302.26,8.78,D
45.0249,21.11015,354.82,0.43,0.46,2026-09-30,1058,N20,nominal,2.0NRT,305.87,8.78,D
45.03016,21.1135,341.12,0.43,0.46,2026-09-30,1058,N20,nominal,2.0NRT,300.27,8.78,D
45.02893,21.10825,344.38,0.43,0.46,2026-09-30,1058,N20,nominal,2.0NRT,302.76,8.78,D
45.03296,21.10635,330.24,0.43,0.46,2026-09-30,1058,N20,low,2.0NRT,300.81,3.22,D
45.03175,21.1011,329.3,0.43,0.46,2026-09-30,1058,N20,low,2.0NRT,299.4,3.04,D
44.83694,20.0463,330.29,0.49,0.49,2026-09-30,1058,N20,nominal,2.0NRT,300.18,2.77,D
44.79646,19.85937,341.09,0.5,0.49,2026-09-30,1058,N20,nominal,2.0NRT,298.59,7.04,D
46.24613,26.84905,339.96,0.4,0.37,2026-09-30,1058,N20,nominal,2.0NRT,296.53,4.61,D
45.09429,21.10097,341.66,0.43,0.46,2026-09-30,1058,N20,nominal,2.0NRT,301.28,3.93,D
45.09308,21.0957,332.47,0.43,0.46,2026-09-30,1058,N20,low,2.0NRT,304.07,4.28,D
44.84969,20.05991,339,0.49,0.48,2026-09-30,1058,N20,nominal,2.0NRT,300.21,4.01,D
46.24855,26.84279,340.59,0.4,0.37,2026-09-30,1058,N20,nominal,2.0NRT,295.99,2.65,D
45.09832,21.0991,332.88,0.43,0.46,2026-09-30,1058,N20,nominal,2.0NRT,303.86,3.93,D
45.08955,21.09578,332.86,0.43,0.46,2026-09-30,1058,N20,nominal,2.0NRT,301.65,4.45,D
44.83609,20.04586,330.9,0.49,0.48,2026-09-30,1058,N20,nominal,2.0NRT,300.15,3.28,D
45.09483,21.09917,346.77,0.43,0.46,2026-09-30,1058,N20,nominal,2.0NRT,302.74,4.45,D
44.79464,19.8596,340.89,0.5,0.49,2026-09-30,1058,N20,nominal,2.0NRT,299.24,5.46,D
45.10009,21.10256,329.69,0.43,0.46,2026-09-30,1058,N20,low,2.0NRT,303.02,2.75,D
44.84894,20.05944,343.04,0.49,0.48,2026-09-30,1058,N20,nominal,2.0NRT,300.63,4.8,D
44.84143,19.99048,328.67,0.49,0.49,2026-09-30,1058,N20,low,2.0NRT,300.05,6.49,D
44.84423,19.98251,346.6,0.49,0.49,2026-09-30,1058,N20,nominal,2.0NRT,300.99,6.49,D
44.84397,19.9428,336.88,0.49,0.49,2026-09-30,1058,N20,nominal,2.0NRT,300.68,4.44,D
45.02748,20.60393,341.38,0.46,0.47,2026-09-30,1058,N20,nominal,2.0NRT,303.48,38.83,D
44.99285,20.45884,355.26,0.46,0.47,2026-09-30,1058,N20,nominal,2.0NRT,296.19,15.92,D
44.9915,20.45321,335.94,0.46,0.47,2026-09-30,1058,N20,nominal,2.0NRT,295.46,15.92,D
44.86675,19.93847,349.34,0.49,0.49,2026-09-30,1058,N20,nominal,2.0NRT,303.73,28.54,D
44.90791,19.9119,332.77,0.49,0.49,2026-09-30,1058,N20,nominal,2.0NRT,299.28,5.34,D
45.14,20.83075,338.57,0.44,0.46,2026-09-30,1058,N20,nominal,2.0NRT,302.47,3.01,D
45.13902,20.82904,336.6,0.44,0.46,2026-09-30,1058,N20,nominal,2.0NRT,302.37,4.16,D
47.34768,33.76927,333.82,0.49,0.4,2026-09-30,1058,N20,nominal,2.0NRT,296.09,2.86,D
46.43883,27.1562,344.99,0.39,0.36,2026-09-30,1058,N20,nominal,2.0NRT,297.34,5.19,D
46.43796,27.15112,325.54,0.39,0.36,2026-09-30,1058,N20,nominal,2.0NRT,297.77,5.19,D
47.35574,33.77403,333.31,0.49,0.4,2026-09-30,1058,N20,nominal,2.0NRT,296.25,10.49,D
47.36012,33.77964,333.58,0.49,0.4,2026-09-30,1058,N20,nominal,2.0NRT,296.18,3.08,D
45.16652,20.79217,344.83,0.44,0.46,2026-09-30,1058,N20,nominal,2.0NRT,302.95,3.72,D
45.27496,21.19836,337.84,0.42,0.45,2026-09-30,1058,N20,nominal,2.0NRT,304.94,3.9,D
45.12286,20.55067,332.88,0.46,0.47,2026-09-30,1058,N20,nominal,2.0NRT,300.49,2.52,D
45.27896,21.1965,341.99,0.42,0.45,2026-09-30,1058,N20,nominal,2.0NRT,305.22,3.87,D
45.19039,20.81662,336.31,0.44,0.46,2026-09-30,1058,N20,nominal,2.0NRT,303.26,5.37,D
45.28177,21.18948,342.45,0.42,0.45,2026-09-30,1058,N20,nominal,2.0NRT,306.68,12.64,D
45.28057,21.18431,330.96,0.42,0.46,2026-09-30,1058,N20,low,2.0NRT,305.66,12.64,D
44.93319,19.73001,333.54,0.5,0.49,2026-09-30,1058,N20,nominal,2.0NRT,300.28,6.86,D
45.28577,21.18763,342.51,0.42,0.45,2026-09-30,1058,N20,nominal,2.0NRT,303.28,10.33,D
45.28458,21.18246,333.51,0.42,0.46,2026-09-30,1058,N20,nominal,2.0NRT,302.03,10.33,D
44.93898,19.734,330.17,0.5,0.49,2026-09-30,1058,N20,low,2.0NRT,300.42,6.16,D
45.21981,20.82649,333.73,0.44,0.46,2026-09-30,1058,N20,nominal,2.0NRT,301.77,2.47,D
45.17393,20.63094,331.96,0.45,0.47,2026-09-30,1058,N20,nominal,2.0NRT,301.39,4.22,D
45.16742,20.60334,348.7,0.45,0.47,2026-09-30,1058,N20,nominal,2.0NRT,302.53,6.39,D
45.20908,20.74188,341.78,0.45,0.47,2026-09-30,1058,N20,nominal,2.0NRT,302.66,10.35,D
45.20781,20.73647,343.93,0.45,0.47,2026-09-30,1058,N20,nominal,2.0NRT,306.95,10.35,D
45.21189,20.7345,346.36,0.45,0.47,2026-09-30,1058,N20,nominal,2.0NRT,302.15,10.35,D
45.15012,20.41347,344.88,0.46,0.47,2026-09-30,1058,N20,nominal,2.0NRT,300.87,5.76,D
45.1518,20.41159,340.5,0.46,0.47,2026-09-30,1058,N20,nominal,2.0NRT,299.9,3.83,D
45.15744,20.37755,340.04,0.46,0.47,2026-09-30,1058,N20,nominal,2.0NRT,302.09,4.62,D
45.01039,19.73938,331.54,0.5,0.49,2026-09-30,1058,N20,nominal,2.0NRT,301.44,5.28,D
45.01617,19.74337,338.29,0.5,0.49,2026-09-30,1058,N20,nominal,2.0NRT,299.45,20.46,D
45.01468,19.73731,346.55,0.5,0.49,2026-09-30,1058,N20,nominal,2.0NRT,308.62,20.46,D
45.01318,19.73128,328.98,0.5,0.49,2026-09-30,1058,N20,low,2.0NRT,299.92,5.15,D
45.01897,19.73526,354.84,0.5,0.49,2026-09-30,1058,N20,nominal,2.0NRT,300.14,20.46,D
45.07485,19.94245,338.85,0.49,0.48,2026-09-30,1058,N20,nominal,2.0NRT,300.04,6.35,D
45.02325,19.73319,340.71,0.5,0.49,2026-09-30,1058,N20,nominal,2.0NRT,300.5,19.3,D
45.02175,19.72713,332.15,0.5,0.49,2026-09-30,1058,N20,nominal,2.0NRT,304.46,16.68,D
45.22292,20.47729,333.1,0.46,0.47,2026-09-30,1058,N20,nominal,2.0NRT,300.52,3.39,D
45.06369,19.76117,340.19,0.5,0.49,2026-09-30,1058,N20,nominal,2.0NRT,300.34,4.19,D
45.0622,19.75513,336.79,0.5,0.49,2026-09-30,1058,N20,nominal,2.0NRT,301.18,4.19,D
45.0665,19.75314,336.44,0.5,0.49,2026-09-30,1058,N20,nominal,2.0NRT,301.92,129.67,D
45.06277,19.65974,334.07,0.5,0.49,2026-09-30,1058,N20,nominal,2.0NRT,298.33,3.79,D
45.06558,19.65158,350.97,0.5,0.49,2026-09-30,1058,N20,nominal,2.0NRT,302.07,25.48,D
45.06409,19.64548,335.12,0.5,0.49,2026-09-30,1058,N20,nominal,2.0NRT,307.11,25.48,D
45.06839,19.64343,351.19,0.5,0.49,2026-09-30,1058,N20,nominal,2.0NRT,312.11,33.35,D
45.03058,19.48953,338.05,0.51,0.5,2026-09-30,1058,N20,nominal,2.0NRT,300.46,3.41,D
45.0727,19.6414,329.12,0.5,0.49,2026-09-30,1058,N20,nominal,2.0NRT,297.23,33.35,D
45.07121,19.63529,340.66,0.5,0.49,2026-09-30,1058,N20,nominal,2.0NRT,296.91,43.94,D
45.23681,20.28348,336.97,0.47,0.47,2026-09-30,1058,N20,nominal,2.0NRT,301.8,6.13,D
45.23547,20.2778,346.83,0.47,0.47,2026-09-30,1058,N20,nominal,2.0NRT,304.34,9.77,D
45.03133,19.43343,332.4,0.52,0.5,2026-09-30,1058,N20,nominal,2.0NRT,299.28,3.68,D
45.08996,19.63333,343.8,0.5,0.49,2026-09-30,1058,N20,nominal,2.0NRT,299.99,6.12,D
45.01994,19.34765,355.46,0.52,0.5,2026-09-30,1058,N20,nominal,2.0NRT,302.98,21.38,D
45.01838,19.34136,338.62,0.52,0.5,2026-09-30,1058,N20,nominal,2.0NRT,299.95,9.1,D
45.0649,19.60091,340.82,0.51,0.49,2026-09-30,1058,N20,nominal,2.0NRT,300.73,6.32,D
45.23735,20.27975,352.31,0.47,0.47,2026-09-30,1058,N20,nominal,2.0NRT,302.55,14.09,D
45.03164,19.43025,334.13,0.52,0.5,2026-09-30,1058,N20,nominal,2.0NRT,300.3,4.2,D
45.08705,19.63159,346.62,0.5,0.49,2026-09-30,1058,N20,nominal,2.0NRT,300.17,6.66,D
45.01983,19.34477,354.29,0.52,0.5,2026-09-30,1058,N20,nominal,2.0NRT,305.12,24.74,D
45.0906,19.56851,343.47,0.51,0.49,2026-09-30,1058,N20,nominal,2.0NRT,299.18,7.26,D
45.08908,19.56241,345.54,0.51,0.49,2026-09-30,1058,N20,nominal,2.0NRT,300.9,8.14,D
45.10249,19.59688,347.97,0.5,0.49,2026-09-30,1058,N20,nominal,2.0NRT,300.48,10.36,D
45.09922,19.56432,329.1,0.51,0.49,2026-09-30,1058,N20,low,2.0NRT,299.13,4.6,D
45.07909,19.48362,334.95,0.51,0.49,2026-09-30,1058,N20,nominal,2.0NRT,299.22,4.58,D
45.06512,19.42774,345.12,0.51,0.5,2026-09-30,1058,N20,nominal,2.0NRT,300.82,10.95,D
46.93981,28.65957,331.33,0.38,0.36,2026-09-30,1058,N20,nominal,2.0NRT,297.99,2.76,D
45.98309,22.96797,333.56,0.52,0.41,2026-09-30,1058,N20,nominal,2.0NRT,301.33,3.48,D
45.46391,20.65677,338.48,0.44,0.46,2026-09-30,1058,N20,nominal,2.0NRT,302.04,8.46,D
45.46262,20.65136,333.91,0.44,0.46,2026-09-30,1058,N20,low,2.0NRT,306.39,8.46,D
45.4549,20.61885,342.72,0.44,0.46,2026-09-30,1058,N20,nominal,2.0NRT,304.43,3.91,D
45.46669,20.64943,340.37,0.44,0.46,2026-09-30,1058,N20,nominal,2.0NRT,300.47,8.46,D
45.45898,20.61691,341.06,0.44,0.46,2026-09-30,1058,N20,nominal,2.0NRT,303.62,3.91,D
45.46306,20.61496,367,0.44,0.46,2026-09-30,1058,N20,high,2.0NRT,304.63,8.87,D
45.46048,20.6041,341.52,0.45,0.47,2026-09-30,1058,N20,nominal,2.0NRT,305.79,19.38,D
45.50817,20.67181,350.87,0.44,0.46,2026-09-30,1058,N20,nominal,2.0NRT,307.36,20.86,D
45.52243,20.61688,343.92,0.44,0.46,2026-09-30,1058,N20,nominal,2.0NRT,300.82,5.54,D
45.5265,20.61493,343.2,0.44,0.46,2026-09-30,1058,N20,nominal,2.0NRT,304.49,16.55,D
45.52523,20.6095,332.61,0.44,0.46,2026-09-30,1058,N20,nominal,2.0NRT,304.9,16.55,D
45.78313,21.49022,332.26,0.4,0.44,2026-09-30,1058,N20,low,2.0NRT,302.89,2.4,D
47.22522,29.00696,330.84,0.38,0.36,2026-09-30,1058,N20,nominal,2.0NRT,297.75,1.97,D
45.68643,20.73833,333.36,0.43,0.46,2026-09-30,1058,N20,nominal,2.0NRT,303.07,3.41,D
46.63741,25.04395,330.13,0.43,0.38,2026-09-30,1058,N20,nominal,2.0NRT,294.92,2.56,D
45.71675,20.67643,342.85,0.44,0.46,2026-09-30,1058,N20,nominal,2.0NRT,303.28,5.59,D
45.49077,19.63821,354.3,0.49,0.49,2026-09-30,1058,N20,nominal,2.0NRT,309.13,30.54,D
45.48931,19.63223,335.86,0.49,0.49,2026-09-30,1058,N20,nominal,2.0NRT,304.23,30.54,D
44.95078,17.35246,337.57,0.32,0.55,2026-09-30,1058,N20,nominal,2.0NRT,294.75,3,D
44.94975,17.3486,335.53,0.32,0.55,2026-09-30,1058,N20,nominal,2.0NRT,296.8,3,D
44.94991,17.34898,352.7,0.32,0.55,2026-09-30,1058,N20,nominal,2.0NRT,297.49,5.16,D
46.04119,21.63713,353.65,0.39,0.44,2026-09-30,1058,N20,nominal,2.0NRT,306.59,10.56,D
47.54921,29.89876,341.98,0.39,0.36,2026-09-30,1058,N20,nominal,2.0NRT,300.08,3.63,D
44.83239,16.25216,325.55,0.37,0.58,2026-09-30,1058,N20,nominal,2.0NRT,294.34,2.08,D
47.72889,30.18251,339.45,0.4,0.37,2026-09-30,1058,N20,nominal,2.0NRT,294.88,2.07,D
44.99841,16.7877,326.16,0.34,0.56,2026-09-30,1058,N20,nominal,2.0NRT,293.16,1.91,D
47.65334,29.29282,333.58,0.39,0.36,2026-09-30,1058,N20,nominal,2.0NRT,299.64,2.91,D
47.65662,29.29177,332.26,0.39,0.36,2026-09-30,1058,N20,nominal,2.0NRT,298.45,2.39,D
47.06049,24.17959,332.77,0.45,0.39,2026-09-30,1058,N20,nominal,2.0NRT,298.4,5.04,D
47.15442,24.28198,331.08,0.45,0.39,2026-09-30,1058,N20,nominal,2.0NRT,297.6,2.99,D
47.93763,28.64948,336.71,0.38,0.36,2026-09-30,1058,N20,nominal,2.0NRT,302.52,3.84,D
48.05751,29.20431,329.53,0.39,0.36,2026-09-30,1058,N20,nominal,2.0NRT,295.91,2.11,D
47.19307,22.79377,330.62,0.5,0.41,2026-09-30,1058,N20,nominal,2.0NRT,297.44,2.94,D
47.53345,22.47349,339.64,0.51,0.41,2026-09-30,1100,N20,nominal,2.0NRT,305.74,5.76,D
47.53034,22.47396,334.79,0.51,0.41,2026-09-30,1100,N20,nominal,2.0NRT,305.25,6.43,D
48.80017,29.53718,329.89,0.39,0.36,2026-09-30,1100,N20,nominal,2.0NRT,292.71,2,D
47.73943,23.16307,328.11,0.47,0.4,2026-09-30,1100,N20,nominal,2.0NRT,300.16,2.37,D
49.01579,30.89427,327.98,0.42,0.37,2026-09-30,1100,N20,nominal,2.0NRT,294.24,1.98,D
49.41565,34.40997,326.69,0.54,0.42,2026-09-30,1100,N20,nominal,2.0NRT,294.76,2.56,D
46.25238,16.67355,333.93,0.32,0.54,2026-09-30,1100,N20,nominal,2.0NRT,294.98,2.82,D
48.72051,27.48342,328.34,0.38,0.36,2026-09-30,1100,N20,nominal,2.0NRT,291.17,1.89,D
48.62094,26.63563,336.07,0.39,0.36,2026-09-30,1100,N20,nominal,2.0NRT,296.5,5.11,D
48.62008,26.63044,328.3,0.39,0.36,2026-09-30,1100,N20,nominal,2.0NRT,295.95,2.6,D
48.62334,26.62921,339.22,0.39,0.36,2026-09-30,1100,N20,nominal,2.0NRT,295.35,2.6,D
48.6266,26.62798,345.54,0.39,0.36,2026-09-30,1100,N20,nominal,2.0NRT,295.72,4.72,D
48.8399,27.82945,338.42,0.38,0.36,2026-09-30,1100,N20,nominal,2.0NRT,297.04,2.65,D
48.60699,26.3294,337.08,0.39,0.36,2026-09-30,1100,N20,nominal,2.0NRT,295.06,1.82,D
48.52215,25.41628,338.85,0.41,0.37,2026-09-30,1100,N20,nominal,2.0NRT,295.13,2.45,D
48.52546,25.41496,337.47,0.41,0.37,2026-09-30,1100,N20,nominal,2.0NRT,296.06,2.45,D
48.52451,25.40959,339.74,0.41,0.37,2026-09-30,1100,N20,nominal,2.0NRT,297.09,2.45,D
49.06111,27.14123,341.59,0.39,0.36,2026-09-30,1100,N20,nominal,2.0NRT,293.3,3.47,D
48.81634,25.50198,338.01,0.4,0.37,2026-09-30,1100,N20,nominal,2.0NRT,294.42,3.34,D
49.00156,26.25249,337.47,0.39,0.36,2026-09-30,1100,N20,nominal,2.0NRT,299.92,2.05,D
49.22015,26.55292,335.45,0.39,0.36,2026-09-30,1100,N20,nominal,2.0NRT,294.02,2.12,D
49.22685,26.57258,343.85,0.39,0.36,2026-09-30,1100,N20,nominal,2.0NRT,297.38,2.58,D
49.3562,26.6255,336.47,0.39,0.36,2026-09-30,1100,N20,nominal,2.0NRT,296.35,2.39,D
48.68537,21.87285,330.76,0.5,0.41,2026-09-30,1100,N20,nominal,2.0NRT,302.15,2.83,D
48.60601,21.17971,326.89,0.54,0.42,2026-09-30,1100,N20,low,2.0NRT,300.37,3.39,D
48.61802,21.18888,325.52,0.53,0.42,2026-09-30,1100,N20,low,2.0NRT,299.87,3.05,D
49.77472,25.2042,352,0.4,0.37,2026-09-30,1100,N20,nominal,2.0NRT,297.9,16.72,D
49.50514,23.18831,330.25,0.44,0.39,2026-09-30,1100,N20,nominal,2.0NRT,291.78,2.59,D
51.22321,34.90816,339.12,0.4,0.44,2026-09-30,1100,N20,nominal,2.0NRT,297.54,19.73,D
51.22726,34.90731,336.74,0.4,0.44,2026-09-30,1100,N20,nominal,2.0NRT,302.65,46.03,D
51.23752,34.36736,333.93,0.57,0.43,2026-09-30,1100,N20,nominal,2.0NRT,292.7,8.09,D
50.46581,26.46151,329.62,0.39,0.36,2026-09-30,1100,N20,nominal,2.0NRT,294.54,2.54,D
50.30773,24.29972,327.8,0.41,0.37,2026-09-30,1100,N20,nominal,2.0NRT,293.2,1.68,D
50.42562,23.44537,337.08,0.43,0.38,2026-09-30,1100,N20,nominal,2.0NRT,292.01,3.17,D
48.2767,14.34243,341.56,0.35,0.57,2026-09-30,1100,N20,nominal,2.0NRT,297.74,4.67,D
48.27544,14.33811,335.37,0.35,0.57,2026-09-30,1100,N20,nominal,2.0NRT,299.52,4.67,D
50.57076,23.93235,343.46,0.41,0.37,2026-09-30,1100,N20,nominal,2.0NRT,294.36,2.49,D
51.99666,34.23382,331.03,0.57,0.43,2026-09-30,1100,N20,nominal,2.0NRT,290.9,3.56,D
49.6778,18.66614,340.33,0.42,0.45,2026-09-30,1100,N20,nominal,2.0NRT,297.53,5.49,D
52.12379,33.31531,329.19,0.53,0.42,2026-09-30,1100,N20,nominal,2.0NRT,294.26,6.43,D
52.1955,34.03583,331.26,0.57,0.43,2026-09-30,1100,N20,nominal,2.0NRT,291.29,4.9,D
52.12119,33.31663,328.91,0.53,0.42,2026-09-30,1100,N20,nominal,2.0NRT,290.23,5.29,D
52.12503,33.31568,336.61,0.53,0.42,2026-09-30,1100,N20,nominal,2.0NRT,292.15,7.57,D
52.19762,34.03654,334.65,0.57,0.43,2026-09-30,1100,N20,nominal,2.0NRT,290.76,3.71,D
51.89167,29.34385,328.17,0.41,0.37,2026-09-30,1100,N20,nominal,2.0NRT,293.21,1.66,D
52.47804,33.56932,330.21,0.55,0.42,2026-09-30,1100,N20,nominal,2.0NRT,291.7,2.96,D
52.47753,33.56951,329.08,0.55,0.43,2026-09-30,1100,N20,nominal,2.0NRT,291.26,6.71,D
51.10931,23.40582,336.11,0.42,0.38,2026-09-30,1100,N20,nominal,2.0NRT,293.15,1.98,D
51.1503,23.56825,345.25,0.41,0.37,2026-09-30,1100,N20,nominal,2.0NRT,292.36,6.75,D
51.71287,26.71459,334.58,0.38,0.36,2026-09-30,1100,N20,nominal,2.0NRT,291,2.36,D
50.33632,19.28969,346.09,0.38,0.43,2026-09-30,1100,N20,nominal,2.0NRT,299.79,7.04,D
52.42424,31.28759,330.43,0.46,0.39,2026-09-30,1100,N20,nominal,2.0NRT,293.93,7.33,D
52.55033,32.24703,341.67,0.49,0.41,2026-09-30,1100,N20,nominal,2.0NRT,293.81,6.13,D
52.55404,32.24602,333.2,0.49,0.41,2026-09-30,1100,N20,nominal,2.0NRT,291.44,6.13,D
52.55108,32.24617,348.9,0.49,0.41,2026-09-30,1100,N20,nominal,2.0NRT,294.54,11.83,D
52.84907,30.03772,325.56,0.43,0.38,2026-09-30,1100,N20,nominal,2.0NRT,290.88,2.14,D
52.84712,29.99213,340.71,0.43,0.38,2026-09-30,1100,N20,nominal,2.0NRT,295.5,3.98,D
52.84959,30.03673,326.62,0.43,0.38,2026-09-30,1100,N20,nominal,2.0NRT,290.99,2.59,D
52.84776,29.99106,335.67,0.43,0.38,2026-09-30,1100,N20,nominal,2.0NRT,295.69,6.31,D
53.4421,34.42086,329.97,0.4,0.44,2026-09-30,1100,N20,nominal,2.0NRT,292.64,1.9,D
48.82183,10.01118,327.71,0.51,0.66,2026-09-30,1100,N20,nominal,2.0NRT,295.88,1.81,D
53.79868,33.57122,334.52,0.57,0.43,2026-09-30,1100,N20,nominal,2.0NRT,292.74,7.53,D
55.10526,33.60354,342.65,0.39,0.44,2026-09-30,1100,N20,nominal,2.0NRT,292.23,13.94,D
52.15673,10.40785,344.49,0.37,0.58,2026-09-30,1102,N20,nominal,2.0NRT,289.42,5.96,D
57.01133,34.68316,342.78,0.45,0.47,2026-09-30,1102,N20,nominal,2.0NRT,285.78,6.38,D
57.01082,34.67568,330.5,0.45,0.47,2026-09-30,1102,N20,nominal,2.0NRT,284.95,4.7,D
53.5207,9.90368,328.21,0.35,0.57,2026-09-30,1102,N20,nominal,2.0NRT,296.25,1.93,D
59.38523,28.45995,327.61,0.46,0.39,2026-09-30,1102,N20,nominal,2.0NRT,290.83,2.28,D
64.64513,24.42626,329.18,0.44,0.39,2026-09-30,1104,N20,nominal,2.0NRT,281.82,4.11,D
64.66284,21.28617,331.45,0.4,0.37,2026-09-30,1104,N20,nominal,2.0NRT,271.61,6.02,D
65.76848,24.19226,337.09,0.45,0.39,2026-09-30,1104,N20,nominal,2.0NRT,280.62,4.3,D
52.06979,-1.05056,330.26,0.4,0.37,2026-09-30,1242,N20,nominal,2.0NRT,295.26,2.47,D
52.25977,-0.59005,349.62,0.39,0.36,2026-09-30,1242,N20,nominal,2.0NRT,295.6,3.36,D
52.24336,-1.40887,345,0.4,0.37,2026-09-30,1242,N20,nominal,2.0NRT,296.19,2.51,D
52.24663,-1.4104,337.82,0.4,0.37,2026-09-30,1242,N20,nominal,2.0NRT,295.6,2.51,D
52.17773,-1.95501,336.16,0.41,0.37,2026-09-30,1242,N20,nominal,2.0NRT,295.35,6.44,D
52.68023,-0.78808,331.63,0.39,0.36,2026-09-30,1242,N20,nominal,2.0NRT,296.35,6.08,D
53.48651,-0.30576,329.52,0.38,0.36,2026-09-30,1242,N20,nominal,2.0NRT,289.94,2.43,D
53.56804,-0.59096,325.11,0.39,0.36,2026-09-30,1242,N20,nominal,2.0NRT,292.54,2.1,D
53.68361,-1.08902,329.25,0.39,0.36,2026-09-30,1242,N20,low,2.0NRT,301.02,21.76,D
56.00831,-3.66826,328.89,0.4,0.37,2026-09-30,1244,N20,nominal,2.0NRT,289.97,2.15,D
34.95328,4.66226,337.73,0.42,0.38,2026-09-30,1238,N20,nominal,2.0NRT,308.88,1.73,D
35.82211,6.12495,343.5,0.39,0.36,2026-09-30,1238,N20,nominal,2.0NRT,310.09,3.67,D
36.16087,7.93041,337.63,0.39,0.36,2026-09-30,1238,N20,nominal,2.0NRT,310.37,7.06,D
37.02762,14.38548,334.83,0.46,0.47,2026-09-30,1238,N20,nominal,2.0NRT,303.36,4.46,D
36.36023,8.58446,352.33,0.4,0.37,2026-09-30,1238,N20,nominal,2.0NRT,319.18,13.6,D
36.35961,8.58006,343.53,0.4,0.37,2026-09-30,1238,N20,nominal,2.0NRT,313.11,13.6,D
36.36238,8.58557,343.93,0.4,0.37,2026-09-30,1238,N20,nominal,2.0NRT,316.72,12.67,D
36.36177,8.58116,346.83,0.4,0.37,2026-09-30,1238,N20,nominal,2.0NRT,313.83,12.67,D
35.70012,4.34916,340.42,0.43,0.38,2026-09-30,1238,N20,low,2.0NRT,313.8,2.8,D
36.16049,6.94985,337.46,0.38,0.36,2026-09-30,1238,N20,low,2.0NRT,311.32,5.04,D
36.22599,7.22327,342.12,0.38,0.36,2026-09-30,1238,N20,nominal,2.0NRT,311.33,5.72,D
37.2133,14.9917,339.92,0.5,0.49,2026-09-30,1238,N20,nominal,2.0NRT,299.51,4.39,D
37.18677,13.99117,336.21,0.44,0.46,2026-09-30,1238,N20,nominal,2.0NRT,303.69,3.93,D
36.57917,8.69608,340.02,0.4,0.37,2026-09-30,1238,N20,low,2.0NRT,312.2,1.94,D
36.29015,6.51278,337.28,0.39,0.36,2026-09-30,1238,N20,nominal,2.0NRT,306.36,2.61,D
36.6647,9.03489,339.86,0.41,0.37,2026-09-30,1238,N20,nominal,2.0NRT,313.41,1.96,D
37.29531,14.6985,340.29,0.48,0.48,2026-09-30,1238,N20,nominal,2.0NRT,302.54,8.85,D
36.74268,9.35792,352.12,0.42,0.37,2026-09-30,1238,N20,nominal,2.0NRT,317.27,40.91,D
36.7151,9.09894,334.72,0.41,0.37,2026-09-30,1238,N20,low,2.0NRT,309.01,1.92,D
36.74683,9.25733,341.43,0.41,0.37,2026-09-30,1238,N20,low,2.0NRT,313.56,6.41,D
37.31027,14.16834,343.22,0.45,0.47,2026-09-30,1238,N20,nominal,2.0NRT,308.31,14.79,D
36.3742,6.44055,340.42,0.39,0.36,2026-09-30,1238,N20,low,2.0NRT,313.86,6.63,D
37.38681,14.62837,338.43,0.48,0.48,2026-09-30,1238,N20,nominal,2.0NRT,309.08,4.8,D
36.85959,9.58645,348.59,0.42,0.38,2026-09-30,1238,N20,nominal,2.0NRT,307.43,5.15,D
37.36165,13.94654,353.16,0.44,0.46,2026-09-30,1238,N20,nominal,2.0NRT,306.29,16.93,D
36.54764,7.23486,337.21,0.38,0.36,2026-09-30,1238,N20,low,2.0NRT,310.2,5.91,D
36.87315,9.50058,347.68,0.42,0.38,2026-09-30,1238,N20,nominal,2.0NRT,310.26,5.89,D
36.55949,7.22335,337.4,0.38,0.36,2026-09-30,1238,N20,low,2.0NRT,311.34,3.03,D
36.88488,9.40227,344.89,0.42,0.38,2026-09-30,1238,N20,nominal,2.0NRT,310.6,4.46,D
37.48234,14.69288,344.62,0.49,0.48,2026-09-30,1238,N20,nominal,2.0NRT,304,12.27,D
37.48512,14.69029,346.87,0.49,0.48,2026-09-30,1238,N20,nominal,2.0NRT,303.8,12.95,D
37.44258,14.19086,334.41,0.46,0.47,2026-09-30,1238,N20,nominal,2.0NRT,303.33,5.54,D
37.44693,14.19045,331.49,0.46,0.47,2026-09-30,1238,N20,low,2.0NRT,303.19,2.92,D
37.40915,13.62943,344.07,0.43,0.46,2026-09-30,1238,N20,nominal,2.0NRT,300.83,9.72,D
37.44086,13.92742,350.32,0.44,0.46,2026-09-30,1238,N20,nominal,2.0NRT,306.25,6.38,D
35.99417,3.39409,335.9,0.45,0.39,2026-09-30,1238,N20,low,2.0NRT,309.47,1.68,D
36.97343,9.493,336.81,0.42,0.38,2026-09-30,1238,N20,nominal,2.0NRT,309.46,3.63,D
36.96609,9.38313,338.62,0.42,0.38,2026-09-30,1238,N20,nominal,2.0NRT,309.79,4.63,D
36.94585,9.22996,353.33,0.41,0.37,2026-09-30,1238,N20,nominal,2.0NRT,312.84,6.5,D
37.44922,13.60362,334.07,0.43,0.46,2026-09-30,1238,N20,nominal,2.0NRT,303.29,2.63,D
37.48547,13.89602,337.3,0.44,0.46,2026-09-30,1238,N20,nominal,2.0NRT,305.02,5.67,D
37.47997,13.83743,342.13,0.44,0.46,2026-09-30,1238,N20,nominal,2.0NRT,301.65,12.37,D
37.47954,13.83287,346.61,0.44,0.46,2026-09-30,1238,N20,nominal,2.0NRT,306.36,12.37,D
37.49257,13.92563,337.59,0.44,0.46,2026-09-30,1238,N20,nominal,2.0NRT,302.11,5.56,D
37.52571,13.87708,340.82,0.44,0.46,2026-09-30,1238,N20,nominal,2.0NRT,307.86,5.28,D
37.56449,13.82991,331.79,0.44,0.46,2026-09-30,1238,N20,nominal,2.0NRT,305.06,3.21,D
37.60825,13.92892,341.95,0.44,0.46,2026-09-30,1238,N20,nominal,2.0NRT,307.65,6.11,D
37.12109,9.37069,339.58,0.42,0.38,2026-09-30,1238,N20,nominal,2.0NRT,297.13,32.71,D
37.12048,9.36597,340.96,0.42,0.38,2026-09-30,1238,N20,nominal,2.0NRT,305.38,32.71,D
37.6494,14.01751,337.12,0.45,0.47,2026-09-30,1238,N20,nominal,2.0NRT,304.24,3.13,D
37.64897,14.01272,340.43,0.45,0.47,2026-09-30,1238,N20,nominal,2.0NRT,304.99,3.13,D
37.66365,13.83949,341.07,0.44,0.46,2026-09-30,1238,N20,nominal,2.0NRT,305.84,7.14,D
37.6684,13.84428,353.93,0.44,0.46,2026-09-30,1238,N20,nominal,2.0NRT,306.68,7.14,D
37.66793,13.83916,345.94,0.44,0.46,2026-09-30,1238,N20,nominal,2.0NRT,305.64,7.14,D
36.5521,5.1646,343.62,0.4,0.37,2026-09-30,1238,N20,nominal,2.0NRT,307.55,18.38,D
34.32176,-5.22436,331.22,0.45,0.63,2026-09-30,1238,N20,nominal,2.0NRT,301.05,3.1,D
37.69817,13.74846,341.92,0.44,0.46,2026-09-30,1238,N20,nominal,2.0NRT,304.68,7.59,D
37.70289,13.75291,340.74,0.44,0.46,2026-09-30,1238,N20,nominal,2.0NRT,300.07,5.72,D
36.86702,6.98316,346.13,0.38,0.36,2026-09-30,1238,N20,nominal,2.0NRT,305.83,4.76,D
36.87822,6.94518,335.5,0.38,0.36,2026-09-30,1238,N20,nominal,2.0NRT,303.65,2.97,D
34.32259,-5.22517,330.62,0.45,0.63,2026-09-30,1238,N20,nominal,2.0NRT,300.61,2.89,D
37.74153,12.80555,330.86,0.39,0.44,2026-09-30,1238,N20,low,2.0NRT,303.49,3.39,D
37.74067,12.79674,335.14,0.39,0.44,2026-09-30,1238,N20,nominal,2.0NRT,305.09,2.41,D
37.74471,12.7963,331.41,0.39,0.44,2026-09-30,1238,N20,low,2.0NRT,304.37,1.71,D
37.81451,13.17255,334.65,0.41,0.45,2026-09-30,1238,N20,low,2.0NRT,305.73,5.04,D
37.80552,13.03792,355.78,0.4,0.44,2026-09-30,1238,N20,nominal,2.0NRT,311.5,35.22,D
37.79307,12.82971,332.27,0.39,0.44,2026-09-30,1238,N20,low,2.0NRT,304.5,1.84,D
37.839,12.91821,341.01,0.4,0.44,2026-09-30,1238,N20,nominal,2.0NRT,300.76,3.69,D
37.83853,12.91359,335.17,0.4,0.44,2026-09-30,1238,N20,nominal,2.0NRT,304.17,3.69,D
37.88865,13.22356,348.11,0.41,0.45,2026-09-30,1238,N20,nominal,2.0NRT,309.95,22.23,D
37.89277,13.22284,355.45,0.41,0.45,2026-09-30,1238,N20,nominal,2.0NRT,307.61,10.34,D
37.89464,13.1984,350.16,0.41,0.45,2026-09-30,1238,N20,nominal,2.0NRT,308.38,12.56,D
37.8942,13.19377,339.07,0.41,0.45,2026-09-30,1238,N20,nominal,2.0NRT,305.16,12.56,D
37.89877,13.19785,346.08,0.41,0.45,2026-09-30,1238,N20,nominal,2.0NRT,306.2,35.88,D
37.86646,12.86301,345.94,0.39,0.44,2026-09-30,1238,N20,nominal,2.0NRT,299.18,18.43,D
37.87049,12.86222,354.13,0.39,0.44,2026-09-30,1238,N20,nominal,2.0NRT,300.3,18.43,D
35.80629,-0.24996,341.02,0.45,0.47,2026-09-30,1238,N20,nominal,2.0NRT,302.07,3.72,D
35.81042,-0.25149,334.61,0.45,0.47,2026-09-30,1238,N20,nominal,2.0NRT,301.01,1.63,D
35.8094,-0.25613,331.03,0.45,0.47,2026-09-30,1238,N20,nominal,2.0NRT,300.97,1.63,D
37.9418,13.21033,343.84,0.41,0.45,2026-09-30,1238,N20,nominal,2.0NRT,303.25,4.51,D
37.93685,12.99097,350.88,0.4,0.44,2026-09-30,1238,N20,nominal,2.0NRT,306.28,6.63,D
37.95815,12.99688,343.57,0.4,0.44,2026-09-30,1238,N20,nominal,2.0NRT,301.49,4.94,D
38.24376,16.13877,344.3,0.59,0.53,2026-09-30,1238,N20,nominal,2.0NRT,297.04,10.15,D
37.93977,12.64349,344.95,0.39,0.44,2026-09-30,1238,N20,nominal,2.0NRT,303.44,5.09,D
38.2465,16.13736,352.46,0.59,0.53,2026-09-30,1238,N20,nominal,2.0NRT,294.36,14.08,D
36.59911,3.139,333.34,0.46,0.39,2026-09-30,1238,N20,low,2.0NRT,308.15,2.13,D
38.00979,13.10828,331.71,0.41,0.45,2026-09-30,1238,N20,nominal,2.0NRT,300.6,2.23,D
36.67165,3.31108,336.15,0.45,0.39,2026-09-30,1238,N20,nominal,2.0NRT,308.39,5.23,D
38.03164,12.78584,342.54,0.39,0.44,2026-09-30,1238,N20,nominal,2.0NRT,300.88,9.13,D
36.68019,3.12332,333.46,0.45,0.39,2026-09-30,1238,N20,low,2.0NRT,308.41,1.37,D
36.69769,3.19681,335.05,0.45,0.39,2026-09-30,1238,N20,low,2.0NRT,308.26,2.02,D
38.7652,16.19777,328,0.61,0.53,2026-09-30,1238,N20,nominal,2.0NRT,298.96,4.21,D
38.95818,17.1007,331.16,0.34,0.56,2026-09-30,1238,N20,nominal,2.0NRT,297.01,3.54,D
39.40908,8.99867,331.84,0.43,0.38,2026-09-30,1238,N20,nominal,2.0NRT,304.14,1.63,D
40.3228,19.69495,367,0.48,0.65,2026-09-30,1238,N20,high,2.0NRT,296.15,21.06,D
40.32506,19.69412,367,0.48,0.65,2026-09-30,1238,N20,high,2.0NRT,299.27,21.14,D
40.27301,18.32459,338.86,0.41,0.6,2026-09-30,1238,N20,nominal,2.0NRT,295.41,2.86,D
40.28823,17.82349,355.16,0.38,0.59,2026-09-30,1238,N20,nominal,2.0NRT,296.77,9.35,D
40.64048,17.32581,330.56,0.36,0.58,2026-09-30,1238,N20,nominal,2.0NRT,297.15,3.64,D
40.67994,17.79704,343.87,0.38,0.59,2026-09-30,1238,N20,nominal,2.0NRT,296.63,4.46,D
40.67432,16.7883,335.53,0.34,0.56,2026-09-30,1238,N20,nominal,2.0NRT,299.5,2.38,D
40.67408,16.78422,333.09,0.34,0.56,2026-09-30,1238,N20,nominal,2.0NRT,300.27,2.38,D
40.91789,15.77691,351.25,0.6,0.53,2026-09-30,1238,N20,nominal,2.0NRT,308.5,47.21,D
41.09546,15.86682,339.77,0.61,0.54,2026-09-30,1238,N20,nominal,2.0NRT,299.25,4.83,D
41.39213,19.66868,337.31,0.49,0.65,2026-09-30,1238,N20,nominal,2.0NRT,291.58,4.13,D
41.43481,15.30158,342.03,0.58,0.52,2026-09-30,1238,N20,nominal,2.0NRT,306.63,8.09,D
41.86379,19.66436,339.52,0.49,0.65,2026-09-30,1238,N20,nominal,2.0NRT,299.15,4.73,D
41.86496,19.66823,326.06,0.49,0.65,2026-09-30,1238,N20,low,2.0NRT,296.54,3.47,D
41.8648,19.66232,328.88,0.49,0.65,2026-09-30,1238,N20,nominal,2.0NRT,298.15,3.47,D
41.51281,12.71436,354.79,0.43,0.46,2026-09-30,1238,N20,nominal,2.0NRT,302.3,6.2,D
41.98753,19.44775,329.13,0.48,0.65,2026-09-30,1238,N20,nominal,2.0NRT,294.55,3.92,D
42.06088,14.7578,340.46,0.55,0.51,2026-09-30,1238,N20,nominal,2.0NRT,297.89,5.02,D
42.06207,14.7544,346.95,0.55,0.51,2026-09-30,1238,N20,nominal,2.0NRT,296.47,11.04,D
43.11245,21.92803,349.23,0.65,0.73,2026-09-30,1238,N20,nominal,2.0NRT,297.09,53.3,D
43.11927,21.93629,367,0.65,0.73,2026-09-30,1238,N20,high,2.0NRT,294.69,53.3,D
43.35923,17.29283,338.9,0.38,0.59,2026-09-30,1238,N20,nominal,2.0NRT,299.47,5.62,D
43.36079,17.29569,346.75,0.38,0.59,2026-09-30,1238,N20,nominal,2.0NRT,299.26,3.6,D
43.63615,22.01356,367,0.66,0.73,2026-09-30,1238,N20,high,2.0NRT,295.57,12.66,D
43.67991,18.97665,367,0.47,0.64,2026-09-30,1238,N20,high,2.0NRT,291.24,10.19,D
44.04578,21.25616,330.06,0.61,0.71,2026-09-30,1240,N20,nominal,2.0NRT,295.17,5.31,D
44.07076,21.11448,338.09,0.6,0.7,2026-09-30,1240,N20,nominal,2.0NRT,296.23,8.83,D
44.0862,23.43082,344.57,0.78,0.78,2026-09-30,1240,N20,nominal,2.0NRT,297.2,11.58,D
44.06955,21.10794,330.2,0.6,0.7,2026-09-30,1240,N20,nominal,2.0NRT,296.82,5.35,D
44.08762,23.43469,340.19,0.78,0.78,2026-09-30,1240,N20,nominal,2.0NRT,296,14.14,D
44.25488,22.59971,331.28,0.71,0.75,2026-09-30,1240,N20,nominal,2.0NRT,294.19,5.6,D
43.72835,10.69421,327.75,0.55,0.42,2026-09-30,1240,N20,nominal,2.0NRT,300.28,3.06,D
44.35659,22.84859,326.52,0.73,0.76,2026-09-30,1240,N20,nominal,2.0NRT,294.71,7.64,D
44.4062,22.8235,327.25,0.73,0.76,2026-09-30,1240,N20,nominal,2.0NRT,294.67,3.97,D
44.50917,22.80457,326.76,0.73,0.76,2026-09-30,1240,N20,nominal,2.0NRT,294.46,8.6,D
44.52333,22.79497,326.91,0.73,0.76,2026-09-30,1240,N20,low,2.0NRT,297.83,5.19,D
44.52337,22.78692,336.64,0.73,0.76,2026-09-30,1240,N20,nominal,2.0NRT,296.6,5.19,D
44.53038,22.79536,338.5,0.73,0.76,2026-09-30,1240,N20,nominal,2.0NRT,293.74,5.19,D
44.46249,19.03916,331.13,0.47,0.64,2026-09-30,1240,N20,nominal,2.0NRT,294.79,2.77,D
44.5134,22.80768,332.33,0.73,0.76,2026-09-30,1240,N20,nominal,2.0NRT,297.77,12.8,D
44.52062,22.78945,327.62,0.73,0.76,2026-09-30,1240,N20,nominal,2.0NRT,295.81,6.31,D
44.5276,22.79809,339.51,0.73,0.76,2026-09-30,1240,N20,nominal,2.0NRT,294.73,8.08,D
44.52768,22.78969,326.4,0.73,0.76,2026-09-30,1240,N20,nominal,2.0NRT,295.29,6.31,D
44.57545,21.084,355.43,0.6,0.71,2026-09-30,1240,N20,nominal,2.0NRT,299.68,8.29,D
44.76292,19.99873,335.66,0.53,0.67,2026-09-30,1240,N20,nominal,2.0NRT,298.51,4.59,D
44.79783,19.86212,337.18,0.52,0.67,2026-09-30,1240,N20,nominal,2.0NRT,298.6,4.52,D
44.79603,19.86361,342.5,0.52,0.67,2026-09-30,1240,N20,nominal,2.0NRT,299.6,7.67,D
44.83616,20.04717,327.25,0.53,0.67,2026-09-30,1240,N20,nominal,2.0NRT,298.41,2.56,D
44.7912,18.10136,333.62,0.43,0.62,2026-09-30,1240,N20,nominal,2.0NRT,293.38,3.64,D
44.8773,20.27744,367,0.55,0.68,2026-09-30,1240,N20,high,2.0NRT,300.44,19.96,D
44.84809,18.08908,329.75,0.43,0.62,2026-09-30,1240,N20,nominal,2.0NRT,295.57,2.48,D
44.91885,23.10068,367,0.76,0.77,2026-09-30,1240,N20,high,2.0NRT,294.27,14.47,D
44.91895,23.08987,334.8,0.75,0.77,2026-09-30,1240,N20,nominal,2.0NRT,294.34,14.47,D
44.91357,19.83398,367,0.52,0.67,2026-09-30,1240,N20,high,2.0NRT,300.92,18.63,D
44.91343,19.82722,353.3,0.52,0.67,2026-09-30,1240,N20,nominal,2.0NRT,299.85,18.63,D
44.91037,19.68034,349.06,0.51,0.66,2026-09-30,1240,N20,nominal,2.0NRT,296.92,28.03,D
44.91023,19.67373,348.9,0.51,0.66,2026-09-30,1240,N20,nominal,2.0NRT,303.13,31.89,D
44.8868,22.43573,328.16,0.7,0.75,2026-09-30,1240,N20,nominal,2.0NRT,289.91,4.12,D
44.91465,23.09292,367,0.76,0.77,2026-09-30,1240,N20,high,2.0NRT,299.8,26.14,D
44.91211,19.83403,367,0.52,0.67,2026-09-30,1240,N20,high,2.0NRT,299.23,16.79,D
44.91449,23.10401,337.97,0.76,0.77,2026-09-30,1240,N20,nominal,2.0NRT,295.88,17.43,D
44.91201,19.82728,343.82,0.52,0.67,2026-09-30,1240,N20,nominal,2.0NRT,299,12.23,D
44.9096,19.67362,355.98,0.51,0.66,2026-09-30,1240,N20,nominal,2.0NRT,299.04,13.21,D
44.91833,19.83385,351.54,0.52,0.67,2026-09-30,1240,N20,nominal,2.0NRT,298.25,9.98,D
44.91822,19.8271,336.62,0.52,0.67,2026-09-30,1240,N20,nominal,2.0NRT,296.4,7.57,D
44.91587,19.68008,343.81,0.51,0.66,2026-09-30,1240,N20,nominal,2.0NRT,296.74,15.07,D
44.91576,19.67346,352.06,0.51,0.66,2026-09-30,1240,N20,nominal,2.0NRT,297.62,15.07,D
41.87386,-4.36708,340.06,0.52,0.5,2026-09-30,1240,N20,nominal,2.0NRT,286.21,10,D
44.93042,19.81326,348.69,0.52,0.67,2026-09-30,1240,N20,nominal,2.0NRT,297.28,7.72,D
44.95092,21.2124,337.8,0.61,0.71,2026-09-30,1240,N20,nominal,2.0NRT,297.91,6.43,D
44.9876,19.88598,337.53,0.53,0.67,2026-09-30,1240,N20,nominal,2.0NRT,297.7,6.44,D
44.98748,19.87927,344.22,0.52,0.67,2026-09-30,1240,N20,nominal,2.0NRT,299.27,6.35,D
44.9937,19.87891,336.51,0.52,0.67,2026-09-30,1240,N20,nominal,2.0NRT,298.25,4.18,D
44.99929,19.84499,353.03,0.52,0.67,2026-09-30,1240,N20,nominal,2.0NRT,296.47,10.7,D
45.02279,21.11135,367,0.6,0.71,2026-09-30,1240,N20,high,2.0NRT,302.02,50.36,D
45.01637,20.51423,349.17,0.56,0.69,2026-09-30,1240,N20,nominal,2.0NRT,297.95,12.66,D
45.02272,21.10349,356.68,0.6,0.71,2026-09-30,1240,N20,low,2.0NRT,300.34,26.56,D
45.0293,21.10367,367,0.6,0.71,2026-09-30,1240,N20,high,2.0NRT,300.72,26.56,D
45.02394,20.60238,336.98,0.57,0.69,2026-09-30,1240,N20,nominal,2.0NRT,298.64,4.54,D
45.02998,20.5728,367,0.57,0.69,2026-09-30,1240,N20,high,2.0NRT,304.13,27.38,D
45.03037,20.60234,348.39,0.57,0.69,2026-09-30,1240,N20,nominal,2.0NRT,299.15,7.88,D
45.02195,19.73692,367,0.52,0.67,2026-09-30,1240,N20,high,2.0NRT,296.58,10.69,D
45.01749,19.53252,338.53,0.5,0.66,2026-09-30,1240,N20,nominal,2.0NRT,297.07,4.64,D
44.99177,19.88407,347.07,0.53,0.67,2026-09-30,1240,N20,nominal,2.0NRT,298.76,8,D
44.99168,19.87739,347.52,0.53,0.67,2026-09-30,1240,N20,nominal,2.0NRT,298.64,8,D
44.98553,19.46637,335.29,0.5,0.66,2026-09-30,1240,N20,nominal,2.0NRT,296.93,3.57,D
44.99744,19.84334,352.12,0.52,0.67,2026-09-30,1240,N20,nominal,2.0NRT,297.01,8.01,D
45.02098,21.11048,367,0.6,0.71,2026-09-30,1240,N20,high,2.0NRT,301.08,25.1,D
45.01749,20.51292,352.64,0.56,0.69,2026-09-30,1240,N20,nominal,2.0NRT,298.66,10.28,D
45.02756,21.11061,339.11,0.6,0.71,2026-09-30,1240,N20,nominal,2.0NRT,298.62,25.1,D
45.02753,21.10274,352.9,0.6,0.71,2026-09-30,1240,N20,nominal,2.0NRT,304.29,25.1,D
45.02464,20.60109,337.97,0.57,0.69,2026-09-30,1240,N20,nominal,2.0NRT,299.07,4.63,D
45.03082,20.57146,367,0.57,0.69,2026-09-30,1240,N20,high,2.0NRT,303.28,12.9,D
45.02065,19.73506,367,0.52,0.67,2026-09-30,1240,N20,high,2.0NRT,298.18,11.01,D
45.03106,20.60103,349.95,0.57,0.69,2026-09-30,1240,N20,nominal,2.0NRT,298.93,6.79,D
45.03088,20.57884,336.76,0.57,0.69,2026-09-30,1240,N20,nominal,2.0NRT,297.03,12.9,D
45.03004,20.48353,346.58,0.56,0.69,2026-09-30,1240,N20,nominal,2.0NRT,298.45,6.88,D
45.01723,19.53048,338.16,0.5,0.66,2026-09-30,1240,N20,nominal,2.0NRT,297.99,4.3,D
45.0264,19.70818,367,0.52,0.66,2026-09-30,1240,N20,high,2.0NRT,297.9,21.38,D
45.02673,19.72817,350.44,0.52,0.67,2026-09-30,1240,N20,nominal,2.0NRT,296.92,11.01,D
45.02662,19.72151,351.86,0.52,0.67,2026-09-30,1240,N20,nominal,2.0NRT,298.65,10.6,D
45.02651,19.71485,351.67,0.52,0.66,2026-09-30,1240,N20,nominal,2.0NRT,298.29,10.6,D
45.02629,19.70154,354.49,0.51,0.66,2026-09-30,1240,N20,nominal,2.0NRT,298.47,21.38,D
44.96147,17.29261,338.85,0.39,0.59,2026-09-30,1240,N20,nominal,2.0NRT,296.24,3.53,D
45.03279,19.7213,367,0.52,0.67,2026-09-30,1240,N20,high,2.0NRT,303.1,171.1,D
45.03258,19.70795,356.44,0.52,0.66,2026-09-30,1240,N20,low,2.0NRT,297.23,20.68,D
45.03247,19.70131,356.53,0.51,0.66,2026-09-30,1240,N20,low,2.0NRT,292.25,20.68,D
45.06224,19.6404,367,0.51,0.66,2026-09-30,1240,N20,high,2.0NRT,300.47,26.93,D
45.06864,19.65332,338.65,0.51,0.66,2026-09-30,1240,N20,nominal,2.0NRT,295.02,5.72,D
45.06413,19.42487,339.97,0.5,0.66,2026-09-30,1240,N20,nominal,2.0NRT,297.95,6.31,D
45.09328,21.1037,331.66,0.6,0.71,2026-09-30,1240,N20,nominal,2.0NRT,297.17,4.8,D
45.07701,19.45675,367,0.5,0.66,2026-09-30,1240,N20,high,2.0NRT,298.33,8.41,D
45.07687,19.4503,339.18,0.5,0.66,2026-09-30,1240,N20,nominal,2.0NRT,297.69,8.41,D
44.9717,16.28109,345.29,0.35,0.57,2026-09-30,1240,N20,nominal,2.0NRT,293.45,3.19,D
45.06198,18.41284,336.15,0.44,0.63,2026-09-30,1240,N20,nominal,2.0NRT,296.57,2.61,D
45.00951,16.62739,326.35,0.36,0.58,2026-09-30,1240,N20,nominal,2.0NRT,293.23,1.26,D
45.06167,18.41197,335.2,0.44,0.63,2026-09-30,1240,N20,nominal,2.0NRT,296.41,3.31,D
45.10485,21.10541,351.78,0.6,0.71,2026-09-30,1240,N20,nominal,2.0NRT,297.6,8.27,D
45.10483,21.09755,335.9,0.6,0.71,2026-09-30,1240,N20,nominal,2.0NRT,299.7,8.27,D
45.16298,20.91053,332.26,0.59,0.7,2026-09-30,1240,N20,nominal,2.0NRT,296.38,1.88,D
45.18814,20.79532,367,0.58,0.7,2026-09-30,1240,N20,high,2.0NRT,299.91,15.12,D
45.20113,20.79559,367,0.58,0.7,2026-09-30,1240,N20,high,2.0NRT,300.85,9.27,D
45.20762,20.79572,367,0.58,0.7,2026-09-30,1240,N20,high,2.0NRT,299.95,9.27,D
45.21411,20.79583,367,0.58,0.7,2026-09-30,1240,N20,high,2.0NRT,298.14,8.58,D
45.21404,20.78818,338.49,0.58,0.7,2026-09-30,1240,N20,nominal,2.0NRT,299,8.58,D
45.21373,20.75769,336.07,0.58,0.7,2026-09-30,1240,N20,nominal,2.0NRT,299,8.41,D
45.21366,20.75009,352.74,0.58,0.7,2026-09-30,1240,N20,nominal,2.0NRT,300.46,10.22,D
45.24434,20.60821,334.11,0.57,0.69,2026-09-30,1240,N20,nominal,2.0NRT,297.24,6.04,D
45.20081,20.79496,355.09,0.58,0.7,2026-09-30,1240,N20,nominal,2.0NRT,300.96,11.2,D
45.2073,20.79506,367,0.58,0.7,2026-09-30,1240,N20,high,2.0NRT,299.72,11.2,D
45.21379,20.79515,367,0.58,0.7,2026-09-30,1240,N20,high,2.0NRT,298.23,14.51,D
45.21375,20.78749,337.17,0.58,0.7,2026-09-30,1240,N20,nominal,2.0NRT,298.72,9.07,D
45.2136,20.75698,336.39,0.58,0.7,2026-09-30,1240,N20,nominal,2.0NRT,299.06,7.32,D
45.21357,20.74937,352.28,0.58,0.7,2026-09-30,1240,N20,nominal,2.0NRT,300.51,7.32,D
44.85691,12.09682,337.52,0.43,0.46,2026-09-30,1240,N20,nominal,2.0NRT,300.02,3.66,D
44.85098,12.02524,330.24,0.43,0.46,2026-09-30,1240,N20,nominal,2.0NRT,297.68,1.05,D
45.24493,20.6071,332.73,0.57,0.69,2026-09-30,1240,N20,nominal,2.0NRT,296.92,2.83,D
44.86115,12.09614,351.7,0.43,0.46,2026-09-30,1240,N20,nominal,2.0NRT,298.03,3.66,D
45.26785,21.20003,367,0.61,0.71,2026-09-30,1240,N20,high,2.0NRT,299.96,7.48,D
45.27445,21.20006,349.01,0.61,0.71,2026-09-30,1240,N20,nominal,2.0NRT,300.26,7.48,D
44.89312,12.11905,332.27,0.44,0.46,2026-09-30,1240,N20,nominal,2.0NRT,297.14,4.63,D
44.90114,12.11215,331.68,0.44,0.46,2026-09-30,1240,N20,nominal,2.0NRT,296.03,3.28,D
45.42482,20.04527,355.47,0.54,0.68,2026-09-30,1240,N20,nominal,2.0NRT,297.3,14.56,D
45.42802,20.0437,367,0.54,0.68,2026-09-30,1240,N20,high,2.0NRT,298.21,10.04,D
45.45878,20.61667,339.13,0.57,0.69,2026-09-30,1240,N20,nominal,2.0NRT,300.34,9.54,D
45.46551,20.65421,341.49,0.58,0.69,2026-09-30,1240,N20,nominal,2.0NRT,300.01,7.55,D
45.46545,20.64668,335.81,0.58,0.69,2026-09-30,1240,N20,nominal,2.0NRT,299.87,6.81,D
45.47818,20.62407,367,0.57,0.69,2026-09-30,1240,N20,high,2.0NRT,301.14,12.88,D
45.51084,20.66917,367,0.58,0.69,2026-09-30,1240,N20,high,2.0NRT,300.23,18.69,D
45.51077,20.66162,335.18,0.58,0.69,2026-09-30,1240,N20,nominal,2.0NRT,299.07,9.35,D
45.51118,20.67048,367,0.58,0.7,2026-09-30,1240,N20,high,2.0NRT,299.42,9.3,D
45.51115,20.66292,346.69,0.58,0.69,2026-09-30,1240,N20,nominal,2.0NRT,299.88,9.3,D
45.52384,20.61759,333.05,0.57,0.69,2026-09-30,1240,N20,nominal,2.0NRT,298.69,3.81,D
45.51705,17.24448,325.98,0.39,0.59,2026-09-30,1240,N20,nominal,2.0NRT,294.82,2.58,D
45.69915,20.72967,367,0.58,0.7,2026-09-30,1240,N20,high,2.0NRT,299.15,20.38,D
45.6991,20.72201,330.92,0.58,0.7,2026-09-30,1240,N20,nominal,2.0NRT,296.92,13.17,D
45.80362,22.15616,337.79,0.68,0.74,2026-09-30,1240,N20,nominal,2.0NRT,297.03,6.7,D
46.03896,21.6413,333.64,0.65,0.73,2026-09-30,1240,N20,nominal,2.0NRT,297.48,4.01,D
46.04084,21.64118,334.14,0.65,0.73,2026-09-30,1240,N20,nominal,2.0NRT,298.18,6.6,D
48.27316,14.33998,342.62,0.6,0.53,2026-09-30,1240,N20,nominal,2.0NRT,303.95,12.79,D
48.27806,14.33945,328.55,0.6,0.53,2026-09-30,1240,N20,low,2.0NRT,300.17,6.07,D
48.27508,14.33888,346.2,0.6,0.53,2026-09-30,1240,N20,nominal,2.0NRT,303.17,10.07,D
48.60251,21.18038,343.17,0.62,0.72,2026-09-30,1240,N20,nominal,2.0NRT,298.34,9.4,D
48.59726,7.82131,332.18,0.48,0.4,2026-09-30,1240,N20,nominal,2.0NRT,296.88,2.91,D
49.26837,15.5038,367,0.35,0.56,2026-09-30,1240,N20,high,2.0NRT,294.17,11.27,D
49.26818,15.49944,341.31,0.35,0.56,2026-09-30,1240,N20,nominal,2.0NRT,296.11,8.71,D
49.26833,15.50061,354.95,0.35,0.56,2026-09-30,1240,N20,nominal,2.0NRT,297.13,11.83,D
49.35047,6.73469,325.72,0.45,0.39,2026-09-30,1240,N20,nominal,2.0NRT,284.21,2.03,D
50.04588,8.26028,328.41,0.52,0.41,2026-09-30,1240,N20,nominal,2.0NRT,299.05,2.99,D
51.68869,15.98077,338.79,0.38,0.58,2026-09-30,1242,N20,nominal,2.0NRT,285.47,4.09,D
52.15215,10.40592,335.11,0.44,0.46,2026-09-30,1242,N20,nominal,2.0NRT,301.36,4.81,D
52.15165,10.39942,336.78,0.44,0.46,2026-09-30,1242,N20,nominal,2.0NRT,303.07,4.43,D
52.15691,10.41161,331.72,0.44,0.46,2026-09-30,1242,N20,nominal,2.0NRT,298.94,4.81,D
52.15641,10.40512,343.01,0.44,0.46,2026-09-30,1242,N20,nominal,2.0NRT,299.24,4.81,D
52.15018,10.40295,345.8,0.44,0.46,2026-09-30,1242,N20,nominal,2.0NRT,301.5,6.38,D
52.15491,10.40863,346.25,0.44,0.46,2026-09-30,1242,N20,nominal,2.0NRT,299.58,4.99,D
52.16011,10.42081,330.14,0.44,0.46,2026-09-30,1242,N20,nominal,2.0NRT,301.84,3.14,D
52.15965,10.41433,329.38,0.44,0.46,2026-09-30,1242,N20,nominal,2.0NRT,298.76,4.99,D
51.325,-0.96559,346.9,0.4,0.37,2026-09-30,1242,N20,nominal,2.0NRT,296.03,9.12,D
51.32827,-0.96707,347.88,0.4,0.37,2026-09-30,1242,N20,nominal,2.0NRT,295.7,4.44,D
51.32926,-0.96149,356.38,0.4,0.37,2026-09-30,1242,N20,low,2.0NRT,294.54,4.44,D
51.51321,-0.56121,326.48,0.39,0.36,2026-09-30,1242,N20,nominal,2.0NRT,293.6,1.84,D
51.61026,-0.68301,330.36,0.39,0.36,2026-09-30,1242,N20,nominal,2.0NRT,296.13,1.82,D
52.95255,10.06692,343.44,0.44,0.46,2026-09-30,1242,N20,nominal,2.0NRT,297.47,5.32,D
51.61899,-1.34725,337.29,0.4,0.37,2026-09-30,1242,N20,nominal,2.0NRT,297.23,4.42,D
51.61798,-1.3529,336.57,0.4,0.37,2026-09-30,1242,N20,nominal,2.0NRT,298,4.42,D
51.62984,-1.34615,344.05,0.4,0.37,2026-09-30,1242,N20,nominal,2.0NRT,297.75,13.33,D
51.63211,-1.35332,329.59,0.4,0.37,2026-09-30,1242,N20,nominal,2.0NRT,297.68,3.68,D
51.6364,-1.34919,333.02,0.4,0.37,2026-09-30,1242,N20,nominal,2.0NRT,298.19,4.63,D
51.84492,-1.12642,348.62,0.4,0.37,2026-09-30,1242,N20,nominal,2.0NRT,297.41,5.35,D
51.793,-1.41965,331.04,0.4,0.37,2026-09-30,1242,N20,nominal,2.0NRT,296.16,4.64,D
51.79098,-1.43097,325.15,0.4,0.37,2026-09-30,1242,N20,nominal,2.0NRT,296.07,2.01,D
51.79199,-1.42531,356.17,0.4,0.37,2026-09-30,1242,N20,low,2.0NRT,296.97,4.64,D
51.84819,-1.12791,356.16,0.4,0.37,2026-09-30,1242,N20,low,2.0NRT,297.11,12.33,D
51.8678,-1.13688,336.75,0.4,0.37,2026-09-30,1242,N20,nominal,2.0NRT,295.8,21.91,D
51.86681,-1.1425,343.86,0.4,0.37,2026-09-30,1242,N20,nominal,2.0NRT,301.02,21.91,D
51.86583,-1.14812,326.3,0.4,0.37,2026-09-30,1242,N20,low,2.0NRT,298.46,24.76,D
51.87008,-1.14399,344.81,0.4,0.37,2026-09-30,1242,N20,nominal,2.0NRT,299.07,21.91,D
52.80714,32.22271,295.38,0.34,0.56,2026-09-30,2312,N20,nominal,2.0NRT,277.49,0.5,N
52.84756,29.98469,303.22,0.43,0.62,2026-09-30,2312,N20,nominal,2.0NRT,280.08,0.97,N
52.55501,32.23572,353.95,0.34,0.56,2026-09-30,2312,N20,nominal,2.0NRT,279.87,4.25,N
52.55466,32.23604,353.49,0.34,0.56,2026-09-30,2312,N20,nominal,2.0NRT,279.84,5.15,N
52.38497,33.48862,301.53,0.6,0.53,2026-09-30,2312,N20,nominal,2.0NRT,275.23,1.55,N
52.29311,32.48751,306.2,0.33,0.55,2026-09-30,2312,N20,nominal,2.0NRT,274.33,0.78,N
51.89594,29.33461,354.26,0.45,0.63,2026-09-30,2312,N20,nominal,2.0NRT,281.7,4.21,N
51.89014,29.32752,304.3,0.45,0.63,2026-09-30,2312,N20,nominal,2.0NRT,281.1,4.31,N
51.89007,29.33428,305.33,0.45,0.63,2026-09-30,2312,N20,nominal,2.0NRT,280.33,4.21,N
51.89181,29.33596,355.73,0.45,0.63,2026-09-30,2312,N20,nominal,2.0NRT,281.7,3.53,N
51.89192,29.32921,305.26,0.45,0.63,2026-09-30,2312,N20,nominal,2.0NRT,281.55,3.53,N
50.54296,26.25262,295.27,0.61,0.71,2026-09-30,2312,N20,nominal,2.0NRT,276.88,1.33,N
50.49805,30.47823,295.43,0.4,0.6,2026-09-30,2312,N20,nominal,2.0NRT,279.13,0.41,N
49.41705,34.40292,296.2,0.52,0.5,2026-09-30,2312,N20,nominal,2.0NRT,280.37,0.89,N
49.41659,34.41012,304.27,0.52,0.5,2026-09-30,2312,N20,nominal,2.0NRT,280.43,1.27,N
48.97943,24.70432,297.45,0.71,0.75,2026-09-30,2314,N20,nominal,2.0NRT,277.31,1.72,N
48.97494,24.70479,298.98,0.71,0.75,2026-09-30,2314,N20,nominal,2.0NRT,277.63,1.09,N
48.53492,34.64048,320.72,0.5,0.49,2026-09-30,2314,N20,nominal,2.0NRT,283.53,2.61,N
48.47545,34.62602,295.77,0.5,0.49,2026-09-30,2314,N20,nominal,2.0NRT,280.83,1.53,N
48.47497,34.6329,319.28,0.5,0.49,2026-09-30,2314,N20,nominal,2.0NRT,281.89,1.53,N
47.87555,33.4366,297.07,0.55,0.51,2026-09-30,2314,N20,nominal,2.0NRT,281.58,0.86,N
47.78751,29.01105,302.19,0.45,0.63,2026-09-30,2314,N20,nominal,2.0NRT,279.31,0.71,N
46.30325,32.16756,323.44,0.62,0.54,2026-09-30,2314,N20,nominal,2.0NRT,280.64,2.48,N
46.15587,29.85019,318.3,0.4,0.6,2026-09-30,2314,N20,nominal,2.0NRT,279.63,1.49,N
45.35832,30.90198,325.54,0.35,0.57,2026-09-30,2314,N20,nominal,2.0NRT,288.1,1.12,N
45.35855,30.89747,302.35,0.35,0.57,2026-09-30,2314,N20,nominal,2.0NRT,286,1.12,N
45.26094,31.67132,367,0.32,0.54,2026-09-30,2314,N20,high,2.0NRT,290.8,4.07,N
45.26117,31.66721,301.63,0.32,0.54,2026-09-30,2314,N20,nominal,2.0NRT,286.31,4.07,N
45.29077,25.10616,297.67,0.67,0.74,2026-09-30,2314,N20,nominal,2.0NRT,279.41,0.92,N
43.81563,24.3697,295.83,0.72,0.76,2026-09-30,2314,N20,nominal,2.0NRT,277.02,0.58,N
41.19169,32.61647,300.12,0.52,0.5,2026-09-30,2316,N20,nominal,2.0NRT,281.51,0.96,N
41.19121,32.62261,296.53,0.52,0.5,2026-09-30,2316,N20,nominal,2.0NRT,281.46,0.96,N
41.26791,31.42312,297.2,0.6,0.53,2026-09-30,2316,N20,nominal,2.0NRT,286.97,1.96,N
41.18102,32.63411,295.31,0.52,0.5,2026-09-30,2316,N20,nominal,2.0NRT,284.03,1.65,N
41.263,31.42249,298.38,0.6,0.53,2026-09-30,2316,N20,nominal,2.0NRT,285.5,1.96,N
41.26251,31.42985,318.21,0.6,0.53,2026-09-30,2316,N20,nominal,2.0NRT,285.5,1.96,N
41.17641,32.63355,312.84,0.52,0.5,2026-09-30,2316,N20,nominal,2.0NRT,284.9,1.65,N
41.01982,28.55359,306.57,0.42,0.61,2026-09-30,2316,N20,nominal,2.0NRT,285.35,1.17,N
40.78115,29.59886,306.82,0.37,0.58,2026-09-30,2316,N20,nominal,2.0NRT,286.97,0.96,N
40.76863,29.52823,306.27,0.38,0.58,2026-09-30,2316,N20,nominal,2.0NRT,287.08,1.6,N
40.76102,29.35824,301.82,0.38,0.59,2026-09-30,2316,N20,nominal,2.0NRT,284.98,0.68,N
40.75582,26.36769,302.42,0.55,0.68,2026-09-30,2316,N20,nominal,2.0NRT,281.67,1.5,N
39.9003,28.86992,313.54,0.4,0.6,2026-09-30,2316,N20,nominal,2.0NRT,279.43,1.16,N
39.90149,28.86723,314.65,0.4,0.6,2026-09-30,2316,N20,nominal,2.0NRT,279.16,1.57,N
65.77065,24.17533,296.29,0.67,0.74,2026-09-30,2307,N20,nominal,2.0NRT,277.08,1.08,N
64.64796,24.41847,311.32,0.67,0.74,2026-09-30,2307,N20,nominal,2.0NRT,277.61,2.98,N
38.75434,26.91311,346.33,0.5,0.66,2026-09-30,2316,N20,nominal,2.0NRT,283.88,7.31,N
38.75457,26.90663,306.06,0.5,0.66,2026-09-30,2316,N20,nominal,2.0NRT,278.28,2.88,N
38.75352,26.93589,304.64,0.5,0.66,2026-09-30,2316,N20,nominal,2.0NRT,283.4,1.55,N
59.52913,34.1426,328.99,0.32,0.55,2026-09-30,2309,N20,nominal,2.0NRT,279.61,2.31,N
59.38814,28.45405,319.23,0.51,0.66,2026-09-30,2309,N20,nominal,2.0NRT,274.81,2.65,N
37.94101,32.5341,295.39,0.49,0.48,2026-09-30,2316,N20,nominal,2.0NRT,280.69,0.89,N
37.77108,27.43556,297.06,0.46,0.64,2026-09-30,2316,N20,nominal,2.0NRT,286.28,0.69,N
59.38377,28.45882,315.96,0.51,0.66,2026-09-30,2309,N20,nominal,2.0NRT,277.26,2.83,N
53.79931,33.57249,296.07,0.62,0.54,2026-09-30,2312,N20,nominal,2.0NRT,269.72,0.85,N
53.6777,23.89393,305.01,0.77,0.77,2026-09-30,2312,N20,nominal,2.0NRT,269,1.48,N
53.44329,34.41133,301,0.56,0.52,2026-09-30,2312,N20,nominal,2.0NRT,269.17,1.33,N
49.85395,20.55184,325.29,0.39,0.36,2026-10-01,0054,N20,nominal,2.0NRT,262.63,3.16,N
48.97418,24.71158,311.73,0.48,0.4,2026-10-01,0054,N20,nominal,2.0NRT,279.85,2.45,N
48.9744,24.71083,309.54,0.48,0.4,2026-10-01,0054,N20,nominal,2.0NRT,279.76,1.79,N
50.0394,18.48355,296.33,0.39,0.36,2026-10-01,0054,N20,nominal,2.0NRT,275.56,0.76,N
47.17443,31.75793,297.29,0.34,0.56,2026-10-01,0054,N20,nominal,2.0NRT,280.96,0.45,N
48.97389,23.91882,296.65,0.45,0.39,2026-10-01,0054,N20,nominal,2.0NRT,275.89,0.6,N
50.65545,11.43399,297.21,0.42,0.45,2026-10-01,0054,N20,nominal,2.0NRT,284.25,0.5,N
49.69347,18.64871,301.78,0.39,0.36,2026-10-01,0054,N20,nominal,2.0NRT,282.53,0.66,N
49.68941,18.65285,301.87,0.39,0.36,2026-10-01,0054,N20,nominal,2.0NRT,281.47,1.38,N
49.68455,18.66229,314.7,0.39,0.36,2026-10-01,0054,N20,nominal,2.0NRT,283.58,1.44,N
49.68128,18.66113,307.4,0.39,0.36,2026-10-01,0054,N20,nominal,2.0NRT,282.08,0.77,N
49.67801,18.65997,299.31,0.39,0.36,2026-10-01,0054,N20,nominal,2.0NRT,280.55,0.77,N
49.89499,15.64157,299.99,0.44,0.38,2026-10-01,0054,N20,nominal,2.0NRT,285.57,0.77,N
45.96725,33.78692,298.42,0.45,0.63,2026-10-01,0054,N20,nominal,2.0NRT,266.33,1.33,N
49.50057,17.95253,297.04,0.39,0.36,2026-10-01,0054,N20,nominal,2.0NRT,281.14,0.52,N
48.62192,21.19481,297.14,0.4,0.37,2026-10-01,0054,N20,nominal,2.0NRT,279.53,0.94,N
48.62049,21.18297,296.22,0.4,0.37,2026-10-01,0054,N20,nominal,2.0NRT,277.14,0.9,N
48.61629,21.18692,319.72,0.4,0.37,2026-10-01,0054,N20,nominal,2.0NRT,280.62,2.43,N
48.61208,21.19087,299.83,0.4,0.37,2026-10-01,0054,N20,nominal,2.0NRT,283.13,1.06,N
48.61116,21.19613,304.29,0.4,0.37,2026-10-01,0054,N20,nominal,2.0NRT,281.65,1.06,N
48.60738,21.17773,336.46,0.4,0.37,2026-10-01,0054,N20,nominal,2.0NRT,282.82,5.07,N
48.59409,20.84047,295.18,0.39,0.36,2026-10-01,0054,N20,nominal,2.0NRT,275.51,0.54,N
49.21702,16.77055,295.68,0.41,0.37,2026-10-01,0054,N20,nominal,2.0NRT,281.15,0.66,N
48.0042,21.19966,311.05,0.4,0.37,2026-10-01,0054,N20,nominal,2.0NRT,274.75,0.8,N
44.77441,33.85695,296.66,0.5,0.66,2026-10-01,0054,N20,nominal,2.0NRT,276.39,0.75,N
48.45642,17.19132,296.6,0.4,0.37,2026-10-01,0054,N20,nominal,2.0NRT,269.47,0.71,N
45.26169,31.6705,339.28,0.38,0.59,2026-10-01,0054,N20,nominal,2.0NRT,285.8,4.64,N
45.26035,31.67508,344.79,0.38,0.59,2026-10-01,0054,N20,nominal,2.0NRT,288.19,4.64,N
45.35603,30.90228,327.95,0.35,0.57,2026-10-01,0054,N20,nominal,2.0NRT,287.81,1.85,N
48.28429,14.32871,330.23,0.46,0.39,2026-10-01,0054,N20,nominal,2.0NRT,288.73,2.3,N
48.27926,14.34021,324.52,0.46,0.39,2026-10-01,0054,N20,nominal,2.0NRT,287.5,1.75,N
48.27998,14.334,298.64,0.46,0.39,2026-10-01,0054,N20,nominal,2.0NRT,287.79,2.3,N
48.27854,14.34643,303.5,0.46,0.39,2026-10-01,0054,N20,nominal,2.0NRT,286.52,1.75,N
48.27638,14.33306,329.81,0.46,0.39,2026-10-01,0054,N20,nominal,2.0NRT,288.54,2.61,N
48.27566,14.33928,338.85,0.46,0.39,2026-10-01,0054,N20,nominal,2.0NRT,291.84,8.49,N
48.2771,14.32683,307.1,0.46,0.39,2026-10-01,0054,N20,nominal,2.0NRT,290.09,2.61,N
48.2735,14.32589,312.59,0.46,0.39,2026-10-01,0054,N20,nominal,2.0NRT,286.98,2.61,N
47.98637,16.60351,298.3,0.4,0.37,2026-10-01,0054,N20,nominal,2.0NRT,286.25,0.34,N
47.0378,22.33097,298.17,0.43,0.38,2026-10-01,0054,N20,nominal,2.0NRT,282,0.93,N
48.262,14.32928,305.92,0.46,0.39,2026-10-01,0054,N20,nominal,2.0NRT,285.84,1,N
45.95093,25.27975,305.41,0.38,0.43,2026-10-01,0054,N20,nominal,2.0NRT,279.79,1.42,N
47.44307,15.2827,296.18,0.43,0.38,2026-10-01,0054,N20,nominal,2.0NRT,279.61,0.56,N
47.7928,12.17921,296.17,0.55,0.42,2026-10-01,0054,N20,nominal,2.0NRT,285.6,0.9,N
45.95544,22.86946,298.83,0.47,0.39,2026-10-01,0054,N20,nominal,2.0NRT,278.88,0.35,N
45.1225,25.41863,309.03,0.4,0.45,2026-10-01,0054,N20,nominal,2.0NRT,280.03,1.6,N
46.09069,17.06696,295.08,0.39,0.36,2026-10-01,0056,N20,nominal,2.0NRT,279.03,0.33,N
45.45707,20.65814,295.38,0.41,0.37,2026-10-01,0056,N20,nominal,2.0NRT,279.38,0.48,N
45.43653,20.63408,297.29,0.41,0.37,2026-10-01,0056,N20,nominal,2.0NRT,279.08,0.93,N
45.43224,20.63799,329.45,0.41,0.37,2026-10-01,0056,N20,nominal,2.0NRT,279.44,2.48,N
45.43319,20.63285,297.87,0.41,0.37,2026-10-01,0056,N20,nominal,2.0NRT,279.37,0.93,N
45.43257,20.63646,332.32,0.41,0.37,2026-10-01,0056,N20,nominal,2.0NRT,280.14,3.21,N
44.90586,22.47698,296.34,0.47,0.4,2026-10-01,0056,N20,nominal,2.0NRT,278.41,0.99,N
44.90232,22.47568,295.56,0.47,0.4,2026-10-01,0056,N20,nominal,2.0NRT,280.46,0.55,N
45.11367,21.38408,325.34,0.43,0.38,2026-10-01,0056,N20,nominal,2.0NRT,285.14,2.41,N
44.88911,22.50309,324.42,0.47,0.4,2026-10-01,0056,N20,nominal,2.0NRT,282.69,3.4,N
44.88788,22.50918,299.57,0.47,0.4,2026-10-01,0056,N20,nominal,2.0NRT,279.76,0.97,N
45.10577,21.38707,304.86,0.43,0.38,2026-10-01,0056,N20,nominal,2.0NRT,282.52,1.26,N
44.89052,22.45859,302.17,0.47,0.4,2026-10-01,0056,N20,nominal,2.0NRT,279.65,0.78,N
45.20949,20.80007,299.91,0.42,0.37,2026-10-01,0056,N20,nominal,2.0NRT,277.79,0.74,N
44.87556,22.4195,300.15,0.47,0.4,2026-10-01,0056,N20,nominal,2.0NRT,282.55,0.77,N
45.18116,20.7436,301.78,0.42,0.37,2026-10-01,0056,N20,nominal,2.0NRT,280.48,0.63,N
45.18021,20.74878,296.17,0.42,0.37,2026-10-01,0056,N20,nominal,2.0NRT,281,0.63,N
45.16346,20.78131,301,0.42,0.37,2026-10-01,0056,N20,nominal,2.0NRT,280.23,0.9,N
45.09629,21.10333,312.7,0.43,0.38,2026-10-01,0056,N20,nominal,2.0NRT,279.08,2.55,N
45.0953,21.10861,317.16,0.43,0.38,2026-10-01,0056,N20,nominal,2.0NRT,279.74,2.55,N
45.09291,21.10206,320.03,0.43,0.38,2026-10-01,0056,N20,nominal,2.0NRT,278.99,2.55,N
45.09191,21.10733,341.75,0.43,0.38,2026-10-01,0056,N20,nominal,2.0NRT,283.6,2.55,N
45.09092,21.11261,314.85,0.43,0.38,2026-10-01,0056,N20,nominal,2.0NRT,280.42,1.65,N
45.09051,21.09551,300.05,0.43,0.38,2026-10-01,0056,N20,nominal,2.0NRT,277.01,0.75,N
45.08952,21.10078,311.39,0.43,0.38,2026-10-01,0056,N20,nominal,2.0NRT,278.25,1.65,N
45.08852,21.10606,316.55,0.43,0.38,2026-10-01,0056,N20,nominal,2.0NRT,278.25,1.65,N
45.08753,21.11134,301.21,0.43,0.38,2026-10-01,0056,N20,nominal,2.0NRT,277.58,0.63,N
45.12838,20.8349,297.46,0.42,0.38,2026-10-01,0056,N20,nominal,2.0NRT,279.99,0.61,N
45.14902,20.70414,299.03,0.42,0.37,2026-10-01,0056,N20,nominal,2.0NRT,279.62,0.48,N
45.0666,21.12608,296.16,0.43,0.38,2026-10-01,0056,N20,nominal,2.0NRT,279.37,0.49,N
45.05544,21.12752,297.74,0.43,0.38,2026-10-01,0056,N20,nominal,2.0NRT,279.46,0.54,N
45.10921,20.7834,298.78,0.42,0.38,2026-10-01,0056,N20,nominal,2.0NRT,280.09,0.55,N
45.0948,20.78361,303.71,0.42,0.38,2026-10-01,0056,N20,nominal,2.0NRT,280.26,0.83,N
45.13298,20.53913,298.73,0.41,0.37,2026-10-01,0056,N20,nominal,2.0NRT,278.2,0.63,N
45.06588,20.82283,300.97,0.42,0.38,2026-10-01,0056,N20,nominal,2.0NRT,280.02,0.81,N
45.06696,20.82118,299.87,0.42,0.38,2026-10-01,0056,N20,nominal,2.0NRT,280.42,0.62,N
44.7725,22.31774,296.11,0.47,0.4,2026-10-01,0056,N20,nominal,2.0NRT,281.76,0.67,N
44.7689,22.31676,300,0.47,0.4,2026-10-01,0056,N20,nominal,2.0NRT,282.99,0.67,N
44.76774,22.32258,298.33,0.47,0.4,2026-10-01,0056,N20,nominal,2.0NRT,283.28,0.81,N
44.76654,22.3286,297.32,0.47,0.4,2026-10-01,0056,N20,nominal,2.0NRT,282.68,0.81,N
44.76413,22.32165,304.6,0.47,0.4,2026-10-01,0056,N20,nominal,2.0NRT,283.9,1.22,N
44.75946,22.34506,304.6,0.47,0.4,2026-10-01,0056,N20,nominal,2.0NRT,284.06,1.28,N
44.75707,22.33799,301.16,0.47,0.4,2026-10-01,0056,N20,nominal,2.0NRT,282.73,1.13,N
44.75591,22.34381,310.56,0.47,0.4,2026-10-01,0056,N20,nominal,2.0NRT,284.08,1.28,N
44.96861,21.21193,298.82,0.43,0.38,2026-10-01,0056,N20,nominal,2.0NRT,278.19,0.6,N
44.74169,22.35785,299.88,0.47,0.4,2026-10-01,0056,N20,nominal,2.0NRT,283.47,0.67,N
44.96206,21.16953,296.61,0.43,0.38,2026-10-01,0056,N20,nominal,2.0NRT,279.92,0.54,N
44.96105,21.17484,295.22,0.43,0.38,2026-10-01,0056,N20,nominal,2.0NRT,279.49,0.54,N
44.96005,21.18015,307.32,0.43,0.38,2026-10-01,0056,N20,nominal,2.0NRT,279.37,0.8,N
44.95866,21.16822,299.97,0.43,0.38,2026-10-01,0056,N20,nominal,2.0NRT,280.52,1.45,N
45.12732,20.23636,304.63,0.41,0.37,2026-10-01,0056,N20,nominal,2.0NRT,281.71,1.09,N
45.20756,19.7063,299.66,0.4,0.37,2026-10-01,0056,N20,nominal,2.0NRT,287.32,0.5,N
46.06929,13.62579,308.06,0.46,0.39,2026-10-01,0056,N20,nominal,2.0NRT,286.03,1.49,N
45.45313,18.0333,298.55,0.38,0.36,2026-10-01,0056,N20,nominal,2.0NRT,283.02,0.48,N
45.07089,19.75738,345.15,0.4,0.37,2026-10-01,0056,N20,nominal,2.0NRT,285.65,9.66,N
45.06913,19.76731,341.05,0.4,0.37,2026-10-01,0056,N20,nominal,2.0NRT,283.4,5.5,N
45.06583,19.76616,332.26,0.4,0.37,2026-10-01,0056,N20,nominal,2.0NRT,280.98,5.5,N
45.08854,19.63735,311.41,0.4,0.37,2026-10-01,0056,N20,nominal,2.0NRT,281.69,0.94,N
45.08524,19.63621,307.67,0.4,0.37,2026-10-01,0056,N20,nominal,2.0NRT,281.6,1.02,N
45.08281,19.63013,317.34,0.4,0.37,2026-10-01,0056,N20,nominal,2.0NRT,281.92,1.02,N
45.08194,19.63507,300.85,0.4,0.37,2026-10-01,0056,N20,nominal,2.0NRT,281.13,1.02,N
44.48742,22.71963,297.77,0.49,0.4,2026-10-01,0056,N20,nominal,2.0NRT,282.11,0.65,N
45.07535,19.6328,295.48,0.4,0.37,2026-10-01,0056,N20,nominal,2.0NRT,279.88,0.43,N
44.48382,22.71824,302.66,0.49,0.4,2026-10-01,0056,N20,nominal,2.0NRT,282.75,0.65,N
45.0677,19.6564,305.26,0.4,0.37,2026-10-01,0056,N20,nominal,2.0NRT,280.79,0.7,N
45.06353,19.66021,296.82,0.4,0.37,2026-10-01,0056,N20,nominal,2.0NRT,279.33,0.7,N
45.0611,19.65412,318.98,0.4,0.37,2026-10-01,0056,N20,nominal,2.0NRT,280.66,1.36,N
45.06023,19.65906,302.75,0.4,0.37,2026-10-01,0056,N20,nominal,2.0NRT,280.38,1.36,N
45.05868,19.64803,327.01,0.4,0.37,2026-10-01,0056,N20,nominal,2.0NRT,281.67,2.27,N
44.47559,22.68308,301.58,0.49,0.4,2026-10-01,0056,N20,nominal,2.0NRT,278.98,0.51,N
45.06412,19.60567,312.09,0.4,0.37,2026-10-01,0056,N20,nominal,2.0NRT,282.06,1.22,N
45.0581,19.64027,312.31,0.4,0.37,2026-10-01,0056,N20,nominal,2.0NRT,281.5,1.47,N
45.05724,19.64522,317.02,0.4,0.37,2026-10-01,0056,N20,nominal,2.0NRT,281.73,1.7,N
45.09071,19.43207,296.1,0.39,0.36,2026-10-01,0056,N20,nominal,2.0NRT,279.11,0.31,N
45.08052,19.49109,314.9,0.39,0.37,2026-10-01,0056,N20,nominal,2.0NRT,280.31,1.35,N
45.07808,19.48503,303.89,0.39,0.37,2026-10-01,0056,N20,nominal,2.0NRT,279.84,0.82,N
44.47559,22.68814,301.09,0.49,0.4,2026-10-01,0056,N20,nominal,2.0NRT,279.03,0.55,N
45.03782,19.69625,303.73,0.4,0.37,2026-10-01,0056,N20,nominal,2.0NRT,279.35,0.69,N
45.06126,19.54185,296.75,0.4,0.37,2026-10-01,0056,N20,nominal,2.0NRT,281.36,0.52,N
45.02845,19.72979,305.71,0.4,0.37,2026-10-01,0056,N20,nominal,2.0NRT,279.21,1.35,N
45.02427,19.7336,316.43,0.4,0.37,2026-10-01,0056,N20,nominal,2.0NRT,279.65,1.35,N
45.02358,19.71758,304.95,0.4,0.37,2026-10-01,0056,N20,nominal,2.0NRT,278.85,1,N
45.0201,19.73741,311.11,0.4,0.37,2026-10-01,0056,N20,nominal,2.0NRT,279.45,0.75,N
45.01923,19.74237,300.3,0.4,0.37,2026-10-01,0056,N20,nominal,2.0NRT,278.72,0.75,N
45.02028,19.71642,309.84,0.4,0.37,2026-10-01,0056,N20,nominal,2.0NRT,279.25,1,N
44.99488,19.86055,300.33,0.4,0.37,2026-10-01,0056,N20,nominal,2.0NRT,279.18,0.53,N
45.04723,19.54225,297.51,0.4,0.37,2026-10-01,0056,N20,nominal,2.0NRT,280.8,0.4,N
45.05762,19.46234,302.13,0.39,0.37,2026-10-01,0056,N20,nominal,2.0NRT,278.81,0.6,N
45.05519,19.45629,300.53,0.39,0.37,2026-10-01,0056,N20,nominal,2.0NRT,279.19,0.9,N
45.05434,19.46121,310.51,0.39,0.37,2026-10-01,0056,N20,nominal,2.0NRT,279.05,0.9,N
44.41156,22.79183,307.8,0.49,0.4,2026-10-01,0056,N20,nominal,2.0NRT,277.72,1.17,N
44.41032,22.79782,307.21,0.49,0.4,2026-10-01,0056,N20,nominal,2.0NRT,277.65,1.17,N
45.03145,19.43249,295.09,0.39,0.37,2026-10-01,0056,N20,nominal,2.0NRT,278.95,0.33,N
45.02329,19.41927,298.53,0.39,0.37,2026-10-01,0056,N20,nominal,2.0NRT,278.64,0.26,N
45.03127,19.31295,299.27,0.39,0.36,2026-10-01,0056,N20,nominal,2.0NRT,278.46,0.45,N
44.35572,22.85364,295.19,0.5,0.41,2026-10-01,0056,N20,nominal,2.0NRT,280.9,1.32,N
44.35446,22.85966,295.69,0.5,0.41,2026-10-01,0056,N20,nominal,2.0NRT,280.72,0.7,N
44.8445,20.24508,298.95,0.41,0.37,2026-10-01,0056,N20,nominal,2.0NRT,277.52,1.34,N
44.84117,20.24388,326.28,0.41,0.37,2026-10-01,0056,N20,nominal,2.0NRT,279.31,1.34,N
44.84117,20.2422,322.82,0.41,0.37,2026-10-01,0056,N20,nominal,2.0NRT,278.89,1.22,N
44.84026,20.24725,296.11,0.41,0.37,2026-10-01,0056,N20,nominal,2.0NRT,278.2,1.22,N
44.35611,22.65269,295.6,0.49,0.4,2026-10-01,0056,N20,nominal,2.0NRT,278.96,0.64,N
44.33917,22.69754,299.59,0.49,0.4,2026-10-01,0056,N20,nominal,2.0NRT,275.02,0.72,N
44.60568,20.97072,302.36,0.43,0.38,2026-10-01,0056,N20,nominal,2.0NRT,282.4,0.94,N
43.84905,24.37153,299.17,0.39,0.44,2026-10-01,0056,N20,nominal,2.0NRT,278.75,0.88,N
43.84025,24.37293,300.24,0.39,0.44,2026-10-01,0056,N20,nominal,2.0NRT,278.17,0.69,N
44.03923,23.44503,328.52,0.53,0.42,2026-10-01,0056,N20,nominal,2.0NRT,280.79,3.92,N
44.0406,23.43863,309.83,0.53,0.42,2026-10-01,0056,N20,nominal,2.0NRT,278.43,2.34,N
43.80396,24.49665,295.5,0.4,0.44,2026-10-01,0056,N20,nominal,2.0NRT,277.65,0.58,N
45.63829,9.6021,303.14,0.45,0.47,2026-10-01,0056,N20,nominal,2.0NRT,284.91,1.27,N
43.9096,21.51291,296.29,0.45,0.39,2026-10-01,0056,N20,nominal,2.0NRT,279.92,0.73,N
45.46206,10.45377,310.78,0.41,0.45,2026-10-01,0056,N20,nominal,2.0NRT,284.37,2.18,N
41.26678,31.4234,313,0.49,0.65,2026-10-01,0056,N20,nominal,2.0NRT,286.34,1.06,N
41.26514,31.42879,299.31,0.49,0.65,2026-10-01,0056,N20,nominal,2.0NRT,284.53,1.06,N
41.26115,31.42047,296.8,0.49,0.65,2026-10-01,0056,N20,nominal,2.0NRT,283.1,1.06,N
41.2595,31.42588,297.51,0.49,0.65,2026-10-01,0056,N20,nominal,2.0NRT,283.65,1.06,N
41.25721,31.41199,307.49,0.49,0.65,2026-10-01,0056,N20,nominal,2.0NRT,282.58,1.11,N
41.26895,31.42673,319.52,0.49,0.65,2026-10-01,0056,N20,nominal,2.0NRT,285.43,2.27,N
41.26331,31.42381,301.01,0.49,0.65,2026-10-01,0056,N20,nominal,2.0NRT,285.83,2.27,N
41.25375,31.41229,301.49,0.49,0.65,2026-10-01,0056,N20,nominal,2.0NRT,282.65,0.96,N
45.14463,9.9418,300.05,0.42,0.46,2026-10-01,0056,N20,nominal,2.0NRT,261.59,0.31,N
42.71477,24.17009,320.29,0.4,0.45,2026-10-01,0056,N20,nominal,2.0NRT,280.11,2.62,N
43.67958,18.97554,314.74,0.4,0.37,2026-10-01,0056,N20,nominal,2.0NRT,280.86,1.86,N
42.59167,23.10279,301.46,0.55,0.43,2026-10-01,0056,N20,nominal,2.0NRT,279.22,1.16,N
44.2725,11.90849,296.65,0.51,0.41,2026-10-01,0056,N20,nominal,2.0NRT,284.29,0.68,N
40.75726,29.76226,351.39,0.42,0.61,2026-10-01,0056,N20,nominal,2.0NRT,286.17,4.08,N
40.75858,29.75767,306.5,0.42,0.61,2026-10-01,0056,N20,nominal,2.0NRT,284.93,4.08,N
40.75058,29.76439,295.73,0.42,0.61,2026-10-01,0056,N20,nominal,2.0NRT,285.17,2.98,N
43.54304,16.44278,301.84,0.39,0.36,2026-10-01,0056,N20,nominal,2.0NRT,287.53,0.36,N
43.6576,11.83815,296.87,0.51,0.41,2026-10-01,0056,N20,nominal,2.0NRT,285.55,0.46,N
43.6579,11.83804,299.97,0.51,0.41,2026-10-01,0056,N20,nominal,2.0NRT,285.3,0.86,N
39.89951,28.87072,295.52,0.4,0.6,2026-10-01,0056,N20,nominal,2.0NRT,279.42,0.61,N
41.43124,20.57207,295.95,0.46,0.39,2026-10-01,0056,N20,nominal,2.0NRT,280.77,0.62,N
41.42768,20.57116,297.35,0.46,0.39,2026-10-01,0056,N20,nominal,2.0NRT,278.77,0.44,N
41.54958,19.72242,301.24,0.43,0.38,2026-10-01,0056,N20,nominal,2.0NRT,287.57,0.61,N
42.57122,12.67496,313.07,0.46,0.39,2026-10-01,0056,N20,nominal,2.0NRT,288.48,1.59,N
39.60679,27.87766,296.79,0.37,0.58,2026-10-01,0056,N20,nominal,2.0NRT,282.31,0.33,N
39.86398,26.24507,300,0.6,0.53,2026-10-01,0056,N20,nominal,2.0NRT,285.78,1.79,N
39.86458,26.24622,297.64,0.6,0.53,2026-10-01,0056,N20,nominal,2.0NRT,285.97,0.97,N
41.2061,19.58614,318.68,0.43,0.38,2026-10-01,0056,N20,nominal,2.0NRT,287.39,1.75,N
41.2036,19.58012,322.33,0.43,0.38,2026-10-01,0056,N20,nominal,2.0NRT,285.12,1.94,N
40.28459,23.44239,301.22,0.42,0.45,2026-10-01,0056,N20,nominal,2.0NRT,285.88,0.63,N
42.00812,12.71403,302.06,0.45,0.39,2026-10-01,0056,N20,nominal,2.0NRT,288.88,0.84,N
42.70739,1.7736,295.17,0.52,0.67,2026-10-01,0056,N20,nominal,2.0NRT,274.14,1.33,N
41.2654,15.49389,308.31,0.39,0.36,2026-10-01,0056,N20,nominal,2.0NRT,284.09,1.36,N
41.36997,13.5296,297.75,0.42,0.38,2026-10-01,0056,N20,nominal,2.0NRT,285.31,0.66,N
38.74373,26.95113,301.87,0.35,0.56,2026-10-01,0056,N20,nominal,2.0NRT,278.03,1.11,N
38.7398,26.94507,297.56,0.35,0.56,2026-10-01,0056,N20,nominal,2.0NRT,282.66,2.47,N
41.39127,13.00615,297.2,0.44,0.38,2026-10-01,0056,N20,nominal,2.0NRT,286.32,0.21,N
41.28231,13.76385,306.68,0.42,0.37,2026-10-01,0056,N20,nominal,2.0NRT,285.62,0.8,N
40.62941,17.99967,311.22,0.4,0.37,2026-10-01,0056,N20,nominal,2.0NRT,289.43,0.87,N
40.95274,15.6699,300.09,0.39,0.36,2026-10-01,0056,N20,nominal,2.0NRT,285.27,0.72,N
40.5432,17.54916,327.56,0.39,0.36,2026-10-01,0056,N20,nominal,2.0NRT,288.54,4.05,N
40.54242,17.55373,326.2,0.39,0.36,2026-10-01,0056,N20,nominal,2.0NRT,290.05,4.05,N
40.51906,17.20637,306.8,0.39,0.36,2026-10-01,0056,N20,nominal,2.0NRT,289.98,0.97,N
40.51831,17.21089,299.53,0.39,0.36,2026-10-01,0056,N20,nominal,2.0NRT,289.5,0.87,N
40.51503,17.20995,301.71,0.39,0.36,2026-10-01,0056,N20,nominal,2.0NRT,289.64,1.1,N
40.50366,17.21618,318.39,0.39,0.36,2026-10-01,0056,N20,nominal,2.0NRT,292.43,2.26,N
40.49356,17.19431,303.12,0.39,0.36,2026-10-01,0056,N20,nominal,2.0NRT,291.9,0.93,N
40.63759,14.48056,313.82,0.4,0.37,2026-10-01,0056,N20,nominal,2.0NRT,289.14,1.19,N
40.70928,13.91514,325.12,0.41,0.37,2026-10-01,0056,N20,nominal,2.0NRT,290.03,2.59,N
40.70993,13.91035,304.65,0.41,0.37,2026-10-01,0056,N20,nominal,2.0NRT,288.76,2.04,N
40.70657,13.90933,303.85,0.41,0.37,2026-10-01,0056,N20,nominal,2.0NRT,289.27,2.04,N
40.70591,13.91415,314.08,0.41,0.37,2026-10-01,0056,N20,nominal,2.0NRT,288.48,2.59,N
40.70582,13.91251,302.87,0.41,0.37,2026-10-01,0056,N20,nominal,2.0NRT,289.51,0.75,N
40.70313,13.90673,306.04,0.41,0.37,2026-10-01,0056,N20,nominal,2.0NRT,290.1,0.75,N
40.31404,15.89595,300.73,0.38,0.36,2026-10-01,0056,N20,nominal,2.0NRT,281.9,0.76,N
40.31335,15.90041,301.42,0.38,0.36,2026-10-01,0056,N20,nominal,2.0NRT,281.6,0.76,N
40.28772,8.67248,297.57,0.43,0.46,2026-10-01,0056,N20,nominal,2.0NRT,278.96,0.36,N
38.79707,15.21177,309.22,0.38,0.36,2026-10-01,0058,N20,nominal,2.0NRT,287.24,0.3,N
38.79379,15.21099,334.57,0.38,0.36,2026-10-01,0058,N20,nominal,2.0NRT,292.29,8.71,N
38.25354,16.21848,305.21,0.39,0.36,2026-10-01,0058,N20,nominal,2.0NRT,287.38,0.91,N
38.03412,15.44322,328.42,0.38,0.36,2026-10-01,0058,N20,nominal,2.0NRT,290.52,3.3,N
38.03998,13.06725,298.48,0.41,0.37,2026-10-01,0058,N20,nominal,2.0NRT,287.53,0.34,N
37.74972,15.04171,298.41,0.38,0.36,2026-10-01,0058,N20,nominal,2.0NRT,284.62,2.31,N
37.74636,15.0631,296.28,0.38,0.36,2026-10-01,0058,N20,nominal,2.0NRT,286.16,1.02,N
37.74443,15.05373,298.21,0.38,0.36,2026-10-01,0058,N20,nominal,2.0NRT,285.05,1.74,N
37.74376,15.058,301.66,0.38,0.36,2026-10-01,0058,N20,nominal,2.0NRT,286.93,1.02,N
37.74309,15.06228,299.58,0.38,0.36,2026-10-01,0058,N20,nominal,2.0NRT,288.21,1.02,N
37.43748,15.03131,326.65,0.38,0.36,2026-10-01,0058,N20,nominal,2.0NRT,289.12,1.89,N
36.9029,14.72336,297.31,0.38,0.36,2026-10-01,0058,N20,nominal,2.0NRT,286.8,0.4,N
36.88442,14.51178,307.56,0.39,0.36,2026-10-01,0058,N20,nominal,2.0NRT,287.4,0.62,N
36.87785,13.76711,326.13,0.39,0.36,2026-10-01,0058,N20,nominal,2.0NRT,293.73,1.85,N
37.12413,9.36108,311.79,0.55,0.43,2026-10-01,0058,N20,nominal,2.0NRT,292.01,2.32,N
36.93645,9.40585,336.22,0.55,0.42,2026-10-01,0058,N20,nominal,2.0NRT,292.66,5.81,N
36.93614,9.4058,334.02,0.55,0.42,2026-10-01,0058,N20,nominal,2.0NRT,292.77,8.47,N
36.88293,6.94606,311.9,0.49,0.48,2026-10-01,0058,N20,nominal,2.0NRT,282.2,10.71,N
36.88246,6.95155,300.76,0.49,0.48,2026-10-01,0058,N20,nominal,2.0NRT,281.64,10.71,N
36.88198,6.95704,300.08,0.49,0.48,2026-10-01,0058,N20,nominal,2.0NRT,281.43,1.24,N
36.87895,6.93998,345.92,0.49,0.48,2026-10-01,0058,N20,nominal,2.0NRT,282.48,23.36,N
36.87942,6.93457,308.91,0.49,0.48,2026-10-01,0058,N20,nominal,2.0NRT,279.99,23.36,N
36.87847,6.94545,317.42,0.49,0.48,2026-10-01,0058,N20,nominal,2.0NRT,288.65,10.71,N
36.878,6.95093,310.93,0.49,0.48,2026-10-01,0058,N20,nominal,2.0NRT,282.71,10.71,N
36.87495,6.9339,299.72,0.49,0.48,2026-10-01,0058,N20,nominal,2.0NRT,279.25,1.04,N
36.87449,6.93934,311.23,0.49,0.48,2026-10-01,0058,N20,nominal,2.0NRT,279.71,1.04,N
36.87402,6.94481,312.83,0.49,0.48,2026-10-01,0058,N20,nominal,2.0NRT,280.78,1.43,N
36.87354,6.95028,300.77,0.49,0.48,2026-10-01,0058,N20,nominal,2.0NRT,281.69,1.43,N
36.87115,6.97788,300.32,0.48,0.48,2026-10-01,0058,N20,nominal,2.0NRT,282.33,0.62,N
36.87592,6.94413,335.69,0.49,0.48,2026-10-01,0058,N20,nominal,2.0NRT,281.59,1.71,N
36.87692,6.93338,299.74,0.49,0.48,2026-10-01,0058,N20,nominal,2.0NRT,279.27,1.06,N
36.87643,6.93867,318.62,0.49,0.48,2026-10-01,0058,N20,nominal,2.0NRT,280.07,1.71,N
36.87541,6.94961,310.52,0.49,0.48,2026-10-01,0058,N20,nominal,2.0NRT,281.75,2.52,N
36.87197,6.93806,295.53,0.49,0.48,2026-10-01,0058,N20,nominal,2.0NRT,277.79,1.71,N
36.87146,6.9435,297.41,0.49,0.48,2026-10-01,0058,N20,nominal,2.0NRT,278.4,1.71,N
36.86789,6.98212,296.46,0.48,0.48,2026-10-01,0058,N20,nominal,2.0NRT,278.23,0.34,N
36.50345,10.02572,302.3,0.51,0.41,2026-10-01,0058,N20,nominal,2.0NRT,291.51,0.95,N
36.76208,7.30715,311.22,0.46,0.47,2026-10-01,0058,N20,nominal,2.0NRT,290.74,1.76,N
36.74707,6.25423,306.72,0.53,0.5,2026-10-01,0058,N20,nominal,2.0NRT,289.31,1.3,N
36.72285,3.4463,303.06,0.38,0.59,2026-10-01,0058,N20,nominal,2.0NRT,288.5,0.5,N
36.43356,6.62004,304.95,0.5,0.49,2026-10-01,0058,N20,nominal,2.0NRT,285.39,1.91,N
36.6809,3.11751,308.1,0.39,0.6,2026-10-01,0058,N20,nominal,2.0NRT,286.21,1.52,N
36.63015,3.22952,310.61,0.39,0.59,2026-10-01,0058,N20,nominal,2.0NRT,288.25,0.81,N
35.77682,9.89239,299.74,0.5,0.41,2026-10-01,0058,N20,nominal,2.0NRT,287.22,1.71,N
36.0879,6.80622,299,0.48,0.48,2026-10-01,0058,N20,nominal,2.0NRT,288.2,1.85,N
35.85011,8.59252,303.69,0.39,0.44,2026-10-01,0058,N20,nominal,2.0NRT,290.39,0.81,N
35.85334,8.59085,300.32,0.39,0.44,2026-10-01,0058,N20,nominal,2.0NRT,288.97,1.09,N
35.88118,4.44684,307.99,0.33,0.55,2026-10-01,0058,N20,nominal,2.0NRT,285.77,0.95,N
35.71206,4.47418,305.19,0.32,0.55,2026-10-01,0058,N20,nominal,2.0NRT,286.78,0.42,N
35.8149,-0.27912,337.74,0.6,0.71,2026-10-01,0058,N20,nominal,2.0NRT,287.31,7.9,N
35.81452,-0.26589,302.55,0.6,0.71,2026-10-01,0058,N20,nominal,2.0NRT,287.4,4.42,N
35.81432,-0.2592,312.05,0.6,0.71,2026-10-01,0058,N20,nominal,2.0NRT,288.05,4.42,N
35.80793,-0.26582,340.45,0.6,0.71,2026-10-01,0058,N20,nominal,2.0NRT,287.19,4.42,N
35.80774,-0.25914,347.49,0.6,0.71,2026-10-01,0058,N20,nominal,2.0NRT,288.35,4.42,N
35.80755,-0.25258,302.38,0.6,0.71,2026-10-01,0058,N20,nominal,2.0NRT,287.79,7.58,N
35.23468,8.17035,311.99,0.4,0.44,2026-10-01,0058,N20,nominal,2.0NRT,285.74,1.78,N
35.81641,-0.27772,327.18,0.6,0.71,2026-10-01,0058,N20,nominal,2.0NRT,287.19,5.24,N
35.80937,-0.26445,350.46,0.6,0.71,2026-10-01,0058,N20,nominal,2.0NRT,287.79,12.46,N
35.80914,-0.25773,349.32,0.6,0.71,2026-10-01,0058,N20,nominal,2.0NRT,288.51,6.28,N
35.80891,-0.25117,301.57,0.6,0.71,2026-10-01,0058,N20,nominal,2.0NRT,288.12,6.28,N
35.35198,5.75777,299.76,0.54,0.51,2026-10-01,0058,N20,nominal,2.0NRT,286.4,1.94,N
34.56896,7.23913,301.67,0.44,0.46,2026-10-01,0058,N20,nominal,2.0NRT,290.39,0.27,N
34.44107,2.05568,304.85,0.44,0.62,2026-10-01,0058,N20,nominal,2.0NRT,285.76,1.61,N
65.76827,24.19133,335.31,0.43,0.38,2026-10-01,0050,N20,nominal,2.0NRT,277.19,3.84,N
65.76598,24.17972,318.76,0.43,0.38,2026-10-01,0050,N20,nominal,2.0NRT,274.14,1.56,N
65.76488,24.18891,310.55,0.43,0.38,2026-10-01,0050,N20,nominal,2.0NRT,277.66,2.01,N
66.31258,14.17707,301.59,0.5,0.49,2026-10-01,0050,N20,nominal,2.0NRT,279.76,0.78,N
66.31239,14.17182,303.37,0.5,0.49,2026-10-01,0050,N20,nominal,2.0NRT,280.23,1.36,N
65.56924,22.20716,297.79,0.46,0.39,2026-10-01,0050,N20,nominal,2.0NRT,282.62,1.32,N
65.56357,22.22473,344.72,0.46,0.39,2026-10-01,0050,N20,nominal,2.0NRT,281.52,8.71,N
65.56463,22.21488,317.84,0.46,0.39,2026-10-01,0050,N20,nominal,2.0NRT,279.76,2.25,N
64.64586,24.42865,326.32,0.42,0.37,2026-10-01,0050,N20,nominal,2.0NRT,279.02,2.45,N
62.59555,25.74711,297.12,0.39,0.36,2026-10-01,0050,N20,nominal,2.0NRT,277.77,0.55,N
59.52947,34.14425,323.99,0.53,0.42,2026-10-01,0050,N20,nominal,2.0NRT,277.03,4.04,N
59.3841,28.46267,325.49,0.41,0.37,2026-10-01,0050,N20,nominal,2.0NRT,277.23,1.76,N
60.28768,22.28736,302.33,0.4,0.37,2026-10-01,0050,N20,nominal,2.0NRT,281.33,0.45,N
58.36007,12.37984,298.03,0.47,0.48,2026-10-01,0052,N20,nominal,2.0NRT,281.99,0.84,N
58.36077,12.38226,299.5,0.47,0.48,2026-10-01,0052,N20,nominal,2.0NRT,281.85,0.49,N
58.34613,11.42323,298.7,0.51,0.49,2026-10-01,0052,N20,nominal,2.0NRT,286.17,0.64,N
57.70993,18.8048,311.57,0.44,0.38,2026-10-01,0052,N20,nominal,2.0NRT,282.57,1.37,N
56.31413,22.9152,300.06,0.38,0.36,2026-10-01,0052,N20,nominal,2.0NRT,282.29,0.72,N
53.44436,34.41362,298.56,0.55,0.51,2026-10-01,0052,N20,nominal,2.0NRT,267.64,1.08,N
57.06152,9.97688,313.4,0.56,0.51,2026-10-01,0052,N20,nominal,2.0NRT,285.88,2.64,N
54.18518,28.49883,296.84,0.49,0.41,2026-10-01,0052,N20,nominal,2.0NRT,279.09,0.52,N
55.09407,21.8013,300.1,0.38,0.36,2026-10-01,0052,N20,nominal,2.0NRT,269.77,0.48,N
52.55478,32.23774,318.57,0.49,0.49,2026-10-01,0052,N20,nominal,2.0NRT,276.28,2.41,N
55.65283,11.09815,303.16,0.49,0.49,2026-10-01,0052,N20,nominal,2.0NRT,284.42,1.02,N
52.847,29.99093,321.51,0.4,0.44,2026-10-01,0052,N20,nominal,2.0NRT,279.62,2.21,N
53.6783,23.89926,315.53,0.4,0.37,2026-10-01,0052,N20,nominal,2.0NRT,272.65,1.48,N
53.264,24.44809,296.69,0.41,0.37,2026-10-01,0052,N20,nominal,2.0NRT,275.42,0.6,N
51.89364,29.34457,328.78,0.4,0.44,2026-10-01,0052,N20,nominal,2.0NRT,280.6,1.91,N
51.89493,29.33914,318.77,0.4,0.44,2026-10-01,0052,N20,nominal,2.0NRT,280.98,1.91,N
51.89111,29.33676,304.15,0.4,0.44,2026-10-01,0052,N20,nominal,2.0NRT,280.24,1.91,N
49.42027,34.40812,318.66,0.37,0.58,2026-10-01,0052,N20,nominal,2.0NRT,279.84,1.31,N
53.52436,9.89672,315.24,0.52,0.5,2026-10-01,0052,N20,nominal,2.0NRT,284.74,3.16,N
53.52391,9.90471,312.49,0.52,0.5,2026-10-01,0052,N20,nominal,2.0NRT,281.58,2,N
53.52556,9.8978,317.76,0.52,0.5,2026-10-01,0052,N20,nominal,2.0NRT,284.86,2.45,N
53.52047,9.90497,306.09,0.52,0.5,2026-10-01,0052,N20,nominal,2.0NRT,281.3,2.45,N
48.47382,34.63066,295.24,0.41,0.61,2026-10-01,0054,N20,nominal,2.0NRT,281.09,0.64,N
50.54469,26.2609,307.39,0.5,0.41,2026-10-01,0054,N20,nominal,2.0NRT,279.48,1.76,N
52.17303,14.61272,298.29,0.5,0.41,2026-10-01,0054,N20,nominal,2.0NRT,268.3,2.11,N
52.17149,14.6273,315.38,0.5,0.41,2026-10-01,0054,N20,nominal,2.0NRT,275.36,1.84,N
52.35667,9.88578,303.09,0.51,0.49,2026-10-01,0054,N20,nominal,2.0NRT,285.76,0.81,N
52.31918,10.24663,300.65,0.49,0.49,2026-10-01,0054,N20,nominal,2.0NRT,284.12,1.41,N
50.9318,21.67451,306.93,0.39,0.36,2026-10-01,0054,N20,nominal,2.0NRT,273.37,1.02,N
51.68835,15.97908,315.6,0.45,0.39,2026-10-01,0054,N20,nominal,2.0NRT,282.54,2.21,N
52.1645,10.42969,311.61,0.48,0.48,2026-10-01,0054,N20,nominal,2.0NRT,285.57,1.25,N
52.16102,10.41458,321.82,0.48,0.48,2026-10-01,0054,N20,nominal,2.0NRT,286.77,4.38,N
52.16246,10.39322,296.73,0.48,0.48,2026-10-01,0054,N20,nominal,2.0NRT,285.89,0.61,N
52.15753,10.39954,331.17,0.48,0.48,2026-10-01,0054,N20,nominal,2.0NRT,286.6,6.77,N
52.15705,10.40666,336.43,0.48,0.48,2026-10-01,0054,N20,nominal,2.0NRT,287.96,6.77,N
52.15308,10.39874,344.29,0.48,0.48,2026-10-01,0054,N20,nominal,2.0NRT,288.71,6.77,N
47.87187,33.43661,295.75,0.38,0.59,2026-10-01,0054,N20,nominal,2.0NRT,281.51,0.48,N
50.80798,20.53304,311.21,0.38,0.36,2026-10-01,0054,N20,nominal,2.0NRT,278.66,1.43,N
50.82565,20.27265,295.44,0.38,0.36,2026-10-01,0054,N20,nominal,2.0NRT,276.66,0.58,N
51.18075,16.11337,295.98,0.44,0.38,2026-10-01,0054,N20,nominal,2.0NRT,283.85,0.61,N
50.49562,19.45999,298.57,0.39,0.36,2026-10-01,0054,N20,nominal,2.0NRT,269.43,0.63,N
50.49073,19.46945,314.9,0.39,0.36,2026-10-01,0054,N20,nominal,2.0NRT,272.04,0.9,N
51.27242,11.66186,300.49,0.42,0.45,2026-10-01,0054,N20,nominal,2.0NRT,284.17,0.66,N
50.34298,19.33762,297.03,0.39,0.36,2026-10-01,0054,N20,nominal,2.0NRT,273.33,0.62,N
50.34624,19.29373,295.15,0.39,0.36,2026-10-01,0054,N20,nominal,2.0NRT,271.54,0.49,N
50.53509,17.97895,304.84,0.4,0.37,2026-10-01,0054,N20,nominal,2.0NRT,286.34,0.99,N
50.33648,19.29008,328.85,0.39,0.36,2026-10-01,0054,N20,nominal,2.0NRT,276.52,2.74,N
50.33729,19.28475,309.44,0.39,0.36,2026-10-01,0054,N20,nominal,2.0NRT,274,2.74,N
50.33403,19.28354,296.94,0.39,0.36,2026-10-01,0054,N20,nominal,2.0NRT,272.32,0.76,N
50.42221,18.15321,296.57,0.4,0.37,2026-10-01,0054,N20,nominal,2.0NRT,279.46,0.43,N
50.41638,18.1454,302.04,0.4,0.37,2026-10-01,0054,N20,nominal,2.0NRT,282.28,0.94,N
47.50332,31.93907,313.34,0.34,0.56,2026-10-01,0054,N20,nominal,2.0NRT,279.7,0.98,N
47.31721,-2.05521,322.56,0.46,0.39,2026-10-01,0236,N20,nominal,2.0NRT,284.93,1.99,N
43.55305,-5.85951,305.14,0.41,0.37,2026-10-01,0238,N20,nominal,2.0NRT,285.42,0.81,N
43.52575,-5.72749,299.63,0.41,0.37,2026-10-01,0238,N20,nominal,2.0NRT,285.95,2.28,N
43.52421,-5.73856,326.51,0.41,0.37,2026-10-01,0238,N20,nominal,2.0NRT,285.15,1.96,N
43.54111,-5.83234,301.3,0.41,0.37,2026-10-01,0238,N20,nominal,2.0NRT,286.08,0.81,N
43.34724,-8.43685,310.89,0.38,0.36,2026-10-01,0238,N20,nominal,2.0NRT,283.94,1.03,N
41.47542,-1.48756,298.44,0.42,0.45,2026-10-01,0238,N20,nominal,2.0NRT,284.04,0.63,N
40.24547,-3.47515,312.33,0.54,0.42,2026-10-01,0238,N20,nominal,2.0NRT,286.95,2.53,N
36.87955,6.94592,367,0.74,0.76,2026-10-01,0238,N20,high,2.0NRT,287.5,25.26,N
36.87708,6.95363,333.05,0.74,0.76,2026-10-01,0238,N20,nominal,2.0NRT,286.06,32.93,N
36.88205,6.93819,307.57,0.74,0.76,2026-10-01,0238,N20,nominal,2.0NRT,285.34,25.26,N
36.86742,6.98361,305.24,0.74,0.76,2026-10-01,0238,N20,nominal,2.0NRT,285.44,1.4,N
39.92088,-4.92108,308.91,0.48,0.4,2026-10-01,0238,N20,nominal,2.0NRT,281.05,1.1,N
40.29009,-8.41983,306.39,0.39,0.36,2026-10-01,0238,N20,nominal,2.0NRT,286.08,1.21,N
36.74491,6.25275,306.95,0.69,0.74,2026-10-01,0238,N20,nominal,2.0NRT,286.31,2.23,N
36.3356,5.47873,303.85,0.64,0.72,2026-10-01,0238,N20,nominal,2.0NRT,281.45,1.48,N
38.66611,-4.05189,297.64,0.54,0.42,2026-10-01,0238,N20,nominal,2.0NRT,284.6,1.63,N
35.87852,4.44465,298.47,0.59,0.7,2026-10-01,0238,N20,nominal,2.0NRT,282.15,0.72,N
38.92337,-9.01031,305.72,0.39,0.36,2026-10-01,0238,N20,nominal,2.0NRT,288.88,0.75,N
38.92009,-9.01119,301.01,0.39,0.36,2026-10-01,0238,N20,nominal,2.0NRT,289.21,0.75,N
38.50093,-8.93751,303.58,0.39,0.36,2026-10-01,0238,N20,nominal,2.0NRT,289.4,0.83,N
36.1809,1.16065,297,0.38,0.59,2026-10-01,0238,N20,nominal,2.0NRT,278.29,0.45,N
36.13161,1.23751,297.47,0.39,0.59,2026-10-01,0238,N20,nominal,2.0NRT,282.32,0.83,N
36.12533,1.23942,297.38,0.39,0.59,2026-10-01,0238,N20,nominal,2.0NRT,282.25,0.83,N
37.60306,-5.06866,301.01,0.51,0.41,2026-10-01,0238,N20,nominal,2.0NRT,288.29,0.78,N
37.60315,-5.06984,298.53,0.51,0.41,2026-10-01,0238,N20,nominal,2.0NRT,287.95,0.65,N
36.12913,1.23814,300.88,0.39,0.59,2026-10-01,0238,N20,nominal,2.0NRT,282.47,0.86,N
36.12807,1.24223,302.84,0.39,0.59,2026-10-01,0238,N20,nominal,2.0NRT,284.56,0.86,N
37.57121,-5.58179,329.85,0.49,0.4,2026-10-01,0238,N20,nominal,2.0NRT,290.33,4.59,N
34.43853,2.05684,296.41,0.48,0.64,2026-10-01,0241,N20,nominal,2.0NRT,285.64,0.74,N
66.31005,14.17785,295.5,0.46,0.39,2026-10-01,0230,N20,nominal,2.0NRT,270.31,0.6,N
59.38696,28.45747,300.53,0.65,0.73,2026-10-01,0230,N20,nominal,2.0NRT,276.37,1.38,N
59.38871,28.46157,300.8,0.65,0.73,2026-10-01,0230,N20,nominal,2.0NRT,276.56,1.53,N
63.3195,9.14215,296.85,0.44,0.38,2026-10-01,0232,N20,nominal,2.0NRT,278.87,0.71,N
58.34807,11.42108,297.52,0.46,0.47,2026-10-01,0232,N20,nominal,2.0NRT,285.58,0.92,N
57.06355,9.97917,308.82,0.46,0.47,2026-10-01,0232,N20,nominal,2.0NRT,285.17,1.19,N
57.05965,9.97561,301.35,0.46,0.47,2026-10-01,0232,N20,nominal,2.0NRT,285.46,0.96,N
58.35487,0.85929,306.84,0.39,0.36,2026-10-01,0232,N20,nominal,2.0NRT,272.02,0.63,N
55.65509,11.1009,299.39,0.55,0.51,2026-10-01,0232,N20,nominal,2.0NRT,273.95,1.91,N
58.30597,-1.77445,310.59,0.39,0.36,2026-10-01,0232,N20,nominal,2.0NRT,284.03,0.65,N
57.01136,1.83599,296.41,0.41,0.37,2026-10-01,0234,N20,nominal,2.0NRT,283.12,0.69,N
52.17448,14.60875,295.98,0.49,0.65,2026-10-01,0234,N20,nominal,2.0NRT,273.02,1.16,N
52.17584,14.61546,296.87,0.49,0.65,2026-10-01,0234,N20,nominal,2.0NRT,273.54,1.04,N
53.52142,9.89944,310.46,0.59,0.53,2026-10-01,0234,N20,nominal,2.0NRT,273.69,1.35,N
52.40361,12.49454,296.91,0.4,0.6,2026-10-01,0234,N20,nominal,2.0NRT,285.27,0.64,N
52.31633,10.24843,308.21,0.33,0.56,2026-10-01,0234,N20,nominal,2.0NRT,281.33,0.93,N
52.16638,10.4269,303.27,0.34,0.56,2026-10-01,0234,N20,nominal,2.0NRT,276.01,1.11,N
52.15979,10.41029,299.22,0.34,0.56,2026-10-01,0234,N20,nominal,2.0NRT,273.47,0.74,N
52.15651,10.40195,331.93,0.34,0.56,2026-10-01,0234,N20,nominal,2.0NRT,278.91,1.86,N
52.15512,10.40649,299.82,0.34,0.56,2026-10-01,0234,N20,nominal,2.0NRT,276.03,1.88,N
52.15185,10.39814,306.61,0.34,0.56,2026-10-01,0234,N20,nominal,2.0NRT,279.82,1.86,N
51.2712,11.66114,295.92,0.41,0.61,2026-10-01,0234,N20,nominal,2.0NRT,281.92,0.85,N
51.36519,10.48109,297.6,0.37,0.58,2026-10-01,0234,N20,nominal,2.0NRT,281.5,0.48,N
54.72609,-5.76775,311.39,0.4,0.37,2026-10-01,0234,N20,nominal,2.0NRT,282.01,0.96,N
52.47634,4.60979,297.22,0.41,0.45,2026-10-01,0234,N20,nominal,2.0NRT,285.49,0.8,N
53.68446,-6.38519,300.05,0.4,0.37,2026-10-01,0234,N20,nominal,2.0NRT,281.98,0.52,N
48.27953,14.33512,352.51,0.67,0.74,2026-10-01,0234,N20,nominal,2.0NRT,287.72,6.31,N
48.27654,14.34315,305.14,0.67,0.74,2026-10-01,0234,N20,nominal,2.0NRT,285.01,6.86,N
48.27655,14.32215,297.27,0.67,0.74,2026-10-01,0234,N20,nominal,2.0NRT,284.53,6.31,N
48.26461,14.33319,299.71,0.67,0.74,2026-10-01,0234,N20,nominal,2.0NRT,283.68,1.55,N
48.28237,14.33795,297.15,0.67,0.74,2026-10-01,0234,N20,nominal,2.0NRT,285.33,4.68,N
48.27643,14.33291,349.42,0.67,0.74,2026-10-01,0234,N20,nominal,2.0NRT,287.63,4.68,N
48.27347,14.34097,303.89,0.67,0.74,2026-10-01,0234,N20,nominal,2.0NRT,284.53,4.68,N
48.26155,14.33101,299.96,0.67,0.74,2026-10-01,0234,N20,nominal,2.0NRT,283.38,2.49,N
51.16864,3.81218,295.03,0.41,0.45,2026-10-01,0234,N20,nominal,2.0NRT,277.91,1.21,N
52.06952,-0.71759,306.34,0.43,0.38,2026-10-01,0234,N20,nominal,2.0NRT,282.92,0.42,N
52.64303,-8.69112,301.27,0.44,0.38,2026-10-01,0234,N20,nominal,2.0NRT,272.95,0.9,N
51.68641,-5.01748,301.51,0.38,0.36,2026-10-01,0234,N20,nominal,2.0NRT,284.64,0.82,N
51.68488,-5.0297,306.03,0.38,0.36,2026-10-01,0234,N20,nominal,2.0NRT,289.52,1.15,N
51.39809,-3.3923,303.31,0.39,0.36,2026-10-01,0234,N20,nominal,2.0NRT,284.78,1.61,N
50.83535,-1.37698,297.08,0.43,0.38,2026-10-01,0234,N20,nominal,2.0NRT,286.65,1.09,N
49.47728,0.53602,304.3,0.51,0.41,2026-10-01,0234,N20,nominal,2.0NRT,285.25,1.05,N
49.47716,0.53556,302.74,0.51,0.41,2026-10-01,0234,N20,nominal,2.0NRT,285.52,1.18,N
45.38622,11.94479,299.33,0.68,0.74,2026-10-01,0236,N20,nominal,2.0NRT,282.88,1.42,N
48.10802,-1.03466,300.55,0.48,0.4,2026-10-01,0236,N20,nominal,2.0NRT,285.94,0.64,N
65.77023,24.18366,301.23,0.51,0.5,2026-10-01,0230,N20,nominal,2.0NRT,276.84,1.57,N
65.76726,24.19247,316.68,0.51,0.5,2026-10-01,0230,N20,nominal,2.0NRT,278.85,2.68,N
65.56358,22.21755,325.17,0.47,0.48,2026-10-01,0230,N20,nominal,2.0NRT,280.44,3.59,N
65.56094,22.22581,295.74,0.47,0.48,2026-10-01,0230,N20,nominal,2.0NRT,277.39,0.74,N
65.56252,22.22001,322.2,0.47,0.48,2026-10-01,0230,N20,nominal,2.0NRT,280.33,2.61,N
65.56515,22.21169,299.11,0.47,0.48,2026-10-01,0230,N20,nominal,2.0NRT,278.73,1.34,N
64.64947,24.42999,295.5,0.58,0.52,2026-10-01,0230,N20,nominal,2.0NRT,272.84,1.24,N
64.64572,24.42276,312.81,0.58,0.52,2026-10-01,0230,N20,nominal,2.0NRT,273.19,2.33,N
65.7709,24.18494,299.17,0.71,0.75,2026-10-01,0408,N20,nominal,2.0NRT,270.66,1.48,N
65.56786,22.21405,323.9,0.69,0.74,2026-10-01,0408,N20,nominal,2.0NRT,277.84,2.34,N
65.56226,22.22136,295.41,0.69,0.75,2026-10-01,0408,N20,nominal,2.0NRT,276.95,2.34,N
65.56678,22.21052,322.78,0.69,0.74,2026-10-01,0408,N20,nominal,2.0NRT,278.37,4.4,N
65.11118,6.78784,300.78,0.41,0.6,2026-10-01,0410,N20,nominal,2.0NRT,281.18,1.24,N
65.10849,6.79385,310.12,0.41,0.6,2026-10-01,0410,N20,nominal,2.0NRT,281.26,1.27,N
63.31591,9.14035,300.74,0.56,0.69,2026-10-01,0410,N20,nominal,2.0NRT,282.45,1.35,N
50.3082,34.50726,329.75,0.74,0.76,2026-10-01,0900,N20,nominal,2.0NRT,286.29,3.49,D
50.30962,34.51201,325.29,0.74,0.76,2026-10-01,0900,N20,nominal,2.0NRT,285.24,4.34,D
52.40307,33.0545,332.57,0.69,0.74,2026-10-01,0902,N20,nominal,2.0NRT,283.9,4.62,D
52.55263,32.25229,327.49,0.72,0.76,2026-10-01,0902,N20,nominal,2.0NRT,283.7,9.33,D
52.54895,32.24325,345.05,0.72,0.76,2026-10-01,0902,N20,nominal,2.0NRT,285.32,10.97,D
57.00978,34.6941,325.68,0.4,0.6,2026-10-01,0902,N20,nominal,2.0NRT,274.44,4.6,D
57.00789,34.6886,341.35,0.4,0.6,2026-10-01,0902,N20,nominal,2.0NRT,275.48,5.66,D
54.51886,31.043,334.77,0.39,0.36,2026-10-01,1041,N20,nominal,2.0NRT,283.86,4.96,D
54.52297,31.04748,347.54,0.39,0.36,2026-10-01,1041,N20,nominal,2.0NRT,284.19,7.06,D
54.52709,31.05197,332.81,0.39,0.36,2026-10-01,1041,N20,nominal,2.0NRT,282.01,3.09,D
54.52623,31.04608,333.94,0.39,0.36,2026-10-01,1041,N20,nominal,2.0NRT,280.63,3.09,D
53.73994,25.88701,325.41,0.43,0.38,2026-10-01,1041,N20,nominal,2.0NRT,288.33,2.08,D
55.95686,29.50517,325.59,0.38,0.36,2026-10-01,1041,N20,nominal,2.0NRT,283.43,3.06,D
57.00963,34.68867,344.26,0.47,0.4,2026-10-01,1041,N20,nominal,2.0NRT,286.56,19,D
57.00881,34.68087,328.8,0.47,0.4,2026-10-01,1041,N20,nominal,2.0NRT,283.47,7.19,D
57.44116,27.015,335.04,0.39,0.36,2026-10-01,1041,N20,nominal,2.0NRT,286.55,1.9,D
59.52827,34.14703,326.99,0.49,0.4,2026-10-01,1043,N20,nominal,2.0NRT,282.92,3.62,D
59.38337,28.46414,327.55,0.39,0.36,2026-10-01,1043,N20,nominal,2.0NRT,287.95,2.09,D
58.67472,17.13238,333.37,0.39,0.44,2026-10-01,1043,N20,nominal,2.0NRT,288.63,2.66,D
64.64455,24.43164,331.31,0.39,0.36,2026-10-01,1043,N20,nominal,2.0NRT,284.17,5.64,D
65.76855,24.196,330.66,0.39,0.36,2026-10-01,1045,N20,nominal,2.0NRT,283.95,3.43,D
65.76737,24.18777,328.79,0.39,0.36,2026-10-01,1045,N20,nominal,2.0NRT,284.6,3.43,D
65.55118,22.2583,342.29,0.38,0.36,2026-10-01,1045,N20,nominal,2.0NRT,285.12,6.85,D
63.83258,11.42774,329.14,0.57,0.43,2026-10-01,1045,N20,nominal,2.0NRT,287.42,5.63,D
63.83589,11.43029,335.2,0.57,0.43,2026-10-01,1045,N20,nominal,2.0NRT,290.64,5.55,D
38.31179,32.8931,339.67,0.45,0.39,2026-10-01,1038,N20,nominal,2.0NRT,296.22,12.73,D
38.63919,33.11529,346.07,0.43,0.38,2026-10-01,1038,N20,nominal,2.0NRT,298.74,4.92,D
39.08993,34.74468,340.13,0.39,0.37,2026-10-01,1038,N20,nominal,2.0NRT,290.1,10.77,D
39.09397,34.74826,334.21,0.39,0.37,2026-10-01,1038,N20,nominal,2.0NRT,297.27,8.51,D
39.16985,34.64934,342.54,0.4,0.37,2026-10-01,1038,N20,nominal,2.0NRT,295.71,8.18,D
39.02888,33.48462,327.4,0.42,0.38,2026-10-01,1038,N20,nominal,2.0NRT,293.19,1.99,D
39.43222,34.78598,329.14,0.39,0.36,2026-10-01,1038,N20,nominal,2.0NRT,288.96,2.31,D
39.46705,34.89347,328.66,0.39,0.36,2026-10-01,1038,N20,nominal,2.0NRT,296.77,1.83,D
38.53516,29.25063,331.82,0.42,0.45,2026-10-01,1038,N20,nominal,2.0NRT,295.15,5.22,D
39.48469,32.58791,330.83,0.44,0.38,2026-10-01,1038,N20,nominal,2.0NRT,292.91,6.28,D
40.03403,32.97835,327.29,0.42,0.38,2026-10-01,1038,N20,nominal,2.0NRT,293.01,2.47,D
39.96696,31.84867,332.17,0.46,0.39,2026-10-01,1038,N20,nominal,2.0NRT,299.21,6.61,D
40.4032,34.24415,333.04,0.39,0.37,2026-10-01,1038,N20,nominal,2.0NRT,294.52,1.9,D
40.4065,34.24321,330.73,0.39,0.37,2026-10-01,1038,N20,nominal,2.0NRT,293.27,1.9,D
40.08218,32.05045,348.57,0.45,0.39,2026-10-01,1038,N20,nominal,2.0NRT,298.45,6.88,D
40.08122,32.04539,338.16,0.45,0.39,2026-10-01,1038,N20,nominal,2.0NRT,296.63,3.31,D
40.08028,32.04042,342.08,0.45,0.39,2026-10-01,1038,N20,nominal,2.0NRT,297.11,3.31,D
40.08566,32.04927,344.07,0.45,0.39,2026-10-01,1038,N20,nominal,2.0NRT,298.6,3.27,D
40.11085,31.94726,344.84,0.45,0.39,2026-10-01,1038,N20,nominal,2.0NRT,298.45,2.69,D
40.10986,31.94206,338.94,0.46,0.39,2026-10-01,1038,N20,nominal,2.0NRT,297.74,2.69,D
40.85765,27.299,334.67,0.47,0.48,2026-10-01,1038,N20,nominal,2.0NRT,291.54,4.15,D
40.91161,26.6933,341.92,0.5,0.49,2026-10-01,1038,N20,nominal,2.0NRT,298.08,4.91,D
39.98125,22.08252,331.01,0.45,0.63,2026-10-01,1038,N20,nominal,2.0NRT,295.35,4.23,D
39.8933,21.6037,367,0.48,0.65,2026-10-01,1038,N20,high,2.0NRT,296.09,8.64,D
39.82432,20.06598,327.33,0.57,0.69,2026-10-01,1038,N20,nominal,2.0NRT,299.54,3.28,D
39.84866,20.06647,341.46,0.57,0.69,2026-10-01,1038,N20,nominal,2.0NRT,300.1,5.88,D
39.84675,20.06025,327.87,0.57,0.69,2026-10-01,1038,N20,nominal,2.0NRT,300.18,5.67,D
39.86846,20.06366,367,0.57,0.69,2026-10-01,1038,N20,high,2.0NRT,300.59,11.32,D
39.87425,20.08249,332.42,0.57,0.69,2026-10-01,1038,N20,nominal,2.0NRT,299.98,6.05,D
41.88333,26.87659,339.92,0.46,0.47,2026-10-01,1038,N20,nominal,2.0NRT,291.77,6.32,D
40.86123,19.55803,327.57,0.56,0.69,2026-10-01,1038,N20,low,2.0NRT,300.58,3.09,D
41.11328,19.82912,367,0.54,0.68,2026-10-01,1041,N20,high,2.0NRT,295.78,11.99,D
41.11242,19.82779,367,0.54,0.68,2026-10-01,1041,N20,high,2.0NRT,296.48,12.9,D
41.1343,19.59077,326.95,0.55,0.68,2026-10-01,1041,N20,nominal,2.0NRT,299.19,2.42,D
41.13227,19.58839,325.47,0.55,0.68,2026-10-01,1041,N20,nominal,2.0NRT,299.67,2.38,D
41.61639,20.34361,333.79,0.49,0.65,2026-10-01,1041,N20,nominal,2.0NRT,289.39,5.2,D
41.61428,20.34428,339.82,0.49,0.65,2026-10-01,1041,N20,nominal,2.0NRT,291.43,6.05,D
41.68561,19.6974,333.97,0.52,0.67,2026-10-01,1041,N20,nominal,2.0NRT,297.47,2.51,D
41.69135,19.69432,338.16,0.52,0.67,2026-10-01,1041,N20,nominal,2.0NRT,297.7,4.09,D
43.98916,28.28217,331.63,0.54,0.42,2026-10-01,1041,N20,nominal,2.0NRT,296.61,6.06,D
43.98776,28.27564,329.56,0.54,0.42,2026-10-01,1041,N20,nominal,2.0NRT,298.52,8.61,D
41.86876,19.66063,333.54,0.52,0.67,2026-10-01,1041,N20,nominal,2.0NRT,299.98,3.6,D
41.87001,19.65999,338.22,0.52,0.67,2026-10-01,1041,N20,nominal,2.0NRT,300.38,4.43,D
43.28615,24.27424,341.45,0.57,0.52,2026-10-01,1041,N20,nominal,2.0NRT,295.96,7.79,D
42.506,21.19683,327.43,0.42,0.61,2026-10-01,1041,N20,low,2.0NRT,298.1,2.19,D
42.4969,21.06534,330.69,0.43,0.62,2026-10-01,1041,N20,nominal,2.0NRT,297.19,2.44,D
43.75801,25.60534,328.1,0.48,0.48,2026-10-01,1041,N20,low,2.0NRT,299.03,4.71,D
42.61163,21.16672,337.47,0.42,0.61,2026-10-01,1041,N20,nominal,2.0NRT,298.87,3.24,D
43.51288,24.36423,349.24,0.56,0.51,2026-10-01,1041,N20,nominal,2.0NRT,293.95,10.12,D
44.6589,28.71905,340.35,0.5,0.41,2026-10-01,1041,N20,nominal,2.0NRT,296.69,7.41,D
43.08455,22.17987,331.27,0.36,0.58,2026-10-01,1041,N20,nominal,2.0NRT,297.45,2.74,D
43.08346,22.17593,333.15,0.36,0.58,2026-10-01,1041,N20,nominal,2.0NRT,295.87,2.74,D
43.08851,22.17363,367,0.36,0.58,2026-10-01,1041,N20,high,2.0NRT,295.65,13.21,D
43.08743,22.16971,331.32,0.36,0.58,2026-10-01,1041,N20,nominal,2.0NRT,295.2,9.41,D
45.25634,31.67609,329.74,0.41,0.37,2026-10-01,1041,N20,nominal,2.0NRT,285.99,3.22,D
45.25966,31.67492,329.77,0.41,0.37,2026-10-01,1041,N20,nominal,2.0NRT,283.94,2.96,D
43.85242,24.52792,327.63,0.53,0.5,2026-10-01,1041,N20,low,2.0NRT,298.06,10.29,D
44.32232,26.46208,352.51,0.42,0.45,2026-10-01,1041,N20,nominal,2.0NRT,298.93,7.9,D
43.8429,24.37529,328.82,0.54,0.51,2026-10-01,1041,N20,low,2.0NRT,299.2,5.35,D
44.50155,27.06549,329.69,0.4,0.44,2026-10-01,1041,N20,nominal,2.0NRT,297.28,4.11,D
44.50048,27.0607,349.85,0.4,0.44,2026-10-01,1041,N20,nominal,2.0NRT,306.52,25.42,D
44.54503,26.57053,367,0.41,0.45,2026-10-01,1041,N20,high,2.0NRT,300.66,7.24,D
44.54389,26.56553,339.74,0.41,0.45,2026-10-01,1041,N20,nominal,2.0NRT,299.61,7.24,D
43.36731,21.803,355.92,0.37,0.58,2026-10-01,1041,N20,nominal,2.0NRT,297.68,6.64,D
43.36611,21.79867,337.97,0.37,0.58,2026-10-01,1041,N20,nominal,2.0NRT,301.77,5.3,D
44.12338,24.43242,348.39,0.53,0.5,2026-10-01,1041,N20,nominal,2.0NRT,294.96,17.39,D
45.32262,29.19006,334.21,0.47,0.4,2026-10-01,1041,N20,nominal,2.0NRT,294.85,4.43,D
44.09271,23.70807,340.15,0.58,0.52,2026-10-01,1041,N20,nominal,2.0NRT,300.58,8.1,D
44.19124,23.48965,338.63,0.59,0.53,2026-10-01,1041,N20,nominal,2.0NRT,298.25,24.24,D
44.19581,23.48736,343.35,0.59,0.53,2026-10-01,1041,N20,nominal,2.0NRT,298,17.32,D
44.19092,23.48938,337.73,0.59,0.52,2026-10-01,1041,N20,nominal,2.0NRT,300.08,23.47,D
44.19549,23.4871,342.23,0.59,0.52,2026-10-01,1041,N20,nominal,2.0NRT,297.47,7.59,D
44.17756,23.16021,327.66,0.61,0.53,2026-10-01,1041,N20,low,2.0NRT,299.83,2.47,D
45.97552,29.66743,331.25,0.45,0.39,2026-10-01,1041,N20,nominal,2.0NRT,296.14,3.64,D
45.97446,29.66194,338.07,0.45,0.39,2026-10-01,1041,N20,nominal,2.0NRT,296.66,3.64,D
46.1628,30.26433,331.39,0.43,0.38,2026-10-01,1041,N20,nominal,2.0NRT,296.52,3.97,D
46.19778,29.80382,330.94,0.44,0.38,2026-10-01,1041,N20,nominal,2.0NRT,298.81,3.25,D
46.23463,29.97845,349.88,0.43,0.38,2026-10-01,1041,N20,nominal,2.0NRT,301.38,9.12,D
47.00029,33.92202,341.37,0.39,0.36,2026-10-01,1041,N20,nominal,2.0NRT,295.23,5.18,D
46.99954,33.91703,346.77,0.39,0.36,2026-10-01,1041,N20,nominal,2.0NRT,297.83,5.18,D
46.88911,32.78157,343.21,0.39,0.36,2026-10-01,1041,N20,nominal,2.0NRT,296.65,4.41,D
46.89237,32.78046,332.61,0.39,0.36,2026-10-01,1041,N20,nominal,2.0NRT,295.43,4.41,D
46.89729,32.76829,331.55,0.39,0.36,2026-10-01,1041,N20,nominal,2.0NRT,295.15,2.12,D
46.8965,32.76331,340.98,0.39,0.36,2026-10-01,1041,N20,nominal,2.0NRT,294.86,3.34,D
46.90134,32.77216,337.14,0.39,0.36,2026-10-01,1041,N20,nominal,2.0NRT,295.75,3.81,D
46.9046,32.77105,343.92,0.39,0.36,2026-10-01,1041,N20,nominal,2.0NRT,296.36,3.81,D
46.47838,29.97852,346.25,0.43,0.38,2026-10-01,1041,N20,nominal,2.0NRT,298.21,6.74,D
46.3622,29.1757,336.95,0.46,0.39,2026-10-01,1041,N20,nominal,2.0NRT,298.69,2.83,D
46.95444,32.48328,330.28,0.39,0.36,2026-10-01,1041,N20,nominal,2.0NRT,296.61,1.6,D
47.09927,30.75878,329.54,0.41,0.37,2026-10-01,1041,N20,nominal,2.0NRT,300.21,1.31,D
44.98693,21.34632,326.92,0.35,0.57,2026-10-01,1041,N20,nominal,2.0NRT,296.32,0.68,D
46.42201,27.17583,325.93,0.53,0.42,2026-10-01,1041,N20,nominal,2.0NRT,295.57,5.47,D
44.98869,21.34663,344.21,0.35,0.57,2026-10-01,1041,N20,nominal,2.0NRT,296.74,3.79,D
44.99357,21.34392,367,0.35,0.57,2026-10-01,1041,N20,high,2.0NRT,298.4,6.54,D
45.97438,25.12349,351.57,0.44,0.46,2026-10-01,1041,N20,nominal,2.0NRT,299.7,17.58,D
44.9924,21.33977,354.03,0.35,0.57,2026-10-01,1041,N20,nominal,2.0NRT,299.58,6.54,D
44.96374,21.17771,331.35,0.36,0.57,2026-10-01,1041,N20,nominal,2.0NRT,299.91,3.22,D
44.9943,21.1651,329.28,0.36,0.57,2026-10-01,1041,N20,nominal,2.0NRT,297.95,2.16,D
45.00039,21.16653,331.75,0.36,0.57,2026-10-01,1041,N20,nominal,2.0NRT,301.56,4.8,D
44.99921,21.16232,339.09,0.36,0.57,2026-10-01,1041,N20,nominal,2.0NRT,299.69,4.8,D
44.99803,21.15811,333.79,0.36,0.57,2026-10-01,1041,N20,nominal,2.0NRT,299.88,4.87,D
45.00528,21.16375,367,0.36,0.57,2026-10-01,1041,N20,high,2.0NRT,301.68,4.8,D
45.0041,21.15952,345.59,0.36,0.57,2026-10-01,1041,N20,nominal,2.0NRT,301.47,4.8,D
45.10703,21.38846,367,0.35,0.56,2026-10-01,1041,N20,high,2.0NRT,299.19,7.92,D
45.02667,21.09778,329.16,0.36,0.57,2026-10-01,1041,N20,low,2.0NRT,299.4,2.24,D
47.80338,34.46615,332.48,0.39,0.36,2026-10-01,1041,N20,nominal,2.0NRT,295.93,5.96,D
47.80265,34.46099,344.74,0.39,0.36,2026-10-01,1041,N20,nominal,2.0NRT,295.48,7.25,D
45.10935,21.38737,367,0.34,0.56,2026-10-01,1041,N20,high,2.0NRT,297.52,8.79,D
44.74578,20.10583,329.82,0.4,0.6,2026-10-01,1041,N20,nominal,2.0NRT,297.8,1.93,D
45.05292,21.12707,339.69,0.36,0.57,2026-10-01,1041,N20,nominal,2.0NRT,299.3,2.67,D
44.94955,20.76445,345.03,0.37,0.58,2026-10-01,1041,N20,nominal,2.0NRT,298.22,4.95,D
45.09454,21.1134,340.25,0.36,0.57,2026-10-01,1041,N20,nominal,2.0NRT,298.89,3.31,D
44.84833,20.25089,335.88,0.4,0.6,2026-10-01,1041,N20,nominal,2.0NRT,296.61,3.45,D
45.11164,21.11363,339.68,0.36,0.57,2026-10-01,1041,N20,nominal,2.0NRT,301.5,3.15,D
44.86471,20.22503,332.65,0.4,0.6,2026-10-01,1041,N20,nominal,2.0NRT,298.32,3.44,D
44.86335,20.22032,329.67,0.4,0.6,2026-10-01,1041,N20,nominal,2.0NRT,297.63,3.19,D
44.81999,20.02958,355.84,0.41,0.6,2026-10-01,1041,N20,nominal,2.0NRT,297.81,5.44,D
44.77808,19.84436,367,0.42,0.61,2026-10-01,1041,N20,high,2.0NRT,299.35,10.85,D
47.76071,33.42905,349.3,0.38,0.36,2026-10-01,1041,N20,nominal,2.0NRT,299.21,6.94,D
47.75995,33.42399,340.63,0.38,0.36,2026-10-01,1041,N20,nominal,2.0NRT,299.2,6.94,D
47.89978,34.35204,348.59,0.39,0.36,2026-10-01,1041,N20,nominal,2.0NRT,298.57,7.23,D
47.76474,33.43303,332.89,0.38,0.36,2026-10-01,1041,N20,nominal,2.0NRT,299.47,8.8,D
47.76397,33.42797,337.22,0.38,0.36,2026-10-01,1041,N20,nominal,2.0NRT,299.93,5.6,D
47.76321,33.42291,342.77,0.38,0.36,2026-10-01,1041,N20,nominal,2.0NRT,298.39,5.6,D
47.75861,33.39256,331.65,0.38,0.36,2026-10-01,1041,N20,nominal,2.0NRT,296.25,3.38,D
47.90308,34.351,347.09,0.39,0.36,2026-10-01,1041,N20,nominal,2.0NRT,296.98,7.23,D
47.76264,33.39653,329.01,0.38,0.36,2026-10-01,1041,N20,nominal,2.0NRT,295.34,3.38,D
44.81936,20.02703,351.39,0.41,0.6,2026-10-01,1041,N20,nominal,2.0NRT,300.15,5.17,D
44.77799,19.84738,367,0.42,0.61,2026-10-01,1041,N20,high,2.0NRT,297.74,6.14,D
44.77654,19.84251,341.94,0.42,0.61,2026-10-01,1041,N20,nominal,2.0NRT,298.77,6.14,D
45.03416,20.5786,332.81,0.38,0.59,2026-10-01,1041,N20,nominal,2.0NRT,297.81,1.99,D
45.13362,20.84584,330.23,0.36,0.58,2026-10-01,1041,N20,low,2.0NRT,300.38,2.03,D
45.13857,20.84303,337.82,0.36,0.58,2026-10-01,1041,N20,nominal,2.0NRT,298.88,4.55,D
45.13611,20.83432,337.95,0.37,0.58,2026-10-01,1041,N20,nominal,2.0NRT,300.14,2.74,D
47.58091,31.35174,335.2,0.39,0.37,2026-10-01,1041,N20,nominal,2.0NRT,294.81,2.2,D
45.13139,20.53689,339.53,0.38,0.58,2026-10-01,1041,N20,nominal,2.0NRT,300.22,5.76,D
45.16936,20.5879,367,0.37,0.58,2026-10-01,1041,N20,high,2.0NRT,303.19,8.12,D
45.17063,20.59234,345.52,0.37,0.58,2026-10-01,1041,N20,nominal,2.0NRT,298.26,8.12,D
44.93651,19.72508,326.42,0.42,0.61,2026-10-01,1041,N20,low,2.0NRT,298.79,2.83,D
44.9951,19.86239,335.56,0.41,0.61,2026-10-01,1041,N20,nominal,2.0NRT,297.41,2.57,D
44.99368,19.85753,329.88,0.41,0.61,2026-10-01,1041,N20,nominal,2.0NRT,297.23,2.57,D
44.87943,19.31408,367,0.44,0.62,2026-10-01,1041,N20,high,2.0NRT,301.88,11.75,D
44.88099,19.31922,328.49,0.44,0.62,2026-10-01,1041,N20,nominal,2.0NRT,296.09,6.61,D
44.88474,19.31096,326.5,0.44,0.62,2026-10-01,1041,N20,nominal,2.0NRT,295.13,2.49,D
45.04126,19.7934,340.17,0.41,0.61,2026-10-01,1041,N20,nominal,2.0NRT,296.82,15.96,D
45.03983,19.78855,346.59,0.41,0.61,2026-10-01,1041,N20,nominal,2.0NRT,306.51,15.96,D
45.01952,19.71998,336.32,0.41,0.61,2026-10-01,1041,N20,nominal,2.0NRT,298.58,3.1,D
45.04036,19.70797,339.99,0.41,0.61,2026-10-01,1041,N20,nominal,2.0NRT,298.47,6.57,D
45.0389,19.70303,337.06,0.41,0.61,2026-10-01,1041,N20,nominal,2.0NRT,299.86,13.14,D
45.04411,19.70001,353.35,0.41,0.61,2026-10-01,1041,N20,nominal,2.0NRT,297.72,13.14,D
45.04264,19.69506,347.31,0.41,0.61,2026-10-01,1041,N20,nominal,2.0NRT,307.55,13.14,D
44.97941,19.44016,367,0.43,0.62,2026-10-01,1041,N20,high,2.0NRT,298.16,7.83,D
47.40421,29.49425,348.57,0.43,0.38,2026-10-01,1041,N20,nominal,2.0NRT,301.6,20.99,D
44.98996,19.39231,332.68,0.43,0.62,2026-10-01,1041,N20,nominal,2.0NRT,298.52,4.25,D
46.3167,24.3185,340.58,0.47,0.48,2026-10-01,1041,N20,nominal,2.0NRT,297.59,3.94,D
45.02796,19.49994,336.76,0.42,0.61,2026-10-01,1041,N20,nominal,2.0NRT,297.32,4.65,D
45.04797,19.54704,355.34,0.42,0.61,2026-10-01,1041,N20,nominal,2.0NRT,298.69,5.27,D
45.05017,19.64028,327.5,0.42,0.61,2026-10-01,1041,N20,nominal,2.0NRT,298.13,2.01,D
44.98852,19.39502,343.56,0.43,0.62,2026-10-01,1041,N20,nominal,2.0NRT,299.45,5.36,D
45.02557,19.49722,332.06,0.42,0.61,2026-10-01,1041,N20,nominal,2.0NRT,297.33,3.66,D
45.04734,19.54912,352.62,0.42,0.61,2026-10-01,1041,N20,nominal,2.0NRT,297.35,7.5,D
45.02252,19.44607,341.52,0.43,0.62,2026-10-01,1041,N20,nominal,2.0NRT,298.5,4.23,D
45.08903,19.6474,330.83,0.41,0.61,2026-10-01,1041,N20,nominal,2.0NRT,295.16,9.46,D
45.08755,19.64246,332.6,0.42,0.61,2026-10-01,1041,N20,nominal,2.0NRT,298.4,5.87,D
45.08607,19.63751,327.31,0.42,0.61,2026-10-01,1041,N20,nominal,2.0NRT,297.91,5.87,D
45.02778,19.44298,329.15,0.43,0.62,2026-10-01,1041,N20,nominal,2.0NRT,297.5,3.7,D
45.09282,19.63963,367,0.42,0.61,2026-10-01,1041,N20,high,2.0NRT,300.2,5.87,D
45.03751,19.4136,367,0.43,0.62,2026-10-01,1041,N20,high,2.0NRT,299.78,11.13,D
45.05257,19.46383,335.93,0.42,0.61,2026-10-01,1041,N20,nominal,2.0NRT,296.88,3.07,D
45.05107,19.45882,339.69,0.42,0.61,2026-10-01,1041,N20,nominal,2.0NRT,297.83,3.07,D
45.03902,19.41862,331.92,0.43,0.62,2026-10-01,1041,N20,nominal,2.0NRT,295.89,6.44,D
45.04277,19.41049,349.66,0.43,0.62,2026-10-01,1041,N20,nominal,2.0NRT,294.78,4.75,D
45.08032,19.49482,354.25,0.42,0.61,2026-10-01,1041,N20,nominal,2.0NRT,299.07,7.79,D
45.07882,19.48977,353.42,0.42,0.61,2026-10-01,1041,N20,nominal,2.0NRT,301.66,7.79,D
45.06231,19.43448,332.61,0.42,0.61,2026-10-01,1041,N20,nominal,2.0NRT,295.69,4.53,D
45.03053,19.32835,337.11,0.43,0.62,2026-10-01,1041,N20,nominal,2.0NRT,295.9,2.57,D
45.08404,19.48665,367,0.42,0.61,2026-10-01,1041,N20,high,2.0NRT,298.52,7.79,D
45.5229,20.66014,340.34,0.36,0.58,2026-10-01,1041,N20,nominal,2.0NRT,301.33,9.14,D
45.5266,20.65298,354.99,0.36,0.58,2026-10-01,1041,N20,nominal,2.0NRT,304.28,9.14,D
45.99427,22.33726,325.01,0.59,0.53,2026-10-01,1041,N20,nominal,2.0NRT,294.95,5.48,D
47.98557,31.5426,331.76,0.39,0.36,2026-10-01,1041,N20,nominal,2.0NRT,297.73,5.05,D
45.55133,20.57799,330.62,0.36,0.58,2026-10-01,1041,N20,nominal,2.0NRT,298.24,1.66,D
48.52044,34.63032,332.33,0.4,0.37,2026-10-01,1041,N20,nominal,2.0NRT,295.49,8.04,D
47.93757,30.31534,340.5,0.41,0.37,2026-10-01,1041,N20,nominal,2.0NRT,295.82,2.8,D
47.94186,30.31938,337.35,0.41,0.37,2026-10-01,1041,N20,nominal,2.0NRT,297.67,2.8,D
48.05416,30.8954,345.09,0.4,0.37,2026-10-01,1041,N20,nominal,2.0NRT,298.77,7.8,D
48.05325,30.89016,329.26,0.4,0.37,2026-10-01,1041,N20,nominal,2.0NRT,294.81,7.8,D
45.81091,20.98581,331.57,0.34,0.56,2026-10-01,1041,N20,nominal,2.0NRT,300.4,2.7,D
48.05745,30.89414,342.76,0.4,0.37,2026-10-01,1041,N20,nominal,2.0NRT,299.01,7.8,D
48.03337,30.73576,330.13,0.4,0.37,2026-10-01,1041,N20,nominal,2.0NRT,296.06,3.08,D
48.06368,30.86942,338.64,0.4,0.37,2026-10-01,1041,N20,nominal,2.0NRT,294.66,1.96,D
48.06277,30.86418,337.28,0.4,0.37,2026-10-01,1041,N20,nominal,2.0NRT,295.04,1.96,D
48.11628,30.84911,355.53,0.4,0.37,2026-10-01,1041,N20,nominal,2.0NRT,297.07,5.51,D
48.11537,30.84386,345.28,0.4,0.37,2026-10-01,1041,N20,nominal,2.0NRT,295.54,5.51,D
48.11866,30.84259,345.82,0.4,0.37,2026-10-01,1041,N20,nominal,2.0NRT,297.12,5.51,D
48.11957,30.84785,356.4,0.4,0.37,2026-10-01,1041,N20,low,2.0NRT,297.04,5.51,D
48.25211,30.8637,329.98,0.4,0.37,2026-10-01,1041,N20,nominal,2.0NRT,295.21,5.13,D
47.76486,28.21954,331.39,0.46,0.39,2026-10-01,1041,N20,nominal,2.0NRT,295.86,2.86,D
44.9674,17.28662,352.05,0.53,0.67,2026-10-01,1041,N20,nominal,2.0NRT,295.22,5.31,D
48.31255,30.25646,327.01,0.41,0.37,2026-10-01,1041,N20,nominal,2.0NRT,294.05,2.93,D
48.3116,30.25111,345.9,0.41,0.37,2026-10-01,1041,N20,nominal,2.0NRT,300.02,10.84,D
48.27129,30.02578,334.06,0.41,0.37,2026-10-01,1041,N20,nominal,2.0NRT,295.98,2.27,D
48.31492,30.24979,343.02,0.41,0.37,2026-10-01,1041,N20,nominal,2.0NRT,298.16,4.67,D
48.2746,30.02442,338.07,0.41,0.37,2026-10-01,1041,N20,nominal,2.0NRT,297.63,4.64,D
48.27364,30.01905,349.33,0.41,0.37,2026-10-01,1041,N20,nominal,2.0NRT,297.03,4.64,D
48.31823,30.24848,331.56,0.41,0.37,2026-10-01,1041,N20,nominal,2.0NRT,295.15,4.67,D
48.6507,31.82087,330.43,0.39,0.36,2026-10-01,1041,N20,nominal,2.0NRT,295.43,2.38,D
48.71767,30.45273,330.7,0.4,0.37,2026-10-01,1041,N20,nominal,2.0NRT,293.79,0.95,D
49.51476,33.93669,340.7,0.39,0.36,2026-10-01,1041,N20,nominal,2.0NRT,297.14,12.25,D
48.49282,26.80499,331.94,0.5,0.41,2026-10-01,1041,N20,nominal,2.0NRT,296.17,2.59,D
49.01617,29.41929,341.97,0.42,0.37,2026-10-01,1041,N20,nominal,2.0NRT,291.63,4.84,D
49.0185,29.41239,328.72,0.42,0.37,2026-10-01,1041,N20,nominal,2.0NRT,293.53,4.84,D
49.55502,30.84864,339.02,0.39,0.36,2026-10-01,1041,N20,nominal,2.0NRT,289.78,3.23,D
49.55828,30.84736,342.09,0.39,0.36,2026-10-01,1041,N20,nominal,2.0NRT,289.76,4.39,D
49.65526,30.08928,343.92,0.4,0.37,2026-10-01,1041,N20,nominal,2.0NRT,292.47,3.96,D
48.05158,21.72323,326.62,0.55,0.51,2026-10-01,1041,N20,nominal,2.0NRT,291.49,2.51,D
48.04969,21.72396,326.33,0.55,0.51,2026-10-01,1041,N20,nominal,2.0NRT,291.77,3.84,D
48.22062,20.76728,340.37,0.6,0.53,2026-10-01,1041,N20,nominal,2.0NRT,289.64,6.35,D
50.31359,29.85197,345.22,0.4,0.37,2026-10-01,1041,N20,nominal,2.0NRT,291.04,9.17,D
51.14667,34.7462,339.82,0.42,0.37,2026-10-01,1041,N20,nominal,2.0NRT,291.69,6.3,D
51.17734,34.57138,341.52,0.41,0.37,2026-10-01,1041,N20,nominal,2.0NRT,296.13,32.77,D
50.44026,29.51163,338.21,0.4,0.37,2026-10-01,1041,N20,nominal,2.0NRT,292.13,1.85,D
51.55583,34.65676,343.9,0.42,0.37,2026-10-01,1041,N20,nominal,2.0NRT,290.76,4.11,D
50.79966,29.18082,354.05,0.4,0.37,2026-10-01,1041,N20,nominal,2.0NRT,295.63,14.38,D
50.8161,28.75332,333.1,0.41,0.37,2026-10-01,1041,N20,nominal,2.0NRT,291.76,2.97,D
51.75483,34.26076,334.22,0.41,0.37,2026-10-01,1041,N20,nominal,2.0NRT,288.76,5.39,D
51.00067,28.50558,337.68,0.41,0.37,2026-10-01,1041,N20,nominal,2.0NRT,291.31,3.69,D
51.1593,28.6471,337.85,0.41,0.37,2026-10-01,1041,N20,nominal,2.0NRT,292.73,2.1,D
52.03271,33.27628,330.04,0.4,0.37,2026-10-01,1043,N20,nominal,2.0NRT,284.13,2.91,D
52.17806,34.03045,328.37,0.41,0.37,2026-10-01,1043,N20,nominal,2.0NRT,288.01,2.32,D
51.3903,28.79422,346.25,0.4,0.37,2026-10-01,1043,N20,nominal,2.0NRT,298.82,15.1,D
51.40794,28.85332,328.98,0.4,0.37,2026-10-01,1043,N20,nominal,2.0NRT,292.01,3.36,D
51.40694,28.84769,325.7,0.4,0.37,2026-10-01,1043,N20,nominal,2.0NRT,291.56,3.36,D
51.30048,27.77754,335.27,0.42,0.38,2026-10-01,1043,N20,nominal,2.0NRT,290.18,5.13,D
52.13413,32.24243,331.66,0.39,0.36,2026-10-01,1043,N20,nominal,2.0NRT,293.7,2.32,D
52.13739,32.24117,330.18,0.39,0.36,2026-10-01,1043,N20,nominal,2.0NRT,291.28,2.32,D
52.4438,34.40924,328.96,0.42,0.38,2026-10-01,1043,N20,nominal,2.0NRT,289.74,2.92,D
52.15202,31.89817,329.74,0.39,0.36,2026-10-01,1043,N20,nominal,2.0NRT,290.32,1.97,D
51.76738,29.04224,339.33,0.4,0.37,2026-10-01,1043,N20,nominal,2.0NRT,292.77,11.65,D
51.89231,29.34509,329.51,0.39,0.36,2026-10-01,1043,N20,nominal,2.0NRT,293.5,3.54,D
51.89135,29.33951,330.78,0.39,0.36,2026-10-01,1043,N20,nominal,2.0NRT,297.98,7.25,D
48.27484,14.34561,330.71,0.55,0.68,2026-10-01,1043,N20,nominal,2.0NRT,293.96,5.67,D
53.4327,34.56219,329.34,0.43,0.38,2026-10-01,1043,N20,nominal,2.0NRT,277.85,5,D
53.12074,26.58144,329.18,0.43,0.38,2026-10-01,1043,N20,nominal,2.0NRT,289.36,2.42,D
36.04771,8.82982,335.79,0.43,0.38,2026-10-01,1217,N20,nominal,2.0NRT,303.33,4.18,D
36.25233,9.1439,332.59,0.42,0.38,2026-10-01,1217,N20,low,2.0NRT,307.01,2.67,D
36.25153,9.13932,336.31,0.42,0.38,2026-10-01,1217,N20,low,2.0NRT,308.39,3.69,D
36.30238,9.37012,333.86,0.41,0.37,2026-10-01,1217,N20,low,2.0NRT,305.31,4.17,D
37.11865,14.05049,335.54,0.42,0.37,2026-10-01,1217,N20,nominal,2.0NRT,302.7,7.32,D
37.148,14.11879,339.86,0.42,0.38,2026-10-01,1217,N20,nominal,2.0NRT,304.22,3.25,D
36.68287,10.54393,338.76,0.39,0.36,2026-10-01,1217,N20,nominal,2.0NRT,299.24,3.82,D
37.28793,14.51534,331.49,0.43,0.38,2026-10-01,1217,N20,nominal,2.0NRT,299.87,1.7,D
36.76913,10.91079,332,0.39,0.36,2026-10-01,1217,N20,nominal,2.0NRT,297.44,3.34,D
37.21474,13.93193,338.33,0.41,0.37,2026-10-01,1217,N20,nominal,2.0NRT,303.56,3.34,D
37.21387,13.92892,333.03,0.41,0.37,2026-10-01,1217,N20,nominal,2.0NRT,301.04,1.65,D
37.26445,13.86079,336.78,0.41,0.37,2026-10-01,1217,N20,nominal,2.0NRT,304.09,5.18,D
37.48619,14.48567,339.99,0.43,0.38,2026-10-01,1217,N20,nominal,2.0NRT,307.01,2.94,D
37.51849,14.56601,340.21,0.44,0.38,2026-10-01,1217,N20,nominal,2.0NRT,307.04,4.44,D
36.74169,9.35367,332.41,0.41,0.37,2026-10-01,1217,N20,low,2.0NRT,305.13,3.79,D
36.74838,9.3517,334.46,0.41,0.37,2026-10-01,1217,N20,nominal,2.0NRT,302.97,1.66,D
37.54549,14.58136,344.65,0.44,0.38,2026-10-01,1217,N20,nominal,2.0NRT,309.27,13.33,D
36.75281,9.25593,340.52,0.41,0.37,2026-10-01,1217,N20,nominal,2.0NRT,308.72,5.38,D
36.75201,9.25136,345.47,0.41,0.37,2026-10-01,1217,N20,nominal,2.0NRT,306.62,5.06,D
37.56032,14.61385,338.21,0.44,0.38,2026-10-01,1217,N20,nominal,2.0NRT,306.09,2.8,D
37.56383,14.61316,334.98,0.44,0.38,2026-10-01,1217,N20,low,2.0NRT,306.63,2.8,D
37.56321,14.60822,341.62,0.44,0.38,2026-10-01,1217,N20,nominal,2.0NRT,309.87,5.14,D
36.75334,9.19835,336.39,0.41,0.37,2026-10-01,1217,N20,nominal,2.0NRT,304.69,1.75,D
36.92072,9.85073,334.35,0.4,0.37,2026-10-01,1217,N20,nominal,2.0NRT,303.4,3.56,D
37.55069,13.85897,335.42,0.42,0.37,2026-10-01,1217,N20,low,2.0NRT,309.19,6.53,D
37.49677,13.4531,335.12,0.41,0.37,2026-10-01,1217,N20,nominal,2.0NRT,300.74,5.97,D
36.83736,9.19217,332.56,0.41,0.37,2026-10-01,1217,N20,low,2.0NRT,303.55,2.78,D
37.56405,13.77417,331.14,0.41,0.37,2026-10-01,1217,N20,nominal,2.0NRT,295.91,1.24,D
36.99534,9.91081,333.83,0.4,0.37,2026-10-01,1217,N20,nominal,2.0NRT,301.88,1.45,D
36.98194,9.56328,334.92,0.4,0.37,2026-10-01,1217,N20,nominal,2.0NRT,303.71,0.94,D
37.06976,10.01163,345.74,0.39,0.37,2026-10-01,1217,N20,nominal,2.0NRT,303.67,6.65,D
37.05594,9.7443,335.64,0.4,0.37,2026-10-01,1217,N20,nominal,2.0NRT,306.43,3.16,D
37.05519,9.73985,336.15,0.4,0.37,2026-10-01,1217,N20,nominal,2.0NRT,307.17,3.16,D
37.15989,9.54673,333.22,0.4,0.37,2026-10-01,1217,N20,nominal,2.0NRT,301.28,5.51,D
37.15914,9.54232,338.95,0.4,0.37,2026-10-01,1217,N20,nominal,2.0NRT,302.58,78.97,D
37.16324,9.54595,332.58,0.4,0.37,2026-10-01,1217,N20,nominal,2.0NRT,299.31,5.51,D
37.18105,9.56879,331.97,0.4,0.37,2026-10-01,1217,N20,nominal,2.0NRT,299.89,2.92,D
37.71466,12.77001,337.19,0.39,0.37,2026-10-01,1217,N20,nominal,2.0NRT,303.22,8.13,D
37.75632,12.99566,340.44,0.4,0.37,2026-10-01,1217,N20,nominal,2.0NRT,299.13,7.47,D
37.80135,13.09713,335.14,0.4,0.37,2026-10-01,1217,N20,nominal,2.0NRT,298.59,5.18,D
37.78624,12.79072,332.27,0.4,0.37,2026-10-01,1217,N20,low,2.0NRT,304.73,12.13,D
37.31898,9.73808,331.3,0.4,0.37,2026-10-01,1217,N20,nominal,2.0NRT,300.46,1.72,D
37.94762,13.84557,334.31,0.42,0.38,2026-10-01,1217,N20,nominal,2.0NRT,305.44,6.39,D
37.947,13.84089,340.69,0.42,0.38,2026-10-01,1217,N20,nominal,2.0NRT,305.71,6.39,D
37.86051,13.20043,342.62,0.4,0.37,2026-10-01,1217,N20,nominal,2.0NRT,300.93,2.75,D
37.95103,13.84478,336.35,0.42,0.38,2026-10-01,1217,N20,low,2.0NRT,307.63,4.38,D
37.95042,13.84014,338.57,0.42,0.38,2026-10-01,1217,N20,nominal,2.0NRT,306.66,4.38,D
37.95445,13.84403,344.97,0.42,0.38,2026-10-01,1217,N20,nominal,2.0NRT,305.8,4.38,D
37.88001,13.26662,334.13,0.4,0.37,2026-10-01,1217,N20,nominal,2.0NRT,303.15,8.17,D
37.86439,13.15317,334.09,0.4,0.37,2026-10-01,1217,N20,nominal,2.0NRT,300.88,1.95,D
37.86773,13.15241,335.04,0.4,0.37,2026-10-01,1217,N20,nominal,2.0NRT,300.5,1.95,D
37.87309,13.10565,336.02,0.4,0.37,2026-10-01,1217,N20,nominal,2.0NRT,304.75,1.85,D
37.91362,13.25102,332.29,0.4,0.37,2026-10-01,1217,N20,low,2.0NRT,304.6,4.1,D
37.91391,13.22759,333.64,0.4,0.37,2026-10-01,1217,N20,nominal,2.0NRT,302.32,2.53,D
37.87821,12.94221,334.47,0.4,0.37,2026-10-01,1217,N20,nominal,2.0NRT,302.43,3.04,D
37.89229,12.69901,345.79,0.39,0.37,2026-10-01,1217,N20,nominal,2.0NRT,303.72,12.98,D
37.90309,12.67836,335.57,0.39,0.36,2026-10-01,1217,N20,nominal,2.0NRT,302.27,9.24,D
38.00113,12.9723,335.39,0.4,0.37,2026-10-01,1217,N20,nominal,2.0NRT,302.67,4.47,D
38.00449,12.97158,343.04,0.4,0.37,2026-10-01,1217,N20,nominal,2.0NRT,303.28,4.47,D
38.05355,13.27936,342.49,0.41,0.37,2026-10-01,1217,N20,nominal,2.0NRT,302.67,3.96,D
38.05292,13.27472,335.4,0.41,0.37,2026-10-01,1217,N20,nominal,2.0NRT,301.94,3.96,D
39.12837,27.42454,334.25,0.68,0.74,2026-10-01,1217,N20,nominal,2.0NRT,289.91,6.46,D
38.01775,12.74599,367,0.4,0.37,2026-10-01,1217,N20,high,2.0NRT,330.22,128.18,D
38.01837,12.75045,331.95,0.4,0.37,2026-10-01,1217,N20,nominal,2.0NRT,303.57,15.46,D
39.12843,27.42669,342.33,0.68,0.74,2026-10-01,1217,N20,nominal,2.0NRT,289.83,7,D
39.49316,22.48372,342.62,0.37,0.58,2026-10-01,1217,N20,nominal,2.0NRT,297.6,3.51,D
39.84486,20.07293,353.76,0.56,0.51,2026-10-01,1219,N20,nominal,2.0NRT,302.37,22.15,D
39.84437,20.06642,341.32,0.56,0.51,2026-10-01,1219,N20,nominal,2.0NRT,299.64,10.11,D
39.84863,20.05931,339.92,0.55,0.51,2026-10-01,1219,N20,nominal,2.0NRT,298.2,6.14,D
39.84814,20.05277,339.44,0.55,0.51,2026-10-01,1219,N20,nominal,2.0NRT,298.91,6.56,D
39.86332,20.06416,325.11,0.56,0.51,2026-10-01,1219,N20,low,2.0NRT,299.39,1.93,D
39.76273,15.80517,328.12,0.51,0.41,2026-10-01,1219,N20,nominal,2.0NRT,299.98,2.37,D
39.76651,15.8045,328.92,0.51,0.41,2026-10-01,1219,N20,nominal,2.0NRT,298.59,2.37,D
40.03907,18.11675,331.92,0.44,0.46,2026-10-01,1219,N20,low,2.0NRT,303.77,5.39,D
40.03782,18.11941,342.89,0.44,0.46,2026-10-01,1219,N20,nominal,2.0NRT,304.35,4.24,D
40.09542,18.43897,341.73,0.46,0.47,2026-10-01,1219,N20,nominal,2.0NRT,304.11,4.39,D
40.16841,18.31957,340.64,0.45,0.47,2026-10-01,1219,N20,nominal,2.0NRT,304.26,3.99,D
40.17041,18.32282,340.69,0.45,0.47,2026-10-01,1219,N20,nominal,2.0NRT,304.57,5.71,D
39.96101,15.82946,332.25,0.52,0.41,2026-10-01,1219,N20,nominal,2.0NRT,299.29,4.14,D
40.82609,27.08572,348.83,0.67,0.73,2026-10-01,1219,N20,nominal,2.0NRT,289.56,8.87,D
40.3544,18.01566,340.63,0.44,0.46,2026-10-01,1219,N20,nominal,2.0NRT,304.47,3.76,D
40.35313,18.01392,335.78,0.44,0.46,2026-10-01,1219,N20,nominal,2.0NRT,305.07,2.37,D
40.8203,27.08792,343.13,0.67,0.74,2026-10-01,1219,N20,nominal,2.0NRT,289.61,6.78,D
40.74843,23.01849,367,0.41,0.6,2026-10-01,1219,N20,high,2.0NRT,303.24,12.14,D
39.35159,9.10809,331.85,0.4,0.37,2026-10-01,1219,N20,nominal,2.0NRT,296.27,1.94,D
40.65039,19.49044,326.93,0.53,0.5,2026-10-01,1219,N20,nominal,2.0NRT,300.71,2.6,D
40.43092,16.79913,340.66,0.38,0.44,2026-10-01,1219,N20,nominal,2.0NRT,302.96,11.09,D
40.86537,19.52554,338.96,0.53,0.5,2026-10-01,1219,N20,nominal,2.0NRT,300.01,3.4,D
40.65364,16.88467,345.04,0.39,0.44,2026-10-01,1219,N20,nominal,2.0NRT,303.24,5.08,D
40.48981,14.94238,341.84,0.48,0.4,2026-10-01,1219,N20,nominal,2.0NRT,304.78,10.84,D
40.66938,15.74897,334.35,0.52,0.42,2026-10-01,1219,N20,nominal,2.0NRT,302.39,5.04,D
41.10934,19.82932,340.35,0.56,0.51,2026-10-01,1219,N20,nominal,2.0NRT,298.38,3.75,D
41.11449,19.83447,341.17,0.56,0.51,2026-10-01,1219,N20,nominal,2.0NRT,302.84,24.92,D
41.11403,19.82808,354.21,0.56,0.51,2026-10-01,1219,N20,nominal,2.0NRT,308.97,25.64,D
41.1136,19.82205,333.26,0.56,0.51,2026-10-01,1219,N20,nominal,2.0NRT,302.8,25.64,D
41.13209,19.5919,331.79,0.54,0.51,2026-10-01,1219,N20,nominal,2.0NRT,301.95,3.15,D
40.88197,16.1586,337.12,0.55,0.42,2026-10-01,1219,N20,nominal,2.0NRT,308.71,4.39,D
40.89499,16.16936,335.24,0.55,0.42,2026-10-01,1219,N20,low,2.0NRT,308.63,4.41,D
41.40389,22.73001,348.47,0.4,0.6,2026-10-01,1219,N20,nominal,2.0NRT,295.93,5.82,D
40.89299,15.81594,333.59,0.53,0.42,2026-10-01,1219,N20,nominal,2.0NRT,307.43,4.31,D
41.40312,22.73114,325.27,0.4,0.6,2026-10-01,1219,N20,nominal,2.0NRT,295.16,2.69,D
41.40291,22.72631,336.88,0.4,0.6,2026-10-01,1219,N20,nominal,2.0NRT,297.83,2.69,D
40.89915,15.78144,336.16,0.53,0.42,2026-10-01,1219,N20,low,2.0NRT,306.97,27.58,D
40.91027,15.85137,335.29,0.53,0.42,2026-10-01,1219,N20,nominal,2.0NRT,305.18,16.06,D
40.91958,15.57072,333.21,0.52,0.41,2026-10-01,1219,N20,nominal,2.0NRT,301.04,12.37,D
40.93731,15.55607,337.58,0.51,0.41,2026-10-01,1219,N20,nominal,2.0NRT,302.27,8.41,D
41.45606,20.16858,339.97,0.58,0.52,2026-10-01,1219,N20,nominal,2.0NRT,301.59,10.25,D
41.12166,15.27507,336.96,0.5,0.41,2026-10-01,1219,N20,nominal,2.0NRT,301.12,12.39,D
41.01541,14.3144,345.73,0.46,0.39,2026-10-01,1219,N20,nominal,2.0NRT,309.68,14.07,D
41.54094,19.53753,342.02,0.54,0.51,2026-10-01,1219,N20,nominal,2.0NRT,310.28,102.98,D
41.54046,19.53116,295.64,0.54,0.51,2026-10-01,1219,N20,low,2.0NRT,310.96,102.98,D
41.55111,19.61042,329.33,0.55,0.51,2026-10-01,1219,N20,low,2.0NRT,302.07,3.75,D
41.53833,19.53734,340.79,0.54,0.51,2026-10-01,1219,N20,nominal,2.0NRT,299.81,128.76,D
41.03161,14.06534,332.74,0.45,0.39,2026-10-01,1219,N20,nominal,2.0NRT,303.43,2.63,D
41.54257,19.5303,300.71,0.54,0.51,2026-10-01,1219,N20,low,2.0NRT,304.29,78.85,D
41.55277,19.60972,333.05,0.55,0.51,2026-10-01,1219,N20,nominal,2.0NRT,302.82,3.78,D
41.08844,14.52196,343.05,0.47,0.4,2026-10-01,1219,N20,nominal,2.0NRT,304.53,6.92,D
41.61562,20.3463,340.63,0.6,0.53,2026-10-01,1219,N20,nominal,2.0NRT,293.77,6.96,D
41.20702,15.45941,335.5,0.51,0.41,2026-10-01,1219,N20,nominal,2.0NRT,305.16,12.06,D
41.20633,15.45286,345.69,0.51,0.41,2026-10-01,1219,N20,nominal,2.0NRT,306.86,12.06,D
41.07611,14.1942,336.68,0.46,0.39,2026-10-01,1219,N20,low,2.0NRT,308.49,2.36,D
41.296,15.35897,344.3,0.51,0.41,2026-10-01,1219,N20,nominal,2.0NRT,309.53,15.6,D
41.29979,15.35836,335.06,0.51,0.41,2026-10-01,1219,N20,nominal,2.0NRT,306.71,15.6,D
41.68853,19.6979,331.3,0.55,0.51,2026-10-01,1219,N20,low,2.0NRT,302.15,5.08,D
38.24834,-1.48602,354.94,0.41,0.6,2026-10-01,1219,N20,nominal,2.0NRT,284.6,7.71,D
41.44558,15.35588,336.68,0.51,0.41,2026-10-01,1219,N20,nominal,2.0NRT,307.71,3.08,D
41.46294,15.40928,355.89,0.51,0.41,2026-10-01,1219,N20,nominal,2.0NRT,311.31,8.45,D
41.46227,15.40309,345.88,0.51,0.41,2026-10-01,1219,N20,nominal,2.0NRT,310.85,8.45,D
41.86809,19.65585,341.03,0.55,0.51,2026-10-01,1219,N20,nominal,2.0NRT,315.44,66.67,D
41.87283,19.65533,337.28,0.55,0.51,2026-10-01,1219,N20,nominal,2.0NRT,301.18,4.61,D
41.93863,20.87375,331.37,0.32,0.55,2026-10-01,1219,N20,nominal,2.0NRT,298.22,1.92,D
41.86412,19.655,350.01,0.55,0.51,2026-10-01,1219,N20,nominal,2.0NRT,305.43,33.24,D
41.86885,19.65444,352.39,0.55,0.51,2026-10-01,1219,N20,nominal,2.0NRT,308.63,33.24,D
41.5511,15.78306,332.33,0.53,0.42,2026-10-01,1219,N20,low,2.0NRT,305.28,2.76,D
41.55365,15.76953,338.14,0.53,0.42,2026-10-01,1219,N20,nominal,2.0NRT,307.99,4.55,D
41.89751,19.38336,327.24,0.54,0.51,2026-10-01,1219,N20,nominal,2.0NRT,301.09,2.79,D
38.40153,-1.48762,330.35,0.4,0.6,2026-10-01,1219,N20,nominal,2.0NRT,272.09,2.4,D
41.93953,19.37822,338.67,0.54,0.51,2026-10-01,1219,N20,nominal,2.0NRT,301.51,5.38,D
41.37029,13.47492,335.48,0.44,0.38,2026-10-01,1219,N20,nominal,2.0NRT,304.13,7.6,D
41.36969,13.47013,350.22,0.44,0.38,2026-10-01,1219,N20,nominal,2.0NRT,308.38,7.6,D
41.94198,19.3773,340.1,0.54,0.51,2026-10-01,1219,N20,nominal,2.0NRT,301.74,6.98,D
41.96029,19.50798,329.98,0.55,0.51,2026-10-01,1219,N20,nominal,2.0NRT,300.69,2.88,D
41.43407,13.46394,332.37,0.44,0.38,2026-10-01,1219,N20,nominal,2.0NRT,297.18,4.46,D
41.69374,15.48449,337.91,0.52,0.42,2026-10-01,1219,N20,nominal,2.0NRT,305.88,7.43,D
41.85822,15.41217,335.63,0.52,0.41,2026-10-01,1219,N20,nominal,2.0NRT,304.9,4.25,D
41.85437,15.15974,332.77,0.51,0.41,2026-10-01,1219,N20,nominal,2.0NRT,302.62,2.06,D
41.85373,15.15378,348.29,0.51,0.41,2026-10-01,1219,N20,nominal,2.0NRT,309.52,6.67,D
41.85749,15.15315,330.59,0.51,0.41,2026-10-01,1219,N20,low,2.0NRT,303.15,2.53,D
42.30603,19.22793,335.6,0.53,0.5,2026-10-01,1219,N20,nominal,2.0NRT,301.71,3.85,D
42.43729,20.79004,327.4,0.32,0.55,2026-10-01,1219,N20,nominal,2.0NRT,297.63,1.01,D
42.49672,21.06159,335.41,0.33,0.55,2026-10-01,1219,N20,nominal,2.0NRT,300.88,3.17,D
42.57864,21.14076,341.98,0.34,0.56,2026-10-01,1219,N20,nominal,2.0NRT,303.07,3.06,D
42.61925,20.99874,328.81,0.33,0.55,2026-10-01,1219,N20,nominal,2.0NRT,295.72,1.9,D
42.72646,21.02942,328.03,0.33,0.55,2026-10-01,1219,N20,nominal,2.0NRT,296.57,1.6,D
42.79739,21.18876,328.27,0.34,0.56,2026-10-01,1219,N20,nominal,2.0NRT,296.46,3.27,D
42.82482,20.99673,331.8,0.33,0.55,2026-10-01,1219,N20,nominal,2.0NRT,300.66,3.19,D
42.8246,20.99275,335.58,0.33,0.55,2026-10-01,1219,N20,nominal,2.0NRT,300.85,3.1,D
42.8353,21.09636,337.82,0.34,0.56,2026-10-01,1219,N20,nominal,2.0NRT,295.05,2.67,D
42.83508,21.09212,330.69,0.34,0.56,2026-10-01,1219,N20,nominal,2.0NRT,296.1,2.67,D
42.84738,20.84674,342.02,0.33,0.55,2026-10-01,1219,N20,nominal,2.0NRT,297.96,3.87,D
42.95776,22.04368,348.79,0.38,0.58,2026-10-01,1219,N20,nominal,2.0NRT,297.13,5.06,D
42.95949,22.04156,345.38,0.38,0.59,2026-10-01,1219,N20,nominal,2.0NRT,297.47,5.26,D
43.11171,24.47311,329.99,0.5,0.66,2026-10-01,1219,N20,nominal,2.0NRT,294.12,3.08,D
42.22165,12.76057,331.65,0.42,0.38,2026-10-01,1219,N20,nominal,2.0NRT,297.5,5.12,D
42.221,12.75552,331.29,0.42,0.38,2026-10-01,1219,N20,nominal,2.0NRT,300.36,5.12,D
42.83231,18.28055,328.61,0.48,0.48,2026-10-01,1219,N20,nominal,2.0NRT,299.9,2.4,D
43.08075,22.17008,367,0.38,0.59,2026-10-01,1219,N20,high,2.0NRT,298.97,8.65,D
43.08598,22.1643,367,0.38,0.59,2026-10-01,1219,N20,high,2.0NRT,301.09,12.98,D
43.08619,22.16932,340.33,0.38,0.59,2026-10-01,1219,N20,nominal,2.0NRT,297.23,10.95,D
43.08577,22.15938,343.97,0.38,0.59,2026-10-01,1219,N20,nominal,2.0NRT,297.08,12.98,D
43.28477,24.27925,339.87,0.49,0.65,2026-10-01,1219,N20,nominal,2.0NRT,294.75,5.01,D
43.06755,17.67056,333.35,0.45,0.47,2026-10-01,1219,N20,nominal,2.0NRT,301.37,2.81,D
43.3608,21.79673,331.95,0.37,0.58,2026-10-01,1219,N20,nominal,2.0NRT,298.11,1.29,D
43.36356,21.79642,339.97,0.37,0.58,2026-10-01,1219,N20,nominal,2.0NRT,300.44,2.92,D
43.26284,18.17194,332.87,0.48,0.48,2026-10-01,1219,N20,nominal,2.0NRT,300.32,2.73,D
43.40232,18.25175,335.99,0.49,0.49,2026-10-01,1219,N20,nominal,2.0NRT,298.68,4.04,D
43.40678,18.25109,337.86,0.49,0.49,2026-10-01,1219,N20,nominal,2.0NRT,298.86,4.04,D
43.43169,17.18997,329.79,0.43,0.46,2026-10-01,1219,N20,low,2.0NRT,304.32,4.72,D
43.84794,24.52143,367,0.51,0.66,2026-10-01,1219,N20,high,2.0NRT,295.19,17.11,D
43.81847,23.43991,336.36,0.45,0.63,2026-10-01,1219,N20,nominal,2.0NRT,296.12,4.87,D
43.85409,24.52122,367,0.51,0.66,2026-10-01,1219,N20,high,2.0NRT,295.66,17.11,D
43.85361,24.52128,367,0.51,0.66,2026-10-01,1219,N20,high,2.0NRT,296.52,15.93,D
43.91813,24.37004,329.56,0.5,0.66,2026-10-01,1219,N20,nominal,2.0NRT,295.48,2.86,D
44.04445,24.2769,328.13,0.5,0.66,2026-10-01,1219,N20,nominal,2.0NRT,290.17,2.93,D
44.18106,24.71415,326.8,0.52,0.67,2026-10-01,1219,N20,nominal,2.0NRT,296.51,2.56,D
43.78931,16.87983,330.79,0.42,0.45,2026-10-01,1219,N20,low,2.0NRT,302.22,3.48,D
44.06021,20.73386,339.16,0.33,0.55,2026-10-01,1219,N20,nominal,2.0NRT,297.9,2.41,D
44.30787,22.94913,329.6,0.43,0.62,2026-10-01,1219,N20,nominal,2.0NRT,300.08,1.85,D
44.35622,22.85888,325.14,0.42,0.61,2026-10-01,1219,N20,nominal,2.0NRT,298.1,1.32,D
44.43226,20.81771,338.28,0.34,0.56,2026-10-01,1219,N20,nominal,2.0NRT,297.18,1.8,D
44.60489,23.15689,351.47,0.44,0.62,2026-10-01,1219,N20,nominal,2.0NRT,298.38,5.95,D
44.52787,21.04227,353.94,0.35,0.56,2026-10-01,1219,N20,nominal,2.0NRT,302.1,6.11,D
44.54634,21.09843,343.48,0.35,0.57,2026-10-01,1219,N20,nominal,2.0NRT,300.66,3.4,D
44.52715,20.43069,335.27,0.32,0.55,2026-10-01,1219,N20,nominal,2.0NRT,296.97,2.52,D
44.56575,21.06567,329.02,0.35,0.56,2026-10-01,1219,N20,nominal,2.0NRT,300.4,1.6,D
44.56942,21.03434,328,0.34,0.56,2026-10-01,1219,N20,nominal,2.0NRT,298.8,1.87,D
44.67962,21.02657,345.01,0.35,0.56,2026-10-01,1219,N20,nominal,2.0NRT,299.84,3.83,D
44.69983,21.01156,355.73,0.34,0.56,2026-10-01,1219,N20,nominal,2.0NRT,301.7,4.67,D
44.75391,22.34584,332.53,0.4,0.6,2026-10-01,1219,N20,nominal,2.0NRT,293.07,2.82,D
44.70013,21.01205,349.23,0.35,0.56,2026-10-01,1219,N20,nominal,2.0NRT,300.96,5.59,D
44.86243,20.22281,336.05,0.63,0.54,2026-10-01,1219,N20,nominal,2.0NRT,300.65,5.98,D
44.86197,20.21471,340.05,0.63,0.54,2026-10-01,1219,N20,nominal,2.0NRT,301.21,5.98,D
44.86699,20.21421,336.55,0.63,0.54,2026-10-01,1219,N20,nominal,2.0NRT,298.89,5.98,D
44.86161,20.22084,340.59,0.63,0.54,2026-10-01,1219,N20,nominal,2.0NRT,300.37,7.23,D
44.86664,20.22031,331.05,0.63,0.54,2026-10-01,1219,N20,nominal,2.0NRT,299.69,4.02,D
44.86621,20.2122,335.49,0.63,0.54,2026-10-01,1219,N20,nominal,2.0NRT,298.55,5.8,D
44.95052,21.19644,340.1,0.35,0.57,2026-10-01,1219,N20,nominal,2.0NRT,300.75,2.1,D
44.95045,20.75672,367,0.34,0.56,2026-10-01,1219,N20,high,2.0NRT,304.61,12.27,D
44.97082,21.1771,352.44,0.35,0.57,2026-10-01,1219,N20,nominal,2.0NRT,300.96,5.51,D
44.95067,20.76103,336.2,0.34,0.56,2026-10-01,1219,N20,nominal,2.0NRT,301.19,12.27,D
44.95024,20.75242,354,0.34,0.56,2026-10-01,1219,N20,nominal,2.0NRT,313.19,35.96,D
44.9893,21.34714,331.82,0.36,0.57,2026-10-01,1219,N20,nominal,2.0NRT,298.42,1.44,D
44.87844,19.31363,342.86,0.57,0.52,2026-10-01,1219,N20,nominal,2.0NRT,300.89,5.5,D
44.87798,19.30632,330.59,0.57,0.52,2026-10-01,1219,N20,nominal,2.0NRT,297.55,5.5,D
44.99441,21.3421,367,0.36,0.57,2026-10-01,1219,N20,high,2.0NRT,302.94,9.68,D
44.99462,21.34674,343.81,0.36,0.57,2026-10-01,1219,N20,nominal,2.0NRT,298.01,6.95,D
44.91556,19.84,330.92,0.61,0.53,2026-10-01,1219,N20,nominal,2.0NRT,299.13,3.07,D
44.88324,19.31305,348.32,0.57,0.52,2026-10-01,1219,N20,nominal,2.0NRT,299.59,11.82,D
44.99678,21.1662,335.42,0.35,0.57,2026-10-01,1219,N20,nominal,2.0NRT,302.11,4.57,D
45.00711,21.1609,367,0.35,0.57,2026-10-01,1219,N20,high,2.0NRT,301.97,7.08,D
45.00644,21.15874,367,0.35,0.57,2026-10-01,1219,N20,high,2.0NRT,305.38,7.84,D
45.02975,21.20744,345.23,0.36,0.57,2026-10-01,1219,N20,nominal,2.0NRT,301.91,7.63,D
45.03484,21.20244,367,0.35,0.57,2026-10-01,1219,N20,high,2.0NRT,305.63,10.91,D
45.04534,21.08298,355.38,0.35,0.57,2026-10-01,1219,N20,nominal,2.0NRT,303.92,6.57,D
45.05268,21.12788,349.2,0.35,0.57,2026-10-01,1219,N20,nominal,2.0NRT,301.05,4.61,D
45.03655,20.57838,337.13,0.33,0.55,2026-10-01,1219,N20,nominal,2.0NRT,299.48,2.53,D
45.03177,20.48545,335.49,0.33,0.55,2026-10-01,1219,N20,nominal,2.0NRT,299.12,1.7,D
45.03687,20.48496,332.59,0.33,0.55,2026-10-01,1219,N20,nominal,2.0NRT,299.82,4.47,D
44.87256,17.89485,338.38,0.49,0.48,2026-10-01,1219,N20,nominal,2.0NRT,296.53,6.11,D
45.10184,21.39025,367,0.36,0.58,2026-10-01,1219,N20,high,2.0NRT,296.82,5.94,D
45.10163,21.38571,328.38,0.36,0.58,2026-10-01,1219,N20,nominal,2.0NRT,297.44,5.94,D
45.09439,21.11549,342.06,0.35,0.57,2026-10-01,1219,N20,nominal,2.0NRT,299.25,3.28,D
45.09417,21.11095,341.83,0.35,0.57,2026-10-01,1219,N20,nominal,2.0NRT,302.81,3.28,D
45.01918,19.72031,341.03,0.6,0.53,2026-10-01,1219,N20,nominal,2.0NRT,299.8,6.05,D
45.11018,21.11418,338.99,0.35,0.57,2026-10-01,1219,N20,nominal,2.0NRT,303.37,2.69,D
45.04251,19.77944,340.45,0.6,0.53,2026-10-01,1219,N20,nominal,2.0NRT,298.67,11.47,D
45.04205,19.77172,355.19,0.6,0.53,2026-10-01,1219,N20,nominal,2.0NRT,300.32,15.29,D
45.03879,19.71803,338.74,0.6,0.53,2026-10-01,1219,N20,nominal,2.0NRT,297.75,7.15,D
45.03832,19.71034,343.48,0.6,0.53,2026-10-01,1219,N20,nominal,2.0NRT,299.82,8.16,D
45.02188,19.44596,330.46,0.58,0.52,2026-10-01,1219,N20,nominal,2.0NRT,300.59,4.18,D
45.02141,19.43853,351.93,0.58,0.52,2026-10-01,1219,N20,nominal,2.0NRT,302.29,16.43,D
45.04228,19.6945,336.01,0.6,0.53,2026-10-01,1219,N20,nominal,2.0NRT,300.2,7.66,D
45.04182,19.68687,348.42,0.6,0.53,2026-10-01,1219,N20,nominal,2.0NRT,300.54,7.66,D
45.03003,19.49766,338.07,0.58,0.52,2026-10-01,1219,N20,nominal,2.0NRT,299.67,4.11,D
45.02624,19.43796,329.36,0.58,0.52,2026-10-01,1219,N20,low,2.0NRT,299.49,8.33,D
45.03883,19.40659,338.87,0.58,0.52,2026-10-01,1219,N20,nominal,2.0NRT,299.9,6.54,D
45.03864,19.77154,354.31,0.6,0.53,2026-10-01,1219,N20,nominal,2.0NRT,298.76,17.71,D
45.10952,21.11473,336.34,0.35,0.57,2026-10-01,1219,N20,nominal,2.0NRT,302.18,3.86,D
45.04015,19.70944,344.84,0.6,0.53,2026-10-01,1219,N20,nominal,2.0NRT,300.36,12.79,D
45.02468,19.43717,344.73,0.58,0.52,2026-10-01,1219,N20,nominal,2.0NRT,303.44,18.76,D
45.0442,19.69357,336.18,0.6,0.53,2026-10-01,1219,N20,nominal,2.0NRT,299.61,8.72,D
45.04377,19.68593,352.21,0.6,0.53,2026-10-01,1219,N20,nominal,2.0NRT,302.07,10.47,D
45.03788,19.41314,330.28,0.58,0.52,2026-10-01,1219,N20,nominal,2.0NRT,298.59,3.9,D
45.03744,19.40571,336.42,0.58,0.52,2026-10-01,1219,N20,nominal,2.0NRT,299.18,3.9,D
45.05018,19.45669,338.4,0.58,0.52,2026-10-01,1219,N20,nominal,2.0NRT,300.3,6.65,D
45.08823,19.77297,346.27,0.6,0.53,2026-10-01,1219,N20,nominal,2.0NRT,299.67,11.11,D
45.09046,19.64134,347.94,0.59,0.53,2026-10-01,1219,N20,nominal,2.0NRT,300.22,5.77,D
45.17337,20.79499,337.2,0.34,0.56,2026-10-01,1219,N20,nominal,2.0NRT,301.75,3.38,D
44.95442,17.40502,334.91,0.46,0.47,2026-10-01,1219,N20,low,2.0NRT,304.99,21.33,D
45.17767,20.77703,367,0.34,0.56,2026-10-01,1219,N20,high,2.0NRT,306.17,11.21,D
45.16779,20.58325,367,0.33,0.55,2026-10-01,1219,N20,high,2.0NRT,302.81,7.67,D
45.16757,20.579,367,0.33,0.55,2026-10-01,1219,N20,high,2.0NRT,302.92,10.18,D
45.16801,20.58752,336.83,0.33,0.55,2026-10-01,1219,N20,nominal,2.0NRT,300.66,7.67,D
44.96655,17.39126,338.88,0.46,0.47,2026-10-01,1219,N20,nominal,2.0NRT,299.22,3.78,D
45.20901,20.77911,345.97,0.34,0.56,2026-10-01,1219,N20,nominal,2.0NRT,301.13,4.4,D
45.20851,20.67012,335.09,0.33,0.56,2026-10-01,1219,N20,nominal,2.0NRT,302.49,2.82,D
45.21036,20.78088,347.65,0.34,0.56,2026-10-01,1219,N20,nominal,2.0NRT,301.33,4.13,D
45.24812,20.20585,339.31,0.32,0.54,2026-10-01,1219,N20,nominal,2.0NRT,298.3,2.14,D
45.32839,20.21095,339.42,0.32,0.54,2026-10-01,1219,N20,nominal,2.0NRT,297.95,3.8,D
45.32817,20.20683,353.48,0.32,0.54,2026-10-01,1219,N20,nominal,2.0NRT,301.66,3.8,D
45.40414,20.58047,345.75,0.33,0.55,2026-10-01,1219,N20,nominal,2.0NRT,301.72,3.28,D
45.40928,20.58,345.89,0.33,0.55,2026-10-01,1219,N20,nominal,2.0NRT,302.03,3.7,D
45.40624,20.57981,355.13,0.33,0.56,2026-10-01,1219,N20,nominal,2.0NRT,303.73,5.55,D
45.17191,16.78403,326.83,0.43,0.46,2026-10-01,1219,N20,nominal,2.0NRT,296.74,1.64,D
45.43188,19.7209,340.62,0.6,0.53,2026-10-01,1219,N20,nominal,2.0NRT,298.84,6.65,D
45.48928,20.69001,345.62,0.34,0.56,2026-10-01,1219,N20,nominal,2.0NRT,300.62,3.6,D
45.43635,19.71257,341.55,0.6,0.53,2026-10-01,1219,N20,nominal,2.0NRT,299.57,7.98,D
45.49918,20.68034,336.82,0.34,0.56,2026-10-01,1219,N20,nominal,2.0NRT,299.91,2.84,D
45.42389,18.96812,344.17,0.55,0.51,2026-10-01,1219,N20,nominal,2.0NRT,295.46,8.68,D
45.42446,18.96699,342.74,0.56,0.51,2026-10-01,1219,N20,nominal,2.0NRT,295,7.23,D
45.55254,20.5753,332.71,0.33,0.56,2026-10-01,1219,N20,nominal,2.0NRT,301.13,2.24,D
45.57592,20.62994,340.41,0.34,0.56,2026-10-01,1219,N20,nominal,2.0NRT,301.2,2.57,D
45.53994,19.35313,342.18,0.58,0.52,2026-10-01,1219,N20,nominal,2.0NRT,294.68,25.12,D
45.53947,19.34561,351.91,0.58,0.52,2026-10-01,1219,N20,nominal,2.0NRT,302.43,25.12,D
45.539,19.3381,343.08,0.58,0.52,2026-10-01,1219,N20,nominal,2.0NRT,298.81,57.13,D
44.85831,12.09428,336.53,0.43,0.38,2026-10-01,1219,N20,nominal,2.0NRT,291.34,2.18,D
45.54477,19.35258,353.87,0.58,0.52,2026-10-01,1219,N20,nominal,2.0NRT,300.87,25.12,D
45.55398,19.34396,343.86,0.58,0.52,2026-10-01,1219,N20,nominal,2.0NRT,295.49,12.68,D
45.55351,19.33644,338.13,0.58,0.52,2026-10-01,1219,N20,nominal,2.0NRT,293.81,8.78,D
45.53811,19.34618,346.37,0.58,0.52,2026-10-01,1219,N20,nominal,2.0NRT,294.42,27.76,D
45.53768,19.33866,342.51,0.58,0.52,2026-10-01,1219,N20,nominal,2.0NRT,295.92,27.76,D
45.54337,19.35316,355.42,0.58,0.52,2026-10-01,1219,N20,nominal,2.0NRT,300.93,30.62,D
45.54295,19.34563,352.05,0.58,0.52,2026-10-01,1219,N20,nominal,2.0NRT,301.53,27.76,D
45.55262,19.3445,341.15,0.58,0.52,2026-10-01,1219,N20,nominal,2.0NRT,295.02,7.91,D
45.55746,19.34393,335.28,0.58,0.52,2026-10-01,1219,N20,nominal,2.0NRT,293.81,8.57,D
45.55703,19.33639,339.12,0.58,0.52,2026-10-01,1219,N20,nominal,2.0NRT,294.8,8.57,D
44.91813,12.10537,335.11,0.43,0.38,2026-10-01,1219,N20,nominal,2.0NRT,291.53,3.44,D
44.92293,12.1153,330.62,0.43,0.38,2026-10-01,1219,N20,nominal,2.0NRT,293.16,1.94,D
45.5983,19.29377,348.7,0.58,0.52,2026-10-01,1219,N20,nominal,2.0NRT,299.56,9.33,D
45.57101,18.10477,328.91,0.51,0.49,2026-10-01,1219,N20,nominal,2.0NRT,298.98,2.25,D
45.97445,25.1279,367,0.56,0.69,2026-10-01,1219,N20,high,2.0NRT,301.98,28.14,D
45.97609,25.13219,339,0.56,0.69,2026-10-01,1219,N20,nominal,2.0NRT,293.48,14.96,D
45.97604,25.12491,352.97,0.56,0.69,2026-10-01,1219,N20,nominal,2.0NRT,299.96,20.77,D
46.41926,27.18622,352.93,0.71,0.75,2026-10-01,1219,N20,nominal,2.0NRT,293.33,9.61,D
46.42654,24.82659,335.92,0.54,0.68,2026-10-01,1219,N20,nominal,2.0NRT,296.03,5.59,D
45.66308,11.41337,342.7,0.42,0.37,2026-10-01,1219,N20,nominal,2.0NRT,277.43,14.49,D
45.66206,11.41169,343.46,0.42,0.37,2026-10-01,1219,N20,nominal,2.0NRT,276.64,8.34,D
45.66548,11.41079,329.96,0.42,0.37,2026-10-01,1219,N20,nominal,2.0NRT,272.01,8.34,D
46.25566,16.68944,335.12,0.44,0.46,2026-10-01,1219,N20,nominal,2.0NRT,299.42,4.47,D
46.2552,16.68366,339.86,0.44,0.46,2026-10-01,1219,N20,nominal,2.0NRT,302.03,4.47,D
46.3895,16.65361,340.56,0.44,0.46,2026-10-01,1219,N20,nominal,2.0NRT,300.81,5.34,D
46.89348,20.9408,344.73,0.36,0.57,2026-10-01,1219,N20,nominal,2.0NRT,294.4,4.14,D
43.52619,-5.73345,325.19,0.46,0.64,2026-10-01,1221,N20,nominal,2.0NRT,293.09,3.49,D
43.53654,-5.82604,352.97,0.47,0.64,2026-10-01,1221,N20,nominal,2.0NRT,288.58,4.28,D
43.54192,-5.82944,333.35,0.47,0.64,2026-10-01,1221,N20,nominal,2.0NRT,289.58,4.49,D
48.60716,21.18261,351.57,0.38,0.58,2026-10-01,1221,N20,nominal,2.0NRT,288.63,4.54,D
48.27517,14.34197,336.15,0.55,0.43,2026-10-01,1221,N20,nominal,2.0NRT,300.71,5.83,D
48.27447,14.33446,327.51,0.55,0.43,2026-10-01,1221,N20,nominal,2.0NRT,296.73,5.83,D
48.27378,14.32699,334.8,0.55,0.43,2026-10-01,1221,N20,nominal,2.0NRT,297.93,4.66,D
50.3415,19.33513,340.36,0.32,0.55,2026-10-01,1221,N20,nominal,2.0NRT,289.33,2.87,D
51.04654,2.3186,334.72,0.43,0.38,2026-10-01,1221,N20,nominal,2.0NRT,288.06,5.58,D
52.48302,4.59246,325.81,0.39,0.36,2026-10-01,1221,N20,nominal,2.0NRT,292.66,1.85,D
52.49313,4.61185,341.67,0.39,0.36,2026-10-01,1221,N20,nominal,2.0NRT,294.77,7.27,D
51.55536,-0.59331,325.35,0.51,0.41,2026-10-01,1221,N20,nominal,2.0NRT,291.63,1.41,D
52.33887,0.44725,331.78,0.46,0.39,2026-10-01,1221,N20,nominal,2.0NRT,295.78,3.14,D
52.3403,0.44551,333.41,0.46,0.39,2026-10-01,1221,N20,nominal,2.0NRT,295.57,4.1,D
52.46019,0.83302,329.01,0.45,0.39,2026-10-01,1221,N20,nominal,2.0NRT,291.37,1.87,D
51.85529,-2.76635,333.34,0.4,0.44,2026-10-01,1221,N20,nominal,2.0NRT,290.25,3.53,D
53.56628,-0.59644,327.71,0.47,0.39,2026-10-01,1223,N20,nominal,2.0NRT,293.69,2.83,D
40.735,-5.60251,338.01,0.55,0.51,2026-10-01,1359,N20,nominal,2.0NRT,295.57,6.42,D
40.73642,-5.6044,341.59,0.55,0.51,2026-10-01,1359,N20,nominal,2.0NRT,295.82,8.14,D
41.29807,-8.31746,326.92,0.4,0.45,2026-10-01,1401,N20,nominal,2.0NRT,292.81,1.11,D
42.60724,-1.68699,367,0.46,0.63,2026-10-01,1401,N20,high,2.0NRT,290.15,19.36,D
43.52498,-5.72777,341.85,0.58,0.52,2026-10-01,1401,N20,nominal,2.0NRT,293.53,24.26,D
48.52271,34.63021,296.96,0.41,0.61,2026-10-01,2254,N20,nominal,2.0NRT,264.06,0.52,N
46.78816,33.29702,296.88,0.46,0.64,2026-10-01,2254,N20,nominal,2.0NRT,279.69,0.54,N
46.7906,33.29897,300.33,0.46,0.64,2026-10-01,2254,N20,nominal,2.0NRT,279.7,0.33,N
46.73717,33.54771,302.89,0.45,0.63,2026-10-01,2254,N20,nominal,2.0NRT,280.07,1.1,N
45.35689,30.89952,311.97,0.6,0.7,2026-10-01,2257,N20,nominal,2.0NRT,286.25,1.94,N
45.25949,31.66515,344.8,0.55,0.68,2026-10-01,2257,N20,nominal,2.0NRT,286.49,3.83,N
45.25941,31.67229,303.04,0.55,0.68,2026-10-01,2257,N20,nominal,2.0NRT,286.16,3.83,N
45.25711,31.67055,337.04,0.55,0.68,2026-10-01,2257,N20,nominal,2.0NRT,287.8,3.85,N
45.25722,31.66341,315.6,0.55,0.68,2026-10-01,2257,N20,nominal,2.0NRT,285.83,3.85,N
41.17459,32.63,301.74,0.46,0.64,2026-10-01,2257,N20,nominal,2.0NRT,280.91,1.06,N
39.94735,33.1896,301.34,0.42,0.61,2026-10-01,2257,N20,nominal,2.0NRT,280.16,1.09,N
36.26566,33.72471,299.31,0.37,0.58,2026-10-01,2259,N20,nominal,2.0NRT,282.96,1.77,N
36.2654,33.72868,309.86,0.37,0.58,2026-10-01,2259,N20,nominal,2.0NRT,285.68,1.95,N
59.52974,34.14346,303.76,0.48,0.64,2026-10-01,2250,N20,nominal,2.0NRT,275.54,2.52,N
45.95027,25.28013,296.67,0.41,0.37,2026-10-02,0035,N20,nominal,2.0NRT,277.4,0.66,N
45.80756,24.06511,339.22,0.39,0.36,2026-10-02,0035,N20,nominal,2.0NRT,286.57,12.06,N
45.8043,24.06397,304.64,0.39,0.36,2026-10-02,0035,N20,nominal,2.0NRT,276.02,1.42,N
45.95547,22.86935,303.38,0.38,0.36,2026-10-02,0035,N20,nominal,2.0NRT,279.87,0.43,N
66.31383,14.17082,310.64,0.34,0.56,2026-10-02,0030,N20,nominal,2.0NRT,280.67,0.99,N
46.0494,21.1767,295.23,0.4,0.37,2026-10-02,0035,N20,nominal,2.0NRT,280.12,0.58,N
65.76768,24.19078,338.34,0.54,0.42,2026-10-02,0030,N20,nominal,2.0NRT,283.81,4.07,N
45.12277,25.41825,305.67,0.41,0.37,2026-10-02,0035,N20,nominal,2.0NRT,278.44,1.47,N
45.47201,20.66281,296.86,0.4,0.37,2026-10-02,0035,N20,nominal,2.0NRT,277.16,0.38,N
65.76385,24.18878,305.21,0.54,0.42,2026-10-02,0030,N20,nominal,2.0NRT,284.96,4.07,N
45.46816,20.6406,305.99,0.4,0.37,2026-10-02,0035,N20,nominal,2.0NRT,277.24,0.84,N
65.5657,22.21338,324.05,0.4,0.44,2026-10-02,0030,N20,nominal,2.0NRT,282.6,2.98,N
45.46694,20.62441,338.72,0.4,0.37,2026-10-02,0035,N20,nominal,2.0NRT,279.72,2.4,N
65.56507,22.22196,312.55,0.4,0.44,2026-10-02,0030,N20,nominal,2.0NRT,281.67,2.27,N
45.46482,20.63966,315.89,0.4,0.37,2026-10-02,0035,N20,nominal,2.0NRT,277.46,1.39,N
65.56278,22.21388,322.14,0.4,0.44,2026-10-02,0030,N20,nominal,2.0NRT,281.46,1.74,N
45.4636,20.62346,295.58,0.4,0.37,2026-10-02,0035,N20,nominal,2.0NRT,275.97,2.4,N
65.56213,22.22242,310.81,0.4,0.44,2026-10-02,0030,N20,nominal,2.0NRT,281.79,1.74,N
45.45955,20.62761,296.44,0.4,0.37,2026-10-02,0035,N20,nominal,2.0NRT,276.75,0.47,N
64.6641,21.27662,295.36,0.41,0.45,2026-10-02,0030,N20,nominal,2.0NRT,280.81,1.07,N
45.44456,20.66032,295.77,0.4,0.37,2026-10-02,0035,N20,nominal,2.0NRT,277.91,0.52,N
64.66347,21.28526,300.01,0.41,0.45,2026-10-02,0030,N20,nominal,2.0NRT,283.4,1.25,N
45.24163,20.77731,306.4,0.4,0.37,2026-10-02,0035,N20,nominal,2.0NRT,277.51,1.07,N
45.71711,16.39211,297.66,0.55,0.42,2026-10-02,0035,N20,nominal,2.0NRT,274.2,0.62,N
44.24273,26.33195,298.32,0.45,0.39,2026-10-02,0035,N20,nominal,2.0NRT,279.63,1.24,N
45.19447,20.68351,306.52,0.4,0.37,2026-10-02,0035,N20,nominal,2.0NRT,280.7,1.39,N
45.19113,20.68257,317.13,0.4,0.37,2026-10-02,0035,N20,nominal,2.0NRT,280.21,1.39,N
45.19041,20.6876,313.7,0.4,0.37,2026-10-02,0035,N20,nominal,2.0NRT,280.81,1.39,N
45.18827,20.70269,312.15,0.4,0.37,2026-10-02,0035,N20,nominal,2.0NRT,280.26,1.56,N
44.24379,26.33056,308.58,0.45,0.39,2026-10-02,0035,N20,nominal,2.0NRT,279.41,1.27,N
45.18423,20.70678,303.37,0.4,0.37,2026-10-02,0035,N20,nominal,2.0NRT,279.69,0.92,N
44.90772,22.47969,307.97,0.38,0.36,2026-10-02,0035,N20,nominal,2.0NRT,281.39,1.11,N
60.19197,29.10121,306.72,0.39,0.36,2026-10-02,0033,N20,nominal,2.0NRT,278.27,0.63,N
44.90696,22.48449,318.64,0.38,0.36,2026-10-02,0035,N20,nominal,2.0NRT,281.94,1.64,N
59.38503,28.45903,323.85,0.39,0.36,2026-10-02,0033,N20,nominal,2.0NRT,279.69,2.19,N
44.90746,22.45954,298.35,0.38,0.36,2026-10-02,0035,N20,nominal,2.0NRT,281.06,0.4,N
58.67524,17.1306,313.92,0.47,0.48,2026-10-02,0033,N20,nominal,2.0NRT,283.97,1.31,N
44.9037,22.48347,316.98,0.38,0.36,2026-10-02,0035,N20,nominal,2.0NRT,283.07,1.3,N
58.67609,17.1339,312.1,0.47,0.48,2026-10-02,0033,N20,nominal,2.0NRT,283.74,1.18,N
44.90294,22.48826,307.62,0.38,0.36,2026-10-02,0035,N20,nominal,2.0NRT,281.12,1.3,N
57.70874,18.80335,302.54,0.4,0.44,2026-10-02,0033,N20,nominal,2.0NRT,285.96,0.5,N
45.15662,20.73032,302.33,0.4,0.37,2026-10-02,0035,N20,nominal,2.0NRT,277.72,0.62,N
55.18016,34.27728,297.18,0.5,0.41,2026-10-02,0033,N20,nominal,2.0NRT,267.93,0.76,N
44.88685,22.50335,320.44,0.38,0.36,2026-10-02,0035,N20,nominal,2.0NRT,282.81,2.12,N
55.17908,34.27866,301.09,0.5,0.41,2026-10-02,0033,N20,nominal,2.0NRT,268.04,0.94,N
44.88609,22.50815,320.7,0.38,0.36,2026-10-02,0035,N20,nominal,2.0NRT,282.94,2.05,N
55.50454,28.58776,300.56,0.39,0.36,2026-10-02,0035,N20,nominal,2.0NRT,276.91,0.74,N
45.09758,21.11709,305.25,0.39,0.36,2026-10-02,0035,N20,nominal,2.0NRT,276.99,0.62,N
56.3135,22.91389,298.18,0.44,0.38,2026-10-02,0035,N20,nominal,2.0NRT,282.2,0.75,N
44.89368,22.46019,298.72,0.38,0.36,2026-10-02,0035,N20,nominal,2.0NRT,279.4,0.47,N
45.09428,21.11613,298.29,0.39,0.36,2026-10-02,0035,N20,nominal,2.0NRT,276.52,0.62,N
44.89042,22.45917,304.71,0.38,0.36,2026-10-02,0035,N20,nominal,2.0NRT,280.98,0.47,N
45.16529,20.57053,299.49,0.4,0.37,2026-10-02,0035,N20,nominal,2.0NRT,276.69,0.56,N
45.45336,18.03525,295.09,0.47,0.4,2026-10-02,0035,N20,nominal,2.0NRT,282.13,0.39,N
44.98611,21.18139,302.3,0.39,0.36,2026-10-02,0035,N20,nominal,2.0NRT,278.88,0.77,N
45.07928,20.48274,297.76,0.4,0.37,2026-10-02,0035,N20,nominal,2.0NRT,276.73,1.37,N
44.76954,22.31495,303.27,0.38,0.36,2026-10-02,0035,N20,nominal,2.0NRT,284.47,1.32,N
52.33896,32.65211,299.1,0.52,0.41,2026-10-02,0035,N20,nominal,2.0NRT,265.39,0.63,N
44.76628,22.31393,313.1,0.38,0.36,2026-10-02,0035,N20,nominal,2.0NRT,284.5,1.03,N
52.33583,32.65061,297.31,0.52,0.41,2026-10-02,0035,N20,nominal,2.0NRT,265.34,1.43,N
44.76553,22.31871,303.38,0.38,0.36,2026-10-02,0035,N20,nominal,2.0NRT,285.05,1.03,N
52.84758,29.99178,316.21,0.43,0.38,2026-10-02,0035,N20,nominal,2.0NRT,273.96,2.19,N
44.76477,22.3235,307.3,0.38,0.36,2026-10-02,0035,N20,nominal,2.0NRT,285.14,1.49,N
44.76226,22.31769,308.68,0.38,0.36,2026-10-02,0035,N20,nominal,2.0NRT,284.83,1.03,N
44.76151,22.32247,317.84,0.38,0.36,2026-10-02,0035,N20,nominal,2.0NRT,285.47,1.49,N
44.74168,22.36144,308.17,0.38,0.36,2026-10-02,0035,N20,nominal,2.0NRT,283.12,0.86,N
45.08656,19.49584,307.54,0.42,0.38,2026-10-02,0035,N20,nominal,2.0NRT,278.71,0.69,N
45.06443,19.61059,308.98,0.42,0.38,2026-10-02,0035,N20,nominal,2.0NRT,279.26,0.96,N
45.0624,19.59913,321.51,0.42,0.38,2026-10-02,0035,N20,nominal,2.0NRT,279.61,2.86,N
45.06101,19.60967,312.62,0.42,0.38,2026-10-02,0035,N20,nominal,2.0NRT,279.24,1,N
45.02789,19.78022,307.15,0.41,0.37,2026-10-02,0035,N20,nominal,2.0NRT,280.36,1.32,N
45.02518,19.77407,299.93,0.41,0.37,2026-10-02,0035,N20,nominal,2.0NRT,279.73,1.01,N
45.04815,19.46371,306.87,0.42,0.38,2026-10-02,0035,N20,nominal,2.0NRT,279.19,0.98,N
45.04472,19.46281,296.77,0.42,0.38,2026-10-02,0035,N20,nominal,2.0NRT,277.4,0.57,N
45.03648,19.49912,304.11,0.42,0.38,2026-10-02,0035,N20,nominal,2.0NRT,278.51,1.01,N
45.02256,19.42819,295.83,0.42,0.38,2026-10-02,0035,N20,nominal,2.0NRT,278.1,0.67,N
44.51192,22.79128,297.24,0.38,0.36,2026-10-02,0035,N20,nominal,2.0NRT,283.78,1.19,N
53.26097,24.45041,296.09,0.39,0.36,2026-10-02,0035,N20,nominal,2.0NRT,276.24,0.86,N
45.00681,19.38551,299.15,0.42,0.38,2026-10-02,0035,N20,nominal,2.0NRT,278.69,0.78,N
51.89237,29.34337,299.16,0.43,0.38,2026-10-02,0035,N20,nominal,2.0NRT,270.73,0.66,N
44.85464,19.92367,301.23,0.41,0.37,2026-10-02,0035,N20,nominal,2.0NRT,275.56,1.01,N
44.77268,20.11377,296.51,0.41,0.37,2026-10-02,0035,N20,nominal,2.0NRT,276.03,0.43,N
51.89017,29.33571,296.92,0.43,0.38,2026-10-02,0035,N20,nominal,2.0NRT,271.65,0.66,N
44.74575,20.10646,297.71,0.41,0.37,2026-10-02,0035,N20,nominal,2.0NRT,276.56,0.47,N
51.88682,29.33402,311.47,0.43,0.38,2026-10-02,0035,N20,nominal,2.0NRT,271.58,1.3,N
45.51825,11.49885,300.57,0.61,0.53,2026-10-02,0035,N20,nominal,2.0NRT,284.65,1.19,N
43.75694,23.94663,304.44,0.4,0.37,2026-10-02,0035,N20,nominal,2.0NRT,276.15,0.85,N
44.52779,18.52367,295.84,0.44,0.39,2026-10-02,0035,N20,nominal,2.0NRT,280.38,0.47,N
50.3307,34.27885,336.62,0.44,0.46,2026-10-02,0035,N20,nominal,2.0NRT,264.73,3.48,N
44.529,18.07633,316.29,0.46,0.39,2026-10-02,0035,N20,nominal,2.0NRT,281.06,2.3,N
44.52544,18.07542,309.38,0.46,0.39,2026-10-02,0035,N20,nominal,2.0NRT,280.5,2.05,N
43.08718,24.17513,296.43,0.41,0.37,2026-10-02,0035,N20,nominal,2.0NRT,280.39,0.45,N
52.58414,19.66292,307.83,0.49,0.41,2026-10-02,0035,N20,nominal,2.0NRT,283.34,1.31,N
41.26888,31.42166,308.21,0.58,0.52,2026-10-02,0035,N20,nominal,2.0NRT,283.47,3.37,N
52.58334,19.66368,300.62,0.49,0.41,2026-10-02,0035,N20,nominal,2.0NRT,282.31,0.98,N
41.26722,31.4282,302.87,0.58,0.52,2026-10-02,0035,N20,nominal,2.0NRT,284.1,1.91,N
41.25682,31.40902,305.4,0.57,0.52,2026-10-02,0035,N20,nominal,2.0NRT,282.1,1.85,N
41.25516,31.41555,304.33,0.58,0.52,2026-10-02,0035,N20,nominal,2.0NRT,282.66,1.85,N
52.49432,4.61111,299.78,0.68,0.74,2026-10-02,0035,N20,nominal,2.0NRT,283.63,1.33,N
42.71441,24.17376,325.93,0.41,0.37,2026-10-02,0035,N20,nominal,2.0NRT,280.49,1.66,N
52.48694,4.5909,306.04,0.68,0.74,2026-10-02,0035,N20,nominal,2.0NRT,283.71,2.95,N
43.63655,17.59963,301.76,0.47,0.39,2026-10-02,0035,N20,nominal,2.0NRT,275.12,1.15,N
50.88217,26.4637,295.99,0.39,0.36,2026-10-02,0035,N20,nominal,2.0NRT,277.32,0.37,N
43.54339,16.43965,296.57,0.51,0.41,2026-10-02,0035,N20,nominal,2.0NRT,283.48,0.59,N
42.59679,22.39136,306.21,0.39,0.36,2026-10-02,0037,N20,nominal,2.0NRT,276.72,0.8,N
41.79709,26.70139,300.45,0.51,0.41,2026-10-02,0037,N20,nominal,2.0NRT,283.15,0.98,N
52.17563,14.61287,325.35,0.51,0.49,2026-10-02,0035,N20,nominal,2.0NRT,281.24,2.85,N
40.75969,29.75969,304.11,0.49,0.49,2026-10-02,0037,N20,nominal,2.0NRT,284.7,1.59,N
52.17015,14.62705,296.48,0.51,0.49,2026-10-02,0035,N20,nominal,2.0NRT,279.27,0.95,N
41.02237,28.5576,297.47,0.42,0.45,2026-10-02,0037,N20,nominal,2.0NRT,284.13,0.41,N
52.16652,14.61128,295.76,0.51,0.49,2026-10-02,0035,N20,nominal,2.0NRT,278.36,1.52,N
41.01949,28.551,297.23,0.42,0.45,2026-10-02,0037,N20,nominal,2.0NRT,283.1,0.51,N
41.60379,25.418,299.97,0.46,0.39,2026-10-02,0037,N20,nominal,2.0NRT,280.74,0.77,N
51.14037,23.55289,305.54,0.39,0.36,2026-10-02,0035,N20,nominal,2.0NRT,279.16,1.06,N
42.07365,21.73568,295.07,0.38,0.36,2026-10-02,0037,N20,nominal,2.0NRT,281.34,0.61,N
43.44868,4.89016,306.27,0.63,0.72,2026-10-02,0037,N20,nominal,2.0NRT,284.03,1.91,N
43.44862,4.89818,295.92,0.63,0.72,2026-10-02,0037,N20,nominal,2.0NRT,283.68,1.24,N
50.54366,26.26227,310.01,0.39,0.36,2026-10-02,0035,N20,nominal,2.0NRT,281.05,1.91,N
43.44211,4.87393,298.54,0.63,0.72,2026-10-02,0037,N20,nominal,2.0NRT,283.75,1.13,N
51.68726,15.9802,314.79,0.44,0.46,2026-10-02,0035,N20,nominal,2.0NRT,285.46,2.82,N
43.44205,4.88196,304.56,0.63,0.72,2026-10-02,0037,N20,nominal,2.0NRT,283.89,1.71,N
51.88924,4.2423,296.33,0.7,0.75,2026-10-02,0035,N20,nominal,2.0NRT,282.79,1.14,N
43.44199,4.88999,301.37,0.63,0.72,2026-10-02,0037,N20,nominal,2.0NRT,284.07,1.71,N
40.26218,30.04354,295.2,0.52,0.5,2026-10-02,0037,N20,nominal,2.0NRT,282.31,0.84,N
50.92935,21.6754,311.91,0.42,0.38,2026-10-02,0035,N20,nominal,2.0NRT,284.08,1.42,N
40.92579,26.50399,298.67,0.52,0.41,2026-10-02,0037,N20,nominal,2.0NRT,282.61,0.6,N
50.94139,21.44388,309.1,0.42,0.38,2026-10-02,0035,N20,nominal,2.0NRT,278.82,0.94,N
40.92208,26.50268,296.91,0.52,0.41,2026-10-02,0037,N20,nominal,2.0NRT,282.31,0.6,N
50.82784,20.27332,298.45,0.45,0.39,2026-10-02,0035,N20,nominal,2.0NRT,282.86,0.72,N
40.91838,26.50136,315.37,0.52,0.41,2026-10-02,0037,N20,nominal,2.0NRT,282.99,1.65,N
51.18269,16.11568,300.86,0.43,0.46,2026-10-02,0035,N20,nominal,2.0NRT,282.93,1.07,N
41.0662,25.49113,297.51,0.47,0.4,2026-10-02,0037,N20,nominal,2.0NRT,283.88,0.47,N
51.48307,6.69959,314.29,0.55,0.68,2026-10-02,0035,N20,nominal,2.0NRT,283.37,2.81,N
41.40531,22.72504,302.8,0.39,0.36,2026-10-02,0037,N20,nominal,2.0NRT,276.62,0.94,N
51.4831,6.70782,316.13,0.55,0.68,2026-10-02,0035,N20,nominal,2.0NRT,283.91,2.81,N
42.57287,12.67655,300.06,0.5,0.49,2026-10-02,0037,N20,nominal,2.0NRT,283.53,0.9,N
51.48312,6.71592,315.2,0.55,0.68,2026-10-02,0035,N20,nominal,2.0NRT,284.06,2.65,N
40.44524,27.13952,296.55,0.56,0.43,2026-10-02,0037,N20,nominal,2.0NRT,285.32,0.65,N
50.79971,19.18669,297.32,0.49,0.4,2026-10-02,0035,N20,nominal,2.0NRT,282.28,0.63,N
41.7695,19.67193,308.43,0.4,0.37,2026-10-02,0037,N20,nominal,2.0NRT,290.01,0.75,N
50.79827,19.18617,300.21,0.49,0.4,2026-10-02,0035,N20,nominal,2.0NRT,282.28,1.14,N
41.76617,19.67104,319.47,0.4,0.37,2026-10-02,0037,N20,nominal,2.0NRT,290.67,1.26,N
41.45967,20.16482,331.3,0.39,0.36,2026-10-02,0037,N20,nominal,2.0NRT,285.5,2.13,N
51.36673,6.69952,311.26,0.55,0.68,2026-10-02,0035,N20,nominal,2.0NRT,284.82,2.49,N
41.46037,20.1601,315.48,0.39,0.36,2026-10-02,0037,N20,nominal,2.0NRT,284.35,2.13,N
51.36675,6.70768,301.4,0.55,0.68,2026-10-02,0035,N20,nominal,2.0NRT,284.65,2.05,N
41.45663,20.16663,313.03,0.39,0.36,2026-10-02,0037,N20,nominal,2.0NRT,283.76,1.45,N
51.36503,6.70269,303.4,0.55,0.68,2026-10-02,0035,N20,nominal,2.0NRT,283.51,1.62,N
41.51303,19.76109,298.24,0.39,0.36,2026-10-02,0037,N20,nominal,2.0NRT,287.65,0.32,N
51.17653,3.80808,319.54,0.73,0.76,2026-10-02,0035,N20,nominal,2.0NRT,284.54,4.46,N
42.22525,12.75314,311.92,0.49,0.49,2026-10-02,0037,N20,nominal,2.0NRT,285.72,2.08,N
51.16943,3.80847,302.96,0.73,0.76,2026-10-02,0035,N20,nominal,2.0NRT,282.26,4.46,N
42.01122,12.71288,304.74,0.49,0.49,2026-10-02,0037,N20,nominal,2.0NRT,286.91,0.73,N
51.1802,3.80534,303.27,0.73,0.76,2026-10-02,0035,N20,nominal,2.0NRT,282.88,2.26,N
41.12222,19.82344,297.98,0.39,0.36,2026-10-02,0037,N20,nominal,2.0NRT,286.72,0.34,N
51.17311,3.80582,333.33,0.73,0.76,2026-10-02,0035,N20,nominal,2.0NRT,284.92,4.91,N
41.1189,19.82261,337.9,0.39,0.36,2026-10-02,0037,N20,nominal,2.0NRT,294.12,4.81,N
51.17283,3.79482,313.41,0.73,0.76,2026-10-02,0035,N20,nominal,2.0NRT,283.03,7.84,N
41.11959,19.81792,305.24,0.39,0.36,2026-10-02,0037,N20,nominal,2.0NRT,288.47,1.94,N
51.16602,3.8062,305.03,0.73,0.76,2026-10-02,0035,N20,nominal,2.0NRT,282.23,4.91,N
41.11686,19.83657,319.09,0.39,0.36,2026-10-02,0037,N20,nominal,2.0NRT,288.27,1.48,N
50.53514,17.97635,295.79,0.54,0.42,2026-10-02,0035,N20,nominal,2.0NRT,282.2,0.89,N
41.11355,19.83574,318.49,0.39,0.36,2026-10-02,0037,N20,nominal,2.0NRT,286.53,1.48,N
50.34838,19.28465,297.27,0.48,0.4,2026-10-02,0035,N20,nominal,2.0NRT,285.04,0.6,N
41.11288,19.84032,306.6,0.39,0.36,2026-10-02,0037,N20,nominal,2.0NRT,285.78,1.02,N
50.34763,19.2914,299.06,0.48,0.4,2026-10-02,0035,N20,nominal,2.0NRT,282.88,0.6,N
41.11161,19.82558,333.99,0.39,0.36,2026-10-02,0037,N20,nominal,2.0NRT,288.78,2.82,N
50.34309,19.33193,298.02,0.48,0.4,2026-10-02,0035,N20,nominal,2.0NRT,282.51,1.06,N
41.11093,19.83022,354.98,0.39,0.36,2026-10-02,0037,N20,nominal,2.0NRT,298.06,19.3,N
50.34234,19.33862,305.45,0.48,0.4,2026-10-02,0035,N20,nominal,2.0NRT,285.76,1.54,N
41.11025,19.83481,351.59,0.39,0.36,2026-10-02,0037,N20,nominal,2.0NRT,306.3,19.3,N
50.34032,19.28937,297.07,0.48,0.4,2026-10-02,0035,N20,nominal,2.0NRT,282.4,1.2,N
41.10958,19.8394,312.33,0.39,0.36,2026-10-02,0037,N20,nominal,2.0NRT,294.23,17.2,N
50.33667,19.28836,336.87,0.48,0.4,2026-10-02,0035,N20,nominal,2.0NRT,288.55,4.98,N
41.08524,20.00456,296.7,0.39,0.36,2026-10-02,0037,N20,nominal,2.0NRT,285.6,0.39,N
50.33743,19.28163,303.35,0.48,0.4,2026-10-02,0035,N20,nominal,2.0NRT,286.55,4.98,N
41.10764,19.82924,327.91,0.39,0.36,2026-10-02,0037,N20,nominal,2.0NRT,289.15,19.3,N
50.42321,18.14168,314.53,0.53,0.42,2026-10-02,0035,N20,nominal,2.0NRT,282.38,1.32,N
41.10831,19.82463,307.57,0.39,0.36,2026-10-02,0037,N20,nominal,2.0NRT,287.16,2.82,N
50.42247,18.14913,295.95,0.53,0.42,2026-10-02,0035,N20,nominal,2.0NRT,280.95,1.32,N
39.86675,26.24023,297.69,0.53,0.42,2026-10-02,0037,N20,nominal,2.0NRT,284.28,1.11,N
50.41556,18.13973,302.06,0.53,0.42,2026-10-02,0035,N20,nominal,2.0NRT,283.4,2.15,N
39.86549,26.24625,306.94,0.53,0.42,2026-10-02,0037,N20,nominal,2.0NRT,286.38,1.11,N
50.81799,7.00783,317.15,0.53,0.67,2026-10-02,0035,N20,nominal,2.0NRT,283.84,2.72,N
41.55592,14.97574,304.97,0.56,0.43,2026-10-02,0037,N20,nominal,2.0NRT,279.98,1.29,N
50.76601,5.66673,300.03,0.61,0.71,2026-10-02,0035,N20,nominal,2.0NRT,283.16,1.13,N
41.42022,15.13274,338.12,0.55,0.43,2026-10-02,0037,N20,nominal,2.0NRT,283.94,2.94,N
50.20833,17.82288,299.31,0.54,0.42,2026-10-02,0035,N20,nominal,2.0NRT,278.08,0.9,N
41.41631,15.13187,298.56,0.55,0.43,2026-10-02,0037,N20,nominal,2.0NRT,283.49,2.94,N
50.03856,18.48815,309.69,0.51,0.41,2026-10-02,0035,N20,nominal,2.0NRT,279.36,1.08,N
41.49239,14.08131,306.83,0.41,0.45,2026-10-02,0037,N20,nominal,2.0NRT,284.37,0.95,N
48.9757,24.70812,314.73,0.39,0.36,2026-10-02,0035,N20,nominal,2.0NRT,279.73,2.09,N
41.28392,15.92393,302.01,0.51,0.41,2026-10-02,0037,N20,nominal,2.0NRT,285.61,0.86,N
49.68591,18.66378,295.54,0.5,0.41,2026-10-02,0035,N20,nominal,2.0NRT,281.88,0.62,N
41.18906,16.28275,296.44,0.49,0.4,2026-10-02,0037,N20,nominal,2.0NRT,285.55,0.36,N
49.68292,18.65592,328.21,0.5,0.41,2026-10-02,0035,N20,nominal,2.0NRT,283.92,2.23,N
41.44276,13.407,296.78,0.45,0.47,2026-10-02,0037,N20,nominal,2.0NRT,269.57,0.91,N
49.67921,18.65502,307.38,0.5,0.41,2026-10-02,0035,N20,nominal,2.0NRT,280.59,2.23,N
41.44219,13.41357,303.61,0.45,0.47,2026-10-02,0037,N20,nominal,2.0NRT,270.96,1.61,N
49.67849,18.66185,309.37,0.5,0.41,2026-10-02,0035,N20,nominal,2.0NRT,281.33,2.19,N
41.19554,15.45698,299.22,0.53,0.42,2026-10-02,0037,N20,nominal,2.0NRT,285.76,0.87,N
49.89481,15.63928,296.96,0.44,0.46,2026-10-02,0035,N20,nominal,2.0NRT,285.23,0.37,N
41.1995,15.44511,302.13,0.53,0.42,2026-10-02,0037,N20,nominal,2.0NRT,286.61,1.07,N
47.78839,29.03287,299.11,0.48,0.4,2026-10-02,0037,N20,nominal,2.0NRT,276.68,1.01,N
39.11883,27.52541,300.55,0.42,0.45,2026-10-02,0037,N20,nominal,2.0NRT,283.79,0.7,N
46.73858,33.55261,300.01,0.52,0.5,2026-10-02,0037,N20,nominal,2.0NRT,279.11,0.85,N
39.11573,27.51986,295.68,0.42,0.45,2026-10-02,0037,N20,nominal,2.0NRT,283.98,0.92,N
46.7359,33.54387,295.43,0.52,0.5,2026-10-02,0037,N20,nominal,2.0NRT,279.24,1.16,N
39.11473,27.52436,303.5,0.42,0.45,2026-10-02,0037,N20,nominal,2.0NRT,283.89,0.94,N
46.73426,33.55026,305.78,0.52,0.5,2026-10-02,0037,N20,nominal,2.0NRT,280.04,1.41,N
39.0936,27.50837,305.71,0.42,0.45,2026-10-02,0037,N20,nominal,2.0NRT,284.04,1.2,N
49.21901,16.77231,295.17,0.38,0.44,2026-10-02,0037,N20,nominal,2.0NRT,282.6,0.35,N
39.09253,27.51324,310.87,0.42,0.45,2026-10-02,0037,N20,nominal,2.0NRT,285.7,1.2,N
47.90479,26.03977,297.42,0.4,0.37,2026-10-02,0037,N20,nominal,2.0NRT,274.72,0.63,N
41.09247,14.51479,306.45,0.39,0.44,2026-10-02,0037,N20,nominal,2.0NRT,288,1.01,N
48.62084,21.19444,323.42,0.41,0.37,2026-10-02,0037,N20,nominal,2.0NRT,282.25,2.76,N
41.09196,14.52013,307.07,0.39,0.44,2026-10-02,0037,N20,nominal,2.0NRT,287.24,1.01,N
48.61334,21.19789,295.77,0.41,0.37,2026-10-02,0037,N20,nominal,2.0NRT,280.93,1.33,N
41.08841,14.51455,330.81,0.39,0.44,2026-10-02,0037,N20,nominal,2.0NRT,288.46,2.62,N
48.60997,21.19685,295.66,0.41,0.37,2026-10-02,0037,N20,nominal,2.0NRT,281.4,1.05,N
41.08892,14.50923,300.19,0.39,0.44,2026-10-02,0037,N20,nominal,2.0NRT,287.33,1.57,N
48.60877,21.17923,338.39,0.41,0.37,2026-10-02,0037,N20,nominal,2.0NRT,284.66,5.3,N
40.63,17.99939,309.18,0.42,0.38,2026-10-02,0037,N20,nominal,2.0NRT,289.38,0.9,N
48.60731,21.19028,300.64,0.41,0.37,2026-10-02,0037,N20,nominal,2.0NRT,283.67,1.05,N
40.84711,14.82872,310.38,0.56,0.43,2026-10-02,0037,N20,nominal,2.0NRT,286.03,1.19,N
48.60924,21.1778,333.48,0.41,0.37,2026-10-02,0037,N20,nominal,2.0NRT,283.74,4.19,N
40.8464,14.83581,296.96,0.56,0.43,2026-10-02,0037,N20,nominal,2.0NRT,284.95,1.19,N
48.60775,21.18885,299.8,0.41,0.37,2026-10-02,0037,N20,nominal,2.0NRT,282.94,2.63,N
40.62346,16.57074,298.53,0.47,0.4,2026-10-02,0037,N20,nominal,2.0NRT,286.23,0.66,N
48.60586,21.17677,329.31,0.41,0.37,2026-10-02,0037,N20,nominal,2.0NRT,283.05,4.19,N
40.50361,17.21609,312.57,0.45,0.39,2026-10-02,0037,N20,nominal,2.0NRT,292.58,1.67,N
48.60247,21.17573,301.45,0.41,0.37,2026-10-02,0037,N20,nominal,2.0NRT,277.18,0.76,N
38.7519,26.93875,321.78,0.4,0.44,2026-10-02,0037,N20,nominal,2.0NRT,286.71,1.62,N
48.59357,20.84262,295.87,0.42,0.37,2026-10-02,0037,N20,nominal,2.0NRT,280.77,0.57,N
38.74113,26.94929,310.08,0.4,0.44,2026-10-02,0037,N20,nominal,2.0NRT,287.78,0.96,N
49.50838,5.95689,297.55,0.59,0.7,2026-10-02,0037,N20,nominal,2.0NRT,281.12,1.55,N
38.74104,26.93018,316.07,0.4,0.44,2026-10-02,0037,N20,nominal,2.0NRT,286.99,1.65,N
49.50285,5.95186,296.88,0.59,0.7,2026-10-02,0037,N20,nominal,2.0NRT,282.07,0.68,N
38.73815,26.94346,301.39,0.4,0.44,2026-10-02,0037,N20,nominal,2.0NRT,287.48,1.1,N
49.36112,6.74422,301.12,0.54,0.68,2026-10-02,0037,N20,nominal,2.0NRT,283.73,1.85,N
38.73338,26.96544,307.23,0.4,0.44,2026-10-02,0037,N20,nominal,2.0NRT,285.51,0.74,N
49.35832,6.7442,303.37,0.54,0.68,2026-10-02,0037,N20,nominal,2.0NRT,284.27,1.38,N
38.45499,27.26124,299.23,0.42,0.45,2026-10-02,0037,N20,nominal,2.0NRT,287.06,0.59,N
49.24784,6.84248,325.47,0.53,0.67,2026-10-02,0037,N20,nominal,2.0NRT,283.84,3.15,N
38.4268,27.25136,300.69,0.42,0.45,2026-10-02,0037,N20,nominal,2.0NRT,284.97,0.4,N
48.00215,21.20374,311.94,0.41,0.37,2026-10-02,0037,N20,nominal,2.0NRT,283.06,1.25,N
48.45855,17.18914,303.78,0.54,0.42,2026-10-02,0037,N20,nominal,2.0NRT,279.31,1.59,N
38.42597,27.21602,311.21,0.41,0.45,2026-10-02,0037,N20,nominal,2.0NRT,287.36,1.28,N
48.2839,14.32787,301.32,0.48,0.48,2026-10-02,0037,N20,nominal,2.0NRT,274.82,1.21,N
48.279,14.33361,323.2,0.48,0.48,2026-10-02,0037,N20,nominal,2.0NRT,276.57,2.73,N
48.27853,14.34009,311.82,0.48,0.48,2026-10-02,0037,N20,nominal,2.0NRT,277.32,2.73,N
38.12863,23.52405,299.72,0.44,0.38,2026-10-02,0037,N20,nominal,2.0NRT,279.87,1.08,N
48.27805,14.34655,299.86,0.48,0.48,2026-10-02,0037,N20,nominal,2.0NRT,278.11,1.26,N
48.2741,14.33934,327.28,0.48,0.48,2026-10-02,0037,N20,nominal,2.0NRT,275.76,2.26,N
38.79771,15.21126,308.43,0.51,0.41,2026-10-02,0037,N20,nominal,2.0NRT,287.51,1.05,N
48.27457,14.33287,295.47,0.48,0.48,2026-10-02,0037,N20,nominal,2.0NRT,273.91,2.26,N
44.77285,33.85894,298.45,0.61,0.53,2026-10-02,0037,N20,nominal,2.0NRT,281.78,1.11,N
45.25976,31.66996,337.58,0.47,0.48,2026-10-02,0037,N20,nominal,2.0NRT,288.77,5.76,N
38.79382,15.21152,328.41,0.51,0.41,2026-10-02,0037,N20,nominal,2.0NRT,289.6,10.68,N
45.25838,31.67564,331.43,0.47,0.48,2026-10-02,0037,N20,nominal,2.0NRT,290.12,5.76,N
47.03676,22.33187,299,0.39,0.36,2026-10-02,0037,N20,nominal,2.0NRT,282.88,0.89,N
39.0808,9.01665,304.31,0.36,0.57,2026-10-02,0037,N20,nominal,2.0NRT,290.48,1.36,N
45.37493,30.92733,318.51,0.43,0.46,2026-10-02,0037,N20,nominal,2.0NRT,289.68,1.53,N
45.37453,30.92568,314.06,0.43,0.46,2026-10-02,0037,N20,nominal,2.0NRT,289.43,1.9,N
45.3581,30.90034,306.6,0.43,0.46,2026-10-02,0037,N20,nominal,2.0NRT,288.52,1.1,N
38.01175,14.82669,324.75,0.52,0.42,2026-10-02,0037,N20,nominal,2.0NRT,285.4,3.81,N
45.35687,30.9056,316.06,0.43,0.46,2026-10-02,0037,N20,nominal,2.0NRT,289.69,1.3,N
45.70514,29.15905,297.15,0.54,0.42,2026-10-02,0037,N20,nominal,2.0NRT,280.27,0.63,N
37.95905,13.83974,314.17,0.39,0.44,2026-10-02,0037,N20,nominal,2.0NRT,288.76,1.63,N
37.75443,14.99302,299.78,0.51,0.41,2026-10-02,0037,N20,nominal,2.0NRT,275.7,0.51,N
37.74873,15.04245,298.9,0.51,0.41,2026-10-02,0037,N20,nominal,2.0NRT,286.13,2.28,N
37.87814,13.1389,297.77,0.42,0.45,2026-10-02,0037,N20,nominal,2.0NRT,286.13,0.52,N
37.86938,12.88103,313.52,0.43,0.46,2026-10-02,0037,N20,nominal,2.0NRT,288.58,0.98,N
37.86894,12.88566,299.13,0.43,0.46,2026-10-02,0037,N20,nominal,2.0NRT,287.91,0.98,N
37.439,15.02683,321.17,0.5,0.41,2026-10-02,0037,N20,nominal,2.0NRT,287.59,1.81,N
37.43833,15.03254,301.02,0.5,0.41,2026-10-02,0037,N20,nominal,2.0NRT,289.4,1.81,N
37.34695,15.09004,311.62,0.5,0.41,2026-10-02,0037,N20,nominal,2.0NRT,290.04,1.35,N
37.21091,15.16747,302.93,0.49,0.41,2026-10-02,0037,N20,nominal,2.0NRT,291.63,1.62,N
36.88206,6.93997,301.88,0.45,0.63,2026-10-02,0037,N20,nominal,2.0NRT,286.75,1.1,N
36.86874,6.97496,304.45,0.45,0.63,2026-10-02,0037,N20,nominal,2.0NRT,286.63,1.24,N
36.87654,6.93991,301.52,0.45,0.63,2026-10-02,0037,N20,nominal,2.0NRT,286.31,1.15,N
36.86884,6.9753,304.21,0.45,0.63,2026-10-02,0037,N20,nominal,2.0NRT,287.11,0.95,N
36.76503,7.30504,309.25,0.43,0.62,2026-10-02,0037,N20,nominal,2.0NRT,281.82,1.23,N
36.74568,6.25087,304.14,0.49,0.65,2026-10-02,0037,N20,nominal,2.0NRT,266.15,1.6,N
36.32661,9.62562,303.24,0.63,0.54,2026-10-02,0039,N20,nominal,2.0NRT,287.58,0.78,N
36.4325,6.61644,295.14,0.46,0.64,2026-10-02,0039,N20,nominal,2.0NRT,281.33,0.68,N
36.43224,6.62191,299.19,0.46,0.64,2026-10-02,0039,N20,nominal,2.0NRT,282.65,0.68,N
36.31439,8.57533,305.2,0.36,0.57,2026-10-02,0039,N20,nominal,2.0NRT,284.73,0.72,N
35.77686,9.88912,300.28,0.6,0.53,2026-10-02,0039,N20,nominal,2.0NRT,288.67,1.46,N
35.35302,5.75828,308.31,0.51,0.66,2026-10-02,0039,N20,nominal,2.0NRT,278.76,1.68,N
35.35304,5.76105,304.44,0.51,0.66,2026-10-02,0039,N20,nominal,2.0NRT,279.05,1.08,N
34.986,5.71621,300.27,0.51,0.66,2026-10-02,0039,N20,nominal,2.0NRT,287.56,2.69,N
43.55264,-5.86196,296.76,0.41,0.37,2026-10-02,0217,N20,nominal,2.0NRT,284.72,1.08,N
43.54174,-5.83343,320.65,0.41,0.37,2026-10-02,0217,N20,nominal,2.0NRT,287.19,2.07,N
60.61255,16.79115,299.14,0.4,0.45,2026-10-02,0211,N20,nominal,2.0NRT,281.49,1.06,N
43.52802,-5.73332,308.46,0.41,0.37,2026-10-02,0217,N20,nominal,2.0NRT,285.67,1.03,N
61.44798,2.14096,295.19,0.41,0.37,2026-10-02,0213,N20,nominal,2.0NRT,282.98,0.27,N
43.52733,-5.72835,300.39,0.41,0.37,2026-10-02,0217,N20,nominal,2.0NRT,286.75,1.03,N
60.54226,3.0448,315.95,0.39,0.36,2026-10-02,0213,N20,nominal,2.0NRT,283.73,1.1,N
43.53835,-5.83431,327.15,0.41,0.37,2026-10-02,0217,N20,nominal,2.0NRT,283.81,3.15,N
43.52464,-5.73422,295.91,0.41,0.37,2026-10-02,0217,N20,nominal,2.0NRT,285.61,0.86,N
60.49076,2.82737,295.41,0.39,0.36,2026-10-02,0213,N20,nominal,2.0NRT,283.28,0.32,N
43.52396,-5.72922,318.59,0.41,0.37,2026-10-02,0217,N20,nominal,2.0NRT,285.27,0.86,N
60.46154,-1.26053,301.04,0.46,0.39,2026-10-02,0213,N20,nominal,2.0NRT,279.19,0.53,N
43.55994,-7.6605,331.58,0.46,0.39,2026-10-02,0217,N20,nominal,2.0NRT,280.62,5.28,N
59.54578,1.52709,304.64,0.4,0.37,2026-10-02,0213,N20,nominal,2.0NRT,283.47,0.85,N
37.8715,12.88011,297.62,0.79,0.78,2026-10-02,0217,N20,nominal,2.0NRT,281.9,1.24,N
59.54483,1.53405,311.04,0.4,0.37,2026-10-02,0213,N20,nominal,2.0NRT,283.7,0.85,N
40.24693,-3.47671,303.94,0.39,0.36,2026-10-02,0219,N20,nominal,2.0NRT,281.19,1.42,N
57.01052,1.83472,298.12,0.39,0.36,2026-10-02,0213,N20,nominal,2.0NRT,285.15,0.36,N
40.24617,-3.47221,300.77,0.39,0.36,2026-10-02,0219,N20,nominal,2.0NRT,274.62,1,N
52.57965,19.66752,298.72,0.49,0.65,2026-10-02,0213,N20,nominal,2.0NRT,280.16,0.84,N
36.58957,10.31462,300.85,0.64,0.72,2026-10-02,0219,N20,nominal,2.0NRT,287.42,1.1,N
50.93252,21.67194,300.66,0.67,0.74,2026-10-02,0213,N20,nominal,2.0NRT,281.1,1.27,N
36.50143,10.02322,297.86,0.62,0.71,2026-10-02,0219,N20,nominal,2.0NRT,285.46,0.58,N
50.92932,21.66961,299.31,0.67,0.74,2026-10-02,0213,N20,nominal,2.0NRT,280.79,1.11,N
40.29025,-8.42066,300.09,0.45,0.39,2026-10-02,0219,N20,nominal,2.0NRT,290.05,0.6,N
56.01093,-3.67078,300.2,0.47,0.4,2026-10-02,0213,N20,nominal,2.0NRT,278.76,0.98,N
36.86691,6.98389,301.12,0.42,0.61,2026-10-02,0219,N20,nominal,2.0NRT,279.6,1.4,N
52.17417,14.62729,311.83,0.33,0.55,2026-10-02,0213,N20,nominal,2.0NRT,265.37,1.34,N
36.86869,6.98118,299.33,0.42,0.61,2026-10-02,0219,N20,nominal,2.0NRT,280.24,1.25,N
52.1735,14.61055,308.98,0.33,0.55,2026-10-02,0213,N20,nominal,2.0NRT,264.17,1.1,N
39.68728,-8.90694,297.78,0.47,0.39,2026-10-02,0219,N20,nominal,2.0NRT,287.15,0.91,N
51.68813,15.97653,307.45,0.38,0.59,2026-10-02,0213,N20,nominal,2.0NRT,282.33,1.69,N
36.74607,6.25369,337.87,0.39,0.59,2026-10-02,0219,N20,nominal,2.0NRT,289.06,3.31,N
51.68341,15.99153,300.87,0.38,0.59,2026-10-02,0213,N20,nominal,2.0NRT,283.14,1.19,N
36.43391,6.62171,297.06,0.41,0.61,2026-10-02,0219,N20,nominal,2.0NRT,269.35,0.61,N
50.42036,18.15103,296.36,0.52,0.66,2026-10-02,0213,N20,nominal,2.0NRT,273.77,0.67,N
36.33353,5.48232,311.18,0.36,0.57,2026-10-02,0219,N20,nominal,2.0NRT,286.96,2.2,N
49.67869,18.66111,298.86,0.57,0.69,2026-10-02,0215,N20,nominal,2.0NRT,279.91,1.1,N
38.43449,-5.72117,296.68,0.39,0.36,2026-10-02,0219,N20,nominal,2.0NRT,285.99,0.36,N
38.37883,-6.4862,299.26,0.39,0.36,2026-10-02,0219,N20,nominal,2.0NRT,288.97,0.69,N
48.61202,21.17316,311.27,0.79,0.78,2026-10-02,0215,N20,nominal,2.0NRT,277.94,4.92,N
38.19304,-5.59202,301.26,0.38,0.36,2026-10-02,0219,N20,nominal,2.0NRT,288.1,0.68,N
48.60832,21.18253,314.81,0.79,0.78,2026-10-02,0215,N20,nominal,2.0NRT,281.3,6.43,N
38.32119,-6.72027,312.42,0.4,0.37,2026-10-02,0219,N20,nominal,2.0NRT,289.96,1.27,N
52.85448,6.45096,300.49,0.48,0.4,2026-10-02,0215,N20,nominal,2.0NRT,280.84,0.43,N
37.88076,-4.32892,299.45,0.39,0.36,2026-10-02,0219,N20,nominal,2.0NRT,289.11,0.27,N
52.20753,8.04465,302.77,0.55,0.43,2026-10-02,0215,N20,nominal,2.0NRT,276.13,1.05,N
38.50362,-8.93613,299.36,0.45,0.39,2026-10-02,0219,N20,nominal,2.0NRT,289.24,0.58,N
53.63519,-0.24683,302.01,0.39,0.36,2026-10-02,0215,N20,nominal,2.0NRT,287.49,1.76,N
35.878,4.44707,309.31,0.32,0.55,2026-10-02,0219,N20,nominal,2.0NRT,288.57,1.01,N
53.63434,-0.24106,314.12,0.39,0.36,2026-10-02,0215,N20,nominal,2.0NRT,286.05,1.32,N
35.71177,4.47492,299.47,0.33,0.55,2026-10-02,0219,N20,nominal,2.0NRT,287.4,0.31,N
53.57027,-0.6004,304.54,0.39,0.36,2026-10-02,0215,N20,nominal,2.0NRT,281.7,0.7,N
35.34937,5.7601,319.03,0.4,0.6,2026-10-02,0219,N20,nominal,2.0NRT,283.3,1.74,N
53.56699,-0.60175,324.52,0.39,0.36,2026-10-02,0215,N20,nominal,2.0NRT,282.75,2.1,N
37.14948,-3.66041,300.35,0.4,0.37,2026-10-02,0219,N20,nominal,2.0NRT,285.86,0.8,N
53.56615,-0.59593,301.22,0.39,0.36,2026-10-02,0215,N20,nominal,2.0NRT,283.83,1.25,N
35.09837,5.64442,298.65,0.39,0.6,2026-10-02,0219,N20,nominal,2.0NRT,285.91,1.05,N
52.49525,4.61184,324.09,0.43,0.38,2026-10-02,0215,N20,nominal,2.0NRT,287.23,1.4,N
35.09602,5.64761,302.26,0.4,0.6,2026-10-02,0219,N20,nominal,2.0NRT,287.19,0.81,N
52.49646,4.60569,304.69,0.43,0.38,2026-10-02,0215,N20,nominal,2.0NRT,283.22,1.4,N
34.98456,5.71795,299.79,0.4,0.6,2026-10-02,0219,N20,nominal,2.0NRT,287.28,0.89,N
52.49405,4.61797,311.18,0.43,0.38,2026-10-02,0215,N20,nominal,2.0NRT,285.71,2.19,N
34.98029,5.71205,299.98,0.4,0.6,2026-10-02,0219,N20,nominal,2.0NRT,286.23,0.89,N
52.49189,4.61005,300.13,0.43,0.38,2026-10-02,0215,N20,nominal,2.0NRT,285.15,1.4,N
34.70563,5.2543,295.49,0.38,0.59,2026-10-02,0219,N20,nominal,2.0NRT,280.78,0.33,N
52.48542,4.5863,327.66,0.43,0.38,2026-10-02,0215,N20,nominal,2.0NRT,286.95,1.43,N
36.17753,-5.42199,300.36,0.39,0.36,2026-10-02,0219,N20,nominal,2.0NRT,289.74,0.61,N
52.48422,4.59241,311.39,0.43,0.38,2026-10-02,0215,N20,nominal,2.0NRT,286.82,1.43,N
52.48301,4.59855,298.75,0.43,0.38,2026-10-02,0215,N20,nominal,2.0NRT,288.12,1.11,N
52.48085,4.59064,300.49,0.43,0.38,2026-10-02,0215,N20,nominal,2.0NRT,286.54,1.43,N
52.47869,4.58275,303.39,0.43,0.38,2026-10-02,0215,N20,nominal,2.0NRT,285.87,1.13,N
52.47263,4.61345,298.68,0.43,0.38,2026-10-02,0215,N20,nominal,2.0NRT,285.78,1.22,N
53.22023,0.3328,310.5,0.38,0.36,2026-10-02,0215,N20,nominal,2.0NRT,279.89,1.04,N
51.50375,6.73489,296.46,0.52,0.41,2026-10-02,0215,N20,nominal,2.0NRT,285.7,0.97,N
51.50168,6.72576,300.03,0.52,0.41,2026-10-02,0215,N20,nominal,2.0NRT,288.65,1.22,N
51.48721,6.71744,328.92,0.52,0.41,2026-10-02,0215,N20,nominal,2.0NRT,285.46,18.26,N
51.48673,6.70117,325.19,0.52,0.41,2026-10-02,0215,N20,nominal,2.0NRT,285.08,2.66,N
51.48516,6.70825,335.57,0.52,0.41,2026-10-02,0215,N20,nominal,2.0NRT,288.26,6.48,N
51.48201,6.72252,325.71,0.52,0.41,2026-10-02,0215,N20,nominal,2.0NRT,287.37,5.58,N
51.48358,6.71539,319.27,0.52,0.41,2026-10-02,0215,N20,nominal,2.0NRT,285.38,6.48,N
48.45821,17.18731,301.17,0.55,0.68,2026-10-02,0215,N20,nominal,2.0NRT,283.18,1.35,N
51.42534,6.73849,297.48,0.52,0.42,2026-10-02,0215,N20,nominal,2.0NRT,285.82,0.81,N
51.94287,4.10723,301.81,0.43,0.38,2026-10-02,0215,N20,nominal,2.0NRT,288.38,0.89,N
51.88519,4.36442,301.94,0.44,0.38,2026-10-02,0215,N20,nominal,2.0NRT,287.6,1.31,N
48.46005,17.1877,295.34,0.56,0.68,2026-10-02,0215,N20,nominal,2.0NRT,282.39,1.31,N
51.88865,4.2523,301.46,0.43,0.38,2026-10-02,0215,N20,nominal,2.0NRT,284.64,0.68,N
51.36802,6.70599,323.87,0.52,0.42,2026-10-02,0215,N20,nominal,2.0NRT,287.18,3.82,N
51.87355,4.29133,296.83,0.43,0.38,2026-10-02,0215,N20,nominal,2.0NRT,285.83,1.31,N
51.36644,6.7131,297.97,0.52,0.42,2026-10-02,0215,N20,nominal,2.0NRT,285.47,1.21,N
50.8196,7.01376,330.19,0.55,0.43,2026-10-02,0215,N20,nominal,2.0NRT,285.98,6,N
50.9884,5.79808,295.84,0.5,0.41,2026-10-02,0215,N20,nominal,2.0NRT,284.81,0.53,N
51.2687,4.32275,301.54,0.44,0.39,2026-10-02,0215,N20,nominal,2.0NRT,287.36,1.08,N
51.25818,4.33767,298.85,0.44,0.39,2026-10-02,0215,N20,nominal,2.0NRT,286.77,0.67,N
51.25601,4.32982,311.52,0.44,0.39,2026-10-02,0215,N20,nominal,2.0NRT,284.42,1.23,N
51.34266,3.77498,297.22,0.43,0.38,2026-10-02,0215,N20,nominal,2.0NRT,285.21,0.86,N
51.18554,4.32686,297.14,0.45,0.39,2026-10-02,0215,N20,nominal,2.0NRT,286.49,0.93,N
51.16601,4.33047,303.19,0.45,0.39,2026-10-02,0215,N20,nominal,2.0NRT,287,1.57,N
51.18281,3.81284,308.94,0.43,0.38,2026-10-02,0215,N20,nominal,2.0NRT,285.62,1.29,N
51.17607,3.8095,334.24,0.43,0.38,2026-10-02,0215,N20,nominal,2.0NRT,287.89,2.81,N
51.1749,3.81546,313.18,0.43,0.38,2026-10-02,0215,N20,nominal,2.0NRT,284.88,2.81,N
51.1727,3.80782,353.41,0.43,0.38,2026-10-02,0215,N20,nominal,2.0NRT,289.87,6.8,N
51.17386,3.80187,314.98,0.43,0.38,2026-10-02,0215,N20,nominal,2.0NRT,284.36,1.47,N
51.16932,3.80615,325.18,0.43,0.38,2026-10-02,0215,N20,nominal,2.0NRT,286.33,6.8,N
51.16816,3.81212,339.53,0.43,0.38,2026-10-02,0215,N20,nominal,2.0NRT,287.78,6.8,N
51.17049,3.8002,300.22,0.43,0.38,2026-10-02,0215,N20,nominal,2.0NRT,286.17,1.47,N
51.16595,3.80449,295.01,0.43,0.38,2026-10-02,0215,N20,nominal,2.0NRT,283.49,0.68,N
50.76593,5.67108,309.42,0.5,0.41,2026-10-02,0215,N20,nominal,2.0NRT,284.54,1.56,N
50.03403,8.25561,296.28,0.43,0.46,2026-10-02,0215,N20,nominal,2.0NRT,283.78,0.35,N
50.03285,8.25566,298,0.43,0.46,2026-10-02,0215,N20,nominal,2.0NRT,284.4,0.58,N
52.64356,-8.68944,307.55,0.42,0.45,2026-10-02,0215,N20,nominal,2.0NRT,282.33,1.42,N
50.56995,5.36713,297.48,0.49,0.4,2026-10-02,0215,N20,nominal,2.0NRT,283.78,1.35,N
50.57138,5.36738,301.75,0.49,0.4,2026-10-02,0215,N20,nominal,2.0NRT,284.67,1.05,N
51.04771,2.31656,301.49,0.4,0.37,2026-10-02,0215,N20,nominal,2.0NRT,285.03,1.53,N
51.04646,2.30384,297.35,0.4,0.37,2026-10-02,0215,N20,nominal,2.0NRT,283.77,3.3,N
51.04419,2.29673,338.22,0.4,0.37,2026-10-02,0215,N20,nominal,2.0NRT,287.79,3.3,N
51.04192,2.28962,300.76,0.4,0.37,2026-10-02,0215,N20,nominal,2.0NRT,284.31,0.68,N
51.03534,2.2866,314.6,0.4,0.37,2026-10-02,0215,N20,nominal,2.0NRT,283.95,1.48,N
51.03386,2.25561,298.27,0.4,0.37,2026-10-02,0215,N20,nominal,2.0NRT,283.58,0.48,N
51.0308,2.27239,296.5,0.4,0.37,2026-10-02,0215,N20,nominal,2.0NRT,282.99,1.18,N
51.02979,2.27798,299.18,0.4,0.37,2026-10-02,0215,N20,nominal,2.0NRT,283.38,0.8,N
51.02752,2.27089,319.22,0.4,0.37,2026-10-02,0215,N20,nominal,2.0NRT,282.98,1.18,N
51.02548,2.28207,297.85,0.4,0.37,2026-10-02,0215,N20,nominal,2.0NRT,282.39,0.8,N
50.97334,1.89577,298.2,0.4,0.37,2026-10-02,0215,N20,nominal,2.0NRT,282.51,0.45,N
50.97007,1.89429,299.66,0.4,0.37,2026-10-02,0215,N20,nominal,2.0NRT,282.34,0.45,N
50.47109,3.99275,299.36,0.45,0.39,2026-10-02,0215,N20,nominal,2.0NRT,280.89,0.85,N
50.33863,3.49394,297.95,0.44,0.38,2026-10-02,0215,N20,nominal,2.0NRT,283.66,0.96,N
50.33185,3.49069,304.88,0.44,0.38,2026-10-02,0215,N20,nominal,2.0NRT,282.48,1.36,N
49.36096,6.74918,295.32,0.39,0.44,2026-10-02,0215,N20,nominal,2.0NRT,284.44,0.38,N
49.35969,6.74612,322.46,0.39,0.44,2026-10-02,0215,N20,nominal,2.0NRT,285.49,1.5,N
49.35852,6.75121,304.25,0.39,0.44,2026-10-02,0215,N20,nominal,2.0NRT,285.39,1.1,N
49.3494,6.73491,331.73,0.39,0.44,2026-10-02,0215,N20,nominal,2.0NRT,286.3,2.35,N
50.83517,-1.37428,296.47,0.39,0.36,2026-10-02,0215,N20,nominal,2.0NRT,285.99,1.09,N
50.83028,-1.36469,297.66,0.39,0.36,2026-10-02,0215,N20,nominal,2.0NRT,286.47,0.78,N
49.32562,6.10175,299.01,0.55,0.43,2026-10-02,0215,N20,nominal,2.0NRT,283.07,0.69,N
48.76928,4.56471,297.18,0.5,0.41,2026-10-02,0215,N20,nominal,2.0NRT,283.86,1.01,N
48.98384,1.75668,304.75,0.41,0.37,2026-10-02,0215,N20,nominal,2.0NRT,277.25,0.91,N
48.98281,1.76218,306.32,0.41,0.37,2026-10-02,0215,N20,nominal,2.0NRT,278.78,0.98,N
48.38691,2.97936,300.63,0.45,0.39,2026-10-02,0215,N20,nominal,2.0NRT,278.77,0.93,N
48.38573,2.98524,310.59,0.45,0.39,2026-10-02,0215,N20,nominal,2.0NRT,279.3,0.93,N
48.10762,-1.03595,299.46,0.39,0.36,2026-10-02,0215,N20,nominal,2.0NRT,277.44,0.47,N
45.46157,10.45065,331.71,0.36,0.57,2026-10-02,0215,N20,nominal,2.0NRT,282.72,3.17,N
45.46037,10.45488,331.24,0.36,0.57,2026-10-02,0215,N20,nominal,2.0NRT,285.84,3.17,N
45.14784,9.93841,303.63,0.34,0.56,2026-10-02,0215,N20,nominal,2.0NRT,277.57,0.98,N
45.14668,9.94252,312.31,0.34,0.56,2026-10-02,0215,N20,nominal,2.0NRT,277.85,0.96,N
46.80848,-0.14168,297.68,0.4,0.37,2026-10-02,0215,N20,nominal,2.0NRT,281.93,0.44,N
42.01274,12.71212,297.93,0.58,0.7,2026-10-02,0217,N20,nominal,2.0NRT,285.16,0.71,N
42.00932,12.71244,301.42,0.58,0.7,2026-10-02,0217,N20,nominal,2.0NRT,285.93,1.44,N
41.09449,14.5157,296.19,0.75,0.77,2026-10-02,0217,N20,nominal,2.0NRT,276.8,1.71,N
41.08827,14.51111,296.6,0.75,0.77,2026-10-02,0217,N20,nominal,2.0NRT,276.1,1.71,N
43.44615,4.89395,313.54,0.45,0.47,2026-10-02,0217,N20,nominal,2.0NRT,286.15,2.15,N
43.4449,4.89926,316.52,0.45,0.47,2026-10-02,0217,N20,nominal,2.0NRT,286.01,2.15,N
43.44204,4.89213,311.43,0.45,0.47,2026-10-02,0217,N20,nominal,2.0NRT,286.11,1.07,N
43.43918,4.88502,301.4,0.45,0.47,2026-10-02,0217,N20,nominal,2.0NRT,285.8,1.33,N
43.43793,4.8903,303.42,0.45,0.47,2026-10-02,0217,N20,nominal,2.0NRT,286.13,1.07,N
65.76988,24.18678,325.91,0.4,0.45,2026-10-02,0211,N20,nominal,2.0NRT,282.41,2.15,N
65.76775,24.19415,309.05,0.4,0.45,2026-10-02,0211,N20,nominal,2.0NRT,283.61,2.15,N
65.76648,24.18105,301.56,0.4,0.45,2026-10-02,0211,N20,nominal,2.0NRT,281.57,1.18,N
65.76437,24.18839,309.6,0.4,0.45,2026-10-02,0211,N20,nominal,2.0NRT,284.59,1.18,N
65.56535,22.21857,344.04,0.56,0.43,2026-10-02,0211,N20,nominal,2.0NRT,282.75,8.46,N
65.56255,22.22892,327.59,0.56,0.43,2026-10-02,0211,N20,nominal,2.0NRT,282.39,8.46,N
66.30994,14.17773,321.28,0.4,0.37,2026-10-02,0213,N20,nominal,2.0NRT,279.5,2.4,N
65.76909,24.19142,312.08,0.62,0.71,2026-10-02,0349,N20,nominal,2.0NRT,281.68,2.28,N
66.31283,14.17876,305.97,0.39,0.6,2026-10-02,0351,N20,nominal,2.0NRT,277.9,0.65,N
59.54628,1.53155,324.67,0.43,0.62,2026-10-02,0353,N20,nominal,2.0NRT,281.19,1.95,N
40.30957,33.68378,325.56,0.4,0.44,2026-10-02,1019,N20,nominal,2.0NRT,285.18,2.64,D
40.43836,34.17115,340.71,0.57,0.43,2026-10-02,1019,N20,nominal,2.0NRT,289.52,28.72,D
40.43715,34.17038,344.8,0.57,0.43,2026-10-02,1019,N20,nominal,2.0NRT,293.51,57.19,D
39.90989,27.99655,340.41,0.4,0.6,2026-10-02,1019,N20,nominal,2.0NRT,289.72,4.82,D
41.95929,26.02568,367,0.43,0.62,2026-10-02,1019,N20,high,2.0NRT,298.65,13.1,D
41.95788,26.02081,332.09,0.43,0.62,2026-10-02,1019,N20,nominal,2.0NRT,290.13,17.09,D
41.96616,26.02819,367,0.43,0.62,2026-10-02,1019,N20,high,2.0NRT,292.68,13.1,D
41.96472,26.0232,332.15,0.43,0.62,2026-10-02,1019,N20,nominal,2.0NRT,292.55,13.1,D
44.06167,27.36266,345.87,0.32,0.55,2026-10-02,1019,N20,nominal,2.0NRT,295.89,3.07,D
43.37254,24.86706,330.86,0.45,0.63,2026-10-02,1019,N20,nominal,2.0NRT,282.9,2.61,D
43.37415,24.86516,333.26,0.45,0.63,2026-10-02,1019,N20,nominal,2.0NRT,284.32,2.43,D
42.99201,23.23735,347.52,0.55,0.68,2026-10-02,1019,N20,nominal,2.0NRT,272.23,14.62,D
42.9902,23.23157,356.55,0.55,0.68,2026-10-02,1019,N20,low,2.0NRT,278.13,14.62,D
42.99508,23.22533,341.69,0.55,0.68,2026-10-02,1019,N20,nominal,2.0NRT,273.46,21.93,D
42.99664,23.23032,356.55,0.55,0.68,2026-10-02,1019,N20,low,2.0NRT,273.37,14.62,D
45.25565,31.67523,338.88,0.39,0.44,2026-10-02,1019,N20,nominal,2.0NRT,293.01,7.45,D
42.99056,23.23658,353.11,0.55,0.68,2026-10-02,1019,N20,nominal,2.0NRT,273.47,12,D
42.98875,23.23092,344.8,0.55,0.68,2026-10-02,1019,N20,nominal,2.0NRT,276.57,11.57,D
42.99358,23.22457,332.98,0.55,0.68,2026-10-02,1019,N20,nominal,2.0NRT,273.41,17.06,D
42.99523,23.22973,356.28,0.55,0.68,2026-10-02,1019,N20,low,2.0NRT,277.14,17.06,D
43.81581,25.77197,328.69,0.39,0.59,2026-10-02,1019,N20,nominal,2.0NRT,287.93,2.54,D
43.30826,24.05912,351.42,0.49,0.65,2026-10-02,1019,N20,nominal,2.0NRT,277.33,6.14,D
43.30662,24.05377,340.25,0.49,0.65,2026-10-02,1019,N20,nominal,2.0NRT,275.4,6.14,D
43.53084,24.58447,326.54,0.45,0.63,2026-10-02,1019,N20,nominal,2.0NRT,274.58,5.6,D
43.53238,24.58965,356.71,0.45,0.63,2026-10-02,1019,N20,low,2.0NRT,274.36,5.6,D
42.53117,21.22684,337.23,0.7,0.75,2026-10-02,1019,N20,nominal,2.0NRT,296.74,4.24,D
44.12066,25.93661,336.35,0.38,0.59,2026-10-02,1019,N20,nominal,2.0NRT,292.7,2.84,D
46.17963,34.60546,338.22,0.44,0.38,2026-10-02,1019,N20,nominal,2.0NRT,298.77,6.58,D
44.32322,26.45491,350.87,0.35,0.57,2026-10-02,1019,N20,nominal,2.0NRT,296.67,3.19,D
44.32206,26.45076,336.1,0.35,0.57,2026-10-02,1019,N20,nominal,2.0NRT,296.55,3.19,D
42.8555,21.45585,329.83,0.67,0.73,2026-10-02,1019,N20,nominal,2.0NRT,288,4.4,D
42.8589,21.45406,327.79,0.67,0.73,2026-10-02,1019,N20,nominal,2.0NRT,286.45,3.48,D
42.78677,21.06606,326.83,0.7,0.75,2026-10-02,1019,N20,nominal,2.0NRT,293.63,5.12,D
46.36655,34.63485,329.03,0.43,0.38,2026-10-02,1019,N20,nominal,2.0NRT,296.26,1.97,D
42.58814,20.36107,338.36,0.76,0.77,2026-10-02,1019,N20,nominal,2.0NRT,291.6,7.05,D
44.0572,24.5291,367,0.44,0.62,2026-10-02,1019,N20,high,2.0NRT,291.51,8.96,D
46.57281,34.89196,345.69,0.43,0.38,2026-10-02,1019,N20,nominal,2.0NRT,298.8,4.16,D
46.27031,33.31499,340.06,0.48,0.4,2026-10-02,1019,N20,nominal,2.0NRT,296.48,4.72,D
46.26966,33.31377,332.06,0.48,0.4,2026-10-02,1019,N20,nominal,2.0NRT,296.16,3.06,D
46.58464,34.75105,352.08,0.43,0.38,2026-10-02,1019,N20,nominal,2.0NRT,300.04,6.76,D
45.52867,28.99064,328.57,0.5,0.49,2026-10-02,1019,N20,nominal,2.0NRT,294.48,4.31,D
45.52658,28.99023,327.11,0.5,0.49,2026-10-02,1019,N20,nominal,2.0NRT,293.63,2.85,D
46.59218,33.65696,345.03,0.46,0.39,2026-10-02,1019,N20,nominal,2.0NRT,299.04,9.66,D
46.59221,33.63799,339.96,0.46,0.39,2026-10-02,1019,N20,nominal,2.0NRT,296.48,3.77,D
46.59922,33.61609,327.58,0.46,0.39,2026-10-02,1019,N20,nominal,2.0NRT,294.52,3.06,D
46.91858,34.65962,343.93,0.43,0.38,2026-10-02,1019,N20,nominal,2.0NRT,296.96,3.85,D
46.02787,29.9871,335.29,0.44,0.46,2026-10-02,1019,N20,nominal,2.0NRT,296.7,2.66,D
46.16153,29.80616,335.4,0.44,0.46,2026-10-02,1019,N20,nominal,2.0NRT,295.89,3.52,D
46.17245,29.79482,340.3,0.44,0.46,2026-10-02,1019,N20,nominal,2.0NRT,296.78,4.51,D
46.17125,29.79184,339.24,0.44,0.46,2026-10-02,1019,N20,nominal,2.0NRT,297.12,4.42,D
47.40049,34.80901,330.51,0.42,0.38,2026-10-02,1021,N20,nominal,2.0NRT,294.57,5.17,D
47.40582,34.81844,328.08,0.42,0.38,2026-10-02,1021,N20,nominal,2.0NRT,293.89,1.92,D
47.40917,34.81709,337.46,0.42,0.38,2026-10-02,1021,N20,nominal,2.0NRT,295.08,3.42,D
47.40818,34.81168,338.91,0.42,0.38,2026-10-02,1021,N20,nominal,2.0NRT,294.68,4.27,D
47.24747,33.70592,335.95,0.45,0.39,2026-10-02,1021,N20,nominal,2.0NRT,294.84,3.17,D
44.04221,21.26791,331.2,0.62,0.71,2026-10-02,1021,N20,nominal,2.0NRT,290.74,3.32,D
47.44785,34.46559,331.22,0.43,0.38,2026-10-02,1021,N20,nominal,2.0NRT,294.56,2.07,D
47.47054,34.50954,329.71,0.42,0.38,2026-10-02,1021,N20,nominal,2.0NRT,294.19,2.35,D
47.46952,34.50405,328.62,0.42,0.38,2026-10-02,1021,N20,nominal,2.0NRT,295.14,2.35,D
47.32531,33.74164,345.73,0.45,0.39,2026-10-02,1021,N20,nominal,2.0NRT,298.3,5.66,D
47.48742,34.56162,328.65,0.42,0.38,2026-10-02,1021,N20,nominal,2.0NRT,299.34,3.06,D
48.12445,34.9399,329.76,0.41,0.37,2026-10-02,1021,N20,nominal,2.0NRT,291.47,1.77,D
44.60607,20.29694,328.33,0.66,0.73,2026-10-02,1021,N20,nominal,2.0NRT,292.8,5.67,D
45.80574,24.0671,331.57,0.41,0.61,2026-10-02,1021,N20,nominal,2.0NRT,289.42,2.55,D
44.60252,20.29521,338.13,0.66,0.73,2026-10-02,1021,N20,nominal,2.0NRT,294.4,4.45,D
44.70212,20.47632,367,0.64,0.72,2026-10-02,1021,N20,high,2.0NRT,296.21,20.57,D
44.97183,21.19171,327.53,0.58,0.7,2026-10-02,1021,N20,nominal,2.0NRT,291.25,4.71,D
44.97764,21.18775,327.48,0.58,0.7,2026-10-02,1021,N20,nominal,2.0NRT,289.85,4.71,D
44.97463,21.19101,335.88,0.58,0.7,2026-10-02,1021,N20,nominal,2.0NRT,288.97,5.68,D
44.98045,21.18707,332.23,0.58,0.7,2026-10-02,1021,N20,nominal,2.0NRT,288.69,5.68,D
45.04053,21.08904,331.72,0.59,0.7,2026-10-02,1021,N20,nominal,2.0NRT,295.18,10.4,D
45.0441,21.07829,367,0.59,0.7,2026-10-02,1021,N20,high,2.0NRT,296.66,10.4,D
44.7713,20.11695,327.11,0.66,0.73,2026-10-02,1021,N20,nominal,2.0NRT,297.7,2.83,D
48.58802,34.87381,341.71,0.41,0.37,2026-10-02,1021,N20,nominal,2.0NRT,291.87,5.38,D
48.58706,34.86844,339.85,0.41,0.37,2026-10-02,1021,N20,nominal,2.0NRT,291.35,5.38,D
48.58941,34.86173,353.01,0.41,0.37,2026-10-02,1021,N20,nominal,2.0NRT,295.12,12.34,D
48.59037,34.8671,355.56,0.41,0.37,2026-10-02,1021,N20,low,2.0NRT,294.05,5.38,D
45.05912,20.85984,328.53,0.6,0.7,2026-10-02,1021,N20,nominal,2.0NRT,294.81,2.37,D
44.80546,20.09441,367,0.66,0.73,2026-10-02,1021,N20,high,2.0NRT,298.57,12.96,D
48.44114,33.87781,330.84,0.43,0.38,2026-10-02,1021,N20,nominal,2.0NRT,290.51,3.8,D
44.80284,20.08684,330.76,0.66,0.73,2026-10-02,1021,N20,nominal,2.0NRT,297.39,12.96,D
44.80894,20.08271,348.66,0.66,0.73,2026-10-02,1021,N20,nominal,2.0NRT,298.06,12.96,D
44.80719,20.05584,329.48,0.66,0.73,2026-10-02,1021,N20,nominal,2.0NRT,298.03,2.72,D
45.03395,20.59064,354.92,0.62,0.71,2026-10-02,1021,N20,nominal,2.0NRT,296.09,7.39,D
45.03156,20.58351,331.11,0.62,0.71,2026-10-02,1021,N20,nominal,2.0NRT,297.2,7.39,D
45.03241,20.58488,353.98,0.62,0.71,2026-10-02,1021,N20,nominal,2.0NRT,298.29,12.31,D
45.00545,20.50621,328.14,0.62,0.72,2026-10-02,1021,N20,nominal,2.0NRT,297.43,4.83,D
44.99059,20.46296,336.09,0.63,0.72,2026-10-02,1021,N20,nominal,2.0NRT,296.73,5.49,D
45.02862,20.55238,327.24,0.62,0.71,2026-10-02,1021,N20,low,2.0NRT,297.91,3.86,D
44.835,19.99252,325.16,0.66,0.73,2026-10-02,1021,N20,nominal,2.0NRT,298.79,3.09,D
45.03458,20.54838,329.14,0.62,0.71,2026-10-02,1021,N20,nominal,2.0NRT,298.92,3.68,D
44.85334,19.98007,325.55,0.66,0.73,2026-10-02,1021,N20,nominal,2.0NRT,297.79,2.67,D
45.07851,20.48351,329.54,0.62,0.71,2026-10-02,1021,N20,nominal,2.0NRT,294.31,2.44,D
45.19188,20.71213,332.39,0.6,0.71,2026-10-02,1021,N20,nominal,2.0NRT,298.59,2.43,D
45.16581,20.59085,327.65,0.61,0.71,2026-10-02,1021,N20,nominal,2.0NRT,297.98,3.16,D
45.16623,20.59065,325.43,0.61,0.71,2026-10-02,1021,N20,low,2.0NRT,298.17,3.42,D
45.14146,20.43222,338.61,0.62,0.71,2026-10-02,1021,N20,nominal,2.0NRT,296.16,5.66,D
45.2229,20.45632,336.31,0.62,0.71,2026-10-02,1021,N20,nominal,2.0NRT,298.3,6.61,D
45.22511,20.46139,328.92,0.61,0.71,2026-10-02,1021,N20,nominal,2.0NRT,297.11,4.78,D
45.22267,20.45427,327.53,0.62,0.71,2026-10-02,1021,N20,nominal,2.0NRT,297.89,4.56,D
48.72281,33.65992,330.37,0.43,0.38,2026-10-02,1021,N20,nominal,2.0NRT,292.22,3.36,D
45.23105,20.26388,343.53,0.63,0.72,2026-10-02,1021,N20,nominal,2.0NRT,299.71,8.99,D
45.22858,20.25662,327.97,0.63,0.72,2026-10-02,1021,N20,nominal,2.0NRT,299.07,7.08,D
45.2564,20.27339,329.82,0.63,0.72,2026-10-02,1021,N20,nominal,2.0NRT,298.55,6.61,D
45.25606,20.22903,331.73,0.63,0.72,2026-10-02,1021,N20,nominal,2.0NRT,299.6,2.5,D
44.99414,19.44729,367,0.69,0.75,2026-10-02,1021,N20,high,2.0NRT,299.16,12.48,D
44.95205,19.32715,329.83,0.7,0.75,2026-10-02,1021,N20,nominal,2.0NRT,296.87,6.28,D
44.95826,19.32279,346.72,0.7,0.75,2026-10-02,1021,N20,nominal,2.0NRT,296.38,6.28,D
49.00568,34.95638,326.74,0.4,0.37,2026-10-02,1021,N20,nominal,2.0NRT,292.91,7.46,D
44.98991,19.45112,340.67,0.69,0.74,2026-10-02,1021,N20,nominal,2.0NRT,297.32,6.38,D
44.99608,19.4468,328.71,0.69,0.74,2026-10-02,1021,N20,nominal,2.0NRT,297.7,6.38,D
44.99326,19.43887,330.34,0.69,0.75,2026-10-02,1021,N20,nominal,2.0NRT,298.32,6.38,D
44.95341,19.32697,348.31,0.7,0.75,2026-10-02,1021,N20,nominal,2.0NRT,296.6,8.35,D
45.42055,20.60522,352.62,0.6,0.7,2026-10-02,1021,N20,nominal,2.0NRT,295.98,8.69,D
45.41821,20.59828,354.27,0.6,0.7,2026-10-02,1021,N20,nominal,2.0NRT,299.33,8.69,D
45.42408,20.59429,344.61,0.6,0.7,2026-10-02,1021,N20,nominal,2.0NRT,299.38,8.69,D
45.04385,19.47302,327.88,0.69,0.74,2026-10-02,1021,N20,low,2.0NRT,298.34,7.4,D
49.00307,34.53791,330.52,0.41,0.37,2026-10-02,1021,N20,nominal,2.0NRT,291.87,1.68,D
45.04444,19.45288,328.73,0.69,0.74,2026-10-02,1021,N20,low,2.0NRT,299.95,5.53,D
45.48482,20.68884,367,0.59,0.7,2026-10-02,1021,N20,high,2.0NRT,300.85,17.82,D
45.50927,20.69751,334.46,0.59,0.7,2026-10-02,1021,N20,nominal,2.0NRT,298.63,3.28,D
45.51512,20.69354,328.13,0.59,0.7,2026-10-02,1021,N20,nominal,2.0NRT,297.7,3.28,D
45.48401,20.57913,342.78,0.6,0.7,2026-10-02,1021,N20,nominal,2.0NRT,299.06,4.57,D
48.4946,31.698,346.9,0.5,0.41,2026-10-02,1021,N20,nominal,2.0NRT,295.04,7.67,D
45.51181,20.69723,334.34,0.59,0.7,2026-10-02,1021,N20,nominal,2.0NRT,298.84,4.85,D
45.4861,20.5794,337.9,0.6,0.7,2026-10-02,1021,N20,nominal,2.0NRT,297.2,2.86,D
49.07007,34.25506,345.95,0.41,0.37,2026-10-02,1021,N20,nominal,2.0NRT,292.82,3.26,D
49.08958,33.93393,328.09,0.42,0.38,2026-10-02,1021,N20,nominal,2.0NRT,293.57,2.52,D
45.74092,20.77437,340.94,0.57,0.69,2026-10-02,1021,N20,nominal,2.0NRT,292.55,6.58,D
45.74223,20.75702,336.7,0.57,0.69,2026-10-02,1021,N20,nominal,2.0NRT,297.39,4.35,D
46.9028,24.37052,331.82,0.37,0.58,2026-10-02,1021,N20,nominal,2.0NRT,292.9,2.14,D
49.3572,34.2984,340.03,0.41,0.37,2026-10-02,1021,N20,nominal,2.0NRT,290.72,6.42,D
49.3562,34.29291,347.2,0.41,0.37,2026-10-02,1021,N20,nominal,2.0NRT,293.41,9.73,D
48.41407,29.21433,325.06,0.41,0.45,2026-10-02,1021,N20,nominal,2.0NRT,286.54,1.58,D
48.48065,29.29659,339.18,0.41,0.45,2026-10-02,1021,N20,nominal,2.0NRT,290.98,3.79,D
48.32146,28.45219,335.17,0.44,0.46,2026-10-02,1021,N20,nominal,2.0NRT,290.01,3.16,D
48.94131,31.13163,344.19,0.51,0.41,2026-10-02,1021,N20,nominal,2.0NRT,294.18,3.83,D
48.94495,31.12991,348.59,0.51,0.41,2026-10-02,1021,N20,nominal,2.0NRT,296.74,10.62,D
48.94514,31.12906,346.45,0.51,0.41,2026-10-02,1021,N20,nominal,2.0NRT,295.73,11.24,D
47.47359,22.78748,330.74,0.41,0.61,2026-10-02,1021,N20,nominal,2.0NRT,297.89,2.75,D
49.56859,30.92822,330.69,0.5,0.41,2026-10-02,1021,N20,nominal,2.0NRT,284.5,5.49,D
51.26515,34.80772,331.29,0.39,0.36,2026-10-02,1021,N20,nominal,2.0NRT,289.53,7.34,D
51.2684,34.80631,353.67,0.39,0.36,2026-10-02,1021,N20,nominal,2.0NRT,291.63,7.78,D
51.27164,34.80491,353.26,0.39,0.36,2026-10-02,1021,N20,nominal,2.0NRT,291.39,7.78,D
51.28545,34.52126,342.5,0.39,0.36,2026-10-02,1021,N20,nominal,2.0NRT,290,3.6,D
51.77408,34.31623,344.31,0.39,0.36,2026-10-02,1021,N20,nominal,2.0NRT,291.68,4.55,D
51.79838,34.37702,330.27,0.39,0.36,2026-10-02,1021,N20,nominal,2.0NRT,288.96,2.91,D
52.05348,34.1489,328.16,0.39,0.36,2026-10-02,1021,N20,nominal,2.0NRT,288.61,3.6,D
52.0933,34.23907,331.81,0.39,0.36,2026-10-02,1021,N20,nominal,2.0NRT,290.02,4.62,D
52.11708,34.07664,343.26,0.39,0.36,2026-10-02,1021,N20,nominal,2.0NRT,288.18,4.76,D
52.14671,34.14752,327.14,0.39,0.36,2026-10-02,1021,N20,nominal,2.0NRT,287.94,2.03,D
52.12151,33.60556,327.16,0.4,0.37,2026-10-02,1021,N20,nominal,2.0NRT,287.82,2.02,D
50.74651,26.25449,328.06,0.47,0.48,2026-10-02,1021,N20,nominal,2.0NRT,289.85,3.13,D
50.75061,26.25194,330.99,0.47,0.48,2026-10-02,1021,N20,nominal,2.0NRT,289.33,3.13,D
51.13198,27.73365,335.83,0.4,0.44,2026-10-02,1021,N20,nominal,2.0NRT,291.12,2.24,D
52.13247,32.24572,329.07,0.42,0.38,2026-10-02,1021,N20,nominal,2.0NRT,291.01,2.65,D
52.4484,33.52704,333.31,0.4,0.37,2026-10-02,1021,N20,nominal,2.0NRT,291.29,2.47,D
52.36046,32.65793,330.38,0.41,0.37,2026-10-02,1021,N20,nominal,2.0NRT,288.92,2.67,D
53.44186,34.42108,327.82,0.39,0.36,2026-10-02,1021,N20,nominal,2.0NRT,289.79,1.54,D
49.67874,18.66814,339.66,0.51,0.66,2026-10-02,1021,N20,nominal,2.0NRT,294.97,4.92,D
52.84538,29.98764,328.47,0.47,0.39,2026-10-02,1021,N20,nominal,2.0NRT,296.35,3.67,D
56.35945,29.53571,327.3,0.42,0.38,2026-10-02,1024,N20,nominal,2.0NRT,279.85,1.95,D
56.36274,29.53365,326.63,0.42,0.38,2026-10-02,1024,N20,nominal,2.0NRT,280.31,1.95,D
58.41042,28.64085,327.66,0.41,0.37,2026-10-02,1024,N20,nominal,2.0NRT,285.96,2.54,D
59.08304,31.94015,329.67,0.38,0.36,2026-10-02,1024,N20,nominal,2.0NRT,285.42,2.49,D
35.93386,14.42945,338.2,0.41,0.37,2026-10-02,1200,N20,nominal,2.0NRT,302.65,4.32,D
34.68138,5.8554,334.54,0.36,0.58,2026-10-02,1200,N20,nominal,2.0NRT,296.82,2.26,D
37.84872,21.25702,332.75,0.52,0.42,2026-10-02,1200,N20,nominal,2.0NRT,300.79,3.5,D
37.18299,14.04675,339.45,0.41,0.37,2026-10-02,1200,N20,nominal,2.0NRT,304.97,3.34,D
37.21822,13.8852,330.19,0.41,0.37,2026-10-02,1200,N20,nominal,2.0NRT,299.3,1.44,D
37.42425,15.04952,330.29,0.39,0.36,2026-10-02,1200,N20,nominal,2.0NRT,300.25,1.56,D
37.43859,15.03225,335.7,0.39,0.36,2026-10-02,1200,N20,nominal,2.0NRT,303.48,1.65,D
37.21179,13.66537,331.64,0.42,0.37,2026-10-02,1200,N20,nominal,2.0NRT,302.75,2.7,D
36.31672,9.01822,337.61,0.45,0.47,2026-10-02,1200,N20,nominal,2.0NRT,284.12,4,D
37.45097,14.77583,337.48,0.39,0.36,2026-10-02,1200,N20,nominal,2.0NRT,307.86,2.3,D
37.53724,14.88632,344.28,0.39,0.36,2026-10-02,1200,N20,nominal,2.0NRT,303.09,1.75,D
37.4513,14.18953,333.37,0.4,0.37,2026-10-02,1200,N20,low,2.0NRT,306.74,4.74,D
37.45234,14.17522,346.42,0.4,0.37,2026-10-02,1200,N20,nominal,2.0NRT,306.33,6.51,D
37.47174,13.83553,337.3,0.41,0.37,2026-10-02,1200,N20,nominal,2.0NRT,306.43,2.14,D
37.47574,13.63695,337.9,0.41,0.37,2026-10-02,1200,N20,nominal,2.0NRT,304.09,3.63,D
37.50026,13.73657,341.67,0.41,0.37,2026-10-02,1200,N20,nominal,2.0NRT,309.79,3.94,D
37.48626,13.57585,347.46,0.42,0.37,2026-10-02,1200,N20,nominal,2.0NRT,306.04,6.19,D
37.57497,13.8223,350.33,0.41,0.37,2026-10-02,1200,N20,nominal,2.0NRT,311.26,9.72,D
37.57581,13.82388,346.27,0.41,0.37,2026-10-02,1200,N20,nominal,2.0NRT,311.59,4.88,D
37.57915,13.82291,335.4,0.41,0.37,2026-10-02,1200,N20,low,2.0NRT,309.23,4.88,D
37.55846,13.66489,340.29,0.41,0.37,2026-10-02,1200,N20,nominal,2.0NRT,306.29,5.23,D
36.70758,9.34132,339.7,0.43,0.46,2026-10-02,1200,N20,nominal,2.0NRT,281.88,4.46,D
37.58184,13.69744,346.05,0.41,0.37,2026-10-02,1200,N20,nominal,2.0NRT,310.21,4.07,D
37.58101,13.6927,337.23,0.41,0.37,2026-10-02,1200,N20,nominal,2.0NRT,307.78,4.07,D
36.24851,7.19482,340.38,0.57,0.52,2026-10-02,1200,N20,nominal,2.0NRT,300.88,2.08,D
37.85443,14.92216,337.42,0.39,0.36,2026-10-02,1200,N20,nominal,2.0NRT,300.9,2.37,D
37.70095,13.91855,345.55,0.41,0.37,2026-10-02,1200,N20,nominal,2.0NRT,308.37,4.99,D
38.0904,16.11734,339.29,0.38,0.36,2026-10-02,1200,N20,nominal,2.0NRT,299.95,3.44,D
38.10811,16.12203,336.99,0.38,0.36,2026-10-02,1200,N20,nominal,2.0NRT,303.05,4.49,D
36.9178,9.47929,333.66,0.41,0.45,2026-10-02,1200,N20,nominal,2.0NRT,299.56,1.71,D
37.59742,12.80715,342.21,0.44,0.38,2026-10-02,1200,N20,nominal,2.0NRT,305.43,4.7,D
37.85387,13.53358,339.44,0.41,0.37,2026-10-02,1200,N20,nominal,2.0NRT,309.27,3.21,D
38.27819,15.85257,335.5,0.38,0.36,2026-10-02,1200,N20,nominal,2.0NRT,295.94,4.12,D
38.28147,15.85176,333.1,0.38,0.36,2026-10-02,1200,N20,nominal,2.0NRT,294.35,4.12,D
37.82318,13.10065,336.9,0.43,0.38,2026-10-02,1200,N20,nominal,2.0NRT,307.57,4.74,D
36.70615,7.67736,334.87,0.52,0.5,2026-10-02,1200,N20,nominal,2.0NRT,299.55,2.55,D
37.82658,13.09963,338.82,0.43,0.38,2026-10-02,1200,N20,nominal,2.0NRT,306.48,11.27,D
36.71192,7.68157,332.23,0.52,0.5,2026-10-02,1200,N20,nominal,2.0NRT,299.17,5.4,D
37.84284,13.13034,330.88,0.42,0.38,2026-10-02,1200,N20,nominal,2.0NRT,303.09,2.27,D
37.85383,13.17183,333.8,0.42,0.38,2026-10-02,1200,N20,low,2.0NRT,306.27,2.24,D
36.54514,6.65711,341.42,0.59,0.53,2026-10-02,1200,N20,nominal,2.0NRT,298.91,7.41,D
36.54361,6.65068,330.05,0.6,0.53,2026-10-02,1200,N20,nominal,2.0NRT,299.54,7.41,D
36.48206,6.39315,332.2,0.62,0.54,2026-10-02,1200,N20,nominal,2.0NRT,302.93,3.16,D
37.92565,13.31598,338.39,0.42,0.38,2026-10-02,1200,N20,nominal,2.0NRT,303.49,7.88,D
37.92481,13.31117,336.93,0.42,0.38,2026-10-02,1200,N20,nominal,2.0NRT,307.1,11.8,D
37.92461,13.3132,349.82,0.42,0.38,2026-10-02,1200,N20,nominal,2.0NRT,306.31,22.73,D
37.93879,13.37278,335.51,0.42,0.37,2026-10-02,1200,N20,nominal,2.0NRT,307.72,3.37,D
37.92801,13.31232,352.59,0.42,0.38,2026-10-02,1200,N20,nominal,2.0NRT,310.32,22.73,D
37.94221,13.37199,339.66,0.42,0.37,2026-10-02,1200,N20,nominal,2.0NRT,307.83,4.39,D
37.89654,13.07761,348.22,0.43,0.38,2026-10-02,1200,N20,nominal,2.0NRT,308.61,8.49,D
36.54416,6.65644,341.24,0.59,0.53,2026-10-02,1200,N20,nominal,2.0NRT,299.67,7.83,D
36.48409,6.39113,331.66,0.62,0.54,2026-10-02,1200,N20,nominal,2.0NRT,301.08,3.37,D
37.89261,12.91689,338.63,0.43,0.38,2026-10-02,1200,N20,nominal,2.0NRT,305.79,4.68,D
37.99805,13.46726,336.8,0.41,0.37,2026-10-02,1200,N20,nominal,2.0NRT,301.69,3.75,D
38.00139,13.46616,342.3,0.41,0.37,2026-10-02,1200,N20,nominal,2.0NRT,303,2.82,D
37.9989,13.45197,336.4,0.41,0.37,2026-10-02,1200,N20,nominal,2.0NRT,302.23,2.29,D
37.92265,12.94348,341.14,0.43,0.38,2026-10-02,1200,N20,nominal,2.0NRT,309.21,7.07,D
39.63135,28.05063,337.34,0.41,0.61,2026-10-02,1200,N20,nominal,2.0NRT,288.9,2.52,D
37.99105,13.14573,343.04,0.42,0.38,2026-10-02,1200,N20,nominal,2.0NRT,306.42,4.24,D
37.88308,12.54525,330.6,0.44,0.39,2026-10-02,1200,N20,low,2.0NRT,304.98,1.26,D
37.99452,13.14513,333.18,0.42,0.38,2026-10-02,1200,N20,nominal,2.0NRT,305.06,2,D
38.54696,16.16424,332.09,0.38,0.36,2026-10-02,1200,N20,nominal,2.0NRT,293.98,3.1,D
38.00878,12.65132,333.96,0.44,0.38,2026-10-02,1200,N20,nominal,2.0NRT,305.4,5.18,D
36.86621,6.98208,345.19,0.56,0.52,2026-10-02,1200,N20,nominal,2.0NRT,295.79,10.07,D
39.43912,22.26199,342.3,0.41,0.45,2026-10-02,1200,N20,nominal,2.0NRT,304.17,4.15,D
36.74747,6.25911,332.01,0.62,0.54,2026-10-02,1200,N20,nominal,2.0NRT,296.44,5.33,D
39.44773,22.30787,344.1,0.41,0.45,2026-10-02,1200,N20,nominal,2.0NRT,301.47,5.4,D
39.45279,22.31691,336.88,0.41,0.45,2026-10-02,1200,N20,nominal,2.0NRT,299.7,2.82,D
39.45232,22.31207,356.04,0.41,0.45,2026-10-02,1200,N20,nominal,2.0NRT,305.83,9.81,D
39.45185,22.30729,347.61,0.41,0.45,2026-10-02,1200,N20,nominal,2.0NRT,299.35,9.81,D
39.4588,22.33581,342.45,0.41,0.45,2026-10-02,1200,N20,nominal,2.0NRT,301.79,4.96,D
39.45691,22.31643,330.6,0.41,0.45,2026-10-02,1200,N20,nominal,2.0NRT,298.98,2.82,D
39.45644,22.31157,334.76,0.41,0.45,2026-10-02,1200,N20,nominal,2.0NRT,299.6,9.81,D
38.94069,17.09115,335.68,0.39,0.36,2026-10-02,1200,N20,nominal,2.0NRT,304.4,3.15,D
38.94006,17.08665,343.67,0.39,0.36,2026-10-02,1200,N20,nominal,2.0NRT,308,11.66,D
38.9734,17.08867,331.94,0.39,0.36,2026-10-02,1200,N20,nominal,2.0NRT,304.13,1.45,D
39.03452,17.08406,330.92,0.39,0.36,2026-10-02,1200,N20,low,2.0NRT,304.13,2.39,D
39.03388,17.07952,332.1,0.39,0.36,2026-10-02,1200,N20,nominal,2.0NRT,302.75,2.39,D
39.0351,16.96727,344.68,0.39,0.36,2026-10-02,1200,N20,nominal,2.0NRT,306.87,7.78,D
39.13571,16.862,331.97,0.39,0.36,2026-10-02,1200,N20,low,2.0NRT,304.19,1.91,D
39.26866,17.03298,350.19,0.39,0.37,2026-10-02,1200,N20,nominal,2.0NRT,309.86,10.85,D
39.26801,17.02842,334.42,0.39,0.36,2026-10-02,1200,N20,low,2.0NRT,305.26,10.85,D
39.27262,17.03672,334.11,0.39,0.37,2026-10-02,1200,N20,low,2.0NRT,304.45,7.11,D
39.27134,17.02761,346.68,0.39,0.36,2026-10-02,1200,N20,nominal,2.0NRT,309.44,10.85,D
39.27529,17.03131,339.14,0.39,0.37,2026-10-02,1200,N20,nominal,2.0NRT,308.53,6.37,D
39.8411,20.04289,333.14,0.49,0.4,2026-10-02,1200,N20,nominal,2.0NRT,298.93,2.87,D
39.50943,16.7936,344.66,0.39,0.36,2026-10-02,1200,N20,nominal,2.0NRT,303.19,7.61,D
40.09568,18.39514,337.29,0.43,0.38,2026-10-02,1200,N20,nominal,2.0NRT,306.36,3.23,D
40.5369,20.94377,327.53,0.54,0.42,2026-10-02,1200,N20,nominal,2.0NRT,297.67,2.55,D
40.47619,17.85301,340.45,0.42,0.37,2026-10-02,1200,N20,nominal,2.0NRT,306.72,2.61,D
40.47575,17.85567,334.47,0.42,0.37,2026-10-02,1200,N20,nominal,2.0NRT,306.8,3.38,D
40.84332,19.68366,333.99,0.48,0.4,2026-10-02,1200,N20,low,2.0NRT,306.25,30.37,D
40.60112,17.58278,331.14,0.41,0.37,2026-10-02,1200,N20,low,2.0NRT,303.43,1.49,D
40.51592,16.80129,339.63,0.4,0.37,2026-10-02,1200,N20,nominal,2.0NRT,307.1,5.55,D
40.51527,16.79664,335.01,0.4,0.37,2026-10-02,1200,N20,nominal,2.0NRT,306.06,4.57,D
40.59295,16.72218,352.73,0.4,0.37,2026-10-02,1200,N20,nominal,2.0NRT,311.26,14.88,D
40.59628,16.72134,341.92,0.4,0.37,2026-10-02,1200,N20,nominal,2.0NRT,304.39,4.12,D
39.23874,8.98431,329.79,0.39,0.44,2026-10-02,1200,N20,nominal,2.0NRT,298.73,2.68,D
39.24265,8.98291,327.76,0.39,0.44,2026-10-02,1200,N20,nominal,2.0NRT,299.46,2.3,D
41.02547,19.65637,345.86,0.48,0.4,2026-10-02,1200,N20,nominal,2.0NRT,305.52,6.54,D
41.02724,19.6384,341.48,0.48,0.4,2026-10-02,1200,N20,nominal,2.0NRT,304.32,5.41,D
41.03091,19.63768,336.77,0.48,0.4,2026-10-02,1200,N20,nominal,2.0NRT,303.9,5.41,D
41.10691,19.8454,346.71,0.49,0.41,2026-10-02,1200,N20,nominal,2.0NRT,304.48,9.44,D
41.10629,19.83981,337.7,0.49,0.41,2026-10-02,1200,N20,nominal,2.0NRT,302.54,28.36,D
41.10566,19.83409,346.7,0.49,0.41,2026-10-02,1200,N20,nominal,2.0NRT,313.88,28.36,D
41.105,19.82825,355.24,0.49,0.41,2026-10-02,1200,N20,nominal,2.0NRT,308.94,28.79,D
40.69967,16.39229,333.54,0.39,0.36,2026-10-02,1200,N20,low,2.0NRT,305.32,4.01,D
40.7384,16.59271,345.06,0.39,0.37,2026-10-02,1200,N20,nominal,2.0NRT,302.81,3.48,D
40.74083,16.5942,347.16,0.39,0.37,2026-10-02,1200,N20,nominal,2.0NRT,306.62,8.47,D
41.12783,19.54086,346.43,0.48,0.4,2026-10-02,1200,N20,nominal,2.0NRT,304.4,6.82,D
41.1315,19.54015,333.73,0.48,0.4,2026-10-02,1200,N20,nominal,2.0NRT,303.68,3.31,D
41.13517,19.53942,333.03,0.48,0.4,2026-10-02,1200,N20,low,2.0NRT,304.03,3.31,D
40.6801,15.78913,332.83,0.39,0.36,2026-10-02,1200,N20,nominal,2.0NRT,301.71,6.68,D
40.75556,16.28536,346.61,0.39,0.36,2026-10-02,1200,N20,nominal,2.0NRT,308.47,3.93,D
40.76613,16.28743,335.68,0.39,0.36,2026-10-02,1200,N20,low,2.0NRT,308.87,2.64,D
40.76547,16.28283,342.71,0.39,0.36,2026-10-02,1200,N20,nominal,2.0NRT,309.43,5.76,D
40.78794,16.32025,341.96,0.39,0.36,2026-10-02,1200,N20,nominal,2.0NRT,309.49,5.14,D
40.79125,16.31942,356.36,0.39,0.36,2026-10-02,1200,N20,nominal,2.0NRT,311.99,9.56,D
40.79456,16.31859,336.21,0.39,0.36,2026-10-02,1200,N20,low,2.0NRT,307.76,9.56,D
40.79391,16.31401,344.56,0.39,0.36,2026-10-02,1200,N20,nominal,2.0NRT,310.77,11.37,D
40.82237,16.27987,339.18,0.39,0.36,2026-10-02,1200,N20,nominal,2.0NRT,303.18,6.06,D
40.85641,16.44794,344.51,0.39,0.36,2026-10-02,1200,N20,nominal,2.0NRT,311.85,21.95,D
40.87696,15.87866,338.17,0.39,0.36,2026-10-02,1200,N20,nominal,2.0NRT,305.63,3.81,D
41.78698,23.89576,336.32,0.52,0.5,2026-10-02,1200,N20,nominal,2.0NRT,285.85,6.06,D
40.94628,16.12179,331.69,0.39,0.36,2026-10-02,1200,N20,low,2.0NRT,302.9,2.45,D
40.90909,15.81851,336.22,0.39,0.36,2026-10-02,1200,N20,nominal,2.0NRT,299.79,2.56,D
40.93363,15.9164,334.02,0.39,0.36,2026-10-02,1200,N20,nominal,2.0NRT,306.09,2.05,D
40.91268,15.68093,334.97,0.39,0.36,2026-10-02,1200,N20,nominal,2.0NRT,303.97,3.07,D
40.9433,15.56635,352.71,0.39,0.36,2026-10-02,1200,N20,nominal,2.0NRT,303.39,8.33,D
40.82643,14.7108,331.99,0.38,0.36,2026-10-02,1200,N20,nominal,2.0NRT,290.22,2.69,D
41.02766,15.93214,337.12,0.39,0.36,2026-10-02,1200,N20,nominal,2.0NRT,306.92,4.52,D
41.06727,16.18354,332.52,0.39,0.36,2026-10-02,1200,N20,low,2.0NRT,305.06,4.01,D
41.08579,16.19335,339.94,0.39,0.36,2026-10-02,1200,N20,nominal,2.0NRT,305.61,6.76,D
41.08513,16.18874,337.43,0.39,0.36,2026-10-02,1200,N20,nominal,2.0NRT,306.95,7.22,D
41.53155,19.65691,333.84,0.49,0.4,2026-10-02,1200,N20,nominal,2.0NRT,302.53,3.1,D
41.05537,15.9584,340.01,0.39,0.36,2026-10-02,1200,N20,nominal,2.0NRT,303.12,3.51,D
41.14631,15.95198,338.38,0.39,0.36,2026-10-02,1200,N20,nominal,2.0NRT,301.55,2.15,D
42.15137,24.27329,341.49,0.55,0.51,2026-10-02,1200,N20,nominal,2.0NRT,304.02,20.73,D
42.15089,24.26657,336.71,0.55,0.51,2026-10-02,1200,N20,nominal,2.0NRT,302.78,15.94,D
41.20324,15.43635,343.88,0.39,0.36,2026-10-02,1200,N20,nominal,2.0NRT,309.66,26.85,D
41.20255,15.43179,306.13,0.39,0.36,2026-10-02,1200,N20,low,2.0NRT,306.48,17.46,D
41.20651,15.43548,338.23,0.39,0.36,2026-10-02,1200,N20,nominal,2.0NRT,303.64,6.52,D
41.76456,19.67963,354.03,0.49,0.41,2026-10-02,1200,N20,nominal,2.0NRT,311.06,19.9,D
41.76826,19.67867,347.61,0.49,0.41,2026-10-02,1200,N20,nominal,2.0NRT,305.41,23.93,D
41.76768,19.67344,298.08,0.49,0.41,2026-10-02,1200,N20,low,2.0NRT,306.48,23.93,D
41.76947,19.67722,334.27,0.49,0.41,2026-10-02,1200,N20,nominal,2.0NRT,299.49,3.6,D
41.06431,14.37764,332.62,0.39,0.36,2026-10-02,1200,N20,nominal,2.0NRT,299.67,1.54,D
41.01208,14.03178,334.09,0.39,0.36,2026-10-02,1200,N20,low,2.0NRT,304.74,3.68,D
41.01134,14.02723,334.4,0.39,0.36,2026-10-02,1200,N20,low,2.0NRT,305,3.68,D
41.22165,15.24,338.01,0.38,0.36,2026-10-02,1200,N20,nominal,2.0NRT,302.89,3.82,D
41.07043,14.05335,342.85,0.39,0.36,2026-10-02,1200,N20,nominal,2.0NRT,307.5,8.26,D
41.08011,13.96489,329.41,0.39,0.36,2026-10-02,1200,N20,low,2.0NRT,303.91,2.14,D
41.27869,15.14459,352.48,0.38,0.36,2026-10-02,1200,N20,nominal,2.0NRT,301.06,8.72,D
41.09419,13.90364,334.67,0.39,0.36,2026-10-02,1200,N20,low,2.0NRT,305.88,6.32,D
42.07214,21.48412,345.06,0.4,0.44,2026-10-02,1200,N20,nominal,2.0NRT,299.66,5.89,D
41.24475,14.74424,333.71,0.38,0.36,2026-10-02,1200,N20,nominal,2.0NRT,302.83,2.96,D
42.07618,21.48318,351.22,0.4,0.44,2026-10-02,1200,N20,nominal,2.0NRT,301.21,5.89,D
42.07576,21.47849,335.32,0.4,0.44,2026-10-02,1200,N20,nominal,2.0NRT,300.68,3.23,D
41.37154,15.56129,335.64,0.39,0.36,2026-10-02,1200,N20,nominal,2.0NRT,303.02,2.49,D
42.08023,21.48223,351.24,0.4,0.44,2026-10-02,1200,N20,nominal,2.0NRT,298.81,5.27,D
41.34768,15.35407,332.85,0.39,0.36,2026-10-02,1200,N20,nominal,2.0NRT,307.73,1.49,D
41.15253,14.01191,343.85,0.39,0.36,2026-10-02,1200,N20,nominal,2.0NRT,305.54,4.62,D
41.37426,15.41815,344.6,0.39,0.36,2026-10-02,1200,N20,nominal,2.0NRT,307.98,10.66,D
41.92023,19.62179,331.55,0.49,0.41,2026-10-02,1200,N20,nominal,2.0NRT,301.1,3.3,D
40.21778,8.83066,329.65,0.57,0.43,2026-10-02,1200,N20,low,2.0NRT,302.63,2.92,D
40.21641,8.82419,329.68,0.57,0.43,2026-10-02,1200,N20,low,2.0NRT,303.86,3.86,D
41.44566,15.69441,345.29,0.39,0.36,2026-10-02,1200,N20,nominal,2.0NRT,308.1,9.7,D
41.92788,19.38568,353.63,0.48,0.4,2026-10-02,1200,N20,nominal,2.0NRT,307.5,8.56,D
41.93156,19.38494,335.4,0.48,0.4,2026-10-02,1200,N20,nominal,2.0NRT,304.21,8.56,D
41.93089,19.37912,331.26,0.48,0.4,2026-10-02,1200,N20,nominal,2.0NRT,303.58,6.86,D
41.96163,19.45067,355.16,0.49,0.4,2026-10-02,1200,N20,nominal,2.0NRT,307.22,12.87,D
41.95987,19.44959,343.51,0.49,0.4,2026-10-02,1200,N20,nominal,2.0NRT,304.86,4.66,D
41.96357,19.44885,335.48,0.49,0.4,2026-10-02,1200,N20,nominal,2.0NRT,302.95,4.66,D
41.4062,15.08492,330.73,0.38,0.36,2026-10-02,1200,N20,nominal,2.0NRT,300.27,2.99,D
41.22152,13.78392,334.27,0.39,0.36,2026-10-02,1200,N20,low,2.0NRT,307.66,3,D
41.49039,15.46584,335.01,0.39,0.36,2026-10-02,1200,N20,nominal,2.0NRT,301.01,1.99,D
41.48971,15.46126,334.57,0.39,0.36,2026-10-02,1200,N20,nominal,2.0NRT,301.1,1.99,D
40.27988,8.69784,339.79,0.39,0.44,2026-10-02,1200,N20,nominal,2.0NRT,303.86,3.51,D
40.27891,8.69334,337.95,0.39,0.44,2026-10-02,1200,N20,nominal,2.0NRT,308.1,3.51,D
40.28279,8.69188,333.56,0.39,0.44,2026-10-02,1200,N20,nominal,2.0NRT,303.19,3.37,D
41.5868,15.75091,332.11,0.39,0.36,2026-10-02,1200,N20,nominal,2.0NRT,301.35,1.06,D
41.51018,15.23266,335.78,0.38,0.36,2026-10-02,1200,N20,nominal,2.0NRT,306.03,4.05,D
41.50949,15.22809,342.73,0.38,0.36,2026-10-02,1200,N20,nominal,2.0NRT,304.88,4.05,D
41.57315,15.31254,346.95,0.39,0.36,2026-10-02,1200,N20,nominal,2.0NRT,303.12,3.62,D
41.57642,15.31168,350.17,0.39,0.36,2026-10-02,1200,N20,nominal,2.0NRT,303.35,4.04,D
42.37638,21.21471,337.91,0.39,0.44,2026-10-02,1200,N20,nominal,2.0NRT,298.37,1.99,D
41.63933,14.86944,340.95,0.38,0.36,2026-10-02,1200,N20,nominal,2.0NRT,298.88,3.6,D
42.42644,21.18193,342.03,0.39,0.44,2026-10-02,1200,N20,nominal,2.0NRT,298.57,3.68,D
42.43046,21.18128,331.9,0.39,0.44,2026-10-02,1200,N20,nominal,2.0NRT,301.55,3.16,D
42.36779,20.50949,331.12,0.54,0.42,2026-10-02,1200,N20,nominal,2.0NRT,299.38,4.09,D
41.72898,15.05592,338.31,0.38,0.36,2026-10-02,1200,N20,nominal,2.0NRT,305.85,2.73,D
42.57891,22.25044,325.88,0.44,0.46,2026-10-02,1200,N20,nominal,2.0NRT,290.38,3.27,D
41.75788,15.15768,337.49,0.38,0.36,2026-10-02,1200,N20,nominal,2.0NRT,304.26,4.11,D
42.31049,19.32629,341.31,0.49,0.4,2026-10-02,1200,N20,nominal,2.0NRT,307.05,5.41,D
42.50237,21.15654,355.61,0.39,0.44,2026-10-02,1200,N20,nominal,2.0NRT,300.98,6.1,D
42.3091,19.21279,344.66,0.48,0.4,2026-10-02,1200,N20,nominal,2.0NRT,306.12,7.71,D
42.49202,20.75776,329.15,0.56,0.43,2026-10-02,1200,N20,nominal,2.0NRT,299.43,2.67,D
42.56458,21.20799,355.61,0.39,0.44,2026-10-02,1200,N20,nominal,2.0NRT,303.75,8.85,D
41.8439,15.11692,336.06,0.38,0.36,2026-10-02,1200,N20,nominal,2.0NRT,303.95,1.31,D
42.57534,21.05391,333.14,0.39,0.44,2026-10-02,1200,N20,nominal,2.0NRT,299.4,4,D
42.39392,19.10831,340.4,0.48,0.4,2026-10-02,1200,N20,nominal,2.0NRT,301.1,3.84,D
41.61668,13.45933,331.56,0.39,0.36,2026-10-02,1200,N20,nominal,2.0NRT,293.58,2.68,D
41.61592,13.4547,326,0.39,0.36,2026-10-02,1200,N20,nominal,2.0NRT,298.07,2.7,D
41.67741,13.51434,339.12,0.39,0.36,2026-10-02,1200,N20,nominal,2.0NRT,289.15,6.18,D
41.6807,13.51342,346.73,0.39,0.36,2026-10-02,1200,N20,nominal,2.0NRT,291.98,6.18,D
42.7858,21.05961,337.16,0.39,0.44,2026-10-02,1200,N20,nominal,2.0NRT,296.87,2.15,D
42.01633,14.7684,331.24,0.38,0.36,2026-10-02,1200,N20,nominal,2.0NRT,298.62,2.47,D
42.89314,22.02939,340.92,0.43,0.46,2026-10-02,1200,N20,nominal,2.0NRT,291.98,4.15,D
42.99346,23.22717,328.7,0.5,0.49,2026-10-02,1200,N20,nominal,2.0NRT,282.91,4.87,D
42.85883,21.44975,338.74,0.41,0.45,2026-10-02,1200,N20,nominal,2.0NRT,291.4,4.86,D
43.2957,24.02717,346.73,0.55,0.51,2026-10-02,1202,N20,nominal,2.0NRT,285.62,18.25,D
43.30091,24.03403,346.14,0.55,0.51,2026-10-02,1202,N20,nominal,2.0NRT,280.47,19.69,D
43.30043,24.02687,342.87,0.55,0.51,2026-10-02,1202,N20,nominal,2.0NRT,281.29,18.25,D
43.30663,24.04792,330.41,0.55,0.51,2026-10-02,1202,N20,nominal,2.0NRT,283.02,4.5,D
43.30613,24.04064,352.86,0.55,0.51,2026-10-02,1202,N20,nominal,2.0NRT,282.77,15.62,D
43.30564,24.03359,356.33,0.55,0.51,2026-10-02,1202,N20,low,2.0NRT,282.82,15.62,D
43.31184,24.05451,328.44,0.55,0.51,2026-10-02,1202,N20,nominal,2.0NRT,286.78,4.5,D
43.15326,18.1513,340.86,0.45,0.39,2026-10-02,1202,N20,nominal,2.0NRT,299.35,5.05,D
43.11372,17.67608,330.31,0.43,0.38,2026-10-02,1202,N20,low,2.0NRT,300.33,4.52,D
43.82465,25.14433,341.99,0.63,0.54,2026-10-02,1202,N20,nominal,2.0NRT,293.8,5.59,D
43.82413,25.14425,339.75,0.63,0.54,2026-10-02,1202,N20,nominal,2.0NRT,293.87,5.97,D
42.4071,12.39599,331.25,0.4,0.37,2026-10-02,1202,N20,nominal,2.0NRT,284.87,2.08,D
43.80099,24.16617,329.41,0.56,0.52,2026-10-02,1202,N20,nominal,2.0NRT,285.76,3.66,D
43.94168,25.61912,339.3,0.33,0.56,2026-10-02,1202,N20,nominal,2.0NRT,295.84,3.98,D
43.89449,24.56448,331.22,0.59,0.53,2026-10-02,1202,N20,nominal,2.0NRT,285.29,3.54,D
43.80417,22.94231,367,0.49,0.49,2026-10-02,1202,N20,high,2.0NRT,293.96,14.73,D
43.80462,22.94843,340.91,0.49,0.49,2026-10-02,1202,N20,nominal,2.0NRT,290.68,14.73,D
43.80371,22.93615,343.84,0.49,0.49,2026-10-02,1202,N20,nominal,2.0NRT,290.82,16.43,D
43.80865,22.94184,348.68,0.49,0.49,2026-10-02,1202,N20,nominal,2.0NRT,300.74,65.55,D
43.8082,22.9357,340.38,0.49,0.49,2026-10-02,1202,N20,nominal,2.0NRT,294.57,29.73,D
43.36701,17.39071,350.96,0.43,0.38,2026-10-02,1202,N20,nominal,2.0NRT,294.88,12.11,D
43.37049,17.39003,344.8,0.43,0.38,2026-10-02,1202,N20,nominal,2.0NRT,296.04,12.11,D
43.36982,17.38461,328.72,0.43,0.38,2026-10-02,1202,N20,nominal,2.0NRT,289.04,12.11,D
44.05484,24.6121,331.48,0.6,0.53,2026-10-02,1202,N20,nominal,2.0NRT,278.77,3.29,D
44.04762,23.49889,329.29,0.52,0.5,2026-10-02,1202,N20,nominal,2.0NRT,298.93,8.26,D
43.88514,20.5933,331.67,0.57,0.43,2026-10-02,1202,N20,nominal,2.0NRT,296.75,3.11,D
43.63433,17.60163,336.42,0.44,0.38,2026-10-02,1202,N20,nominal,2.0NRT,301.17,10.03,D
43.64067,17.5948,328.41,0.44,0.38,2026-10-02,1202,N20,nominal,2.0NRT,296.79,3.27,D
44.04271,21.26539,353.71,0.41,0.45,2026-10-02,1202,N20,nominal,2.0NRT,303.67,14.53,D
44.23781,22.63539,333.18,0.48,0.48,2026-10-02,1202,N20,nominal,2.0NRT,288.35,3.02,D
44.23735,22.62934,325.86,0.48,0.48,2026-10-02,1202,N20,nominal,2.0NRT,288.3,3.02,D
44.23689,22.6233,335.81,0.48,0.48,2026-10-02,1202,N20,nominal,2.0NRT,288.49,10.85,D
44.23642,22.61729,334.9,0.48,0.48,2026-10-02,1202,N20,nominal,2.0NRT,288,10.85,D
44.24224,22.63473,325.81,0.48,0.48,2026-10-02,1202,N20,nominal,2.0NRT,287.94,3.02,D
44.24178,22.6287,332.13,0.48,0.48,2026-10-02,1202,N20,nominal,2.0NRT,288.71,3.02,D
44.24131,22.62269,353.26,0.48,0.48,2026-10-02,1202,N20,nominal,2.0NRT,297.1,10.85,D
44.24084,22.61666,327.76,0.48,0.48,2026-10-02,1202,N20,nominal,2.0NRT,288.37,10.85,D
44.33698,23.89747,331.86,0.55,0.51,2026-10-02,1202,N20,nominal,2.0NRT,291.49,3.6,D
44.26974,22.64292,341.48,0.48,0.48,2026-10-02,1202,N20,nominal,2.0NRT,293.51,39.31,D
44.25792,20.06684,326.76,0.55,0.42,2026-10-02,1202,N20,nominal,2.0NRT,299.52,1.89,D
44.5279,22.82237,325.37,0.49,0.49,2026-10-02,1202,N20,nominal,2.0NRT,282.86,2.38,D
44.38279,21.03477,331.34,0.4,0.44,2026-10-02,1202,N20,nominal,2.0NRT,297.04,2.25,D
44.61702,21.33636,354.48,0.42,0.45,2026-10-02,1202,N20,nominal,2.0NRT,307.08,13.15,D
44.61826,21.33876,341.01,0.42,0.45,2026-10-02,1202,N20,nominal,2.0NRT,302.58,7.86,D
44.61782,21.33357,338.26,0.42,0.45,2026-10-02,1202,N20,nominal,2.0NRT,304.01,8.55,D
44.60106,21.04027,326.09,0.41,0.45,2026-10-02,1202,N20,low,2.0NRT,298.19,2.04,D
44.53438,20.01252,328.93,0.55,0.43,2026-10-02,1202,N20,low,2.0NRT,301.43,4.96,D
44.70491,21.15068,327.39,0.41,0.45,2026-10-02,1202,N20,nominal,2.0NRT,302,1.11,D
44.69974,20.99388,329.71,0.4,0.45,2026-10-02,1202,N20,low,2.0NRT,303.25,3.58,D
45.21961,28.94717,367,0.5,0.66,2026-10-02,1202,N20,high,2.0NRT,293.06,10.24,D
45.25942,31.68031,334.99,0.68,0.74,2026-10-02,1202,N20,nominal,2.0NRT,284.28,9.34,D
45.21975,28.94527,367,0.5,0.66,2026-10-02,1202,N20,high,2.0NRT,292.54,9.47,D
45.25925,31.67168,332.19,0.68,0.74,2026-10-02,1202,N20,nominal,2.0NRT,283.47,6.51,D
44.77072,20.11538,346.3,0.56,0.43,2026-10-02,1202,N20,nominal,2.0NRT,304.03,7.14,D
44.77004,20.10832,338.43,0.56,0.43,2026-10-02,1202,N20,nominal,2.0NRT,303.74,4.64,D
44.77397,20.10759,353.84,0.56,0.43,2026-10-02,1202,N20,nominal,2.0NRT,307.55,28.46,D
44.94782,21.20013,342.41,0.42,0.45,2026-10-02,1202,N20,nominal,2.0NRT,304.48,15.57,D
44.85268,19.97819,338.36,0.55,0.43,2026-10-02,1202,N20,nominal,2.0NRT,304.81,3.25,D
44.96495,21.15455,342.01,0.41,0.45,2026-10-02,1202,N20,nominal,2.0NRT,301.94,3.88,D
44.8566,19.97744,331.22,0.55,0.43,2026-10-02,1202,N20,nominal,2.0NRT,305.36,3.25,D
44.96909,21.15392,342.93,0.41,0.45,2026-10-02,1202,N20,nominal,2.0NRT,302.02,4.89,D
44.97648,21.19046,346.12,0.42,0.45,2026-10-02,1202,N20,nominal,2.0NRT,303.24,4.71,D
45.02208,21.13465,352.12,0.41,0.45,2026-10-02,1202,N20,nominal,2.0NRT,300.69,22.08,D
45.06483,21.17332,343.61,0.42,0.45,2026-10-02,1202,N20,nominal,2.0NRT,306.21,43.53,D
45.06437,21.168,306.24,0.42,0.45,2026-10-02,1202,N20,low,2.0NRT,309.09,43.53,D
45.06898,21.17263,342.19,0.42,0.45,2026-10-02,1202,N20,nominal,2.0NRT,300.44,4.05,D
45.06852,21.16731,334.8,0.42,0.45,2026-10-02,1202,N20,nominal,2.0NRT,302.93,4.05,D
44.87191,19.10598,332.76,0.51,0.41,2026-10-02,1202,N20,low,2.0NRT,303.23,3.61,D
45.07314,21.17193,329.86,0.42,0.45,2026-10-02,1202,N20,nominal,2.0NRT,299.07,4.05,D
44.87568,19.10521,335.57,0.51,0.41,2026-10-02,1202,N20,nominal,2.0NRT,303.49,3.61,D
44.87876,19.09801,327.13,0.51,0.41,2026-10-02,1202,N20,low,2.0NRT,299.58,1.6,D
45.08016,20.87252,344.04,0.4,0.44,2026-10-02,1202,N20,nominal,2.0NRT,306.13,3.93,D
45.09043,20.803,338.14,0.4,0.44,2026-10-02,1202,N20,nominal,2.0NRT,304.51,1.95,D
45.10426,20.86316,340.96,0.4,0.44,2026-10-02,1202,N20,nominal,2.0NRT,304.44,5.59,D
44.95252,19.32194,335.7,0.52,0.41,2026-10-02,1202,N20,nominal,2.0NRT,303.91,4.23,D
44.95632,19.32118,336.02,0.52,0.41,2026-10-02,1202,N20,nominal,2.0NRT,303.34,5.7,D
45.07701,20.4839,339.87,0.39,0.44,2026-10-02,1202,N20,nominal,2.0NRT,287.62,5.3,D
44.95509,19.32082,346.85,0.52,0.41,2026-10-02,1202,N20,nominal,2.0NRT,304.7,9.08,D
45.07365,20.48228,343.52,0.39,0.44,2026-10-02,1202,N20,nominal,2.0NRT,286.98,4.64,D
44.99061,19.44215,352.64,0.52,0.42,2026-10-02,1202,N20,nominal,2.0NRT,306.33,63.06,D
45.00839,19.42498,336.19,0.52,0.42,2026-10-02,1202,N20,nominal,2.0NRT,305.63,4.5,D
45.12606,20.56382,347.18,0.39,0.44,2026-10-02,1202,N20,nominal,2.0NRT,299.83,4.08,D
45.04375,19.46556,344.8,0.53,0.42,2026-10-02,1202,N20,nominal,2.0NRT,304.72,7.8,D
45.04239,19.45219,334.75,0.53,0.42,2026-10-02,1202,N20,low,2.0NRT,305.34,4.93,D
45.08232,19.76933,335.3,0.54,0.42,2026-10-02,1202,N20,nominal,2.0NRT,303.19,6.63,D
45.16379,20.57233,339.71,0.39,0.44,2026-10-02,1202,N20,nominal,2.0NRT,299.26,7.93,D
45.16333,20.56732,335.39,0.39,0.44,2026-10-02,1202,N20,nominal,2.0NRT,304.26,7.93,D
43.78955,10.6038,334.05,0.43,0.38,2026-10-02,1202,N20,nominal,2.0NRT,292.46,1.94,D
45.08747,19.49541,334.18,0.53,0.42,2026-10-02,1202,N20,nominal,2.0NRT,304.87,2.83,D
44.56008,14.917,333.77,0.39,0.36,2026-10-02,1202,N20,nominal,2.0NRT,296.73,3.4,D
45.24636,20.7127,346.4,0.4,0.44,2026-10-02,1202,N20,nominal,2.0NRT,303.77,5.04,D
45.24591,20.7076,339.67,0.4,0.44,2026-10-02,1202,N20,nominal,2.0NRT,304.95,5.04,D
45.24998,20.70689,342.3,0.4,0.44,2026-10-02,1202,N20,nominal,2.0NRT,305.74,14.97,D
45.22705,20.45512,335.54,0.39,0.44,2026-10-02,1202,N20,nominal,2.0NRT,290.84,6.06,D
45.14948,19.489,339.7,0.53,0.42,2026-10-02,1202,N20,nominal,2.0NRT,311.22,43.12,D
45.24165,20.2211,334.16,0.57,0.43,2026-10-02,1202,N20,nominal,2.0NRT,301.71,22.58,D
45.75091,28.14275,342.7,0.46,0.63,2026-10-02,1202,N20,nominal,2.0NRT,295.26,4.71,D
45.27203,20.20066,337.35,0.57,0.43,2026-10-02,1202,N20,nominal,2.0NRT,303.27,3.65,D
44.92373,17.00101,329.24,0.43,0.38,2026-10-02,1202,N20,nominal,2.0NRT,291.83,2.41,D
45.27404,20.20046,337.38,0.57,0.43,2026-10-02,1202,N20,nominal,2.0NRT,303.3,5.35,D
45.04888,17.94014,330.07,0.46,0.39,2026-10-02,1202,N20,nominal,2.0NRT,297.4,7.68,D
45.75511,28.1482,328.59,0.46,0.64,2026-10-02,1202,N20,nominal,2.0NRT,292.33,3.68,D
45.75497,28.14219,337.84,0.46,0.64,2026-10-02,1202,N20,nominal,2.0NRT,297.01,3.68,D
44.95712,16.8094,331.2,0.43,0.38,2026-10-02,1202,N20,nominal,2.0NRT,285.08,4.73,D
44.95645,16.80404,330.81,0.43,0.38,2026-10-02,1202,N20,nominal,2.0NRT,287.37,4.07,D
45.41656,20.59465,332.09,0.4,0.44,2026-10-02,1202,N20,low,2.0NRT,303.37,1.59,D
45.41611,20.58957,335.36,0.4,0.44,2026-10-02,1202,N20,nominal,2.0NRT,303.54,1.59,D
45.42017,20.58883,341.99,0.4,0.44,2026-10-02,1202,N20,nominal,2.0NRT,306.32,3.96,D
45.41972,20.58376,356.16,0.4,0.44,2026-10-02,1202,N20,nominal,2.0NRT,305.87,7.18,D
45.45452,20.65007,337.2,0.4,0.44,2026-10-02,1202,N20,nominal,2.0NRT,306.55,2.06,D
45.48054,20.57285,343.17,0.4,0.44,2026-10-02,1202,N20,nominal,2.0NRT,305.11,5.16,D
45.4846,20.57213,344.82,0.4,0.44,2026-10-02,1202,N20,nominal,2.0NRT,303.72,7.51,D
45.50806,20.69277,337.18,0.4,0.44,2026-10-02,1202,N20,nominal,2.0NRT,303.64,3.63,D
45.50759,20.68762,341.56,0.4,0.44,2026-10-02,1202,N20,nominal,2.0NRT,304.86,3.63,D
45.75745,23.84077,334.03,0.57,0.52,2026-10-02,1202,N20,nominal,2.0NRT,280.47,10.79,D
45.47567,19.5697,334.87,0.54,0.42,2026-10-02,1202,N20,nominal,2.0NRT,304.51,7.22,D
45.47498,19.56281,344.1,0.54,0.42,2026-10-02,1202,N20,nominal,2.0NRT,307.57,24.47,D
45.50137,19.55057,337.31,0.54,0.42,2026-10-02,1202,N20,nominal,2.0NRT,302.8,9.13,D
45.50068,19.54368,342.3,0.54,0.42,2026-10-02,1202,N20,nominal,2.0NRT,313.23,44.37,D
45.52387,19.53911,336.9,0.54,0.42,2026-10-02,1202,N20,nominal,2.0NRT,305.91,5.7,D
45.52448,19.53793,335.39,0.54,0.42,2026-10-02,1202,N20,nominal,2.0NRT,304.73,4.72,D
45.78757,22.04077,334.62,0.47,0.47,2026-10-02,1202,N20,nominal,2.0NRT,296.17,2.57,D
44.76531,12.0814,355.84,0.39,0.36,2026-10-02,1202,N20,nominal,2.0NRT,282.19,12.22,D
44.8593,12.089,338.63,0.39,0.36,2026-10-02,1202,N20,nominal,2.0NRT,280.96,3.92,D
44.90197,12.0129,330.57,0.39,0.36,2026-10-02,1202,N20,nominal,2.0NRT,279.76,2.8,D
44.90115,12.00801,330.88,0.39,0.36,2026-10-02,1202,N20,nominal,2.0NRT,280.39,2.8,D
44.76341,10.80892,341.15,0.41,0.37,2026-10-02,1202,N20,nominal,2.0NRT,292.75,1.67,D
45.64853,16.25372,335.75,0.42,0.38,2026-10-02,1202,N20,nominal,2.0NRT,296.25,3.44,D
46.08641,16.92917,335.24,0.44,0.38,2026-10-02,1202,N20,nominal,2.0NRT,286.22,5.2,D
46.89767,27.2401,332.05,0.42,0.61,2026-10-02,1202,N20,nominal,2.0NRT,290.42,2.77,D
46.6934,22.12011,349.02,0.48,0.48,2026-10-02,1202,N20,nominal,2.0NRT,298.39,7.02,D
45.51714,11.50102,327.84,0.4,0.37,2026-10-02,1202,N20,nominal,2.0NRT,295.49,0.96,D
47.47422,29.23997,347.13,0.53,0.67,2026-10-02,1202,N20,nominal,2.0NRT,295.92,7.01,D
45.57934,9.40496,335.22,0.44,0.38,2026-10-02,1202,N20,nominal,2.0NRT,296.26,3.25,D
45.67544,9.19197,330.31,0.45,0.39,2026-10-02,1202,N20,nominal,2.0NRT,294.06,0.9,D
48.60759,21.17758,340.13,0.46,0.47,2026-10-02,1202,N20,nominal,2.0NRT,304.13,5.19,D
48.94989,31.12844,326.5,0.65,0.73,2026-10-02,1202,N20,nominal,2.0NRT,291.24,6.38,D
48.27661,14.33647,336.69,0.4,0.37,2026-10-02,1202,N20,nominal,2.0NRT,270.87,9.11,D
49.24239,25.91148,339.43,0.38,0.59,2026-10-02,1202,N20,nominal,2.0NRT,294.55,3.21,D
50.34167,19.3392,331.85,0.4,0.44,2026-10-02,1202,N20,nominal,2.0NRT,298.75,3.51,D
50.3412,19.33357,345.31,0.4,0.44,2026-10-02,1202,N20,nominal,2.0NRT,299.56,5.76,D
49.60867,9.35245,337.34,0.4,0.37,2026-10-02,1204,N20,nominal,2.0NRT,289.86,1.75,D
49.34599,6.7414,336.27,0.46,0.39,2026-10-02,1204,N20,nominal,2.0NRT,287.02,6.33,D
49.35544,6.75044,329.45,0.46,0.39,2026-10-02,1204,N20,nominal,2.0NRT,290.15,2.65,D
49.82869,8.13545,330.11,0.42,0.38,2026-10-02,1204,N20,nominal,2.0NRT,289.98,4.36,D
49.82764,8.12981,325.2,0.42,0.38,2026-10-02,1204,N20,nominal,2.0NRT,290.62,4.96,D
48.11045,-0.66257,327.22,0.32,0.55,2026-10-02,1204,N20,nominal,2.0NRT,273.55,1.41,D
51.68514,15.98139,337.17,0.47,0.4,2026-10-02,1204,N20,nominal,2.0NRT,300.4,15.69,D
51.68876,15.9804,333.57,0.47,0.4,2026-10-02,1204,N20,nominal,2.0NRT,298.64,7.5,D
52.46765,32.99667,328.6,0.79,0.78,2026-10-02,1204,N20,nominal,2.0NRT,285.68,8.41,D
52.46809,32.98474,336.06,0.79,0.78,2026-10-02,1204,N20,nominal,2.0NRT,287.97,9.52,D
52.96653,25.12586,325.52,0.37,0.58,2026-10-02,1204,N20,nominal,2.0NRT,289.43,1.43,D
51.36538,6.70764,335.45,0.43,0.38,2026-10-02,1204,N20,nominal,2.0NRT,296.99,4.73,D
51.13707,5.46482,328.89,0.47,0.4,2026-10-02,1204,N20,nominal,2.0NRT,284.08,7.35,D
51.48021,6.72243,337.26,0.43,0.38,2026-10-02,1204,N20,nominal,2.0NRT,291.61,40.28,D
51.48474,6.72678,328.7,0.43,0.38,2026-10-02,1204,N20,nominal,2.0NRT,290.91,16.99,D
51.48465,6.70711,342.58,0.43,0.38,2026-10-02,1204,N20,nominal,2.0NRT,295.56,6.68,D
52.15476,10.4043,343.78,0.38,0.36,2026-10-02,1204,N20,nominal,2.0NRT,292.14,10.31,D
51.03498,2.29037,340.9,0.41,0.45,2026-10-02,1204,N20,nominal,2.0NRT,293.43,4.43,D
51.03389,2.28899,342.27,0.41,0.45,2026-10-02,1204,N20,nominal,2.0NRT,292.74,4.21,D
53.50981,10.03953,325.09,0.38,0.36,2026-10-02,1204,N20,nominal,2.0NRT,292.54,3.12,D
51.33947,-1.08498,330.78,0.54,0.51,2026-10-02,1204,N20,nominal,2.0NRT,288.5,3.63,D
51.33833,-1.08408,328.37,0.54,0.51,2026-10-02,1204,N20,nominal,2.0NRT,288.11,3.78,D
34.61237,-6.15197,333.96,0.41,0.37,2026-10-02,1340,N20,nominal,2.0NRT,300.15,2.57,D
35.75706,3.39855,332.13,0.42,0.61,2026-10-02,1340,N20,nominal,2.0NRT,296.37,1.31,D
37.54361,-5.09946,339.21,0.47,0.4,2026-10-02,1340,N20,nominal,2.0NRT,285.6,5.82,D
38.33358,-5.61512,344.61,0.46,0.39,2026-10-02,1340,N20,nominal,2.0NRT,297.54,7.36,D
38.33717,-5.6158,337.36,0.46,0.39,2026-10-02,1340,N20,nominal,2.0NRT,296.32,7.36,D
39.66074,-3.89463,334.15,0.56,0.43,2026-10-02,1342,N20,nominal,2.0NRT,292.51,10.8,D
40.24538,-3.47395,328.92,0.4,0.44,2026-10-02,1342,N20,nominal,2.0NRT,295.38,2.96,D
48.10321,-2.57832,339.2,0.53,0.5,2026-10-02,1344,N20,nominal,2.0NRT,283.7,4.56,D
51.16881,3.80934,328.78,0.54,0.68,2026-10-02,1344,N20,nominal,2.0NRT,288.99,5.85,D
51.16496,3.81663,330.34,0.54,0.68,2026-10-02,1344,N20,nominal,2.0NRT,285.56,7.34,D
51.1713,3.80868,336.85,0.54,0.68,2026-10-02,1344,N20,nominal,2.0NRT,291.76,8.66,D
53.44403,34.414,303.33,0.7,0.75,2026-10-02,2233,N20,nominal,2.0NRT,275.25,2.35,N
36.86947,34.75661,300.6,0.6,0.71,2026-10-02,2237,N20,nominal,2.0NRT,282.84,1.59,N
36.87071,34.75611,299.35,0.6,0.71,2026-10-02,2237,N20,nominal,2.0NRT,282.29,1.98,N
59.52921,34.14479,328.71,0.38,0.36,2026-10-03,0013,N20,nominal,2.0NRT,284.06,3.53,N
60.28805,22.28605,297.69,0.48,0.48,2026-10-03,0013,N20,nominal,2.0NRT,282.31,0.63,N
58.36158,12.37499,295.76,0.52,0.67,2026-10-03,0013,N20,nominal,2.0NRT,280.84,0.46,N
56.7364,31.77653,311.99,0.39,0.36,2026-10-03,0013,N20,nominal,2.0NRT,274.23,0.62,N
56.63319,31.75144,307.76,0.39,0.36,2026-10-03,0013,N20,nominal,2.0NRT,274.82,1.05,N
57.06326,9.97261,301.67,0.64,0.72,2026-10-03,0013,N20,nominal,2.0NRT,282.19,1.43,N
57.06157,9.96886,304.17,0.64,0.72,2026-10-03,0013,N20,nominal,2.0NRT,281.24,2.06,N
55.50539,28.58452,301.16,0.41,0.37,2026-10-03,0013,N20,nominal,2.0NRT,278.67,0.53,N
55.09622,21.79783,299.05,0.44,0.46,2026-10-03,0013,N20,nominal,2.0NRT,280.4,0.83,N
53.44307,34.41405,311.09,0.41,0.37,2026-10-03,0013,N20,nominal,2.0NRT,278.49,2.38,N
53.36565,34.09605,326.75,0.41,0.37,2026-10-03,0013,N20,nominal,2.0NRT,277.28,6.67,N
53.36453,34.10201,296.93,0.41,0.37,2026-10-03,0013,N20,nominal,2.0NRT,276.44,3.96,N
54.19467,28.3457,321.31,0.41,0.37,2026-10-03,0013,N20,nominal,2.0NRT,276.09,1.87,N
54.19385,28.3519,303.97,0.41,0.37,2026-10-03,0013,N20,nominal,2.0NRT,277.42,1.55,N
52.38601,33.48689,315.79,0.41,0.37,2026-10-03,0013,N20,nominal,2.0NRT,278.07,1.3,N
52.15407,34.13764,307.8,0.42,0.38,2026-10-03,0013,N20,nominal,2.0NRT,275.72,1.19,N
41.564,32.42649,295.6,0.56,0.43,2026-10-03,0018,N20,nominal,2.0NRT,281.23,0.64,N
52.17344,33.82841,300.76,0.42,0.37,2026-10-03,0013,N20,nominal,2.0NRT,273.67,0.89,N
43.64821,17.59058,306.49,0.5,0.49,2026-10-03,0018,N20,nominal,2.0NRT,274.17,0.96,N
52.33197,32.65954,306.93,0.4,0.37,2026-10-03,0013,N20,nominal,2.0NRT,276.39,0.82,N
52.33096,32.66521,299.09,0.4,0.37,2026-10-03,0013,N20,nominal,2.0NRT,276.09,0.95,N
43.54395,16.43726,302.06,0.57,0.52,2026-10-03,0018,N20,nominal,2.0NRT,289.53,1.01,N
53.26124,24.44879,296.24,0.5,0.41,2026-10-03,0016,N20,nominal,2.0NRT,280.46,0.86,N
43.54462,16.43724,301.49,0.57,0.52,2026-10-03,0018,N20,nominal,2.0NRT,289.41,0.39,N
51.65865,34.08733,298.56,0.43,0.38,2026-10-03,0016,N20,nominal,2.0NRT,272.56,0.6,N
42.71555,24.16935,331.45,0.41,0.37,2026-10-03,0018,N20,nominal,2.0NRT,281.05,3.55,N
53.52394,9.89415,323.49,0.65,0.73,2026-10-03,0016,N20,nominal,2.0NRT,282.54,3.57,N
41.19199,32.61797,325.91,0.39,0.44,2026-10-03,0018,N20,nominal,2.0NRT,281.89,2.91,N
53.14068,8.66533,295.76,0.73,0.76,2026-10-03,0016,N20,nominal,2.0NRT,279.22,0.63,N
41.18805,32.63593,296.81,0.39,0.44,2026-10-03,0018,N20,nominal,2.0NRT,284.44,0.68,N
51.89462,29.34094,308.73,0.39,0.36,2026-10-03,0016,N20,nominal,2.0NRT,278.99,1.27,N
41.18027,32.63281,296.13,0.39,0.44,2026-10-03,0018,N20,nominal,2.0NRT,283.93,1.12,N
41.1764,32.6312,309.75,0.39,0.44,2026-10-03,0018,N20,nominal,2.0NRT,283.41,2.24,N
51.88894,29.33284,297.31,0.39,0.36,2026-10-03,0016,N20,nominal,2.0NRT,278.19,1.04,N
43.66226,11.83447,295.13,0.49,0.65,2026-10-03,0018,N20,nominal,2.0NRT,282.97,0.66,N
51.88811,29.33836,315.36,0.39,0.36,2026-10-03,0016,N20,nominal,2.0NRT,277.47,1,N
42.37384,26.0531,297.7,0.38,0.36,2026-10-03,0018,N20,nominal,2.0NRT,275.75,0.35,N
52.58276,19.66557,312.44,0.5,0.49,2026-10-03,0016,N20,nominal,2.0NRT,282.73,1.2,N
43.66128,11.83498,299.1,0.49,0.65,2026-10-03,0018,N20,nominal,2.0NRT,284.35,0.93,N
51.16806,29.83808,296.66,0.38,0.36,2026-10-03,0016,N20,nominal,2.0NRT,273.86,0.76,N
41.26536,31.42016,302.87,0.52,0.41,2026-10-03,0018,N20,nominal,2.0NRT,286.07,1.93,N
52.35636,9.88168,297.22,0.65,0.73,2026-10-03,0016,N20,nominal,2.0NRT,281.37,0.69,N
41.26413,31.42616,299.62,0.52,0.41,2026-10-03,0018,N20,nominal,2.0NRT,288.93,1.57,N
41.25552,31.41011,302.74,0.52,0.41,2026-10-03,0018,N20,nominal,2.0NRT,284.12,0.93,N
52.21008,8.03938,296.21,0.77,0.77,2026-10-03,0016,N20,nominal,2.0NRT,275.99,0.86,N
51.35257,26.61246,298.43,0.42,0.38,2026-10-03,0016,N20,nominal,2.0NRT,276.07,0.98,N
52.16613,10.42518,295.34,0.61,0.71,2026-10-03,0016,N20,nominal,2.0NRT,277.94,1.96,N
43.1545,18.15624,305.59,0.47,0.47,2026-10-03,0018,N20,nominal,2.0NRT,279.2,2.16,N
52.15909,10.39761,320.17,0.61,0.71,2026-10-03,0016,N20,nominal,2.0NRT,279,2.53,N
42.59696,22.39298,336.76,0.45,0.39,2026-10-03,0018,N20,nominal,2.0NRT,278.45,4.94,N
52.15895,10.38847,299.4,0.61,0.71,2026-10-03,0016,N20,nominal,2.0NRT,280.78,3.68,N
40.48094,34.06951,314.41,0.47,0.48,2026-10-03,0018,N20,nominal,2.0NRT,279.22,2.14,N
52.15246,10.39784,304.39,0.61,0.71,2026-10-03,0016,N20,nominal,2.0NRT,276.95,2.53,N
42.93,18.87686,337.9,0.43,0.46,2026-10-03,0018,N20,nominal,2.0NRT,281.3,5.05,N
42.92949,18.88262,338.93,0.43,0.46,2026-10-03,0018,N20,nominal,2.0NRT,285.67,6.31,N
40.47797,34.06252,319.08,0.47,0.48,2026-10-03,0018,N20,nominal,2.0NRT,278.95,2.31,N
40.47667,34.06798,313.55,0.47,0.48,2026-10-03,0018,N20,nominal,2.0NRT,279.69,2.31,N
52.16213,10.39256,300.57,0.61,0.71,2026-10-03,0016,N20,nominal,2.0NRT,280.4,2.67,N
42.92537,18.88107,337.32,0.43,0.46,2026-10-03,0018,N20,nominal,2.0NRT,283.45,6.31,N
52.15559,10.40202,327.53,0.61,0.71,2026-10-03,0016,N20,nominal,2.0NRT,278.81,2.67,N
42.92586,18.87542,313.88,0.43,0.46,2026-10-03,0018,N20,nominal,2.0NRT,281.17,5.05,N
52.15549,10.39282,316.38,0.61,0.71,2026-10-03,0016,N20,nominal,2.0NRT,279.67,2.67,N
42.92527,18.8789,343.59,0.43,0.46,2026-10-03,0018,N20,nominal,2.0NRT,282.57,4.92,N
50.56301,30.27727,326.48,0.39,0.36,2026-10-03,0016,N20,nominal,2.0NRT,277.99,3.35,N
40.47628,34.06562,330.93,0.47,0.48,2026-10-03,0018,N20,nominal,2.0NRT,280.17,3.45,N
51.68977,15.97692,300.85,0.35,0.57,2026-10-03,0016,N20,nominal,2.0NRT,271.58,0.93,N
42.64508,21.1166,296.89,0.51,0.41,2026-10-03,0018,N20,nominal,2.0NRT,277.65,0.99,N
50.54604,26.26003,312.07,0.42,0.38,2026-10-03,0016,N20,nominal,2.0NRT,279.58,1.6,N
41.79856,26.70173,305.27,0.39,0.36,2026-10-03,0018,N20,nominal,2.0NRT,282.56,0.8,N
50.92935,21.67505,305.26,0.4,0.44,2026-10-03,0016,N20,nominal,2.0NRT,280.26,0.89,N
41.75917,26.79572,295.84,0.39,0.36,2026-10-03,0018,N20,nominal,2.0NRT,280.39,0.44,N
42.51402,21.05153,295.27,0.51,0.41,2026-10-03,0018,N20,nominal,2.0NRT,274.53,0.53,N
48.53466,34.64317,328.12,0.5,0.41,2026-10-03,0016,N20,nominal,2.0NRT,283.08,3.42,N
41.36127,26.67543,302.81,0.39,0.36,2026-10-03,0018,N20,nominal,2.0NRT,281.08,0.78,N
48.53371,34.64278,324.58,0.5,0.41,2026-10-03,0016,N20,nominal,2.0NRT,279.99,3.23,N
41.02195,28.55343,310.32,0.42,0.37,2026-10-03,0018,N20,nominal,2.0NRT,286.59,1.25,N
48.52208,34.6227,300.58,0.5,0.41,2026-10-03,0016,N20,nominal,2.0NRT,279.45,1.1,N
41.02106,28.55832,307.88,0.42,0.37,2026-10-03,0018,N20,nominal,2.0NRT,286.55,0.96,N
40.78189,29.59819,299.5,0.45,0.39,2026-10-03,0018,N20,nominal,2.0NRT,285.78,1.55,N
48.47347,34.62717,299.06,0.5,0.41,2026-10-03,0016,N20,nominal,2.0NRT,278.67,1.83,N
40.79943,29.37377,298.37,0.44,0.38,2026-10-03,0018,N20,nominal,2.0NRT,286.81,0.66,N
40.79959,29.37162,298.14,0.44,0.38,2026-10-03,0018,N20,nominal,2.0NRT,285.56,0.84,N
50.34869,19.29567,295.59,0.49,0.49,2026-10-03,0016,N20,nominal,2.0NRT,281.56,0.61,N
40.76581,29.5304,299.19,0.45,0.39,2026-10-03,0018,N20,nominal,2.0NRT,286.98,0.92,N
50.41495,18.13739,298.69,0.55,0.51,2026-10-03,0016,N20,nominal,2.0NRT,282.72,0.72,N
41.01446,27.96223,296.45,0.4,0.37,2026-10-03,0018,N20,nominal,2.0NRT,284.48,0.5,N
50.34187,19.33005,299.02,0.49,0.49,2026-10-03,0016,N20,nominal,2.0NRT,282.29,1.54,N
50.34142,19.33698,312.44,0.49,0.48,2026-10-03,0016,N20,nominal,2.0NRT,286.25,1.54,N
41.08833,26.71056,296.41,0.39,0.36,2026-10-03,0018,N20,nominal,2.0NRT,284.11,0.59,N
50.33571,19.28616,327.42,0.49,0.49,2026-10-03,0016,N20,nominal,2.0NRT,284.9,3.85,N
40.86189,26.5482,296.95,0.39,0.36,2026-10-03,0018,N20,nominal,2.0NRT,282.57,0.62,N
50.33617,19.27917,304.41,0.49,0.49,2026-10-03,0016,N20,nominal,2.0NRT,283.47,1.4,N
40.8604,26.55725,295.16,0.39,0.36,2026-10-03,0018,N20,nominal,2.0NRT,282.46,0.96,N
50.34723,19.28993,296.8,0.49,0.49,2026-10-03,0016,N20,nominal,2.0NRT,282.72,1.36,N
40.85862,26.54727,308.64,0.39,0.36,2026-10-03,0018,N20,nominal,2.0NRT,282.79,0.62,N
50.34422,19.33209,310.65,0.49,0.48,2026-10-03,0016,N20,nominal,2.0NRT,282.66,2.02,N
40.85638,26.56084,299.07,0.39,0.36,2026-10-03,0018,N20,nominal,2.0NRT,282.41,0.69,N
50.34372,19.339,296.9,0.49,0.48,2026-10-03,0016,N20,nominal,2.0NRT,284.64,1.98,N
40.85385,26.55538,327.08,0.39,0.36,2026-10-03,0018,N20,nominal,2.0NRT,283.71,3.12,N
50.41874,18.14075,297.95,0.55,0.51,2026-10-03,0016,N20,nominal,2.0NRT,284.09,1.93,N
40.85311,26.55991,332.67,0.39,0.36,2026-10-03,0018,N20,nominal,2.0NRT,285.2,3.82,N
50.33827,19.28828,332.74,0.49,0.49,2026-10-03,0016,N20,nominal,2.0NRT,285.37,2.1,N
41.70127,19.61801,303.03,0.57,0.43,2026-10-03,0018,N20,nominal,2.0NRT,285.14,0.97,N
50.41401,18.14,297.12,0.55,0.51,2026-10-03,0016,N20,nominal,2.0NRT,282.23,0.96,N
50.33428,19.28049,299.57,0.49,0.49,2026-10-03,0016,N20,nominal,2.0NRT,282.1,2.1,N
41.54893,19.72423,296.2,0.56,0.43,2026-10-03,0018,N20,nominal,2.0NRT,284.94,0.65,N
50.33379,19.28745,296.11,0.49,0.49,2026-10-03,0016,N20,nominal,2.0NRT,281.78,2.1,N
41.09965,23.41483,300.21,0.41,0.37,2026-10-03,0018,N20,nominal,2.0NRT,279.28,0.93,N
42.01079,12.71065,304.06,0.43,0.62,2026-10-03,0018,N20,nominal,2.0NRT,284.19,0.84,N
39.9007,28.87303,296,0.44,0.38,2026-10-03,0018,N20,nominal,2.0NRT,280.31,0.52,N
47.8764,33.41474,303.14,0.47,0.4,2026-10-03,0016,N20,nominal,2.0NRT,282.44,1.67,N
41.09758,19.82016,296.33,0.55,0.43,2026-10-03,0018,N20,nominal,2.0NRT,283.95,0.53,N
47.87148,33.43899,307.27,0.47,0.4,2026-10-03,0016,N20,nominal,2.0NRT,280.03,1.26,N
41.09552,19.83957,296.5,0.55,0.43,2026-10-03,0018,N20,nominal,2.0NRT,285.05,1.24,N
48.74881,26.60328,296.28,0.4,0.37,2026-10-03,0016,N20,nominal,2.0NRT,279.46,0.89,N
48.97876,24.70729,295.57,0.44,0.39,2026-10-03,0016,N20,nominal,2.0NRT,277.21,1.87,N
41.09475,19.84684,309.56,0.55,0.43,2026-10-03,0018,N20,nominal,2.0NRT,284.15,1.65,N
47.78512,29.01756,304.36,0.39,0.36,2026-10-03,0016,N20,nominal,2.0NRT,279.27,1.04,N
41.093,19.82571,332.82,0.55,0.43,2026-10-03,0018,N20,nominal,2.0NRT,287.77,19.41,N
47.07937,32.67488,301.52,0.46,0.39,2026-10-03,0016,N20,nominal,2.0NRT,275.17,0.51,N
41.0937,19.81907,297.59,0.55,0.43,2026-10-03,0018,N20,nominal,2.0NRT,284.08,19.41,N
48.3849,24.24472,301.42,0.45,0.39,2026-10-03,0016,N20,nominal,2.0NRT,273.78,0.77,N
41.09089,19.84563,308.64,0.55,0.43,2026-10-03,0018,N20,nominal,2.0NRT,284.83,1.07,N
41.09011,19.85294,295.84,0.55,0.43,2026-10-03,0018,N20,nominal,2.0NRT,284.57,1.07,N
47.17426,31.75549,298.89,0.43,0.38,2026-10-03,0016,N20,nominal,2.0NRT,278.21,0.46,N
41.08982,19.818,340.62,0.55,0.43,2026-10-03,0018,N20,nominal,2.0NRT,300.84,19.41,N
48.62419,21.19437,305.55,0.39,0.44,2026-10-03,0016,N20,nominal,2.0NRT,280.86,1.29,N
41.08911,19.8247,325.93,0.55,0.43,2026-10-03,0018,N20,nominal,2.0NRT,288.55,19.41,N
48.61164,21.19706,301.75,0.39,0.44,2026-10-03,0016,N20,nominal,2.0NRT,281.93,1.08,N
41.09056,19.811,300.49,0.55,0.43,2026-10-03,0018,N20,nominal,2.0NRT,283.07,1.08,N
48.60951,21.1749,315.4,0.39,0.44,2026-10-03,0016,N20,nominal,2.0NRT,279.54,1.99,N
41.08845,19.83101,304.4,0.55,0.43,2026-10-03,0018,N20,nominal,2.0NRT,284.39,1.65,N
48.60904,21.18023,305.16,0.39,0.44,2026-10-03,0016,N20,nominal,2.0NRT,282.31,1.99,N
41.08593,19.81696,341.84,0.55,0.43,2026-10-03,0018,N20,nominal,2.0NRT,289.3,21.65,N
48.60501,21.17936,323.05,0.39,0.44,2026-10-03,0016,N20,nominal,2.0NRT,281.23,1.99,N
41.08522,19.82375,296.34,0.55,0.43,2026-10-03,0018,N20,nominal,2.0NRT,284.64,21.65,N
48.60548,21.17402,319.58,0.39,0.44,2026-10-03,0016,N20,nominal,2.0NRT,277.65,1.99,N
41.08455,19.83012,299.76,0.55,0.43,2026-10-03,0018,N20,nominal,2.0NRT,285.25,0.93,N
48.60098,21.17847,303.94,0.39,0.44,2026-10-03,0016,N20,nominal,2.0NRT,279.52,1,N
39.86533,26.24109,308.58,0.39,0.36,2026-10-03,0018,N20,nominal,2.0NRT,285.27,1.14,N
39.8646,26.24556,309.17,0.39,0.36,2026-10-03,0018,N20,nominal,2.0NRT,286.55,1.21,N
41.1058,15.26041,298.61,0.62,0.54,2026-10-03,0018,N20,nominal,2.0NRT,282.11,0.88,N
47.36151,29.43137,296.48,0.39,0.36,2026-10-03,0016,N20,nominal,2.0NRT,275.5,0.51,N
48.45599,17.18919,296.95,0.59,0.52,2026-10-03,0016,N20,nominal,2.0NRT,283.88,1.62,N
40.81794,15.77364,295.47,0.58,0.52,2026-10-03,0018,N20,nominal,2.0NRT,281.69,0.66,N
48.45801,17.19137,302.7,0.58,0.52,2026-10-03,0016,N20,nominal,2.0NRT,284.51,1.72,N
40.63103,17.9998,304.5,0.44,0.46,2026-10-03,0018,N20,nominal,2.0NRT,289.68,0.82,N
48.2815,14.33375,300.86,0.4,0.6,2026-10-03,0016,N20,nominal,2.0NRT,284.16,1.33,N
48.28134,14.33918,299.54,0.4,0.6,2026-10-03,0016,N20,nominal,2.0NRT,283.55,0.91,N
40.75129,16.34886,301.66,0.54,0.51,2026-10-03,0018,N20,nominal,2.0NRT,284.98,0.87,N
48.27596,14.33332,348.85,0.4,0.6,2026-10-03,0016,N20,nominal,2.0NRT,286.96,3.9,N
40.72763,16.2849,306.08,0.55,0.51,2026-10-03,0018,N20,nominal,2.0NRT,282.55,1.1,N
48.27628,14.32243,300.96,0.4,0.6,2026-10-03,0016,N20,nominal,2.0NRT,285.34,0.97,N
40.57997,17.37684,303.33,0.48,0.48,2026-10-03,0018,N20,nominal,2.0NRT,284.63,0.98,N
48.27612,14.32788,298.36,0.4,0.6,2026-10-03,0016,N20,nominal,2.0NRT,284.71,3.9,N
40.51801,17.20303,303.55,0.49,0.48,2026-10-03,0018,N20,nominal,2.0NRT,286.46,1.71,N
48.27579,14.33874,311.43,0.4,0.6,2026-10-03,0016,N20,nominal,2.0NRT,285.41,2.28,N
40.55844,16.56477,309.81,0.53,0.5,2026-10-03,0018,N20,nominal,2.0NRT,285.08,1.23,N
48.27563,14.34414,296.8,0.4,0.6,2026-10-03,0016,N20,nominal,2.0NRT,283.09,2.28,N
40.50416,17.20679,297.97,0.49,0.48,2026-10-03,0018,N20,nominal,2.0NRT,287.18,1.74,N
40.55954,16.56554,307.56,0.53,0.5,2026-10-03,0018,N20,nominal,2.0NRT,285.12,1.38,N
48.26503,14.32695,297.93,0.4,0.6,2026-10-03,0016,N20,nominal,2.0NRT,283.19,1.24,N
39.11652,27.52688,314.16,0.41,0.37,2026-10-03,0018,N20,nominal,2.0NRT,286.11,1.45,N
39.11397,27.52142,309.93,0.41,0.37,2026-10-03,0018,N20,nominal,2.0NRT,286.32,1.61,N
39.09471,27.51076,300.17,0.41,0.37,2026-10-03,0018,N20,nominal,2.0NRT,285.04,0.67,N
48.28223,14.33744,304.98,0.4,0.6,2026-10-03,0016,N20,nominal,2.0NRT,284.75,3.46,N
39.09137,27.5097,304.18,0.41,0.37,2026-10-03,0018,N20,nominal,2.0NRT,285.48,0.75,N
48.27688,14.3316,330.27,0.4,0.6,2026-10-03,0016,N20,nominal,2.0NRT,284.76,3.46,N
40.10865,18.51229,367,0.41,0.45,2026-10-03,0018,N20,high,2.0NRT,291.49,7.86,N
48.27669,14.33702,341.57,0.4,0.6,2026-10-03,0016,N20,nominal,2.0NRT,287.88,3.46,N
39.38741,22.80551,298.73,0.41,0.37,2026-10-03,0020,N20,nominal,2.0NRT,287.25,0.6,N
48.27707,14.32616,302.51,0.4,0.6,2026-10-03,0016,N20,nominal,2.0NRT,284.83,2.46,N
38.74044,26.93144,314.35,0.4,0.37,2026-10-03,0020,N20,nominal,2.0NRT,279.14,2.69,N
48.26579,14.33072,297.87,0.4,0.6,2026-10-03,0016,N20,nominal,2.0NRT,282.92,0.88,N
38.73805,26.94504,305.25,0.4,0.37,2026-10-03,0020,N20,nominal,2.0NRT,274.37,0.76,N
48.26043,14.32482,297.49,0.4,0.6,2026-10-03,0016,N20,nominal,2.0NRT,282.12,0.63,N
45.93294,30.06635,302.05,0.41,0.37,2026-10-03,0016,N20,nominal,2.0NRT,278.3,0.95,N
37.25294,30.44065,297.56,0.56,0.43,2026-10-03,0020,N20,nominal,2.0NRT,281.08,1.16,N
45.83283,30.08776,321.83,0.41,0.37,2026-10-03,0016,N20,nominal,2.0NRT,278.97,0.92,N
39.19748,17.13964,303.19,0.47,0.48,2026-10-03,0020,N20,nominal,2.0NRT,285.28,1.42,N
45.8295,30.08653,296.02,0.41,0.37,2026-10-03,0016,N20,nominal,2.0NRT,278.07,0.92,N
39.18473,17.13217,328,0.47,0.48,2026-10-03,0020,N20,nominal,2.0NRT,286.51,3.17,N
45.26018,31.67077,328.68,0.45,0.39,2026-10-03,0016,N20,nominal,2.0NRT,291.88,5.1,N
36.26263,33.72874,302.81,0.57,0.52,2026-10-03,0020,N20,nominal,2.0NRT,285.15,1.77,N
38.9691,17.05937,303.22,0.48,0.48,2026-10-03,0020,N20,nominal,2.0NRT,284.91,1.25,N
45.25906,31.6764,301.01,0.45,0.39,2026-10-03,0016,N20,nominal,2.0NRT,289.85,5.1,N
45.37616,30.92598,315.09,0.43,0.38,2026-10-03,0016,N20,nominal,2.0NRT,290.08,0.87,N
39.08549,9.01257,301.45,0.65,0.73,2026-10-03,0020,N20,nominal,2.0NRT,286.3,1.27,N
45.37513,30.93133,302.9,0.43,0.38,2026-10-03,0016,N20,nominal,2.0NRT,290.51,0.87,N
38.70779,16.01904,301,0.54,0.51,2026-10-03,0020,N20,nominal,2.0NRT,286.94,0.76,N
45.37411,30.92899,322.55,0.43,0.38,2026-10-03,0016,N20,nominal,2.0NRT,291.05,1.76,N
38.20415,15.26483,302.53,0.58,0.52,2026-10-03,0020,N20,nominal,2.0NRT,291.72,1.52,N
44.77122,33.86028,296.95,0.56,0.43,2026-10-03,0016,N20,nominal,2.0NRT,277.51,0.76,N
38.20573,15.26546,303.39,0.58,0.52,2026-10-03,0020,N20,nominal,2.0NRT,292.61,2.53,N
45.35675,30.90509,327.91,0.43,0.38,2026-10-03,0016,N20,nominal,2.0NRT,291.66,2.2,N
37.10307,9.2466,309.64,0.61,0.71,2026-10-03,0020,N20,nominal,2.0NRT,288.01,3.26,N
45.95268,25.28196,304.97,0.41,0.37,2026-10-03,0016,N20,nominal,2.0NRT,277.63,1.52,N
36.92282,9.63786,311.34,0.58,0.7,2026-10-03,0020,N20,nominal,2.0NRT,286.74,1.22,N
46.30157,20.19211,310.37,0.41,0.45,2026-10-03,0016,N20,nominal,2.0NRT,277.96,0.89,N
36.91634,9.63754,306.15,0.58,0.7,2026-10-03,0020,N20,nominal,2.0NRT,286.38,1.22,N
45.95356,22.86645,299.94,0.47,0.4,2026-10-03,0016,N20,nominal,2.0NRT,279.02,0.9,N
36.92269,9.63698,306.26,0.58,0.7,2026-10-03,0020,N20,nominal,2.0NRT,286.54,1.43,N
45.80717,24.06547,318.95,0.43,0.38,2026-10-03,0016,N20,nominal,2.0NRT,276.73,2.02,N
36.9162,9.63668,302.74,0.58,0.7,2026-10-03,0020,N20,nominal,2.0NRT,286.28,1.43,N
45.12336,25.41751,311.59,0.4,0.37,2026-10-03,0018,N20,nominal,2.0NRT,279.71,1.38,N
36.77945,10.19755,304.37,0.54,0.68,2026-10-03,0020,N20,nominal,2.0NRT,289.06,0.6,N
46.07003,13.62553,305.99,0.41,0.61,2026-10-03,0018,N20,nominal,2.0NRT,277.89,0.89,N
36.76607,7.30333,295.92,0.78,0.78,2026-10-03,0020,N20,nominal,2.0NRT,275.98,1.62,N
45.57196,20.64546,296.13,0.57,0.43,2026-10-03,0018,N20,nominal,2.0NRT,277.77,1.11,N
36.50124,10.0217,299.12,0.55,0.68,2026-10-03,0020,N20,nominal,2.0NRT,286.7,1.2,N
45.52956,20.62202,298.08,0.57,0.43,2026-10-03,0018,N20,nominal,2.0NRT,277.32,0.8,N
45.5279,20.62193,308.2,0.57,0.43,2026-10-03,0018,N20,nominal,2.0NRT,278.15,1.35,N
45.48567,20.6806,305.69,0.57,0.43,2026-10-03,0018,N20,nominal,2.0NRT,277.16,1.08,N
45.48425,20.69517,303.72,0.57,0.43,2026-10-03,0018,N20,nominal,2.0NRT,276.89,1.77,N
45.31871,20.71577,302.68,0.56,0.43,2026-10-03,0018,N20,nominal,2.0NRT,275.35,1.87,N
35.40328,8.16749,306.06,0.69,0.74,2026-10-03,0020,N20,nominal,2.0NRT,278.47,2.56,N
45.31633,20.71536,311.21,0.56,0.43,2026-10-03,0018,N20,nominal,2.0NRT,275.55,2.14,N
35.40385,8.16244,297.4,0.69,0.74,2026-10-03,0020,N20,nominal,2.0NRT,278.47,1.82,N
45.22303,20.63782,330.73,0.57,0.43,2026-10-03,0018,N20,nominal,2.0NRT,276.01,5.1,N
35.40363,8.17026,295.49,0.69,0.74,2026-10-03,0020,N20,nominal,2.0NRT,277.97,1.84,N
45.21906,20.63703,295.3,0.57,0.43,2026-10-03,0018,N20,nominal,2.0NRT,274.59,0.81,N
45.20026,20.8816,296.91,0.55,0.43,2026-10-03,0018,N20,nominal,2.0NRT,274.82,0.63,N
45.221,20.63823,332.59,0.57,0.43,2026-10-03,0018,N20,nominal,2.0NRT,275.79,5.12,N
45.14151,21.10406,295.59,0.54,0.42,2026-10-03,0018,N20,nominal,2.0NRT,276.39,1.37,N
45.1408,21.11094,313.4,0.54,0.42,2026-10-03,0018,N20,nominal,2.0NRT,277.59,1.37,N
45.13692,21.11014,324.95,0.54,0.42,2026-10-03,0018,N20,nominal,2.0NRT,277.12,2.75,N
45.13305,21.10933,325.98,0.54,0.42,2026-10-03,0018,N20,nominal,2.0NRT,277.3,2.75,N
45.17064,20.73852,301.85,0.56,0.43,2026-10-03,0018,N20,nominal,2.0NRT,277.69,1.24,N
45.16599,20.74488,311.16,0.56,0.43,2026-10-03,0018,N20,nominal,2.0NRT,277.25,1.37,N
45.12847,21.1154,306.73,0.54,0.42,2026-10-03,0018,N20,nominal,2.0NRT,276.74,1.16,N
45.19133,20.44525,314.9,0.38,0.43,2026-10-03,0018,N20,nominal,2.0NRT,275.39,1.44,N
45.16204,20.74409,298.64,0.56,0.43,2026-10-03,0018,N20,nominal,2.0NRT,276.11,1.37,N
45.15921,20.77259,298.26,0.56,0.43,2026-10-03,0018,N20,nominal,2.0NRT,279.38,1.29,N
45.15527,20.77181,305.46,0.56,0.43,2026-10-03,0018,N20,nominal,2.0NRT,277.9,2.13,N
45.13749,20.54037,307.26,0.57,0.43,2026-10-03,0018,N20,nominal,2.0NRT,274.19,1.67,N
45.05523,21.25332,305.01,0.53,0.42,2026-10-03,0018,N20,nominal,2.0NRT,277.92,1.12,N
44.90728,22.49011,339.04,0.47,0.4,2026-10-03,0018,N20,nominal,2.0NRT,285.63,5.03,N
44.9086,22.47844,296.39,0.48,0.4,2026-10-03,0018,N20,nominal,2.0NRT,279.77,1.45,N
44.90792,22.48446,316.84,0.47,0.4,2026-10-03,0018,N20,nominal,2.0NRT,281.31,1.45,N
45.0539,21.25265,303.09,0.53,0.42,2026-10-03,0018,N20,nominal,2.0NRT,277.05,0.97,N
44.90775,22.48919,339.7,0.47,0.4,2026-10-03,0018,N20,nominal,2.0NRT,286.06,2.08,N
44.90842,22.48344,307.62,0.47,0.4,2026-10-03,0018,N20,nominal,2.0NRT,280.25,2.08,N
44.90476,22.48277,296.97,0.47,0.4,2026-10-03,0018,N20,nominal,2.0NRT,281.02,2.08,N
44.90411,22.48842,307.25,0.47,0.4,2026-10-03,0018,N20,nominal,2.0NRT,281.16,2.08,N
45.07007,20.86997,308.83,0.55,0.43,2026-10-03,0018,N20,nominal,2.0NRT,279.8,1.3,N
45.06615,20.86918,301.59,0.55,0.43,2026-10-03,0018,N20,nominal,2.0NRT,278.61,1.3,N
44.88693,22.50756,307.8,0.47,0.4,2026-10-03,0018,N20,nominal,2.0NRT,280.73,1.3,N
45.02431,21.12179,300.53,0.54,0.42,2026-10-03,0018,N20,nominal,2.0NRT,277.43,1.07,N
45.02221,21.06555,296.37,0.54,0.42,2026-10-03,0018,N20,nominal,2.0NRT,278.97,0.87,N
45.09327,19.56376,295.65,0.42,0.45,2026-10-03,0018,N20,nominal,2.0NRT,277.34,0.62,N
45.06849,19.7424,300.97,0.41,0.45,2026-10-03,0018,N20,nominal,2.0NRT,277.46,1.34,N
45.06436,19.74158,304.42,0.41,0.45,2026-10-03,0018,N20,nominal,2.0NRT,278.26,1.09,N
45.06863,19.60221,301.95,0.42,0.45,2026-10-03,0018,N20,nominal,2.0NRT,277.3,0.76,N
45.05103,19.74961,318.13,0.41,0.45,2026-10-03,0018,N20,nominal,2.0NRT,277.46,1.56,N
45.50878,10.23939,296.12,0.6,0.71,2026-10-03,0018,N20,nominal,2.0NRT,283.66,0.5,N
44.77236,22.30752,297.77,0.48,0.4,2026-10-03,0018,N20,nominal,2.0NRT,282.73,0.65,N
44.77167,22.31358,296.77,0.48,0.4,2026-10-03,0018,N20,nominal,2.0NRT,283.12,0.65,N
45.48266,10.20682,297.05,0.6,0.71,2026-10-03,0018,N20,nominal,2.0NRT,283.26,0.78,N
45.04626,19.4724,299.32,0.42,0.45,2026-10-03,0018,N20,nominal,2.0NRT,275.62,0.71,N
44.76018,22.31548,303.27,0.48,0.4,2026-10-03,0018,N20,nominal,2.0NRT,283.52,0.72,N
44.75946,22.32179,297.47,0.48,0.4,2026-10-03,0018,N20,nominal,2.0NRT,283.58,0.72,N
45.46165,10.44903,306.23,0.59,0.7,2026-10-03,0018,N20,nominal,2.0NRT,283.77,1.54,N
45.04208,19.47164,306.85,0.42,0.45,2026-10-03,0018,N20,nominal,2.0NRT,275.27,0.71,N
45.43143,10.99706,304.6,0.55,0.68,2026-10-03,0018,N20,nominal,2.0NRT,284.91,0.95,N
45.42931,10.99315,302.29,0.55,0.68,2026-10-03,0018,N20,nominal,2.0NRT,283.89,1.29,N
44.92078,18.90235,297.08,0.45,0.47,2026-10-03,0018,N20,nominal,2.0NRT,273.78,1.11,N
44.82719,19.94732,295.83,0.4,0.44,2026-10-03,0018,N20,nominal,2.0NRT,275.3,0.52,N
44.76426,20.08947,295.32,0.39,0.44,2026-10-03,0018,N20,nominal,2.0NRT,276.45,0.45,N
45.14987,9.93651,295.42,0.62,0.71,2026-10-03,0018,N20,nominal,2.0NRT,282.64,0.99,N
44.28262,22.64907,303.96,0.46,0.39,2026-10-03,0018,N20,nominal,2.0NRT,279.68,0.95,N
43.81762,25.78325,302.07,0.39,0.36,2026-10-03,0018,N20,nominal,2.0NRT,276.36,1.05,N
43.80056,25.64375,308.02,0.39,0.36,2026-10-03,0018,N20,nominal,2.0NRT,277.62,0.99,N
43.7184,26.03317,297.2,0.39,0.36,2026-10-03,0018,N20,nominal,2.0NRT,278.43,0.84,N
43.71768,26.03793,307.34,0.39,0.36,2026-10-03,0018,N20,nominal,2.0NRT,279.53,0.84,N
43.92416,24.22152,295.89,0.41,0.37,2026-10-03,0018,N20,nominal,2.0NRT,277.98,1.08,N
43.92076,24.22064,316.43,0.41,0.37,2026-10-03,0018,N20,nominal,2.0NRT,279.2,1.08,N
43.72389,25.47111,298.62,0.39,0.36,2026-10-03,0018,N20,nominal,2.0NRT,277.13,0.67,N
43.86692,24.33308,303.25,0.41,0.37,2026-10-03,0018,N20,nominal,2.0NRT,279.42,1.06,N
43.92164,23.81447,324.14,0.42,0.38,2026-10-03,0018,N20,nominal,2.0NRT,277.92,18.07,N
43.92096,23.8197,339.8,0.42,0.38,2026-10-03,0018,N20,nominal,2.0NRT,286.54,18.07,N
43.91889,23.80836,326.91,0.42,0.38,2026-10-03,0018,N20,nominal,2.0NRT,276.85,9.52,N
43.91821,23.8136,342.01,0.42,0.38,2026-10-03,0018,N20,nominal,2.0NRT,300.22,18.07,N
43.91753,23.81883,335.05,0.42,0.38,2026-10-03,0018,N20,nominal,2.0NRT,280.65,18.07,N
43.23421,27.592,300.38,0.39,0.36,2026-10-03,0018,N20,nominal,2.0NRT,281.12,0.57,N
59.5308,34.14057,299.05,0.51,0.66,2026-10-03,0152,N20,nominal,2.0NRT,276.74,1.11,N
63.31938,9.14512,300,0.4,0.37,2026-10-03,0154,N20,nominal,2.0NRT,282.12,0.95,N
63.31612,9.14294,295.39,0.4,0.37,2026-10-03,0154,N20,nominal,2.0NRT,281.37,0.64,N
60.48824,15.4488,299.91,0.44,0.38,2026-10-03,0154,N20,nominal,2.0NRT,282.2,1.01,N
56.88367,25.41099,311.24,0.36,0.58,2026-10-03,0154,N20,nominal,2.0NRT,276.75,0.91,N
56.88409,25.41127,302.57,0.36,0.58,2026-10-03,0154,N20,nominal,2.0NRT,277.02,0.58,N
56.87954,25.40616,312.84,0.36,0.58,2026-10-03,0154,N20,nominal,2.0NRT,276.89,1.18,N
54.19819,28.34728,296.56,0.58,0.7,2026-10-03,0154,N20,nominal,2.0NRT,271.09,0.98,N
54.19581,28.345,295.83,0.58,0.7,2026-10-03,0154,N20,nominal,2.0NRT,271.24,0.69,N
58.34781,11.42147,296.77,0.4,0.37,2026-10-03,0154,N20,nominal,2.0NRT,286.46,0.74,N
59.60849,1.5132,297.07,0.5,0.41,2026-10-03,0154,N20,nominal,2.0NRT,283.36,0.5,N
59.59042,1.05603,302.7,0.52,0.41,2026-10-03,0154,N20,nominal,2.0NRT,283.25,0.71,N
51.88489,29.33521,299.21,0.78,0.78,2026-10-03,0156,N20,nominal,2.0NRT,276.68,1.45,N
51.89576,29.33893,298.25,0.78,0.78,2026-10-03,0156,N20,nominal,2.0NRT,277.23,1.82,N
51.88975,29.33248,301.77,0.78,0.78,2026-10-03,0156,N20,nominal,2.0NRT,277.39,1.82,N
57.06087,9.97896,322.84,0.4,0.37,2026-10-03,0156,N20,nominal,2.0NRT,285.39,1.36,N
53.26084,24.44884,296.41,0.46,0.64,2026-10-03,0156,N20,nominal,2.0NRT,279.32,0.85,N
53.26102,24.44921,297.7,0.46,0.64,2026-10-03,0156,N20,nominal,2.0NRT,279.44,0.61,N
56.07873,13.22801,315.97,0.47,0.4,2026-10-03,0156,N20,nominal,2.0NRT,276.72,2.57,N
52.5844,19.6714,329.2,0.33,0.55,2026-10-03,0156,N20,nominal,2.0NRT,283.38,1.56,N
55.71885,4.79607,296.7,0.39,0.37,2026-10-03,0156,N20,nominal,2.0NRT,285.16,0.35,N
56.01039,-3.67074,298.72,0.45,0.47,2026-10-03,0156,N20,nominal,2.0NRT,279.77,0.47,N
50.93065,21.67124,305.64,0.44,0.63,2026-10-03,0156,N20,nominal,2.0NRT,277.82,1.71,N
50.93264,21.67813,299.43,0.44,0.63,2026-10-03,0156,N20,nominal,2.0NRT,278.66,1.2,N
53.51443,10.03714,295.27,0.43,0.38,2026-10-03,0156,N20,nominal,2.0NRT,284.19,0.85,N
53.51107,10.03526,309.14,0.43,0.38,2026-10-03,0156,N20,nominal,2.0NRT,283.48,0.85,N
53.51381,10.03603,306.04,0.43,0.38,2026-10-03,0156,N20,nominal,2.0NRT,284.71,0.73,N
53.51045,10.03415,295.08,0.43,0.38,2026-10-03,0156,N20,nominal,2.0NRT,282.49,0.73,N
53.52169,9.90138,325.89,0.43,0.38,2026-10-03,0156,N20,nominal,2.0NRT,285.58,3,N
50.80683,20.52765,301.81,0.4,0.6,2026-10-03,0156,N20,nominal,2.0NRT,277.42,0.99,N
53.48256,9.94899,299.1,0.43,0.38,2026-10-03,0156,N20,nominal,2.0NRT,284,0.71,N
51.10625,18.9405,297.67,0.34,0.56,2026-10-03,0156,N20,nominal,2.0NRT,282.05,0.63,N
51.68745,15.9761,298.72,0.5,0.49,2026-10-03,0156,N20,nominal,2.0NRT,278.19,1.03,N
53.1414,8.67486,304.41,0.41,0.37,2026-10-03,0156,N20,nominal,2.0NRT,280.27,1.5,N
53.12485,8.68583,296.89,0.41,0.37,2026-10-03,0156,N20,nominal,2.0NRT,281.63,1.11,N
50.34292,19.33553,297.26,0.38,0.58,2026-10-03,0156,N20,nominal,2.0NRT,284.58,0.94,N
50.33986,19.28682,302.09,0.37,0.58,2026-10-03,0156,N20,nominal,2.0NRT,283.13,1.52,N
50.33838,19.29164,296.27,0.37,0.58,2026-10-03,0156,N20,nominal,2.0NRT,281.77,0.86,N
50.33496,19.28325,298.59,0.37,0.58,2026-10-03,0156,N20,nominal,2.0NRT,282.55,0.81,N
50.53471,17.97684,302.2,0.33,0.55,2026-10-03,0156,N20,nominal,2.0NRT,280.65,1.12,N
50.53582,17.97544,307.23,0.33,0.55,2026-10-03,0156,N20,nominal,2.0NRT,279.09,1.05,N
50.41888,18.14418,298.38,0.33,0.56,2026-10-03,0156,N20,nominal,2.0NRT,283.55,1.08,N
52.35381,9.88555,299.49,0.45,0.39,2026-10-03,0156,N20,nominal,2.0NRT,280.63,0.51,N
52.16264,10.41663,318.84,0.47,0.39,2026-10-03,0156,N20,nominal,2.0NRT,284.21,2.63,N
52.15707,10.40627,353.99,0.47,0.39,2026-10-03,0156,N20,nominal,2.0NRT,286.43,10.39,N
52.15978,10.39321,296.84,0.47,0.39,2026-10-03,0156,N20,nominal,2.0NRT,284.1,1.95,N
52.1536,10.40435,329.28,0.47,0.39,2026-10-03,0156,N20,nominal,2.0NRT,284.26,2.97,N
52.15496,10.39782,295.05,0.47,0.39,2026-10-03,0156,N20,nominal,2.0NRT,284.07,2.55,N
52.1515,10.39589,324.28,0.47,0.39,2026-10-03,0156,N20,nominal,2.0NRT,281.71,2.55,N
52.15014,10.40243,318.65,0.47,0.39,2026-10-03,0156,N20,nominal,2.0NRT,281.4,2.97,N
50.04014,18.48653,298.85,0.36,0.57,2026-10-03,0156,N20,nominal,2.0NRT,283.81,0.68,N
52.56311,7.30412,297.95,0.4,0.37,2026-10-03,0156,N20,nominal,2.0NRT,283.62,0.96,N
52.465,7.31875,318,0.4,0.37,2026-10-03,0156,N20,nominal,2.0NRT,281.63,1.69,N
52.20884,8.04748,329.23,0.41,0.37,2026-10-03,0156,N20,nominal,2.0NRT,282.64,5.88,N
48.62091,21.19001,309.74,0.51,0.66,2026-10-03,0156,N20,nominal,2.0NRT,277.91,1.43,N
48.60654,21.1714,300.33,0.51,0.66,2026-10-03,0156,N20,nominal,2.0NRT,276.43,1.31,N
48.60443,21.17764,306.83,0.51,0.66,2026-10-03,0156,N20,nominal,2.0NRT,278.97,1.31,N
48.60959,21.17766,328.69,0.51,0.66,2026-10-03,0156,N20,nominal,2.0NRT,281.62,3.48,N
52.49443,4.61,331.09,0.38,0.36,2026-10-03,0156,N20,nominal,2.0NRT,283.18,4.28,N
52.49357,4.61557,330.17,0.38,0.36,2026-10-03,0156,N20,nominal,2.0NRT,286.6,4.28,N
52.49529,4.60443,305.17,0.38,0.36,2026-10-03,0156,N20,nominal,2.0NRT,279.72,0.58,N
52.49271,4.62113,299.97,0.38,0.36,2026-10-03,0156,N20,nominal,2.0NRT,281.77,0.75,N
52.49185,4.6267,303.85,0.38,0.36,2026-10-03,0156,N20,nominal,2.0NRT,280.73,0.75,N
52.48555,4.6004,296.34,0.38,0.36,2026-10-03,0156,N20,nominal,2.0NRT,281.58,0.47,N
52.48401,4.58792,313.05,0.38,0.36,2026-10-03,0156,N20,nominal,2.0NRT,282.86,1.32,N
52.48316,4.59349,301.1,0.38,0.36,2026-10-03,0156,N20,nominal,2.0NRT,283.26,0.47,N
52.47905,4.59771,295.92,0.38,0.36,2026-10-03,0156,N20,nominal,2.0NRT,281.4,0.73,N
52.47752,4.58524,306.55,0.38,0.36,2026-10-03,0156,N20,nominal,2.0NRT,283.52,0.98,N
52.47409,4.6075,295.73,0.38,0.36,2026-10-03,0156,N20,nominal,2.0NRT,283.04,0.55,N
52.47324,4.61307,299.8,0.38,0.36,2026-10-03,0156,N20,nominal,2.0NRT,283.87,0.7,N
51.85867,8.03148,298.24,0.41,0.37,2026-10-03,0156,N20,nominal,2.0NRT,278.12,0.89,N
53.08517,-1.06915,301.06,0.51,0.41,2026-10-03,0156,N20,nominal,2.0NRT,282.62,0.71,N
51.7645,8.05438,298.61,0.41,0.37,2026-10-03,0156,N20,nominal,2.0NRT,280.2,0.53,N
53.08545,-1.06784,296.77,0.5,0.41,2026-10-03,0156,N20,nominal,2.0NRT,282.53,0.51,N
51.61962,8.50929,300.09,0.43,0.38,2026-10-03,0156,N20,nominal,2.0NRT,278.71,0.77,N
52.64177,-0.54635,296.52,0.48,0.4,2026-10-03,0156,N20,nominal,2.0NRT,283.43,0.41,N
51.51874,6.96908,342.62,0.4,0.37,2026-10-03,0156,N20,nominal,2.0NRT,280.18,5.31,N
51.94236,4.10835,295.44,0.39,0.36,2026-10-03,0156,N20,nominal,2.0NRT,280.73,0.39,N
51.50543,6.73883,311.69,0.4,0.37,2026-10-03,0156,N20,nominal,2.0NRT,283.32,1.08,N
51.49891,6.73586,298.77,0.4,0.37,2026-10-03,0156,N20,nominal,2.0NRT,279.77,0.65,N
51.48782,6.71881,327.69,0.4,0.37,2026-10-03,0156,N20,nominal,2.0NRT,280.97,2.24,N
51.48881,6.71326,315.85,0.4,0.37,2026-10-03,0156,N20,nominal,2.0NRT,281.33,1.51,N
51.48684,6.72436,296.18,0.4,0.37,2026-10-03,0156,N20,nominal,2.0NRT,279.57,2.24,N
51.48585,6.72992,304.26,0.4,0.37,2026-10-03,0156,N20,nominal,2.0NRT,280.64,0.93,N
51.48654,6.70622,328.14,0.4,0.37,2026-10-03,0156,N20,nominal,2.0NRT,280.73,2.91,N
51.48555,6.71177,331.12,0.4,0.37,2026-10-03,0156,N20,nominal,2.0NRT,282.19,2.91,N
51.48456,6.71733,316.7,0.4,0.37,2026-10-03,0156,N20,nominal,2.0NRT,279.71,1.15,N
51.48357,6.72288,299.2,0.4,0.37,2026-10-03,0156,N20,nominal,2.0NRT,280.23,1.15,N
51.48327,6.70474,324.1,0.4,0.37,2026-10-03,0156,N20,nominal,2.0NRT,282.57,2.91,N
51.4813,6.71584,302.46,0.4,0.37,2026-10-03,0156,N20,nominal,2.0NRT,278.67,1.15,N
51.46003,6.73617,314.61,0.4,0.37,2026-10-03,0156,N20,nominal,2.0NRT,277.37,1.46,N
51.42624,6.73728,297.78,0.4,0.37,2026-10-03,0156,N20,nominal,2.0NRT,279.32,0.83,N
51.36845,6.70501,331.66,0.4,0.37,2026-10-03,0156,N20,nominal,2.0NRT,283.93,4.35,N
51.36746,6.71055,313.54,0.4,0.37,2026-10-03,0156,N20,nominal,2.0NRT,280.89,4.35,N
51.3642,6.70907,330.59,0.4,0.37,2026-10-03,0156,N20,nominal,2.0NRT,281.26,4.35,N
51.36518,6.70353,308.74,0.4,0.37,2026-10-03,0156,N20,nominal,2.0NRT,278.82,4.35,N
52.64381,-8.69054,299.93,0.33,0.55,2026-10-03,0156,N20,nominal,2.0NRT,279.17,0.74,N
48.4562,17.18703,296.22,0.35,0.57,2026-10-03,0156,N20,nominal,2.0NRT,279.43,0.59,N
50.87721,6.92265,296.29,0.4,0.37,2026-10-03,0156,N20,nominal,2.0NRT,282,0.35,N
50.82014,7.0166,322.44,0.41,0.37,2026-10-03,0156,N20,nominal,2.0NRT,282.62,2.05,N
51.26628,4.32454,301.23,0.38,0.36,2026-10-03,0156,N20,nominal,2.0NRT,284.91,1.51,N
51.25726,4.33816,303.42,0.38,0.36,2026-10-03,0156,N20,nominal,2.0NRT,286.02,0.75,N
51.16581,4.32878,307.76,0.38,0.36,2026-10-03,0156,N20,nominal,2.0NRT,285.05,1.49,N
51.18354,3.81365,296.52,0.39,0.36,2026-10-03,0156,N20,nominal,2.0NRT,279.1,0.84,N
51.17702,3.81114,329.31,0.39,0.36,2026-10-03,0156,N20,nominal,2.0NRT,280.06,3.61,N
51.17459,3.80445,328.78,0.39,0.36,2026-10-03,0156,N20,nominal,2.0NRT,280.55,3.61,N
51.17377,3.80988,345.7,0.39,0.36,2026-10-03,0156,N20,nominal,2.0NRT,285.81,3.61,N
51.17134,3.80319,335.89,0.39,0.36,2026-10-03,0156,N20,nominal,2.0NRT,284.3,1.79,N
51.17051,3.80862,314.08,0.39,0.36,2026-10-03,0156,N20,nominal,2.0NRT,281.85,1.79,N
51.16643,3.81279,331.37,0.39,0.36,2026-10-03,0156,N20,nominal,2.0NRT,282.93,5.52,N
51.16808,3.80194,307.37,0.39,0.36,2026-10-03,0156,N20,nominal,2.0NRT,281.72,1.79,N
51.16726,3.80736,297.86,0.39,0.36,2026-10-03,0156,N20,nominal,2.0NRT,280.58,1.79,N
51.59233,0.46759,296.25,0.44,0.38,2026-10-03,0156,N20,nominal,2.0NRT,265.69,0.51,N
50.76546,5.67357,313.03,0.39,0.36,2026-10-03,0156,N20,nominal,2.0NRT,279.46,1.15,N
51.0481,2.32172,333.11,0.4,0.37,2026-10-03,0158,N20,nominal,2.0NRT,287.99,3.41,N
51.04888,2.31611,300.36,0.4,0.37,2026-10-03,0158,N20,nominal,2.0NRT,283.42,1.49,N
51.04704,2.31994,331.96,0.4,0.37,2026-10-03,0158,N20,nominal,2.0NRT,285.82,2.05,N
51.04782,2.31433,301.94,0.4,0.37,2026-10-03,0158,N20,nominal,2.0NRT,283.12,2.05,N
51.04688,2.29632,328.76,0.4,0.37,2026-10-03,0158,N20,nominal,2.0NRT,285.8,5.43,N
50.5723,5.36864,304.73,0.39,0.36,2026-10-03,0158,N20,nominal,2.0NRT,281.85,0.83,N
51.04355,2.29515,332.5,0.4,0.37,2026-10-03,0158,N20,nominal,2.0NRT,287.78,5.07,N
51.03437,2.28603,308.99,0.4,0.37,2026-10-03,0158,N20,nominal,2.0NRT,282.5,1.59,N
51.03184,2.27925,327.94,0.4,0.37,2026-10-03,0158,N20,nominal,2.0NRT,285.92,2.89,N
51.03498,2.25676,297.94,0.4,0.37,2026-10-03,0158,N20,nominal,2.0NRT,282.21,0.78,N
51.0293,2.27246,308.39,0.4,0.37,2026-10-03,0158,N20,nominal,2.0NRT,281.86,2.89,N
51.48071,-3.13588,296.25,0.57,0.43,2026-10-03,0158,N20,nominal,2.0NRT,281.55,0.63,N
50.42319,4.53819,300.57,0.38,0.36,2026-10-03,0158,N20,nominal,2.0NRT,279.29,0.57,N
50.41994,4.5369,299.39,0.38,0.36,2026-10-03,0158,N20,nominal,2.0NRT,280.05,0.57,N
50.47307,3.98782,301.62,0.38,0.36,2026-10-03,0158,N20,nominal,2.0NRT,280.46,1.12,N
50.47223,3.99314,302.24,0.38,0.36,2026-10-03,0158,N20,nominal,2.0NRT,281.79,1.04,N
48.27743,14.35057,303.16,0.54,0.51,2026-10-03,0158,N20,nominal,2.0NRT,285.4,2.27,N
48.27668,14.33427,327.29,0.54,0.51,2026-10-03,0158,N20,nominal,2.0NRT,286.22,3.73,N
48.27487,14.34112,324.68,0.54,0.51,2026-10-03,0158,N20,nominal,2.0NRT,285.85,4.33,N
48.27411,14.32486,314.05,0.54,0.51,2026-10-03,0158,N20,nominal,2.0NRT,284.17,3.73,N
48.26359,14.3265,299.25,0.54,0.51,2026-10-03,0158,N20,nominal,2.0NRT,283.42,1.08,N
50.33676,3.49346,297.68,0.39,0.36,2026-10-03,0158,N20,nominal,2.0NRT,279.59,0.95,N
50.33025,3.49103,296.52,0.39,0.36,2026-10-03,0158,N20,nominal,2.0NRT,279.94,0.54,N
49.52525,5.89583,295.92,0.4,0.37,2026-10-03,0158,N20,nominal,2.0NRT,280.62,0.86,N
49.52428,5.90119,301.98,0.4,0.37,2026-10-03,0158,N20,nominal,2.0NRT,279.14,0.66,N
49.50387,5.95613,329.06,0.4,0.37,2026-10-03,0158,N20,nominal,2.0NRT,280.73,3.15,N
49.35891,6.74681,339.73,0.41,0.37,2026-10-03,0158,N20,nominal,2.0NRT,282.67,5.55,N
49.34892,6.74246,297.33,0.41,0.37,2026-10-03,0158,N20,nominal,2.0NRT,280.34,0.64,N
49.2459,6.8525,296.07,0.42,0.37,2026-10-03,0158,N20,nominal,2.0NRT,282.04,0.6,N
45.52998,20.61613,295.3,0.62,0.71,2026-10-03,0158,N20,nominal,2.0NRT,276.38,0.7,N
45.13721,21.11137,322.43,0.67,0.73,2026-10-03,0158,N20,nominal,2.0NRT,276.63,4.95,N
45.13992,21.10369,302.23,0.67,0.73,2026-10-03,0158,N20,nominal,2.0NRT,275.98,3.37,N
45.13112,21.10709,296.16,0.67,0.73,2026-10-03,0158,N20,nominal,2.0NRT,275.1,1.53,N
45.2225,20.63136,314.31,0.63,0.72,2026-10-03,0158,N20,nominal,2.0NRT,274.43,2.47,N
45.21998,20.63858,303.95,0.63,0.72,2026-10-03,0158,N20,nominal,2.0NRT,276.27,2.47,N
45.16728,20.74647,296.44,0.64,0.72,2026-10-03,0158,N20,nominal,2.0NRT,277.16,0.98,N
45.22311,20.63331,321.71,0.63,0.72,2026-10-03,0158,N20,nominal,2.0NRT,274.74,3.48,N
48.60006,7.82255,308.34,0.45,0.39,2026-10-03,0158,N20,nominal,2.0NRT,285,1.2,N
48.59661,7.82099,311.58,0.45,0.39,2026-10-03,0158,N20,nominal,2.0NRT,285.51,1.2,N
48.71585,5.68081,297.31,0.4,0.37,2026-10-03,0158,N20,nominal,2.0NRT,280.39,0.54,N
49.47852,0.53465,298.55,0.42,0.38,2026-10-03,0158,N20,nominal,2.0NRT,279.5,0.71,N
45.06503,19.74264,301,0.58,0.7,2026-10-03,0158,N20,nominal,2.0NRT,275.72,0.84,N
48.5636,6.1075,308.13,0.41,0.37,2026-10-03,0158,N20,nominal,2.0NRT,282.95,0.89,N
48.56348,6.10717,297.72,0.41,0.37,2026-10-03,0158,N20,nominal,2.0NRT,282.18,1.3,N
45.06994,19.74241,301.05,0.58,0.7,2026-10-03,0158,N20,nominal,2.0NRT,275.79,1.56,N
45.05352,19.74875,309.23,0.59,0.7,2026-10-03,0158,N20,nominal,2.0NRT,275.17,1.52,N
48.76814,4.56495,297.34,0.39,0.36,2026-10-03,0158,N20,nominal,2.0NRT,282.48,0.42,N
44.82731,19.9442,303.26,0.61,0.71,2026-10-03,0158,N20,nominal,2.0NRT,272.96,0.93,N
48.98512,1.76156,309.86,0.39,0.37,2026-10-03,0158,N20,nominal,2.0NRT,282.55,0.84,N
48.98181,1.76045,325.72,0.39,0.37,2026-10-03,0158,N20,nominal,2.0NRT,282.25,2.03,N
48.38629,2.97932,299.74,0.38,0.36,2026-10-03,0158,N20,nominal,2.0NRT,281.58,0.64,N
48.38549,2.98443,297.5,0.38,0.36,2026-10-03,0158,N20,nominal,2.0NRT,284.84,0.64,N
48.18198,3.92967,297.63,0.39,0.36,2026-10-03,0158,N20,nominal,2.0NRT,282.02,0.32,N
46.22864,13.0726,298.44,0.54,0.51,2026-10-03,0158,N20,nominal,2.0NRT,285.85,0.78,N
46.22999,13.0726,295.28,0.54,0.51,2026-10-03,0158,N20,nominal,2.0NRT,284.85,1.59,N
46.06981,13.62809,299.18,0.58,0.52,2026-10-03,0158,N20,nominal,2.0NRT,284.9,0.72,N
47.06959,8.26717,327.92,0.49,0.4,2026-10-03,0158,N20,nominal,2.0NRT,284.34,2.19,N
47.17341,7.56197,295.67,0.46,0.39,2026-10-03,0158,N20,nominal,2.0NRT,283.66,0.94,N
45.38122,11.94722,302.34,0.51,0.49,2026-10-03,0158,N20,nominal,2.0NRT,287.16,1.86,N
45.38413,11.94735,300.23,0.51,0.49,2026-10-03,0158,N20,nominal,2.0NRT,286.48,0.94,N
45.37982,11.94519,300.15,0.51,0.49,2026-10-03,0158,N20,nominal,2.0NRT,284.86,0.94,N
43.64877,17.58874,296.12,0.52,0.67,2026-10-03,0158,N20,nominal,2.0NRT,271.61,0.88,N
45.5097,10.2451,305.62,0.42,0.46,2026-10-03,0158,N20,nominal,2.0NRT,287.61,1.32,N
45.4601,10.45516,303.75,0.43,0.46,2026-10-03,0158,N20,nominal,2.0NRT,288.18,1.3,N
45.47858,10.20748,309.47,0.42,0.45,2026-10-03,0158,N20,nominal,2.0NRT,284.85,1.48,N
45.47735,10.21265,306.78,0.42,0.45,2026-10-03,0158,N20,nominal,2.0NRT,284.19,1.48,N
42.93282,18.8808,304.71,0.63,0.72,2026-10-03,0158,N20,nominal,2.0NRT,275.31,2.09,N
42.92585,18.8798,329.77,0.63,0.72,2026-10-03,0158,N20,nominal,2.0NRT,278.55,7.15,N
42.92807,18.8732,304.92,0.63,0.72,2026-10-03,0158,N20,nominal,2.0NRT,276.92,3.76,N
42.92662,18.87896,336.23,0.63,0.72,2026-10-03,0158,N20,nominal,2.0NRT,279.13,9.05,N
42.92445,18.88554,315.9,0.63,0.72,2026-10-03,0158,N20,nominal,2.0NRT,277.03,5,N
45.14728,9.94341,309.52,0.42,0.45,2026-10-03,0158,N20,nominal,2.0NRT,286.66,1.48,N
46.80948,-0.14183,297.05,0.41,0.37,2026-10-03,0158,N20,nominal,2.0NRT,280.09,0.41,N
44.44632,8.77838,310.37,0.39,0.44,2026-10-03,0158,N20,nominal,2.0NRT,286.77,1.29,N
44.44526,8.78303,310.59,0.39,0.44,2026-10-03,0158,N20,nominal,2.0NRT,286.68,1.29,N
44.44411,8.78062,318.81,0.39,0.44,2026-10-03,0158,N20,nominal,2.0NRT,287.18,1.99,N
43.36553,12.54631,297.72,0.62,0.54,2026-10-03,0158,N20,nominal,2.0NRT,285.32,0.89,N
42.57013,12.67385,309.62,0.33,0.55,2026-10-03,0158,N20,nominal,2.0NRT,287,1.09,N
42.00721,12.71267,300.8,0.34,0.56,2026-10-03,0158,N20,nominal,2.0NRT,286.52,0.47,N
42.00927,12.71406,306.8,0.34,0.56,2026-10-03,0158,N20,nominal,2.0NRT,287.03,0.73,N
40.75581,16.34502,302.11,0.56,0.69,2026-10-03,0158,N20,nominal,2.0NRT,284.67,1.52,N
40.75427,16.34993,296.06,0.56,0.69,2026-10-03,0158,N20,nominal,2.0NRT,284.08,0.97,N
40.55869,16.56232,299.14,0.58,0.7,2026-10-03,0158,N20,nominal,2.0NRT,285.94,1.29,N
43.44548,4.90045,328.01,0.44,0.38,2026-10-03,0158,N20,nominal,2.0NRT,287.87,2.49,N
43.44648,4.89519,305.55,0.44,0.38,2026-10-03,0158,N20,nominal,2.0NRT,287.18,2.07,N
43.44162,4.88223,310.35,0.44,0.38,2026-10-03,0158,N20,nominal,2.0NRT,286.75,1.19,N
43.44062,4.88748,305.06,0.44,0.38,2026-10-03,0158,N20,nominal,2.0NRT,287.03,0.93,N
43.43962,4.89273,305.21,0.44,0.38,2026-10-03,0158,N20,nominal,2.0NRT,287.76,0.93,N
43.43819,4.881,301.18,0.44,0.38,2026-10-03,0158,N20,nominal,2.0NRT,288.25,0.69,N
43.43719,4.88625,311.56,0.44,0.38,2026-10-03,0158,N20,nominal,2.0NRT,287.93,1.06,N
43.4362,4.89149,301.44,0.44,0.38,2026-10-03,0158,N20,nominal,2.0NRT,287.69,1.06,N
43.43177,4.89552,303.33,0.44,0.38,2026-10-03,0158,N20,nominal,2.0NRT,287.46,0.87,N
40.23514,16.61008,307.6,0.6,0.7,2026-10-03,0158,N20,nominal,2.0NRT,285.54,1.48,N
39.18542,17.13112,298.3,0.68,0.74,2026-10-03,0200,N20,nominal,2.0NRT,285.3,1.33,N
43.04147,-2.21862,295.71,0.43,0.38,2026-10-03,0200,N20,nominal,2.0NRT,281.98,0.56,N
38.79675,15.21136,302.86,0.56,0.69,2026-10-03,0200,N20,nominal,2.0NRT,284.94,0.99,N
38.79213,15.21105,311.69,0.56,0.69,2026-10-03,0200,N20,nominal,2.0NRT,284.91,1.62,N
41.31215,1.66018,299.19,0.39,0.36,2026-10-03,0200,N20,nominal,2.0NRT,272.32,0.47,N
39.27779,8.91632,298.12,0.52,0.5,2026-10-03,0200,N20,nominal,2.0NRT,283.51,0.6,N
39.08293,9.01684,303.04,0.53,0.5,2026-10-03,0200,N20,nominal,2.0NRT,289.9,2.22,N
36.92025,9.64571,299.01,0.32,0.55,2026-10-03,0200,N20,nominal,2.0NRT,287.37,0.68,N
36.91627,9.64041,302.45,0.32,0.55,2026-10-03,0200,N20,nominal,2.0NRT,287.01,0.68,N
36.91541,9.64385,309.39,0.32,0.55,2026-10-03,0200,N20,nominal,2.0NRT,287.55,0.68,N
36.15967,10.28269,300.53,0.37,0.58,2026-10-03,0200,N20,nominal,2.0NRT,288.29,0.5,N
38.37837,-0.54476,306.36,0.38,0.36,2026-10-03,0200,N20,nominal,2.0NRT,288.45,1.03,N
36.86956,6.98332,314.06,0.47,0.48,2026-10-03,0200,N20,nominal,2.0NRT,290.3,1.51,N
36.76301,7.30516,303.65,0.49,0.49,2026-10-03,0200,N20,nominal,2.0NRT,288.55,1.61,N
36.48105,8.46497,302.16,0.57,0.52,2026-10-03,0200,N20,nominal,2.0NRT,284.77,0.68,N
36.48004,8.46574,299.61,0.57,0.52,2026-10-03,0200,N20,nominal,2.0NRT,284.51,0.76,N
36.74832,6.25603,336.52,0.43,0.46,2026-10-03,0200,N20,nominal,2.0NRT,290.39,3.96,N
36.74525,6.24991,305.4,0.43,0.46,2026-10-03,0200,N20,nominal,2.0NRT,292.39,1.56,N
36.74422,6.25463,310.53,0.43,0.46,2026-10-03,0200,N20,nominal,2.0NRT,289.58,1,N
36.08633,6.80478,297.66,0.48,0.48,2026-10-03,0200,N20,nominal,2.0NRT,285.76,0.7,N
36.0863,6.80218,296.08,0.48,0.48,2026-10-03,0202,N20,nominal,2.0NRT,285.29,0.55,N
36.33558,5.48241,305.69,0.4,0.44,2026-10-03,0202,N20,nominal,2.0NRT,286.27,1.1,N
36.33161,5.4811,304.48,0.4,0.44,2026-10-03,0202,N20,nominal,2.0NRT,286.43,1.18,N
35.86823,6.02331,295.03,0.44,0.46,2026-10-03,0202,N20,nominal,2.0NRT,284.3,0.51,N
35.86718,6.02808,297.07,0.44,0.46,2026-10-03,0202,N20,nominal,2.0NRT,284.26,0.51,N
35.70743,4.47725,301.52,0.56,0.43,2026-10-03,0202,N20,nominal,2.0NRT,275.98,0.6,N
35.70737,4.47579,298.98,0.56,0.43,2026-10-03,0202,N20,nominal,2.0NRT,272.47,0.49,N
35.34995,5.75945,324.74,0.44,0.46,2026-10-03,0202,N20,nominal,2.0NRT,285.31,2.22,N
36.12814,1.24137,319.3,0.41,0.37,2026-10-03,0202,N20,nominal,2.0NRT,293.6,2.47,N
35.09507,5.64817,306.72,0.44,0.46,2026-10-03,0202,N20,nominal,2.0NRT,288.89,1.35,N
36.01794,0.12571,312.04,0.39,0.36,2026-10-03,0202,N20,nominal,2.0NRT,289.41,0.77,N
35.81488,-0.2725,303.55,0.39,0.36,2026-10-03,0202,N20,nominal,2.0NRT,289.03,0.49,N
35.81417,-0.26825,306.41,0.39,0.36,2026-10-03,0202,N20,nominal,2.0NRT,289.6,1.06,N
35.81206,-0.25549,304.65,0.39,0.36,2026-10-03,0202,N20,nominal,2.0NRT,289.13,4.6,N
35.80924,-0.23848,318.21,0.39,0.36,2026-10-03,0202,N20,nominal,2.0NRT,288.47,1.06,N
35.805,-0.21296,303.14,0.39,0.36,2026-10-03,0202,N20,nominal,2.0NRT,289.38,1.07,N
35.80877,-0.25633,347.18,0.39,0.36,2026-10-03,0202,N20,nominal,2.0NRT,291.83,4.6,N
35.80807,-0.25208,315.58,0.39,0.36,2026-10-03,0202,N20,nominal,2.0NRT,288.29,3.34,N
35.80666,-0.24357,307.29,0.39,0.36,2026-10-03,0202,N20,nominal,2.0NRT,288.39,1.06,N
35.80549,-0.25717,313.3,0.39,0.36,2026-10-03,0202,N20,nominal,2.0NRT,289.03,1.38,N
35.76929,-0.26629,307.33,0.39,0.36,2026-10-03,0202,N20,nominal,2.0NRT,292.08,1.63,N
35.76459,-0.25862,302.47,0.39,0.36,2026-10-03,0202,N20,nominal,2.0NRT,290.64,1.35,N
35.53191,-0.27769,295.36,0.39,0.36,2026-10-03,0202,N20,nominal,2.0NRT,275.47,0.53,N
35.56844,-0.93833,305.78,0.38,0.36,2026-10-03,0202,N20,nominal,2.0NRT,284.83,0.48,N
35.56516,-0.93911,299.24,0.38,0.36,2026-10-03,0202,N20,nominal,2.0NRT,286.14,0.48,N
35.31251,-1.34262,301.5,0.38,0.36,2026-10-03,0202,N20,nominal,2.0NRT,284.02,0.38,N
34.97844,-2.08457,303.43,0.39,0.36,2026-10-03,0202,N20,nominal,2.0NRT,290.71,0.44,N
34.59691,-2.34931,300.96,0.39,0.36,2026-10-03,0202,N20,nominal,2.0NRT,288.75,0.79,N
34.59628,-2.34513,301.58,0.39,0.36,2026-10-03,0202,N20,nominal,2.0NRT,288.83,0.79,N
57.06606,9.97764,295.97,0.71,0.75,2026-10-03,0334,N20,nominal,2.0NRT,280.64,1.83,N
58.35371,0.86246,311.63,0.34,0.56,2026-10-03,0336,N20,nominal,2.0NRT,282.67,1.11,N
52.49675,4.61482,295.88,0.77,0.78,2026-10-03,0336,N20,nominal,2.0NRT,267.99,1.69,N
52.4952,4.60568,298.33,0.77,0.78,2026-10-03,0336,N20,nominal,2.0NRT,266.19,2.84,N
52.48343,4.59212,298.71,0.77,0.78,2026-10-03,0336,N20,nominal,2.0NRT,268.4,3.23,N
51.0429,2.29336,325.14,0.73,0.76,2026-10-03,0336,N20,nominal,2.0NRT,269.91,5.36,N
51.04268,2.29481,324.48,0.74,0.76,2026-10-03,0338,N20,nominal,2.0NRT,270.6,3.6,N
51.04621,2.28596,299.17,0.73,0.76,2026-10-03,0338,N20,nominal,2.0NRT,269.36,3.6,N
51.68555,-5.02747,297.91,0.37,0.58,2026-10-03,0338,N20,nominal,2.0NRT,286.31,0.82,N
40.2887,-8.42061,296.84,0.62,0.71,2026-10-03,0340,N20,nominal,2.0NRT,286.84,0.99,N
39.74248,34.49515,330.05,0.33,0.55,2026-10-03,1000,N20,nominal,2.0NRT,293.22,1.85,D
39.74278,34.49571,335,0.33,0.55,2026-10-03,1000,N20,nominal,2.0NRT,293.72,2.89,D
39.2544,32.23824,367,0.44,0.62,2026-10-03,1000,N20,high,2.0NRT,290.58,8.67,D
39.2508,32.23735,341.64,0.44,0.62,2026-10-03,1000,N20,nominal,2.0NRT,291.4,9.67,D
39.49502,32.63742,325.93,0.41,0.61,2026-10-03,1000,N20,nominal,2.0NRT,286.94,19.28,D
39.49387,32.63329,349.8,0.41,0.61,2026-10-03,1000,N20,nominal,2.0NRT,298.88,19.28,D
39.48882,32.46494,329.9,0.42,0.61,2026-10-03,1000,N20,nominal,2.0NRT,287.81,7.36,D
39.48744,32.45995,350.5,0.42,0.61,2026-10-03,1000,N20,nominal,2.0NRT,291.43,8.94,D
39.89733,33.9138,325.4,0.35,0.56,2026-10-03,1000,N20,nominal,2.0NRT,291.77,2.14,D
39.90329,33.91557,325.13,0.35,0.56,2026-10-03,1000,N20,nominal,2.0NRT,292.86,1.77,D
40.15761,34.74243,342.65,0.62,0.54,2026-10-03,1000,N20,nominal,2.0NRT,290.51,22.95,D
40.15588,34.73554,333.05,0.62,0.54,2026-10-03,1000,N20,nominal,2.0NRT,294.18,25.34,D
40.15973,34.74109,342.27,0.62,0.54,2026-10-03,1000,N20,nominal,2.0NRT,290.48,21.35,D
40.15796,34.7342,340.94,0.62,0.54,2026-10-03,1000,N20,nominal,2.0NRT,294.74,21.35,D
39.49514,32.04123,327.28,0.44,0.62,2026-10-03,1000,N20,nominal,2.0NRT,287.82,2.95,D
40.23072,34.37321,367,0.32,0.55,2026-10-03,1000,N20,high,2.0NRT,294.12,46.97,D
40.39824,34.12913,338.13,0.33,0.55,2026-10-03,1000,N20,nominal,2.0NRT,295.53,7.08,D
40.39731,34.12551,347.27,0.33,0.55,2026-10-03,1000,N20,nominal,2.0NRT,298.13,4.85,D
40.26768,33.56647,328.93,0.35,0.57,2026-10-03,1000,N20,nominal,2.0NRT,296.23,2.15,D
40.26669,33.56274,333,0.35,0.57,2026-10-03,1000,N20,nominal,2.0NRT,296.84,2.15,D
40.08063,32.80297,351.1,0.39,0.59,2026-10-03,1000,N20,nominal,2.0NRT,291.67,8.18,D
40.0819,32.79885,351.8,0.39,0.59,2026-10-03,1000,N20,nominal,2.0NRT,293.43,7.91,D
39.62123,31.05858,329.46,0.49,0.65,2026-10-03,1000,N20,nominal,2.0NRT,290.78,3.5,D
40.23381,33.08046,367,0.37,0.58,2026-10-03,1000,N20,high,2.0NRT,298.39,8.49,D
40.54916,34.09137,345.54,0.33,0.55,2026-10-03,1000,N20,nominal,2.0NRT,295.89,5.35,D
40.52257,34.01006,325.8,0.33,0.55,2026-10-03,1000,N20,nominal,2.0NRT,296.2,1.32,D
40.54856,34.0884,348.81,0.33,0.55,2026-10-03,1000,N20,nominal,2.0NRT,297.71,5.27,D
40.54409,34.03036,341.41,0.33,0.55,2026-10-03,1000,N20,nominal,2.0NRT,295.57,2.62,D
40.59095,34.16867,325.28,0.32,0.55,2026-10-03,1000,N20,nominal,2.0NRT,293.79,0.86,D
40.57451,34.1056,347.61,0.32,0.55,2026-10-03,1000,N20,nominal,2.0NRT,295.79,4.7,D
40.6036,34.15574,354.44,0.32,0.55,2026-10-03,1000,N20,nominal,2.0NRT,296.14,6.24,D
40.60263,34.15202,331.43,0.32,0.55,2026-10-03,1000,N20,nominal,2.0NRT,297.19,4.12,D
40.60851,34.15409,347.22,0.32,0.55,2026-10-03,1000,N20,nominal,2.0NRT,296.61,4.99,D
40.60754,34.15037,333.01,0.32,0.55,2026-10-03,1000,N20,nominal,2.0NRT,295.9,3.76,D
40.55247,33.70953,336.02,0.34,0.56,2026-10-03,1000,N20,nominal,2.0NRT,293.49,2.15,D
40.54996,33.70877,331.25,0.34,0.56,2026-10-03,1000,N20,nominal,2.0NRT,294.32,2.37,D
40.67774,33.7022,325.32,0.34,0.56,2026-10-03,1000,N20,nominal,2.0NRT,294.38,1.2,D
45.25475,31.67534,342.7,0.63,0.54,2026-10-03,1002,N20,nominal,2.0NRT,289.28,6.81,D
44.27652,27.59934,326.94,0.52,0.67,2026-10-03,1002,N20,nominal,2.0NRT,297.5,2.73,D
46.36824,34.94206,334.11,0.42,0.45,2026-10-03,1002,N20,nominal,2.0NRT,296.9,1.33,D
45.35499,30.90456,335.02,0.34,0.56,2026-10-03,1002,N20,nominal,2.0NRT,290.08,1.73,D
46.37001,34.6369,328.28,0.43,0.46,2026-10-03,1002,N20,nominal,2.0NRT,297.8,3.29,D
46.2348,32.27761,330.93,0.55,0.51,2026-10-03,1002,N20,nominal,2.0NRT,295.16,3.83,D
46.23924,32.27521,346.79,0.55,0.51,2026-10-03,1002,N20,nominal,2.0NRT,302.96,31.56,D
46.94361,34.67555,348.29,0.42,0.45,2026-10-03,1002,N20,nominal,2.0NRT,297.39,10.52,D
46.94758,34.67358,355.51,0.42,0.45,2026-10-03,1002,N20,nominal,2.0NRT,300.29,10.52,D
46.50144,32.83496,335.48,0.52,0.5,2026-10-03,1002,N20,nominal,2.0NRT,295.87,4.26,D
46.57498,32.53961,337.93,0.53,0.5,2026-10-03,1002,N20,nominal,2.0NRT,290.81,5.5,D
46.62318,32.53519,340.67,0.53,0.5,2026-10-03,1002,N20,nominal,2.0NRT,294.98,15.8,D
46.62754,32.53285,352.43,0.53,0.5,2026-10-03,1002,N20,nominal,2.0NRT,293.79,16.04,D
45.97581,30.06421,339.51,0.35,0.57,2026-10-03,1002,N20,nominal,2.0NRT,299.54,2.32,D
45.98425,30.07386,367,0.35,0.57,2026-10-03,1002,N20,high,2.0NRT,300.64,9.18,D
45.98914,30.07102,367,0.35,0.57,2026-10-03,1002,N20,high,2.0NRT,299.64,9.18,D
45.9158,29.71268,367,0.37,0.58,2026-10-03,1002,N20,high,2.0NRT,299.24,5.51,D
44.66808,25.62694,347.76,0.62,0.71,2026-10-03,1002,N20,nominal,2.0NRT,294.29,6.39,D
44.66897,25.62825,352.96,0.62,0.71,2026-10-03,1002,N20,nominal,2.0NRT,293.65,6.16,D
46.15816,30.04059,349.6,0.35,0.57,2026-10-03,1002,N20,nominal,2.0NRT,299.85,3.31,D
45.99723,29.45194,330.03,0.38,0.59,2026-10-03,1002,N20,nominal,2.0NRT,297.28,1.6,D
46.15967,30.04117,332.05,0.35,0.57,2026-10-03,1002,N20,nominal,2.0NRT,297.53,1.38,D
47.45575,34.54258,326.68,0.41,0.45,2026-10-03,1002,N20,nominal,2.0NRT,293.8,2.19,D
46.26294,29.22324,330.59,0.38,0.59,2026-10-03,1002,N20,nominal,2.0NRT,299.47,1.82,D
45.8815,27.24114,329.6,0.48,0.64,2026-10-03,1002,N20,nominal,2.0NRT,296.43,3.64,D
48.01538,34.76651,341.24,0.39,0.44,2026-10-03,1002,N20,nominal,2.0NRT,291.14,3.31,D
47.2769,31.16605,332.85,0.58,0.52,2026-10-03,1002,N20,nominal,2.0NRT,297.97,4.1,D
47.27741,31.16679,335.85,0.58,0.52,2026-10-03,1002,N20,nominal,2.0NRT,297.84,4.37,D
47.38794,31.44573,333.01,0.56,0.52,2026-10-03,1002,N20,nominal,2.0NRT,298.57,4.58,D
46.61652,28.22307,327.37,0.41,0.61,2026-10-03,1002,N20,nominal,2.0NRT,298.35,2.01,D
48.2951,34.46889,331.09,0.4,0.44,2026-10-03,1002,N20,nominal,2.0NRT,287.72,3.03,D
47.78357,30.39376,326.2,0.61,0.53,2026-10-03,1002,N20,nominal,2.0NRT,295.58,3.45,D
45.48884,23.00815,332.44,0.75,0.77,2026-10-03,1002,N20,nominal,2.0NRT,290.52,7.79,D
45.48588,23,327.6,0.75,0.77,2026-10-03,1002,N20,nominal,2.0NRT,292.4,7.88,D
45.48521,23.00223,342.48,0.75,0.77,2026-10-03,1002,N20,nominal,2.0NRT,292.84,12.06,D
48.65467,30.05246,346.19,0.59,0.53,2026-10-03,1002,N20,nominal,2.0NRT,295.37,8.53,D
52.08932,31.78784,333.12,0.4,0.44,2026-10-03,1004,N20,nominal,2.0NRT,292.2,2.98,D
52.54287,33.27104,326.76,0.52,0.42,2026-10-03,1004,N20,nominal,2.0NRT,288.57,2.02,D
51.89,29.34286,332.73,0.51,0.49,2026-10-03,1004,N20,nominal,2.0NRT,288.87,4.04,D
