latitude,longitude,brightness,scan,track,acq_date,acq_time,satellite,confidence,version,bright_t31,frp,daynight
37.48998,-5.20913,301.65,1.01,1,2026-09-25,0427,A,43,6.1NRT,288.47,5.5,N
36.72964,-5.91572,300.52,1.02,1.01,2026-09-25,0427,A,29,6.1NRT,288.22,5.35,N
51.04568,2.30419,308.38,1.04,1.02,2026-09-25,0421,A,74,6.1NRT,285.35,11.61,N
51.3357,32.65644,300.97,1.18,1.08,2026-09-25,0652,T,43,6.1NRT,284.53,7.13,D
49.41168,34.575,305.64,1.02,1.01,2026-09-25,0652,T,62,6.1NRT,286.15,8.14,D
40.47649,34.04929,306.87,1.03,1.01,2026-09-25,0654,T,62,6.1NRT,295.27,5.12,D
40.39235,34.23513,309.9,1.04,1.02,2026-09-25,0654,T,69,6.1NRT,291.62,8.43,D
36.87706,34.91039,310.66,1.2,1.09,2026-09-25,0654,T,66,6.1NRT,297.11,6.19,D
60.13419,16.17737,303.47,1,1,2026-09-25,0828,T,56,6.1NRT,284.38,7.7,D
35.81054,-0.26316,311.78,1.97,1.37,2026-09-25,0835,T,37,6.1NRT,297.45,13.3,D
52.15742,10.40197,308,1.04,1.02,2026-09-25,0830,T,66,6.1NRT,288.61,8.23,D
52.15556,10.41671,302.6,1.04,1.02,2026-09-25,0830,T,36,6.1NRT,288.29,4.73,D
52.14853,10.39908,309.27,1.04,1.02,2026-09-25,0830,T,68,6.1NRT,287.87,8.99,D
51.48632,6.71586,321.78,1.32,1.14,2026-09-25,0830,T,47,6.1NRT,289.03,26.93,D
51.36547,6.71215,303.87,1.31,1.14,2026-09-25,0830,T,50,6.1NRT,288.67,8.92,D
51.16806,3.82713,300.02,1.77,1.3,2026-09-25,0830,T,17,6.1NRT,287.54,8.86,D
51.04037,2.29146,304.39,2.1,1.41,2026-09-25,0830,T,0,6.1NRT,290.55,14.19,D
48.01355,19.32575,309.2,1.97,1.37,2026-09-25,0833,T,68,6.1NRT,289.01,24.48,D
48.00906,19.3181,305.84,1.97,1.37,2026-09-25,0833,T,28,6.1NRT,288.71,16.59,D
46.83978,21.81707,301.63,2.88,1.62,2026-09-25,0833,T,0,6.1NRT,284.97,16.06,D
47.97823,16.37847,302.08,1.42,1.18,2026-09-25,0833,T,51,6.1NRT,287.53,8.03,D
48.2733,14.33712,320.24,1.16,1.07,2026-09-25,0833,T,70,6.1NRT,291.03,23.08,D
47.17507,7.56459,303.43,1.1,1.05,2026-09-25,0833,T,56,6.1NRT,289.16,6.63,D
45.91773,13.37146,303.06,1.17,1.08,2026-09-25,0833,T,55,6.1NRT,290.82,5.45,D
42.88423,13.82724,303.35,1.39,1.17,2026-09-25,0833,T,45,6.1NRT,290.44,6.57,D
43.44031,4.89776,314.32,1.26,1.11,2026-09-25,0833,T,0,6.1NRT,297.77,12,D
42.7178,2.00211,303.45,1.75,1.3,2026-09-25,0835,T,12,6.1NRT,293.2,9.06,D
36.65361,9.1681,312.4,1.09,1.04,2026-09-25,0835,T,59,6.1NRT,299.82,5.55,D
36.86604,6.98031,311.84,1,1,2026-09-25,0835,T,55,6.1NRT,296.31,5.78,D
36.74516,6.25069,319.8,1.01,1,2026-09-25,0835,T,63,6.1NRT,301.37,11.96,D
36.74365,6.26166,319.88,1.01,1,2026-09-25,0835,T,67,6.1NRT,300.23,12.6,D
42.08683,-4.85202,313.76,3.14,1.68,2026-09-25,1011,T,70,6.1NRT,299.89,32.3,D
42.08664,-4.85697,312.79,3.14,1.68,2026-09-25,1011,T,69,6.1NRT,299.98,28.85,D
52.41095,34.25228,303.89,1.43,1.18,2026-09-25,1214,A,37,6.1NRT,285.71,10.91,D
53.69532,32.77443,300.74,1.52,1.22,2026-09-25,1214,A,41,6.1NRT,281.98,11.06,D
53.96509,33.74463,313.86,1.37,1.16,2026-09-25,1214,A,70,6.1NRT,281.35,22.11,D
53.96106,33.72525,332.14,1.37,1.16,2026-09-25,1214,A,83,6.1NRT,282.99,52.95,D
37.66255,21.46762,318.78,1,1,2026-09-25,1348,A,79,6.1NRT,299.89,11.69,D
40.70331,17.39881,305.99,1.18,1.08,2026-09-25,1350,A,61,6.1NRT,293.46,6.35,D
41.2349,15.61805,306.47,1.39,1.17,2026-09-25,1350,A,57,6.1NRT,295.95,5.72,D
41.50483,15.38656,308.99,1.41,1.17,2026-09-25,1350,A,47,6.1NRT,295.23,10.62,D
44.42484,12.21351,309.66,1.76,1.3,2026-09-25,1353,A,69,6.1NRT,295.6,13.01,D
44.4107,11.77339,315.76,1.86,1.33,2026-09-25,1353,A,76,6.1NRT,295.95,26.37,D
45.55519,13.74307,303.58,1.38,1.16,2026-09-25,1353,A,38,6.1NRT,293.38,5.51,D
44.9289,10.52056,304.73,2.11,1.41,2026-09-25,1353,A,37,6.1NRT,290.37,5.81,D
48.24221,11.64199,306.97,1.5,1.21,2026-09-25,1353,A,65,6.1NRT,292.22,11.19,D
48.07689,10.69433,303.06,1.68,1.27,2026-09-25,1353,A,45,6.1NRT,292.88,7.88,D
48.16745,10.17621,304.49,1.77,1.3,2026-09-25,1353,A,47,6.1NRT,292.52,11.52,D
48.07011,9.74656,304.52,1.87,1.34,2026-09-25,1353,A,36,6.1NRT,292.86,10,D
48.56693,11.93587,306.05,1.42,1.18,2026-09-25,1353,A,63,6.1NRT,291.16,10,D
48.46803,9.9085,308.85,1.79,1.31,2026-09-25,1353,A,67,6.1NRT,295.39,14.38,D
48.95973,11.72584,306.72,1.42,1.18,2026-09-25,1353,A,61,6.1NRT,290.31,11.18,D
48.65335,10.09727,300,1.73,1.29,2026-09-25,1353,A,9,6.1NRT,289.39,7.27,D
48.89338,10.94099,303.84,1.55,1.23,2026-09-25,1353,A,57,6.1NRT,291.93,9.83,D
49.04907,11.55091,302.48,1.44,1.19,2026-09-25,1353,A,49,6.1NRT,292.23,6.29,D
49.07987,10.89389,311.38,1.54,1.22,2026-09-25,1353,A,71,6.1NRT,293.99,17.08,D
49.24689,11.58502,303.14,1.42,1.18,2026-09-25,1353,A,55,6.1NRT,292.27,7.08,D
49.24316,11.5668,325.21,1.42,1.18,2026-09-25,1353,A,84,6.1NRT,293.23,37.92,D
49.29179,11.39557,305.6,1.45,1.19,2026-09-25,1353,A,62,6.1NRT,291.52,10.51,D
49.41689,11.43014,301.74,1.43,1.18,2026-09-25,1353,A,49,6.1NRT,289.81,7.98,D
49.41304,11.41144,317.43,1.43,1.18,2026-09-25,1353,A,78,6.1NRT,290.48,26.73,D
49.078,9.84498,302.79,1.73,1.29,2026-09-25,1353,A,36,6.1NRT,291.22,8.1,D
49.20117,9.64375,319.08,1.76,1.3,2026-09-25,1353,A,78,6.1NRT,295.27,32.94,D
49.2876,9.86983,305.03,1.7,1.28,2026-09-25,1353,A,43,6.1NRT,291.64,9.78,D
49.28263,9.84732,311.49,1.71,1.28,2026-09-25,1353,A,70,6.1NRT,291.31,19.68,D
49.24356,9.67105,307.97,1.75,1.3,2026-09-25,1353,A,59,6.1NRT,295.61,12.52,D
49.29337,9.84186,305.84,1.71,1.28,2026-09-25,1353,A,33,6.1NRT,291.09,10.19,D
49.30042,9.76506,304.68,1.72,1.29,2026-09-25,1353,A,53,6.1NRT,293.37,8.47,D
49.30407,9.78287,307.44,1.72,1.29,2026-09-25,1353,A,63,6.1NRT,292.6,12.25,D
49.2992,9.76121,314.86,1.72,1.29,2026-09-25,1353,A,74,6.1NRT,293.85,24.04,D
49.43452,10.05074,308.9,1.65,1.26,2026-09-25,1353,A,66,6.1NRT,293.01,15.04,D
49.75795,11.07092,306.16,1.46,1.19,2026-09-25,1353,A,56,6.1NRT,290.77,10.78,D
49.39457,9.37706,305.8,1.79,1.31,2026-09-25,1353,A,59,6.1NRT,293.09,11.72,D
49.67627,9.99777,306.84,1.64,1.26,2026-09-25,1353,A,45,6.1NRT,294.86,8.54,D
49.66032,9.81756,307.32,1.67,1.27,2026-09-25,1353,A,56,6.1NRT,294.09,9.71,D
49.67554,9.83309,306.43,1.67,1.27,2026-09-25,1353,A,44,6.1NRT,293.32,8.92,D
49.54177,8.60649,306.88,1.93,1.36,2026-09-25,1355,A,52,6.1NRT,295.74,11.38,D
50.1002,10.52742,305.17,1.51,1.21,2026-09-25,1355,A,61,6.1NRT,293.03,9.24,D
50.09607,10.5078,303.04,1.51,1.21,2026-09-25,1355,A,55,6.1NRT,292.5,6.75,D
49.43021,7.51411,314.58,2.2,1.44,2026-09-25,1355,A,72,6.1NRT,295.32,33.44,D
50.15117,10.47259,302.19,1.51,1.21,2026-09-25,1355,A,44,6.1NRT,291.84,6.31,D
49.83793,8.94401,304.18,1.82,1.32,2026-09-25,1355,A,34,6.1NRT,294.05,10.45,D
49.41395,7.16085,305.05,2.29,1.47,2026-09-25,1355,A,49,6.1NRT,294.03,14.28,D
50.21846,10.52519,307.49,1.5,1.21,2026-09-25,1355,A,65,6.1NRT,291.3,13.25,D
50.17632,10.1448,301.48,1.56,1.23,2026-09-25,1355,A,39,6.1NRT,290.61,6.78,D
50.12051,9.78122,306.7,1.63,1.26,2026-09-25,1355,A,64,6.1NRT,291.4,13.48,D
49.79036,8.07464,308.54,2.01,1.38,2026-09-25,1355,A,65,6.1NRT,296.65,13.24,D
49.5546,6.83188,305.5,2.36,1.48,2026-09-25,1355,A,46,6.1NRT,293.34,17.7,D
50.59094,9.34861,313.09,1.65,1.26,2026-09-25,1355,A,73,6.1NRT,290.85,24.44,D
51.38764,9.18371,302.49,1.6,1.24,2026-09-25,1355,A,43,6.1NRT,291.34,7.67,D
51.92738,10.56268,304.42,1.35,1.15,2026-09-25,1355,A,59,6.1NRT,291.22,7.33,D
51.92368,10.5444,303.27,1.35,1.15,2026-09-25,1355,A,55,6.1NRT,290,6.47,D
51.57366,8.7261,310.57,1.65,1.26,2026-09-25,1355,A,70,6.1NRT,290.19,20.34,D
51.57391,8.72141,307.65,1.65,1.26,2026-09-25,1355,A,66,6.1NRT,290.17,15.58,D
52.14994,10.40435,312.4,1.35,1.15,2026-09-25,1355,A,72,6.1NRT,293.02,15.09,D
51.82455,8.16997,306.88,1.72,1.29,2026-09-25,1355,A,64,6.1NRT,292.49,13.72,D
53.1365,8.68668,305.82,1.5,1.21,2026-09-25,1355,A,47,6.1NRT,293.2,12.17,D
52.19938,4.74991,303.95,2.41,1.5,2026-09-25,1355,A,54,6.1NRT,292.01,15.13,D
51.35656,1.31219,317.09,3.73,1.81,2026-09-25,1355,A,77,6.1NRT,293.53,78.23,D
51.34256,1.26475,348.58,3.75,1.81,2026-09-25,1355,A,95,6.1NRT,294.48,380.04,D
51.35092,1.30916,316.05,3.73,1.81,2026-09-25,1355,A,76,6.1NRT,293.73,76.8,D
51.33664,1.26171,327,3.75,1.81,2026-09-25,1355,A,85,6.1NRT,294.39,152.94,D
34.96842,-5.14883,333.75,1.17,1.08,2026-09-25,1526,A,84,6.1NRT,299.19,33.86,D
34.96651,-5.15982,420.1,1.17,1.08,2026-09-25,1526,A,100,6.1NRT,311.59,490.25,D
34.96434,-5.17227,400.21,1.17,1.08,2026-09-25,1526,A,100,6.1NRT,309.75,310.51,D
34.9776,-5.15174,340.65,1.17,1.08,2026-09-25,1526,A,89,6.1NRT,301.97,47.28,D
34.9757,-5.16263,387.59,1.17,1.08,2026-09-25,1526,A,100,6.1NRT,307.96,226.73,D
34.9737,-5.17418,352.85,1.17,1.08,2026-09-25,1526,A,96,6.1NRT,301.64,76.61,D
36.78721,-5.84614,325.62,1.18,1.08,2026-09-25,1526,A,71,6.1NRT,311.64,11.61,D
41.35831,-7.49704,326.93,1.18,1.08,2026-09-25,1529,A,80,6.1NRT,302.68,24.01,D
41.3559,-7.51039,317.03,1.18,1.08,2026-09-25,1529,A,65,6.1NRT,304.58,10.66,D
36.74321,6.25505,310.82,1.23,1.1,2026-09-25,1936,T,81,6.1NRT,293.41,12.63,N
35.80866,-0.2626,316.17,3.18,1.69,2026-09-25,1936,T,93,6.1NRT,293.97,75.23,N
41.44154,14.01019,335.94,1.54,1.22,2026-09-25,1936,T,100,6.1NRT,287.52,72.4,N
41.43995,13.99282,305.85,1.54,1.22,2026-09-25,1936,T,66,6.1NRT,287.25,14.67,N
41.44605,14.02168,304.81,1.54,1.22,2026-09-25,1936,T,62,6.1NRT,286.48,14.86,N
41.44444,14.00312,334.23,1.54,1.22,2026-09-25,1936,T,100,6.1NRT,287.78,68.41,N
43.445,4.90138,302.59,1.12,1.05,2026-09-25,1936,T,50,6.1NRT,291.71,5.83,N
42.89682,1.51092,305.39,1.63,1.26,2026-09-25,1936,T,64,6.1NRT,287.85,16.9,N
42.8978,1.5052,307.62,1.63,1.26,2026-09-25,1936,T,72,6.1NRT,287.76,18.98,N
51.48936,6.70822,305.08,1.05,1.02,2026-09-25,1940,T,36,6.1NRT,286.15,8.49,N
51.174,3.8175,302.83,1.01,1,2026-09-25,1940,T,52,6.1NRT,288.65,6.37,N
52.15526,10.39764,303.65,1.4,1.17,2026-09-25,1940,T,56,6.1NRT,283.43,14.82,N
34.95887,-5.15934,331.42,2.86,1.61,2026-09-25,2114,T,100,6.1NRT,293.08,137.33,N
34.95733,-5.18419,324.31,2.84,1.61,2026-09-25,2114,T,100,6.1NRT,294.91,96.94,N
34.97329,-5.15786,325.2,2.86,1.61,2026-09-25,2114,T,100,6.1NRT,293.24,103.09,N
34.97132,-5.18898,322.78,2.84,1.61,2026-09-25,2114,T,100,6.1NRT,294.39,89.99,N
37.44666,-5.40342,303.37,2.91,1.63,2026-09-25,2114,T,55,6.1NRT,292.32,20.29,N
37.44937,-5.40909,304.38,2.91,1.63,2026-09-25,2114,T,60,6.1NRT,291.83,23.79,N
52.15881,10.40368,309.22,1.34,1.15,2026-09-26,0321,A,77,6.1NRT,281.48,19.88,N
48.27462,14.34289,300.51,1,1,2026-09-26,0323,A,29,6.1NRT,280.56,7.44,N
38.79453,15.21223,338.87,1.33,1.14,2026-09-26,0325,A,100,6.1NRT,286.78,0,N
43.45564,4.89593,301.17,1.91,1.35,2026-09-26,0323,A,38,6.1NRT,287.28,13.64,N
36.74854,6.2586,309.52,1.3,1.13,2026-09-26,0328,A,78,6.1NRT,290.62,15.16,N
34.96235,-5.17662,305.11,3,1.65,2026-09-26,0504,A,63,6.1NRT,291.47,33.34,N
34.95557,-5.14822,303.9,3.02,1.65,2026-09-26,0504,A,57,6.1NRT,289.2,30.07,N
34.95402,-5.15646,303.88,3.02,1.65,2026-09-26,0504,A,57,6.1NRT,290.02,28.75,N
52.35379,34.10208,306.86,1.48,1.2,2026-09-26,0729,T,64,6.1NRT,285.78,16.05,D
52.36015,34.09895,305.99,1.48,1.2,2026-09-26,0729,T,63,6.1NRT,285.84,15.08,D
50.52914,29.61362,308.82,1.11,1.05,2026-09-26,0731,T,68,6.1NRT,281.34,12.7,D
49.63847,32.34693,303.04,1.46,1.19,2026-09-26,0731,T,55,6.1NRT,286.91,10.23,D
48.27841,14.33087,301.51,2.78,1.59,2026-09-26,0731,T,47,6.1NRT,287.27,22.6,D
40.88344,25.93311,310.05,1.14,1.06,2026-09-26,0733,T,69,6.1NRT,291.86,9.05,D
41.77466,15.17369,306.13,2.13,1.42,2026-09-26,0733,T,45,6.1NRT,288.7,14.33,D
53.56501,-0.6059,300.49,1.14,1.07,2026-09-26,0909,T,33,6.1NRT,288.8,5.63,D
51.3632,6.71355,302.67,1.22,1.1,2026-09-26,0909,T,43,6.1NRT,284.91,7.36,D
50.36759,10.2892,306.6,1.84,1.33,2026-09-26,0909,T,64,6.1NRT,290.71,18.28,D
51.0434,2.31758,303.69,1,1,2026-09-26,0909,T,35,6.1NRT,276.37,6.97,D
49.81623,9.01514,300.42,1.66,1.27,2026-09-26,0909,T,37,6.1NRT,289.77,8.64,D
49.78723,9.09509,303.04,1.68,1.27,2026-09-26,0909,T,51,6.1NRT,291.63,11.01,D
49.78239,9.11755,301.82,1.68,1.27,2026-09-26,0909,T,41,6.1NRT,289.48,8.93,D
49.64515,9.5885,306.73,1.79,1.31,2026-09-26,0909,T,64,6.1NRT,292.28,15.53,D
49.64006,9.61192,305.2,1.79,1.31,2026-09-26,0909,T,61,6.1NRT,291.06,13.59,D
49.9701,7.23474,300.89,1.37,1.16,2026-09-26,0909,T,42,6.1NRT,284.37,6.63,D
48.26804,14.33541,300.56,3.41,1.74,2026-09-26,0909,T,39,6.1NRT,288.05,23.82,D
49.74432,7.79241,305.13,1.46,1.2,2026-09-26,0909,T,61,6.1NRT,289.85,11.51,D
49.40649,9.42154,304.8,1.78,1.31,2026-09-26,0909,T,54,6.1NRT,292.05,11.22,D
49.56035,7.65032,302.31,1.46,1.19,2026-09-26,0909,T,43,6.1NRT,289.74,6.68,D
49.444,7.50191,301.07,1.45,1.19,2026-09-26,0909,T,44,6.1NRT,287.43,6.72,D
49.44028,7.5208,302.9,1.45,1.19,2026-09-26,0909,T,54,6.1NRT,287.89,8.59,D
49.50955,7.10942,303.59,1.39,1.17,2026-09-26,0909,T,56,6.1NRT,287.36,8.61,D
49.42135,7.22772,304.84,1.41,1.17,2026-09-26,0909,T,60,6.1NRT,285.33,10.1,D
49.32208,6.87583,300.9,1.37,1.16,2026-09-26,0909,T,40,6.1NRT,287.49,4.95,D
48.77271,7.89556,309.12,1.57,1.23,2026-09-26,0909,T,68,6.1NRT,293.97,14.94,D
48.76862,7.9156,306.82,1.57,1.23,2026-09-26,0909,T,64,6.1NRT,291.94,12.02,D
47.83406,8.89396,301.35,1.86,1.33,2026-09-26,0909,T,41,6.1NRT,289.97,8.55,D
48.02644,7.54516,305.48,1.57,1.24,2026-09-26,0909,T,58,6.1NRT,293.04,9.13,D
48.02842,7.51865,306.02,1.57,1.23,2026-09-26,0909,T,40,6.1NRT,293.55,9.5,D
48.02442,7.53852,313.04,1.57,1.24,2026-09-26,0909,T,73,6.1NRT,293.34,18.88,D
48.21097,6.42083,303.57,1.38,1.16,2026-09-26,0909,T,55,6.1NRT,293.32,5.63,D
48.20756,6.43858,305.77,1.39,1.17,2026-09-26,0909,T,62,6.1NRT,293.76,7.6,D
47.88801,7.40511,306.63,1.56,1.23,2026-09-26,0909,T,64,6.1NRT,293.03,11.12,D
47.79602,7.20212,305.25,1.54,1.22,2026-09-26,0909,T,61,6.1NRT,294.01,8.94,D
45.67846,4.84827,304.9,1.33,1.14,2026-09-26,0911,T,51,6.1NRT,294.27,5.3,D
43.44771,4.90607,314.94,1.49,1.21,2026-09-26,0911,T,14,6.1NRT,297.17,12.94,D
43.44354,4.89887,320.65,1.49,1.21,2026-09-26,0911,T,0,6.1NRT,298.18,23.53,D
42.903,1.50164,309.72,1.1,1.04,2026-09-26,0911,T,69,6.1NRT,293.79,10.47,D
42.70757,1.99918,326.78,1.14,1.07,2026-09-26,0911,T,85,6.1NRT,294.71,30.02,D
36.73919,6.25814,313.25,2.64,1.56,2026-09-26,0913,T,42,6.1NRT,296.15,28.29,D
36.18311,7.20203,315.63,3.14,1.68,2026-09-26,0913,T,69,6.1NRT,299.08,42.34,D
36.18271,7.1966,313.72,3.14,1.68,2026-09-26,0913,T,60,6.1NRT,299.11,32.41,D
34.95993,-5.16871,362.45,1.06,1.03,2026-09-26,0913,T,100,6.1NRT,305.04,92.93,D
34.95845,-5.15711,323.59,1.06,1.03,2026-09-26,0913,T,47,6.1NRT,301.56,13.52,D
34.26798,-3.92646,330.37,1,1,2026-09-26,0913,T,82,6.1NRT,304.32,22.32,D
37.80244,31.72983,302.59,1.46,1.19,2026-09-26,1249,A,35,6.1NRT,271.08,7.05,D
38.42451,32.59819,311.6,1.28,1.12,2026-09-26,1249,A,60,6.1NRT,292.05,11.64,D
38.76423,32.18606,308.25,1.32,1.14,2026-09-26,1249,A,67,6.1NRT,285.93,9.37,D
38.76154,32.1715,302.67,1.32,1.14,2026-09-26,1249,A,42,6.1NRT,283.93,4.76,D
38.82581,32.23756,316.95,1.31,1.13,2026-09-26,1249,A,77,6.1NRT,286.18,18.17,D
38.82313,32.22319,312.63,1.31,1.14,2026-09-26,1249,A,73,6.1NRT,285.14,13,D
39.3431,33.66555,305.93,1.12,1.05,2026-09-26,1249,A,61,6.1NRT,283.33,8.04,D
39.38347,33.6797,327.81,1.11,1.05,2026-09-26,1249,A,85,6.1NRT,281.57,30.59,D
39.3814,33.6676,300.77,1.11,1.05,2026-09-26,1249,A,33,6.1NRT,280.57,4.53,D
39.14058,31.9151,314.05,1.34,1.15,2026-09-26,1249,A,74,6.1NRT,293.11,13.68,D
39.54705,33.87621,304.55,1.09,1.04,2026-09-26,1249,A,33,6.1NRT,280.85,5.91,D
39.75212,31.90145,303.62,1.31,1.13,2026-09-26,1249,A,55,6.1NRT,283.94,6.36,D
39.75277,31.89477,301.89,1.31,1.13,2026-09-26,1249,A,39,6.1NRT,284.82,4.82,D
39.8922,31.92209,318.23,1.29,1.13,2026-09-26,1249,A,78,6.1NRT,298.57,15.82,D
40.59016,34.20599,304.21,1.04,1.02,2026-09-26,1249,A,55,6.1NRT,268.96,8.38,D
47.05027,31.28604,300.72,1.07,1.03,2026-09-26,1251,A,41,6.1NRT,276.84,6.28,D
50.50946,26.99442,302.59,1.3,1.13,2026-09-26,1251,A,53,6.1NRT,290.52,6.87,D
52.15593,31.9868,310.96,1,1,2026-09-26,1251,A,71,6.1NRT,290.17,10.57,D
53.02863,31.56817,300.59,1,1,2026-09-26,1253,A,21,6.1NRT,285.48,4.15,D
53.42569,34.01374,300.04,1.11,1.05,2026-09-26,1253,A,19,6.1NRT,284.96,4.93,D
37.19501,13.97808,315.1,1.05,1.02,2026-09-26,1427,A,70,6.1NRT,296.26,8.93,D
37.32381,14.10958,318.47,1.06,1.03,2026-09-26,1427,A,74,6.1NRT,300.54,10.52,D
37.3328,14.10788,315.34,1.06,1.03,2026-09-26,1427,A,43,6.1NRT,302.12,6.9,D
37.435,14.18782,310.39,1.07,1.03,2026-09-26,1427,A,43,6.1NRT,297.63,5.44,D
37.43344,14.17608,353.16,1.07,1.03,2026-09-26,1427,A,97,6.1NRT,298.98,71.91,D
37.43189,14.16436,312.67,1.07,1.03,2026-09-26,1427,A,65,6.1NRT,297.01,7.58,D
37.44362,14.17954,309.8,1.07,1.03,2026-09-26,1427,A,55,6.1NRT,299.23,4.8,D
37.48891,13.89604,310.07,1.05,1.02,2026-09-26,1427,A,59,6.1NRT,297.96,5.7,D
37.46118,13.69094,308.45,1.04,1.02,2026-09-26,1427,A,53,6.1NRT,295.56,4.97,D
37.4949,13.66622,306.67,1.04,1.02,2026-09-26,1427,A,42,6.1NRT,296.17,3.36,D
37.49003,13.56301,309.16,1.03,1.02,2026-09-26,1427,A,44,6.1NRT,297.65,4.98,D
37.55457,13.77056,325.34,1.05,1.02,2026-09-26,1427,A,81,6.1NRT,300.38,19.27,D
37.58499,13.92885,309.31,1.06,1.03,2026-09-26,1427,A,58,6.1NRT,298.01,5.07,D
37.57584,13.86045,314.52,1.05,1.02,2026-09-26,1427,A,69,6.1NRT,298.17,9.07,D
37.61215,13.91645,310.14,1.06,1.03,2026-09-26,1427,A,62,6.1NRT,298.94,5.55,D
37.77042,13.78688,317.55,1.05,1.02,2026-09-26,1427,A,76,6.1NRT,294.31,13.22,D
37.7689,13.7754,316.5,1.05,1.02,2026-09-26,1427,A,75,6.1NRT,296.16,12.13,D
37.81279,13.15473,307.57,1.02,1.01,2026-09-26,1427,A,56,6.1NRT,297.42,4.34,D
37.81126,13.14368,310.63,1.02,1.01,2026-09-26,1427,A,57,6.1NRT,298.91,6.35,D
37.80972,12.60059,312.91,1,1,2026-09-26,1427,A,68,6.1NRT,299.13,5.87,D
36.864,6.97522,313.33,1.55,1.23,2026-09-26,1427,A,56,6.1NRT,300.27,11.53,D
37.86945,12.89437,313.99,1.01,1.01,2026-09-26,1427,A,70,6.1NRT,298.37,8.35,D
37.8421,12.63852,308.69,1.01,1,2026-09-26,1427,A,56,6.1NRT,297.38,3.41,D
37.84053,12.62753,314.92,1.01,1,2026-09-26,1427,A,71,6.1NRT,298.34,8.18,D
36.74409,6.25859,314.64,1.72,1.29,2026-09-26,1427,A,65,6.1NRT,298.97,15.59,D
39.36625,8.91529,315.14,1.12,1.06,2026-09-26,1427,A,67,6.1NRT,302.06,6.39,D
39.58125,9.02381,316.9,1.11,1.05,2026-09-26,1429,A,69,6.1NRT,303.44,6.8,D
39.57912,9.01137,318.14,1.11,1.05,2026-09-26,1429,A,71,6.1NRT,303.35,8.41,D
40.30891,8.63144,313.75,1.12,1.05,2026-09-26,1429,A,63,6.1NRT,301.49,5.85,D
41.35222,13.893,310.27,1.14,1.06,2026-09-26,1429,A,66,6.1NRT,296.8,7.99,D
41.67251,15.40998,306.51,1.34,1.15,2026-09-26,1429,A,52,6.1NRT,295.74,5.52,D
41.67081,15.39431,310.96,1.34,1.15,2026-09-26,1429,A,69,6.1NRT,295.77,10.19,D
41.93819,12.15733,319.01,1.03,1.01,2026-09-26,1429,A,77,6.1NRT,299.86,12.32,D
41.93656,12.14535,310.26,1.03,1.01,2026-09-26,1429,A,62,6.1NRT,299.28,4.67,D
42.84751,11.76074,308.12,1.03,1.01,2026-09-26,1429,A,57,6.1NRT,297.97,5.06,D
43.49623,3.42692,312.49,1.71,1.28,2026-09-26,1429,A,69,6.1NRT,298.93,14.41,D
43.64627,1.94708,314.13,2.04,1.39,2026-09-26,1429,A,67,6.1NRT,300.99,17.47,D
45.1391,9.94746,310.69,1,1,2026-09-26,1429,A,54,6.1NRT,298.55,5.61,D
44.02573,3.07238,328.29,1.73,1.29,2026-09-26,1429,A,83,6.1NRT,302.79,44.55,D
44.02138,3.05188,324.88,1.74,1.29,2026-09-26,1429,A,81,6.1NRT,300.28,36.73,D
45.47475,10.21479,322.03,1.01,1,2026-09-26,1429,A,80,6.1NRT,297.14,16.13,D
45.47299,10.20241,311.19,1.01,1,2026-09-26,1429,A,67,6.1NRT,296.83,6.57,D
44.02716,2.14332,313.26,1.95,1.36,2026-09-26,1429,A,65,6.1NRT,299.31,14.9,D
44.03248,2.13657,310.63,1.95,1.36,2026-09-26,1429,A,57,6.1NRT,299.5,9.9,D
44.55732,4.13271,338.62,1.48,1.2,2026-09-26,1429,A,90,6.1NRT,298.17,68.7,D
44.55355,4.11431,312.91,1.48,1.2,2026-09-26,1429,A,68,6.1NRT,297.56,16.18,D
44.56776,4.12999,368.64,1.48,1.2,2026-09-26,1429,A,100,6.1NRT,296.64,193.47,D
44.56382,4.11066,337.67,1.48,1.2,2026-09-26,1429,A,90,6.1NRT,298.19,65.92,D
44.75069,0.99137,310.54,2.15,1.42,2026-09-26,1429,A,64,6.1NRT,294.55,23.02,D
44.74488,0.96649,310.96,2.15,1.43,2026-09-26,1429,A,65,6.1NRT,294.55,23.98,D
44.91914,1.47062,309.22,2,1.38,2026-09-26,1429,A,47,6.1NRT,294.83,16.46,D
45.1489,1.05743,316.75,2.07,1.4,2026-09-26,1429,A,74,6.1NRT,294.23,35.05,D
45.93,4.47904,308.33,1.33,1.14,2026-09-26,1429,A,36,6.1NRT,297.24,6,D
45.92689,4.46286,311.1,1.33,1.14,2026-09-26,1429,A,59,6.1NRT,299,9.17,D
45.20609,0.60466,306.09,2.19,1.43,2026-09-26,1429,A,43,6.1NRT,293.75,11.32,D
45.20703,0.59975,313.7,2.19,1.43,2026-09-26,1429,A,70,6.1NRT,293.78,28.53,D
47.06384,8.26529,309.37,1.01,1,2026-09-26,1429,A,67,6.1NRT,297.93,6.43,D
45.94832,2.17094,309.12,1.72,1.29,2026-09-26,1429,A,58,6.1NRT,294.49,13.23,D
45.81577,1.18561,315.41,1.95,1.36,2026-09-26,1429,A,71,6.1NRT,297.39,24.52,D
45.81058,1.16241,311.76,1.96,1.37,2026-09-26,1429,A,64,6.1NRT,296.97,17.23,D
46.53136,3.36722,308.92,1.45,1.19,2026-09-26,1429,A,54,6.1NRT,297.6,8.09,D
45.94033,0.34133,311.65,2.15,1.42,2026-09-26,1429,A,62,6.1NRT,297.27,19.38,D
46.40971,1.29086,310.28,1.85,1.33,2026-09-26,1429,A,61,6.1NRT,296.56,13.17,D
47.31754,0.37267,314.02,1.95,1.36,2026-09-26,1429,A,54,6.1NRT,289.72,26.71,D
49.34656,6.737,313.18,1.02,1.01,2026-09-26,1429,A,69,6.1NRT,299.5,7.93,D
51.37976,0.26498,309.98,1.51,1.21,2026-09-26,1431,A,69,6.1NRT,291.84,15.58,D
51.29973,-0.96682,302.28,1.72,1.29,2026-09-26,1431,A,35,6.1NRT,290.24,6.85,D
51.18926,-1.45824,328.05,1.83,1.32,2026-09-26,1431,A,85,6.1NRT,292.24,57.23,D
51.29326,-0.94493,306.76,1.72,1.29,2026-09-26,1431,A,59,6.1NRT,290.9,12.69,D
51.2988,-0.97369,303.98,1.72,1.29,2026-09-26,1431,A,32,6.1NRT,290.3,8.37,D
51.18587,-1.46398,314.65,1.83,1.32,2026-09-26,1431,A,44,6.1NRT,292.45,25.73,D
52.48546,4.60795,301.22,1.04,1.02,2026-09-26,1431,A,39,6.1NRT,288.79,4.1,D
52.48302,4.59344,303.81,1.04,1.02,2026-09-26,1431,A,42,6.1NRT,288.29,5.28,D
51.41442,-0.99455,307.76,1.71,1.28,2026-09-26,1431,A,64,6.1NRT,292.42,12.89,D
51.4093,-1.0172,330.19,1.72,1.29,2026-09-26,1431,A,86,6.1NRT,294.85,60.37,D
51.41997,-1.02342,306.57,1.72,1.29,2026-09-26,1431,A,57,6.1NRT,292.43,11.81,D
51.39924,-2.15263,321.26,1.94,1.36,2026-09-26,1431,A,80,6.1NRT,292.95,43.28,D
51.4937,-1.80819,303.53,1.86,1.33,2026-09-26,1431,A,51,6.1NRT,286.12,8.99,D
51.93333,-0.21753,308.26,1.53,1.22,2026-09-26,1431,A,65,6.1NRT,294.28,12.47,D
51.81916,-0.74701,314.43,1.62,1.25,2026-09-26,1431,A,74,6.1NRT,296.13,20.15,D
51.82494,-0.73028,309.05,1.62,1.25,2026-09-26,1431,A,55,6.1NRT,296,10.56,D
51.8201,-0.75198,316.53,1.62,1.25,2026-09-26,1431,A,76,6.1NRT,296.22,22.89,D
51.97281,-2.10376,306.65,1.85,1.33,2026-09-26,1431,A,62,6.1NRT,292.38,12.65,D
52.18353,-1.77191,316.31,1.76,1.3,2026-09-26,1431,A,77,6.1NRT,292.9,29.34,D
52.2349,-1.48904,319.32,1.7,1.28,2026-09-26,1431,A,67,6.1NRT,294.76,29.59,D
52.22435,-1.53509,327.55,1.71,1.28,2026-09-26,1431,A,78,6.1NRT,294.37,47.1,D
52.67274,-1.31328,301.67,1.62,1.25,2026-09-26,1431,A,31,6.1NRT,287.88,8.05,D
52.67617,-1.67908,321.32,1.68,1.28,2026-09-26,1431,A,81,6.1NRT,292.84,37.71,D
53.5648,-0.59664,308.06,1.43,1.18,2026-09-26,1431,A,59,6.1NRT,288.21,12.33,D
39.00169,16.96182,309.06,1.86,1.33,2026-09-26,1836,T,64,6.1NRT,288.2,25.28,N
48.60888,21.18685,301.09,1,1,2026-09-26,1838,T,37,6.1NRT,285.33,6.86,N
48.6071,21.17366,306.98,1,1,2026-09-26,1838,T,70,6.1NRT,283.32,10.34,N
48.27587,14.33667,308.41,1.52,1.22,2026-09-26,1841,T,74,6.1NRT,284.84,21.42,N
50.33938,19.28481,306.17,1.01,1,2026-09-26,1841,T,67,6.1NRT,284.26,10.16,N
35.80887,-0.26149,317.19,1,1,2026-09-26,2014,T,84,6.1NRT,295.16,13.76,N
35.81609,-0.27418,309.8,1,1,2026-09-26,2014,T,78,6.1NRT,294.75,9.03,N
42.89657,1.51576,301.26,1.19,1.08,2026-09-26,2017,T,27,6.1NRT,286.58,6.62,N
42.90592,1.51251,304.03,1.19,1.08,2026-09-26,2017,T,48,6.1NRT,286.11,8.17,N
42.90438,1.49835,342.75,1.19,1.08,2026-09-26,2017,T,100,6.1NRT,289.88,63.29,N
44.57004,4.12265,317.57,1.67,1.27,2026-09-26,2017,T,95,6.1NRT,289.08,35.6,N
51.48727,6.71003,302.33,1,1,2026-09-27,0400,A,48,6.1NRT,279.5,8.37,N
51.36487,6.71427,307.55,1,1,2026-09-27,0400,A,72,6.1NRT,279.89,11.54,N
51.17909,3.81572,309.99,1.05,1.03,2026-09-27,0400,A,79,6.1NRT,285.16,13.47,N
51.17022,3.81279,311.79,1.05,1.03,2026-09-27,0400,A,83,6.1NRT,285.25,14.02,N
42.90429,1.50196,317.3,1.02,1.01,2026-09-27,0402,A,95,6.1NRT,286.88,17.91,N
36.64494,-5.11277,311.24,1.67,1.27,2026-09-27,0404,A,24,6.1NRT,274.42,26.2,N
36.63395,-5.11576,306.85,1.67,1.27,2026-09-27,0404,A,44,6.1NRT,269.96,20.93,N
36.64346,-5.10037,306.96,1.67,1.27,2026-09-27,0404,A,38,6.1NRT,270.66,21.26,N
36.6325,-5.10336,311.9,1.67,1.27,2026-09-27,0404,A,23,6.1NRT,267.82,27,N
46.47723,30.31926,301.22,2.3,1.47,2026-09-27,0633,T,45,6.1NRT,289.13,11,D
38.7104,32.05635,304.05,1.48,1.2,2026-09-27,0635,T,35,6.1NRT,289.12,6.99,D
38.68418,31.88165,306.33,1.51,1.21,2026-09-27,0635,T,63,6.1NRT,291.44,8.86,D
50.69235,23.18327,301.02,1.47,1.2,2026-09-27,0809,T,27,6.1NRT,287.05,6.28,D
50.69796,23.10019,308.62,1.46,1.19,2026-09-27,0809,T,67,6.1NRT,288.69,14.92,D
51.68584,15.98104,308.49,1.02,1.01,2026-09-27,0809,T,67,6.1NRT,290.15,9.16,D
52.15196,10.3959,300.56,1.54,1.22,2026-09-27,0809,T,39,6.1NRT,284.01,8.34,D
47.65462,31.4439,300.11,4.64,1.97,2026-09-27,0809,T,24,6.1NRT,285.53,21.24,D
47.38087,30.29983,301.49,4.17,1.89,2026-09-27,0809,T,31,6.1NRT,286.32,24.04,D
47.3763,30.29027,300.18,4.17,1.89,2026-09-27,0809,T,9,6.1NRT,286.04,19.32,D
47.24516,30.08898,301.29,4.11,1.88,2026-09-27,0809,T,19,6.1NRT,285.77,21.33,D
47.98844,21.74794,303.92,1.47,1.2,2026-09-27,0809,T,39,6.1NRT,289.04,8.11,D
49.35037,6.75287,301.98,2.15,1.43,2026-09-27,0811,T,50,6.1NRT,290.93,12.82,D
46.09478,27.48278,300.98,3.3,1.72,2026-09-27,0811,T,36,6.1NRT,288.67,14.44,D
47.28873,20.87929,305.95,1.39,1.17,2026-09-27,0811,T,62,6.1NRT,293.96,6.45,D
48.27438,14.33317,305.48,1.03,1.01,2026-09-27,0811,T,58,6.1NRT,288.43,7.22,D
48.27264,14.34657,302.13,1.03,1.01,2026-09-27,0811,T,43,6.1NRT,287.83,5.19,D
47.08563,21.21271,305.11,1.46,1.19,2026-09-27,0811,T,50,6.1NRT,293.14,6.39,D
46.87793,21.10683,313.66,1.46,1.19,2026-09-27,0811,T,74,6.1NRT,293.87,15.61,D
46.87126,21.08448,307.58,1.46,1.19,2026-09-27,0811,T,34,6.1NRT,293.52,7.97,D
46.71198,21.04516,308.53,1.46,1.19,2026-09-27,0811,T,64,6.1NRT,293.84,8.81,D
43.55225,23.04458,300.12,2.25,1.45,2026-09-27,0811,T,22,6.1NRT,287.7,7.26,D
43.6158,21.00508,300.96,1.73,1.29,2026-09-27,0811,T,43,6.1NRT,287.29,10.86,D
42.8061,10.94202,308.79,1.13,1.06,2026-09-27,0811,T,68,6.1NRT,296.47,7.01,D
41.08131,15.6038,307.18,1.09,1.04,2026-09-27,0811,T,61,6.1NRT,295.14,4.34,D
40.52518,18.06765,309.34,1.41,1.18,2026-09-27,0811,T,50,6.1NRT,296.22,8.74,D
40.53194,17.69901,310.96,1.35,1.15,2026-09-27,0813,T,68,6.1NRT,295.54,10.77,D
40.63049,15.17064,305.16,1.07,1.03,2026-09-27,0813,T,45,6.1NRT,294.63,4.92,D
37.66039,14.15285,312.49,1.07,1.03,2026-09-27,0813,T,68,6.1NRT,296.54,8.51,D
37.6585,14.16469,309.85,1.07,1.03,2026-09-27,0813,T,63,6.1NRT,295.06,6.57,D
36.74403,9.27077,315.75,1.13,1.06,2026-09-27,0813,T,60,6.1NRT,300.78,10.02,D
50.88533,6.59416,300.38,3.47,1.75,2026-09-27,0949,T,20,6.1NRT,286.93,11.13,D
36.66193,-5.11934,315.74,2.12,1.41,2026-09-27,0952,T,49,6.1NRT,295.65,28.98,D
36.65758,-5.09835,344.16,2.12,1.42,2026-09-27,0952,T,93,6.1NRT,298.28,140.67,D
36.64956,-5.12192,321.95,2.12,1.41,2026-09-27,0952,T,78,6.1NRT,296.29,47.19,D
36.64545,-5.10222,376.72,2.12,1.42,2026-09-27,0952,T,100,6.1NRT,303.98,412.19,D
39.42706,34.89988,313.12,2.25,1.45,2026-09-27,1327,A,71,6.1NRT,292.64,27.71,D
39.42815,34.8921,308.47,2.25,1.45,2026-09-27,1327,A,61,6.1NRT,292.73,17.12,D
40.40697,19.53252,319.71,1.81,1.32,2026-09-27,1327,A,72,6.1NRT,294.12,34.23,D
40.40255,19.51175,330.65,1.82,1.32,2026-09-27,1327,A,66,6.1NRT,296.16,63.63,D
44.05434,27.71165,306.84,1.1,1.04,2026-09-27,1329,A,62,6.1NRT,294.5,5.49,D
44.17047,24.74579,314.66,1,1,2026-09-27,1329,A,56,6.1NRT,295.93,9.7,D
44.82141,27.95101,305.8,1.14,1.06,2026-09-27,1329,A,45,6.1NRT,295.36,4.7,D
44.53078,24.01038,308.95,1.01,1.01,2026-09-27,1329,A,62,6.1NRT,297.42,6.18,D
45.45605,29.5824,311.53,1.35,1.15,2026-09-27,1329,A,59,6.1NRT,291.36,13.66,D
45.45427,29.56566,352.15,1.35,1.15,2026-09-27,1329,A,97,6.1NRT,292.62,102.18,D
45.4525,29.54895,311.17,1.35,1.15,2026-09-27,1329,A,47,6.1NRT,289.67,13.17,D
43.77275,16.60109,310.51,2.16,1.43,2026-09-27,1329,A,70,6.1NRT,294.97,24.53,D
45.99984,29.83491,304.76,1.41,1.18,2026-09-27,1329,A,47,6.1NRT,291.53,6.74,D
44.98899,21.24765,313.68,1.18,1.08,2026-09-27,1329,A,73,6.1NRT,297.51,10.21,D
45.00323,19.92948,309.17,1.34,1.15,2026-09-27,1329,A,51,6.1NRT,293.59,7.01,D
45.14945,20.63866,322.78,1.24,1.11,2026-09-27,1329,A,80,6.1NRT,298.95,21.71,D
45.01299,19.92561,310.41,1.34,1.15,2026-09-27,1329,A,65,6.1NRT,295.32,8.7,D
45.19717,20.73235,316.35,1.23,1.1,2026-09-27,1329,A,74,6.1NRT,296.33,13.08,D
45.20494,20.66553,323.52,1.24,1.11,2026-09-27,1329,A,81,6.1NRT,298.94,21.96,D
45.20218,20.65058,322.23,1.24,1.11,2026-09-27,1329,A,80,6.1NRT,298.76,20.01,D
45.0079,19.42376,325.94,1.42,1.18,2026-09-27,1329,A,63,6.1NRT,291.53,36.61,D
45.02757,19.3052,345.37,1.44,1.19,2026-09-27,1329,A,94,6.1NRT,292.45,84.81,D
45.02415,19.288,313.49,1.44,1.19,2026-09-27,1329,A,60,6.1NRT,291.59,16.27,D
45.05106,19.31424,336.87,1.43,1.18,2026-09-27,1329,A,85,6.1NRT,295.4,55.84,D
45.04749,19.3088,327.17,1.43,1.18,2026-09-27,1329,A,84,6.1NRT,294.86,35.93,D
45.4928,20.69791,325.05,1.22,1.1,2026-09-27,1329,A,82,6.1NRT,300.53,22.55,D
45.49008,20.68311,330.09,1.22,1.1,2026-09-27,1329,A,85,6.1NRT,301.69,30.73,D
46.85102,30.01221,309.18,1.48,1.2,2026-09-27,1329,A,47,6.1NRT,290.94,11.32,D
45.44709,20.056,309.13,1.3,1.13,2026-09-27,1329,A,50,6.1NRT,293.05,6.86,D
45.44772,20.00501,310.39,1.31,1.13,2026-09-27,1329,A,62,6.1NRT,295.4,7.98,D
45.89396,20.9424,317.41,1.17,1.08,2026-09-27,1329,A,75,6.1NRT,298.27,12.62,D
46.59409,24.22291,310.64,1,1,2026-09-27,1329,A,70,6.1NRT,297.57,6.14,D
46.59222,24.2104,315.24,1,1,2026-09-27,1329,A,76,6.1NRT,298.67,9.72,D
46.22701,16.10682,306.25,1.95,1.36,2026-09-27,1329,A,63,6.1NRT,292,16.81,D
47.57794,20.3574,311.2,1.16,1.07,2026-09-27,1329,A,71,6.1NRT,289.53,8.91,D
47.57531,20.34282,309.99,1.16,1.07,2026-09-27,1329,A,69,6.1NRT,289.36,7.83,D
48.21834,13.02369,302.65,2.46,1.51,2026-09-27,1329,A,53,6.1NRT,291.48,14.64,D
50.00408,17.44259,311.39,1.34,1.15,2026-09-27,1329,A,71,6.1NRT,291.11,16,D
48.95879,12.10422,313.44,2.58,1.54,2026-09-27,1329,A,74,6.1NRT,293.32,39.6,D
48.95073,12.0726,306.39,2.6,1.55,2026-09-27,1329,A,63,6.1NRT,293.12,20.82,D
48.95363,12.10007,311.09,2.58,1.54,2026-09-27,1329,A,60,6.1NRT,292.94,29.01,D
49.06629,12.1417,302.96,2.55,1.54,2026-09-27,1329,A,54,6.1NRT,289.83,14.68,D
49.05828,12.11017,304.61,2.56,1.54,2026-09-27,1329,A,59,6.1NRT,291.37,17.77,D
49.0613,12.14048,307.37,2.55,1.54,2026-09-27,1329,A,65,6.1NRT,289.45,22.78,D
49.05306,12.10879,305.91,2.56,1.54,2026-09-27,1329,A,56,6.1NRT,291.53,18.55,D
50.20805,15.02377,306.01,1.69,1.28,2026-09-27,1329,A,63,6.1NRT,293.11,11.27,D
49.76804,11.73732,303,2.53,1.53,2026-09-27,1329,A,52,6.1NRT,290.61,15.25,D
49.76002,11.70636,305.87,2.54,1.53,2026-09-27,1329,A,61,6.1NRT,291.31,22.57,D
50.56834,14.80372,301.27,1.69,1.28,2026-09-27,1331,A,46,6.1NRT,289.59,9.5,D
50.02264,11.96677,301.07,2.42,1.5,2026-09-27,1331,A,43,6.1NRT,291.04,14.81,D
50.39849,11.41087,301.59,2.5,1.52,2026-09-27,1331,A,44,6.1NRT,290.61,13.44,D
50.88192,13.20859,303.62,1.97,1.37,2026-09-27,1331,A,57,6.1NRT,290.59,13.8,D
51.68289,15.97745,309.16,1.4,1.17,2026-09-27,1331,A,68,6.1NRT,294.75,12.96,D
51.33854,13.35977,306.37,1.87,1.34,2026-09-27,1331,A,49,6.1NRT,294.45,11.72,D
51.51972,13.87784,335.25,1.75,1.3,2026-09-27,1331,A,84,6.1NRT,292.96,75.56,D
51.59175,14.14592,322.14,1.69,1.28,2026-09-27,1331,A,81,6.1NRT,293.66,35.38,D
51.5252,13.84807,316.5,1.76,1.3,2026-09-27,1331,A,46,6.1NRT,292.48,26.52,D
51.54118,13.86503,360.6,1.75,1.3,2026-09-27,1331,A,94,6.1NRT,294.25,192.23,D
51.5915,14.13901,329,1.69,1.28,2026-09-27,1331,A,86,6.1NRT,294.06,51.85,D
51.57632,14.01934,306.6,1.72,1.29,2026-09-27,1331,A,38,6.1NRT,293.69,11.42,D
51.54494,13.88201,350.6,1.75,1.3,2026-09-27,1331,A,91,6.1NRT,293.99,136.62,D
51.53962,13.85882,366.87,1.75,1.3,2026-09-27,1331,A,94,6.1NRT,295.29,234.47,D
51.58702,14.01322,309.84,1.72,1.29,2026-09-27,1331,A,68,6.1NRT,293.42,16.79,D
51.56127,13.73962,302.51,1.77,1.3,2026-09-27,1331,A,48,6.1NRT,292.11,8.77,D
51.2404,12.21136,312.16,2.14,1.42,2026-09-27,1331,A,70,6.1NRT,296.51,24.82,D
51.15249,11.90255,309.28,2.23,1.45,2026-09-27,1331,A,65,6.1NRT,296.78,17.66,D
51.24885,12.23389,309.22,2.13,1.42,2026-09-27,1331,A,65,6.1NRT,296.38,18.3,D
51.24198,12.20616,319.12,2.14,1.42,2026-09-27,1331,A,78,6.1NRT,296.86,42.22,D
51.62887,13.55999,304.31,1.8,1.31,2026-09-27,1331,A,55,6.1NRT,293.45,9.91,D
51.72429,13.92761,333.19,1.72,1.29,2026-09-27,1331,A,88,6.1NRT,295.12,69.88,D
51.71917,13.90473,348.55,1.72,1.29,2026-09-27,1331,A,95,6.1NRT,295.64,128.25,D
51.56047,13.09965,307.12,1.9,1.35,2026-09-27,1331,A,62,6.1NRT,294.54,12.76,D
51.03743,10.94872,307.92,2.5,1.52,2026-09-27,1331,A,59,6.1NRT,295.57,18.25,D
51.02952,10.91776,306.04,2.51,1.52,2026-09-27,1331,A,57,6.1NRT,295.47,13.93,D
51.57337,13.17003,319.08,1.88,1.34,2026-09-27,1331,A,78,6.1NRT,296.15,36.9,D
51.56676,13.08847,306.62,1.9,1.35,2026-09-27,1331,A,61,6.1NRT,294.78,12.37,D
51.79324,12.07905,306.69,2.08,1.4,2026-09-27,1331,A,61,6.1NRT,296.64,11.03,D
51.48338,10.72979,309.48,2.47,1.51,2026-09-27,1331,A,66,6.1NRT,296.11,22.65,D
52.5279,14.27667,350.42,1.57,1.23,2026-09-27,1331,A,96,6.1NRT,294.5,119.5,D
52.34378,12.81484,306.48,1.85,1.33,2026-09-27,1331,A,58,6.1NRT,294.53,12.3,D
52.32612,12.6497,309.85,1.88,1.34,2026-09-27,1331,A,27,6.1NRT,296.15,15.93,D
52.33121,12.61767,305.63,1.89,1.34,2026-09-27,1331,A,54,6.1NRT,295.01,10.17,D
52.64137,13.70148,315.78,1.65,1.26,2026-09-27,1331,A,71,6.1NRT,293.07,24.41,D
52.6364,13.67907,311.66,1.65,1.26,2026-09-27,1331,A,67,6.1NRT,293.33,17.77,D
52.51867,12.94523,312.34,1.8,1.31,2026-09-27,1331,A,72,6.1NRT,294.74,21.77,D
52.70575,13.12471,309.59,1.74,1.29,2026-09-27,1331,A,68,6.1NRT,293.93,17.21,D
52.70037,13.10104,304.04,1.75,1.3,2026-09-27,1331,A,56,6.1NRT,293.67,9.24,D
52.76902,13.35153,309.96,1.69,1.28,2026-09-27,1331,A,69,6.1NRT,293.26,17.08,D
52.57448,11.89538,318.98,2,1.38,2026-09-27,1331,A,78,6.1NRT,296.31,38.21,D
52.56797,11.86852,316.82,2,1.38,2026-09-27,1331,A,76,6.1NRT,295.67,32.55,D
52.5248,11.4177,307.14,2.11,1.41,2026-09-27,1331,A,62,6.1NRT,295.55,14.44,D
53.2267,13.65075,305.2,1.59,1.24,2026-09-27,1331,A,30,6.1NRT,292.85,9.49,D
53.35158,13.79517,306.14,1.56,1.23,2026-09-27,1331,A,63,6.1NRT,292.01,10.97,D
53.34696,13.7739,303.49,1.56,1.23,2026-09-27,1331,A,56,6.1NRT,292.24,7.7,D
52.99334,12.17087,322.74,1.88,1.34,2026-09-27,1331,A,77,6.1NRT,294.99,45.25,D
53.50982,13.68586,308.03,1.56,1.23,2026-09-27,1331,A,66,6.1NRT,290.8,13.92,D
53.38736,13.02407,318.14,1.68,1.27,2026-09-27,1331,A,74,6.1NRT,293.56,31.67,D
53.38219,13.00094,308.66,1.68,1.27,2026-09-27,1331,A,0,6.1NRT,292.77,15.15,D
53.22942,12.32877,310.22,1.82,1.32,2026-09-27,1331,A,51,6.1NRT,293.25,16.97,D
53.22588,12.32654,310.66,1.82,1.32,2026-09-27,1331,A,66,6.1NRT,293.45,18.37,D
53.22001,12.30172,334.26,1.82,1.32,2026-09-27,1331,A,84,6.1NRT,294.63,78.56,D
53.21409,12.27672,306.79,1.83,1.32,2026-09-27,1331,A,46,6.1NRT,293.68,11.23,D
53.225,12.26974,330.85,1.83,1.32,2026-09-27,1331,A,82,6.1NRT,294.55,65.93,D
53.25573,12.13285,308.78,1.85,1.33,2026-09-27,1331,A,67,6.1NRT,294.59,15.92,D
53.5993,13.31703,305.44,1.6,1.25,2026-09-27,1331,A,58,6.1NRT,292.28,9.86,D
53.59434,13.2947,302.75,1.61,1.25,2026-09-27,1331,A,37,6.1NRT,292.28,6.66,D
53.60001,13.2141,307.16,1.62,1.25,2026-09-27,1331,A,65,6.1NRT,292.52,12.97,D
53.33319,12.04444,305.01,1.86,1.33,2026-09-27,1331,A,59,6.1NRT,293.54,10.87,D
53.43088,12.41151,303.47,1.78,1.31,2026-09-27,1331,A,55,6.1NRT,293.19,9.81,D
53.40757,12.25634,337.16,1.81,1.32,2026-09-27,1331,A,68,6.1NRT,293.43,86.88,D
53.40184,12.23151,320.22,1.81,1.32,2026-09-27,1331,A,80,6.1NRT,294.05,37.53,D
53.40425,12.25397,307.62,1.81,1.32,2026-09-27,1331,A,35,6.1NRT,293.2,13.61,D
53.40924,12.22213,310.19,1.81,1.32,2026-09-27,1331,A,65,6.1NRT,293.38,18.92,D
53.53227,12.64482,310.72,1.72,1.29,2026-09-27,1331,A,61,6.1NRT,292.29,19.74,D
53.75806,12.62093,302.67,1.7,1.28,2026-09-27,1331,A,52,6.1NRT,292.29,8.8,D
53.7527,12.59733,301.7,1.7,1.28,2026-09-27,1331,A,47,6.1NRT,291.27,7.74,D
53.78839,12.48412,302.44,1.72,1.29,2026-09-27,1331,A,49,6.1NRT,290.82,8.62,D
53.55066,11.42039,302.31,1.95,1.36,2026-09-27,1331,A,51,6.1NRT,291.18,9.66,D
53.79507,12.25288,304.44,1.76,1.3,2026-09-27,1331,A,59,6.1NRT,290.8,11.93,D
53.78939,12.22859,307.45,1.76,1.3,2026-09-27,1331,A,57,6.1NRT,291,16.13,D
53.8924,12.35528,301.96,1.73,1.29,2026-09-27,1331,A,50,6.1NRT,291.96,8.91,D
54.07708,12.68548,303,1.65,1.26,2026-09-27,1331,A,54,6.1NRT,290.59,9.89,D
54.16286,12.20505,311.62,1.72,1.29,2026-09-27,1331,A,61,6.1NRT,291.66,20.47,D
54.33257,12.68403,306.13,1.62,1.25,2026-09-27,1331,A,59,6.1NRT,290.55,12.64,D
54.36856,12.6862,303.26,1.62,1.25,2026-09-27,1331,A,48,6.1NRT,289.55,10.17,D
54.28123,10.94904,312.99,1.93,1.36,2026-09-27,1331,A,73,6.1NRT,289.08,29.8,D
55.31838,12.01905,313.9,1.61,1.25,2026-09-27,1331,A,33,6.1NRT,287.64,22.9,D
55.23877,11.35465,313.59,1.72,1.29,2026-09-27,1331,A,41,6.1NRT,289.61,23.34,D
55.24361,11.3224,323.68,1.73,1.29,2026-09-27,1331,A,72,6.1NRT,289.45,45.31,D
55.23767,11.348,312.55,1.72,1.29,2026-09-27,1331,A,56,6.1NRT,289.55,22.51,D
55.42385,11.46597,306.66,1.68,1.27,2026-09-27,1331,A,64,6.1NRT,288.83,16.25,D
55.41827,11.44174,323.36,1.68,1.28,2026-09-27,1331,A,82,6.1NRT,289.27,46.16,D
55.52473,11.58101,303.34,1.65,1.26,2026-09-27,1331,A,49,6.1NRT,288.21,10.92,D
56.16259,12.58608,305.04,1.44,1.19,2026-09-27,1331,A,46,6.1NRT,289.22,11.49,D
56.21392,9.9083,309.88,1.83,1.32,2026-09-27,1331,A,69,6.1NRT,287.27,23.22,D
57.29606,10.40289,300.86,1.61,1.25,2026-09-27,1331,A,33,6.1NRT,288.16,8.24,D
57.29047,10.37879,318.31,1.61,1.25,2026-09-27,1331,A,78,6.1NRT,288.84,33.18,D
36.73917,6.25068,322.62,1.21,1.09,2026-09-27,1505,A,75,6.1NRT,305.03,15.68,D
35.80144,-0.26048,315.53,1.23,1.1,2026-09-27,1505,A,17,6.1NRT,303.07,7.49,D
35.80677,-0.25523,318.49,1.23,1.1,2026-09-27,1505,A,32,6.1NRT,301.82,11.22,D
36.86606,6.9746,313.31,1.32,1.14,2026-09-27,1505,A,50,6.1NRT,302.2,7.99,D
36.6906,4.36531,315.61,1.04,1.02,2026-09-27,1505,A,68,6.1NRT,302.61,6.18,D
36.74281,3.86295,317.55,1.02,1.01,2026-09-27,1505,A,72,6.1NRT,297.98,9.69,D
42.70852,1.9946,332.42,1.02,1.01,2026-09-27,1507,A,88,6.1NRT,292.25,33.45,D
42.70686,1.98268,303.52,1.01,1.01,2026-09-27,1507,A,56,6.1NRT,289.2,5.87,D
42.89772,1.49729,335.47,1,1,2026-09-27,1507,A,89,6.1NRT,296.98,35.09,D
42.89604,1.48559,316.58,1,1,2026-09-27,1507,A,77,6.1NRT,291.92,12.92,D
46.2832,1.75273,307.9,1.06,1.03,2026-09-27,1507,A,66,6.1NRT,286.6,6.45,D
51.16435,3.82036,312.94,1.43,1.18,2026-09-27,1509,A,63,6.1NRT,291.68,15.99,D
51.17106,3.81163,309.37,1.43,1.18,2026-09-27,1509,A,0,6.1NRT,292.67,10.87,D
52.84474,29.99517,300,1.14,1.06,2026-09-27,1741,T,5,6.1NRT,281.22,8.49,N
36.17352,9.93696,317.42,1.47,1.2,2026-09-27,1915,T,95,6.1NRT,289.77,28.49,N
36.86533,6.97887,305.42,2.15,1.43,2026-09-27,1917,T,64,6.1NRT,294.16,17.11,N
45.12005,19.48485,305.61,1.81,1.32,2026-09-27,1917,T,65,6.1NRT,282.57,22.84,N
45.14787,9.93703,301.75,1.07,1.03,2026-09-27,1917,T,44,6.1NRT,289.22,6.64,N
48.27681,14.33078,308.4,1.14,1.07,2026-09-27,1919,T,74,6.1NRT,287.49,12.85,N
51.36745,6.7084,301.69,1.1,1.04,2026-09-27,1919,T,43,6.1NRT,282.71,7.46,N
51.48206,6.71756,316.36,1.09,1.04,2026-09-27,1919,T,93,6.1NRT,282,17.54,N
51.48803,6.70864,300.94,1.09,1.04,2026-09-27,1919,T,36,6.1NRT,281.15,7.09,N
52.15752,10.40146,304.72,1.01,1.01,2026-09-27,1919,T,61,6.1NRT,285.65,8.19,N
43.04464,-5.69678,342.14,1.6,1.25,2026-09-27,2055,T,100,6.1NRT,275.86,102.71,N
48.60867,21.18715,303.9,1.02,1.01,2026-09-28,0300,A,57,6.1NRT,281.92,9.56,N
43.05811,-5.69963,347.61,1.01,1.01,2026-09-28,0440,A,100,6.1NRT,286.3,61.58,N
43.05623,-5.68801,303.62,1.02,1.01,2026-09-28,0440,A,56,6.1NRT,282.34,8.38,N
43.04943,-5.70213,343.93,1.01,1.01,2026-09-28,0440,A,100,6.1NRT,283.62,54.09,N
43.04753,-5.69027,320.95,1.02,1.01,2026-09-28,0440,A,100,6.1NRT,282.99,21.85,N
51.04683,28.79561,306.36,1.1,1.04,2026-09-28,0712,T,63,6.1NRT,285.71,10.11,D
45.50364,20.77404,305.86,2.17,1.43,2026-09-28,0712,T,62,6.1NRT,292.63,12.51,D
45.03144,21.26316,311.48,2.01,1.38,2026-09-28,0712,T,71,6.1NRT,290.92,25.62,D
45.02966,21.28824,304.68,2,1.38,2026-09-28,0712,T,60,6.1NRT,290.68,13.13,D
41.12223,27.07698,316.39,1.02,1.01,2026-09-28,0714,T,77,6.1NRT,293.68,12.32,D
41.12067,27.08871,314.98,1.02,1.01,2026-09-28,0714,T,75,6.1NRT,292.97,11.1,D
48.78493,12.14809,300.39,1.44,1.19,2026-09-28,0850,T,23,6.1NRT,289.77,5.44,D
48.78127,12.16686,301.11,1.45,1.19,2026-09-28,0850,T,30,6.1NRT,290.75,6.12,D
48.27093,14.34276,307.94,1.9,1.35,2026-09-28,0850,T,50,6.1NRT,291.32,20.5,D
48.64632,11.97956,300.79,1.43,1.18,2026-09-28,0850,T,42,6.1NRT,289.35,5.16,D
48.3734,13.20132,302.78,1.65,1.26,2026-09-28,0850,T,54,6.1NRT,289.01,9.75,D
48.37377,13.195,302.22,1.65,1.26,2026-09-28,0850,T,51,6.1NRT,288.9,9.82,D
48.59493,11.87073,305.4,1.42,1.18,2026-09-28,0850,T,61,6.1NRT,290.09,9.24,D
48.56412,11.91639,305.77,1.42,1.18,2026-09-28,0850,T,53,6.1NRT,290.09,8.77,D
48.52468,12.05972,304.77,1.45,1.19,2026-09-28,0850,T,36,6.1NRT,290.03,8.27,D
48.46608,11.98749,301.28,1.44,1.19,2026-09-28,0850,T,46,6.1NRT,290.09,6.29,D
48.33687,11.68053,303.28,1.41,1.17,2026-09-28,0850,T,55,6.1NRT,291.48,7.46,D
48.40868,11.25434,304.84,1.34,1.15,2026-09-28,0850,T,60,6.1NRT,289.43,6.94,D
48.35519,11.20617,305.89,1.34,1.15,2026-09-28,0850,T,62,6.1NRT,290.32,9.1,D
48.25439,11.61817,305.37,1.4,1.17,2026-09-28,0850,T,61,6.1NRT,291.21,8.86,D
48.19884,11.78969,304.18,1.43,1.18,2026-09-28,0850,T,35,6.1NRT,292.57,5.97,D
48.19321,11.78166,309.73,1.43,1.18,2026-09-28,0850,T,69,6.1NRT,292.37,12.26,D
48.07508,11.98984,301.83,1.47,1.2,2026-09-28,0850,T,49,6.1NRT,289.48,7.03,D
48.1,11.32773,303.64,1.37,1.16,2026-09-28,0850,T,57,6.1NRT,291.41,6.63,D
48.0666,11.0097,301.07,1.33,1.14,2026-09-28,0850,T,44,6.1NRT,290.45,5.25,D
48.05818,10.49992,304.91,1.27,1.12,2026-09-28,0850,T,46,6.1NRT,293.55,5.84,D
48.05518,10.51595,308.06,1.27,1.12,2026-09-28,0850,T,64,6.1NRT,292.31,9.05,D
48.05474,10.50986,305.09,1.27,1.12,2026-09-28,0850,T,18,6.1NRT,293.11,5.91,D
48.08682,9.80762,302.36,1.2,1.09,2026-09-28,0850,T,52,6.1NRT,291.01,4.23,D
45.03861,19.44627,310.46,4.44,1.94,2026-09-28,0850,T,70,6.1NRT,294.87,51.59,D
45.90675,11.92436,302.36,1.65,1.26,2026-09-28,0850,T,52,6.1NRT,289.6,10.68,D
45.71766,11.40385,305.33,1.57,1.24,2026-09-28,0850,T,51,6.1NRT,292.38,7.24,D
45.7159,11.39656,309.02,1.57,1.24,2026-09-28,0850,T,67,6.1NRT,291.52,11.33,D
45.50694,12.02255,304.32,1.71,1.28,2026-09-28,0850,T,59,6.1NRT,292.63,8.27,D
45.39386,11.94035,304.66,1.71,1.28,2026-09-28,0850,T,58,6.1NRT,292.86,7.99,D
45.26626,11.92645,309.83,1.72,1.29,2026-09-28,0850,T,69,6.1NRT,293.06,15.43,D
45.84031,8.83873,305.31,1.2,1.09,2026-09-28,0850,T,61,6.1NRT,291.41,7.18,D
45.62317,9.11467,306.52,1.24,1.11,2026-09-28,0850,T,64,6.1NRT,291.68,7.08,D
45.52834,9.57687,304.96,1.3,1.13,2026-09-28,0850,T,58,6.1NRT,292.93,5.36,D
45.14597,9.94878,306.83,1.38,1.16,2026-09-28,0850,T,38,6.1NRT,295.31,6.43,D
44.49498,11.24469,306.52,1.65,1.26,2026-09-28,0852,T,60,6.1NRT,294.44,9.14,D
45.10658,7.72599,310.54,1.12,1.06,2026-09-28,0852,T,61,6.1NRT,294.51,8,D
41.45063,15.83638,312.38,3.66,1.79,2026-09-28,0852,T,71,6.1NRT,295.65,41.69,D
41.45661,15.83238,310.51,3.66,1.79,2026-09-28,0852,T,68,6.1NRT,295.51,33.57,D
43.58321,4.75208,315.55,1,1,2026-09-28,0852,T,75,6.1NRT,290.02,11.72,D
43.58144,4.7641,306.87,1,1,2026-09-28,0852,T,63,6.1NRT,290.36,5.21,D
42.71185,1.99103,309,1.06,1.03,2026-09-28,0852,T,68,6.1NRT,287.33,9.48,D
42.71035,2.00303,322.46,1.06,1.03,2026-09-28,0852,T,82,6.1NRT,287.69,21.87,D
39.45868,8.87906,325.56,1.61,1.25,2026-09-28,0852,T,79,6.1NRT,300.37,34.61,D
39.45517,8.89695,318.54,1.62,1.25,2026-09-28,0852,T,70,6.1NRT,300.07,20.32,D
36.84045,9.17197,311.81,1.93,1.36,2026-09-28,0854,T,58,6.1NRT,300,14.07,D
36.84232,9.18953,313.01,1.94,1.36,2026-09-28,0854,T,51,6.1NRT,300.28,15.38,D
36.71551,7.11572,316.48,1.46,1.2,2026-09-28,0854,T,68,6.1NRT,302.83,12.88,D
36.74645,6.26035,313.64,1.31,1.14,2026-09-28,0854,T,45,6.1NRT,302.37,8.13,D
36.08643,8.66813,316.17,1.87,1.34,2026-09-28,0854,T,68,6.1NRT,301.59,18.19,D
36.07986,8.6594,318.31,1.87,1.34,2026-09-28,0854,T,71,6.1NRT,300.61,23.85,D
36.16846,6.18855,310.76,1.34,1.15,2026-09-28,0854,T,52,6.1NRT,296.68,7.37,D
57.5265,15.81177,300.21,1.24,1.11,2026-09-28,0848,T,32,6.1NRT,283.81,6.92,D
53.52031,9.90506,300.9,1.03,1.01,2026-09-28,0850,T,43,6.1NRT,278.35,5.87,D
52.80282,9.7539,300.6,1.04,1.02,2026-09-28,0850,T,39,6.1NRT,283.3,4.29,D
52.12073,13.06078,304.6,1.32,1.14,2026-09-28,0850,T,59,6.1NRT,281.7,10,D
52.15887,10.40903,310.08,1.09,1.04,2026-09-28,0850,T,64,6.1NRT,290.05,7.82,D
52.14996,10.40508,311.95,1.09,1.04,2026-09-28,0850,T,72,6.1NRT,290.07,9.49,D
51.79589,12.09663,302.69,1.24,1.1,2026-09-28,0850,T,52,6.1NRT,287.73,5.01,D
50.57901,12.29058,303.92,1.33,1.14,2026-09-28,0850,T,57,6.1NRT,287.64,7.63,D
51.48354,6.70593,303.38,1,1,2026-09-28,0850,T,0,6.1NRT,275.49,6.48,D
50.31663,12.28411,305.51,1.35,1.15,2026-09-28,0850,T,62,6.1NRT,286.62,11.35,D
49.64376,12.0601,302.38,1.37,1.16,2026-09-28,0850,T,46,6.1NRT,287.63,7.75,D
49.54463,12.02747,303.92,1.37,1.16,2026-09-28,0850,T,57,6.1NRT,287.65,9.75,D
49.41354,11.82723,300.77,1.35,1.15,2026-09-28,0850,T,35,6.1NRT,287.49,5.23,D
49.29302,12.2353,305.33,1.42,1.18,2026-09-28,0850,T,61,6.1NRT,288.9,11.36,D
49.28936,12.25394,301.22,1.42,1.18,2026-09-28,0850,T,29,6.1NRT,289.28,7.6,D
49.16644,12.64849,304.97,1.49,1.2,2026-09-28,0850,T,60,6.1NRT,289.14,10.12,D
49.06247,12.91422,300.54,1.54,1.22,2026-09-28,0850,T,39,6.1NRT,287.35,8.26,D
49.1884,12.06326,308.62,1.4,1.17,2026-09-28,0850,T,67,6.1NRT,288.12,13.81,D
49.18483,12.08136,305.5,1.4,1.17,2026-09-28,0850,T,62,6.1NRT,288.8,10.38,D
49.23065,11.74419,300.01,1.35,1.15,2026-09-28,0850,T,18,6.1NRT,287.7,5.59,D
49.20726,11.81086,300.68,1.36,1.16,2026-09-28,0850,T,16,6.1NRT,288.05,5.34,D
49.19746,11.80613,303.19,1.36,1.16,2026-09-28,0850,T,52,6.1NRT,287.94,7.4,D
49.15228,12.04023,302.48,1.4,1.17,2026-09-28,0850,T,37,6.1NRT,289.66,6.98,D
49.13879,12.05379,304.09,1.4,1.17,2026-09-28,0850,T,57,6.1NRT,290.22,8.29,D
49.2114,11.62213,302.91,1.34,1.15,2026-09-28,0850,T,40,6.1NRT,289.33,6.16,D
49.00386,12.14675,304.46,1.42,1.18,2026-09-28,0850,T,59,6.1NRT,289.42,8.42,D
47.90405,17.04354,302.31,2.68,1.57,2026-09-28,0850,T,47,6.1NRT,291.87,10.29,D
48.94826,12.11405,301.64,1.42,1.18,2026-09-28,0850,T,20,6.1NRT,288.03,5.42,D
48.8855,12.43229,303.37,1.48,1.2,2026-09-28,0850,T,40,6.1NRT,288.97,7.8,D
48.92811,12.10528,300.59,1.42,1.18,2026-09-28,0850,T,33,6.1NRT,289.24,5.12,D
49.05226,11.29795,300.65,1.31,1.13,2026-09-28,0850,T,40,6.1NRT,290.09,4.77,D
48.99957,11.57279,300.68,1.35,1.15,2026-09-28,0850,T,35,6.1NRT,290.1,4.94,D
48.94521,11.79715,305.81,1.38,1.16,2026-09-28,0850,T,62,6.1NRT,288.97,10.59,D
46.67552,34.3016,327.58,1.34,1.15,2026-09-28,1229,A,74,6.1NRT,288.21,35.93,D
48.58887,29.46579,300.28,2.05,1.39,2026-09-28,1229,A,15,6.1NRT,288.03,6.03,D
48.01741,27.01241,301.27,2.86,1.61,2026-09-28,1229,A,23,6.1NRT,287.99,9.12,D
49.78058,30.18295,303.09,1.74,1.29,2026-09-28,1229,A,55,6.1NRT,290.77,10.69,D
51.19395,34.30593,301.72,1.11,1.05,2026-09-28,1229,A,49,6.1NRT,289.96,4.98,D
52.26357,34.53369,306.16,1.06,1.03,2026-09-28,1229,A,63,6.1NRT,288.56,7.81,D
54.56294,33.16319,330.55,1.07,1.03,2026-09-28,1232,A,87,6.1NRT,287.73,33.62,D
37.13189,14.22177,313.67,1.26,1.11,2026-09-28,1405,A,66,6.1NRT,299.67,7.23,D
37.17039,14.26771,318.83,1.25,1.11,2026-09-28,1405,A,74,6.1NRT,300.7,13.83,D
37.1555,14.12955,313.36,1.27,1.12,2026-09-28,1405,A,65,6.1NRT,298.75,8.58,D
37.17466,14.00324,316.6,1.29,1.13,2026-09-28,1405,A,70,6.1NRT,298.77,12.75,D
37.17212,13.98948,311.04,1.29,1.13,2026-09-28,1405,A,48,6.1NRT,298.18,6.33,D
37.15521,13.78782,312.19,1.32,1.14,2026-09-28,1405,A,0,6.1NRT,299.09,7.46,D
37.37019,14.92598,315.55,1.16,1.07,2026-09-28,1405,A,68,6.1NRT,301.42,8.22,D
37.368,14.91346,327.86,1.16,1.07,2026-09-28,1405,A,82,6.1NRT,301.63,23.87,D
37.34008,14.64293,312.34,1.2,1.09,2026-09-28,1405,A,26,6.1NRT,300.24,7.58,D
37.45784,14.72305,314.62,1.18,1.08,2026-09-28,1405,A,66,6.1NRT,302.45,6.17,D
37.47502,13.54928,310.86,1.34,1.15,2026-09-28,1405,A,63,6.1NRT,290.38,11.38,D
37.4733,13.31736,316.27,1.38,1.16,2026-09-28,1405,A,72,6.1NRT,296.97,16.05,D
37.06668,9.74627,324.88,2.31,1.47,2026-09-28,1405,A,76,6.1NRT,303.59,42.96,D
37.07112,9.76639,316.76,2.3,1.47,2026-09-28,1405,A,63,6.1NRT,303.25,18.6,D
37.06559,9.74179,321.73,2.31,1.47,2026-09-28,1405,A,72,6.1NRT,303.58,34.3,D
37.09283,9.43839,314.79,2.42,1.5,2026-09-28,1405,A,50,6.1NRT,301.62,19.81,D
37.86202,13.16984,320.05,1.38,1.16,2026-09-28,1405,A,77,6.1NRT,299.51,19.51,D
37.82721,12.98866,312.19,1.41,1.18,2026-09-28,1405,A,66,6.1NRT,298.83,10.14,D
37.09065,9.43239,314.77,2.42,1.5,2026-09-28,1405,A,55,6.1NRT,302,21.26,D
37.24846,9.53395,325.47,2.36,1.48,2026-09-28,1405,A,77,6.1NRT,300.98,63.75,D
38.68699,16.16756,328.49,1.03,1.01,2026-09-28,1405,A,81,6.1NRT,297.61,24.55,D
36.79386,6.00208,311,4.05,1.87,2026-09-28,1405,A,32,6.1NRT,296.57,33.02,D
36.78149,5.95399,314.16,4.08,1.87,2026-09-28,1405,A,57,6.1NRT,298.67,49.85,D
36.80028,5.98962,313.41,4.05,1.87,2026-09-28,1405,A,40,6.1NRT,296.56,47.64,D
40.62985,19.55795,310.27,1.12,1.06,2026-09-28,1405,A,67,6.1NRT,297.87,7.38,D
40.81851,19.51831,310.66,1.12,1.06,2026-09-28,1405,A,68,6.1NRT,297.21,7.84,D
40.70401,17.40293,308.36,1.01,1,2026-09-28,1405,A,56,6.1NRT,297.16,4.5,D
40.58013,16.20521,307.5,1.01,1,2026-09-28,1405,A,26,6.1NRT,291.62,4.29,D
40.67861,15.76014,310.14,1.02,1.01,2026-09-28,1408,A,61,6.1NRT,292.43,7.5,D
40.67679,15.74864,307.44,1.02,1.01,2026-09-28,1408,A,49,6.1NRT,293.69,5.96,D
40.86655,16.19228,313.79,1.01,1,2026-09-28,1408,A,65,6.1NRT,302.72,5.04,D
40.86479,16.18084,315.72,1.01,1,2026-09-28,1408,A,71,6.1NRT,302.51,6.89,D
40.94127,15.82443,309.27,1.01,1.01,2026-09-28,1408,A,58,6.1NRT,299.06,5.14,D
41.02636,15.66218,316.87,1.02,1.01,2026-09-28,1408,A,72,6.1NRT,298.3,10.12,D
41.61654,19.63343,308.88,1.16,1.07,2026-09-28,1408,A,68,6.1NRT,297.8,6.03,D
41.08046,15.47064,310.03,1.03,1.01,2026-09-28,1408,A,54,6.1NRT,296.98,4.9,D
41.14931,15.56013,314.66,1.02,1.01,2026-09-28,1408,A,68,6.1NRT,302.2,5.82,D
41.01197,14.05338,311.58,1.12,1.05,2026-09-28,1408,A,58,6.1NRT,299.71,6.04,D
41.22585,15.04608,312.36,1.04,1.02,2026-09-28,1408,A,61,6.1NRT,301.73,6.16,D
41.90586,19.5792,308.77,1.16,1.07,2026-09-28,1408,A,60,6.1NRT,295.03,7.08,D
41.47117,15.00734,314.77,1.04,1.02,2026-09-28,1408,A,68,6.1NRT,300.85,8.17,D
41.44015,13.13527,310.47,1.19,1.09,2026-09-28,1408,A,27,6.1NRT,297.29,6.35,D
44.7045,20.9978,312.81,1.46,1.19,2026-09-28,1408,A,53,6.1NRT,295.89,15.77,D
44.80808,20.03794,311.5,1.32,1.14,2026-09-28,1408,A,67,6.1NRT,298.12,7.97,D
44.96596,21.18691,309.07,1.51,1.21,2026-09-28,1408,A,64,6.1NRT,297.71,7.78,D
44.89108,20.05344,309.38,1.32,1.14,2026-09-28,1408,A,63,6.1NRT,298.7,6.09,D
44.96756,20.67349,324.92,1.42,1.18,2026-09-28,1408,A,82,6.1NRT,298.36,29.68,D
44.88152,19.87461,324.26,1.3,1.13,2026-09-28,1408,A,81,6.1NRT,299.53,23.14,D
44.87975,19.85873,319,1.29,1.13,2026-09-28,1408,A,59,6.1NRT,299.11,15.67,D
44.96494,20.6865,312.41,1.42,1.18,2026-09-28,1408,A,35,6.1NRT,297.15,10.01,D
44.96321,20.66904,315.8,1.42,1.18,2026-09-28,1408,A,61,6.1NRT,297.7,14.54,D
44.88753,19.83545,321.31,1.29,1.13,2026-09-28,1408,A,52,6.1NRT,298.83,17.56,D
44.90593,19.91301,322.36,1.3,1.13,2026-09-28,1408,A,80,6.1NRT,298.66,21.17,D
44.90421,19.89701,324.05,1.3,1.13,2026-09-28,1408,A,81,6.1NRT,299.25,24.25,D
44.91581,19.91087,332.57,1.3,1.13,2026-09-28,1408,A,87,6.1NRT,300.22,37.29,D
44.85936,19.39726,329.47,1.24,1.1,2026-09-28,1408,A,85,6.1NRT,299.83,32.9,D
44.89983,19.67175,314.44,1.27,1.12,2026-09-28,1408,A,71,6.1NRT,298.19,12.38,D
44.88751,19.29818,309.83,1.22,1.1,2026-09-28,1408,A,63,6.1NRT,298.15,7.71,D
45.15152,20.61852,313.95,1.42,1.18,2026-09-28,1408,A,72,6.1NRT,299.04,12.33,D
45.19331,20.82732,323.78,1.46,1.19,2026-09-28,1408,A,82,6.1NRT,298.96,27.68,D
45.19154,20.80928,323.31,1.45,1.19,2026-09-28,1408,A,81,6.1NRT,299.08,26.93,D
45.17493,20.43679,309.09,1.39,1.17,2026-09-28,1408,A,0,6.1NRT,298.6,6.89,D
45.09254,19.66471,329.89,1.28,1.12,2026-09-28,1408,A,85,6.1NRT,298.55,33.68,D
45.09081,19.64901,316.94,1.28,1.12,2026-09-28,1408,A,60,6.1NRT,298.02,13.54,D
45.09883,19.63103,319.82,1.27,1.12,2026-09-28,1408,A,77,6.1NRT,298.75,17.7,D
43.84629,11.14162,313.07,1.32,1.14,2026-09-28,1408,A,59,6.1NRT,301.76,7.09,D
43.84333,11.12605,313.79,1.32,1.14,2026-09-28,1408,A,61,6.1NRT,301.43,7.86,D
44.52657,11.41503,313.77,1.24,1.11,2026-09-28,1408,A,70,6.1NRT,299.24,9.17,D
44.62329,11.59387,315.32,1.22,1.1,2026-09-28,1408,A,72,6.1NRT,299.33,10.75,D
45.45686,10.46227,310.03,1.31,1.14,2026-09-28,1408,A,63,6.1NRT,297.42,8.17,D
45.45378,10.44633,309.17,1.31,1.14,2026-09-28,1408,A,61,6.1NRT,298.27,6.75,D
45.71638,11.39465,310.89,1.19,1.08,2026-09-28,1408,A,67,6.1NRT,295.9,8.26,D
45.71373,11.38022,307.19,1.19,1.09,2026-09-28,1408,A,58,6.1NRT,295.14,5.29,D
48.27232,14.34609,319.58,1,1,2026-09-28,1408,A,60,6.1NRT,296.96,14.87,D
48.27043,14.33316,331.94,1,1,2026-09-28,1408,A,83,6.1NRT,300.98,28.92,D
49.38353,13.30484,306.32,1,1,2026-09-28,1410,A,62,6.1NRT,296.14,4.38,D
51.67976,15.99029,302,1.13,1.06,2026-09-28,1410,A,41,6.1NRT,286.94,4.57,D
51.67786,15.97457,304.02,1.12,1.06,2026-09-28,1410,A,58,6.1NRT,287.14,5.95,D
51.68704,15.97174,303.3,1.12,1.06,2026-09-28,1410,A,44,6.1NRT,287.03,5.52,D
52.15515,10.39883,302.54,1.04,1.02,2026-09-28,1410,A,38,6.1NRT,279.99,4.34,D
37.38912,-6.38843,313.39,1,1,2026-09-28,1544,A,39,6.1NRT,299.56,5.07,D
37.40806,-6.38155,315.07,1,1,2026-09-28,1544,A,69,6.1NRT,299.16,6.64,D
43.84774,24.36715,307.89,1.14,1.06,2026-09-28,1819,T,73,6.1NRT,282.96,12.84,N
44.96761,21.18592,304.2,1.49,1.2,2026-09-28,1819,T,59,6.1NRT,283.05,15.26,N
44.98871,21.15191,305.02,1.49,1.21,2026-09-28,1819,T,63,6.1NRT,283.5,16.39,N
48.6074,21.17582,300.6,1.25,1.11,2026-09-28,1819,T,30,6.1NRT,286.98,8.32,N
35.80609,-0.26644,304.73,1.58,1.24,2026-09-28,1953,T,35,6.1NRT,277.13,14.78,N
35.81126,-0.25622,309.79,1.58,1.24,2026-09-28,1953,T,78,6.1NRT,278.07,22.18,N
40.224,8.81683,308.61,1.41,1.18,2026-09-28,1955,T,75,6.1NRT,289.2,15.12,N
40.22149,8.82811,300.05,1.42,1.18,2026-09-28,1955,T,9,6.1NRT,289.06,6.79,N
40.21996,8.81177,304.71,1.41,1.18,2026-09-28,1955,T,61,6.1NRT,289.68,11.17,N
43.03873,-4.13187,309.37,1.8,1.31,2026-09-28,1957,T,77,6.1NRT,280.59,30.47,N
43.0343,-4.15325,301.12,1.8,1.32,2026-09-28,1957,T,31,6.1NRT,283.43,17.4,N
43.04352,-4.22585,303.1,1.82,1.32,2026-09-28,1957,T,53,6.1NRT,284.41,17.73,N
43.03939,-4.24588,344.42,1.82,1.32,2026-09-28,1957,T,100,6.1NRT,286.5,129.84,N
52.15512,10.39962,307.53,2.37,1.49,2026-09-28,2000,T,72,6.1NRT,275.86,38.97,N
45.2613,31.67576,313.83,1.07,1.03,2026-09-29,0202,A,83,6.1NRT,289.76,14.13,N
36.75369,6.25888,301.75,1,1,2026-09-29,0342,A,44,6.1NRT,290.7,4.88,N
51.68724,15.9814,309.96,1.18,1.08,2026-09-29,0336,A,79,6.1NRT,280.17,17.42,N
36.745,6.2569,325.36,1,1,2026-09-29,0342,A,100,6.1NRT,291.12,23.84,N
48.27845,14.33523,309.96,1.19,1.09,2026-09-29,0338,A,79,6.1NRT,284.47,16.46,N
45.15001,9.94186,300.18,1.01,1,2026-09-29,0338,A,20,6.1NRT,284.44,6.49,N
55.79964,33.02452,341.04,1.68,1.28,2026-09-29,0748,T,92,6.1NRT,284.69,101.39,D
55.7941,33.04911,355.73,1.69,1.28,2026-09-29,0748,T,98,6.1NRT,285.67,166.93,D
55.8008,33.01855,306.26,1.68,1.28,2026-09-29,0748,T,63,6.1NRT,283.9,20.25,D
55.79537,33.04319,363.55,1.69,1.28,2026-09-29,0748,T,100,6.1NRT,286.57,212.98,D
51.01168,29.42975,311.7,1.63,1.26,2026-09-29,0748,T,72,6.1NRT,287.84,23.71,D
51.00705,29.45156,314.25,1.64,1.26,2026-09-29,0748,T,75,6.1NRT,288.5,27.78,D
51.68518,15.98068,303.68,1.43,1.18,2026-09-29,0750,T,57,6.1NRT,288.45,10.28,D
50.33396,19.28016,300.88,1.06,1.03,2026-09-29,0750,T,42,6.1NRT,290.87,4.85,D
50.3322,19.29466,302.83,1.06,1.03,2026-09-29,0750,T,54,6.1NRT,289.43,6.02,D
48.89233,26.90301,300.72,1.42,1.18,2026-09-29,0750,T,41,6.1NRT,289.45,6.22,D
47.86817,30.99955,301.87,2.42,1.5,2026-09-29,0750,T,49,6.1NRT,289.87,13.22,D
46.42288,33.67669,303.92,3.71,1.8,2026-09-29,0750,T,57,6.1NRT,290.35,27.29,D
46.35199,33.58037,306.39,3.68,1.8,2026-09-29,0750,T,63,6.1NRT,289.96,38.68,D
48.6166,21.18594,304.05,1,1,2026-09-29,0750,T,28,6.1NRT,292.39,3.53,D
48.6079,21.18312,307.7,1,1,2026-09-29,0750,T,66,6.1NRT,292.96,5.99,D
48.27606,14.34266,308.37,1.54,1.22,2026-09-29,0752,T,55,6.1NRT,287.52,15.85,D
48.27341,14.33615,307.73,1.54,1.22,2026-09-29,0752,T,45,6.1NRT,288.14,13.95,D
46.61193,21.52023,309.6,1.02,1.01,2026-09-29,0752,T,68,6.1NRT,296.6,5.72,D
44.70882,25.20256,320.5,1.47,1.2,2026-09-29,0752,T,80,6.1NRT,292.75,26.37,D
44.69855,25.19864,315.4,1.47,1.2,2026-09-29,0752,T,71,6.1NRT,293.46,17.7,D
45.00228,21.20879,307.2,1.04,1.02,2026-09-29,0752,T,64,6.1NRT,295.93,4.41,D
44.74862,22.37132,301.58,1.12,1.05,2026-09-29,0752,T,44,6.1NRT,288.59,5.37,D
45.07759,19.58647,306.43,1,1,2026-09-29,0752,T,49,6.1NRT,295.58,3.82,D
45.07587,19.47095,305.43,1,1,2026-09-29,0752,T,50,6.1NRT,294.77,3.49,D
45.07413,19.48325,308.97,1,1,2026-09-29,0752,T,65,6.1NRT,295.5,5.56,D
44.96318,20.00164,307.99,1,1,2026-09-29,0752,T,58,6.1NRT,293.4,4.83,D
44.96138,20.01393,317.43,1,1,2026-09-29,0752,T,77,6.1NRT,293.53,12.2,D
44.95446,19.99915,314.31,1,1,2026-09-29,0752,T,68,6.1NRT,294.99,9.02,D
44.95266,20.01144,333.22,1,1,2026-09-29,0752,T,88,6.1NRT,296.12,29.67,D
44.4526,22.72693,331.55,1.16,1.07,2026-09-29,0752,T,87,6.1NRT,294.82,32.34,D
44.44333,22.72386,324.69,1.16,1.07,2026-09-29,0752,T,83,6.1NRT,295.86,23.43,D
44.4409,22.73784,316.9,1.16,1.07,2026-09-29,0752,T,72,6.1NRT,295.6,13.37,D
44.87714,19.89382,316.67,1,1,2026-09-29,0752,T,77,6.1NRT,294.86,11.18,D
44.87535,19.90608,314.17,1,1,2026-09-29,0752,T,74,6.1NRT,294.54,9.24,D
44.60107,20.97544,301.85,1.03,1.02,2026-09-29,0752,T,43,6.1NRT,291.23,3.56,D
44.59225,20.97278,302.48,1.03,1.02,2026-09-29,0752,T,51,6.1NRT,290.55,4,D
41.77769,15.4992,307.91,1.15,1.07,2026-09-29,0752,T,42,6.1NRT,295.52,6.19,D
41.54035,15.50084,312.28,1.14,1.06,2026-09-29,0752,T,70,6.1NRT,297.41,7.59,D
41.55416,15.21473,312.09,1.17,1.08,2026-09-29,0752,T,70,6.1NRT,298.14,7.5,D
41.41402,15.86997,307.01,1.1,1.05,2026-09-29,0752,T,59,6.1NRT,296.12,4.44,D
40.48497,21.77022,306.43,1.22,1.1,2026-09-29,0752,T,63,6.1NRT,288.97,9.16,D
40.48252,21.78412,302.61,1.23,1.1,2026-09-29,0752,T,53,6.1NRT,288.43,6.33,D
41.39971,15.37907,308.08,1.15,1.07,2026-09-29,0752,T,62,6.1NRT,296.71,4.01,D
41.38408,15.43041,310.22,1.14,1.06,2026-09-29,0752,T,66,6.1NRT,298.41,5.93,D
40.70009,16.43002,307.01,1.05,1.02,2026-09-29,0752,T,53,6.1NRT,296.37,4.38,D
40.3682,18.00528,311.58,1,1,2026-09-29,0752,T,65,6.1NRT,298.31,5.73,D
39.25605,22.41536,305.08,1.38,1.16,2026-09-29,0754,T,53,6.1NRT,291.73,7.91,D
38.40239,23.02613,307.11,1.55,1.23,2026-09-29,0754,T,48,6.1NRT,292.3,9.29,D
39.07636,16.9888,309.06,1.01,1,2026-09-29,0754,T,68,6.1NRT,298.49,4.87,D
40.24429,-3.47222,302.81,1.17,1.08,2026-09-29,0932,T,53,6.1NRT,289.86,4.41,D
37.93957,-3.99975,308,1.2,1.09,2026-09-29,0932,T,57,6.1NRT,290.67,4.78,D
51.08794,9.12682,301.38,2.61,1.55,2026-09-29,0926,T,42,6.1NRT,284.49,14.65,D
51.09463,9.12413,300.72,2.61,1.55,2026-09-29,0926,T,9,6.1NRT,284.03,12.08,D
52.05294,-1.23509,305.27,1.01,1.01,2026-09-29,0928,T,61,6.1NRT,285.42,6.35,D
51.04071,2.29833,308.26,1.28,1.12,2026-09-29,0928,T,50,6.1NRT,288.51,7.65,D
49.04702,2.57868,309.16,1.46,1.19,2026-09-29,0928,T,68,6.1NRT,293.03,10.81,D
45.61182,34.65976,308.68,1.28,1.12,2026-09-29,1306,A,67,6.1NRT,292.56,10.2,D
45.61011,34.64388,320.5,1.28,1.12,2026-09-29,1306,A,80,6.1NRT,293.21,24.2,D
45.87504,33.72859,324.77,1.18,1.08,2026-09-29,1306,A,78,6.1NRT,295.44,24.15,D
45.88615,33.74103,318.86,1.18,1.08,2026-09-29,1306,A,47,6.1NRT,295.36,15.33,D
45.88445,33.72632,329.89,1.18,1.08,2026-09-29,1306,A,83,6.1NRT,296.27,31.28,D
43.88177,20.34408,301.05,2.75,1.59,2026-09-29,1306,A,0,6.1NRT,286.97,12.58,D
46.46922,34.11055,305.51,1.24,1.11,2026-09-29,1306,A,55,6.1NRT,294.75,5.95,D
44.73124,23.2285,308.13,1.8,1.31,2026-09-29,1306,A,62,6.1NRT,290.96,14.56,D
46.5532,33.95737,308.46,1.23,1.1,2026-09-29,1306,A,28,6.1NRT,294.77,7.04,D
46.56279,33.95507,313.94,1.23,1.1,2026-09-29,1306,A,72,6.1NRT,295.07,13.03,D
46.56105,33.93959,311.58,1.22,1.1,2026-09-29,1306,A,69,6.1NRT,294.4,10.41,D
46.56541,33.89098,324.08,1.22,1.1,2026-09-29,1306,A,82,6.1NRT,295.36,26.33,D
46.63636,34.08187,308.05,1.24,1.11,2026-09-29,1306,A,63,6.1NRT,294.37,8.27,D
46.93107,34.71514,309.99,1.34,1.15,2026-09-29,1306,A,67,6.1NRT,295.33,10.75,D
46.92929,34.69813,313.64,1.33,1.14,2026-09-29,1306,A,72,6.1NRT,295.13,14.86,D
46.46765,30.59988,306.34,1.01,1,2026-09-29,1306,A,59,6.1NRT,294.93,4.97,D
46.90676,32.63862,307.42,1.11,1.05,2026-09-29,1306,A,58,6.1NRT,294.04,6.62,D
45.01921,21.31416,321.3,2.24,1.45,2026-09-29,1306,A,81,6.1NRT,298.48,40.93,D
45.02585,21.33308,312.4,2.23,1.45,2026-09-29,1306,A,54,6.1NRT,298.55,18.76,D
45.01957,21.30668,317.79,2.24,1.45,2026-09-29,1306,A,78,6.1NRT,298.68,33.26,D
45.00013,21.16841,314.54,2.29,1.46,2026-09-29,1306,A,47,6.1NRT,299.03,22.77,D
45.00985,20.92156,314.19,2.36,1.48,2026-09-29,1306,A,59,6.1NRT,299.03,24.33,D
47.31823,34.429,314.12,1.31,1.14,2026-09-29,1306,A,73,6.1NRT,294.33,15.19,D
45.02221,20.91557,333.98,2.36,1.48,2026-09-29,1306,A,89,6.1NRT,298.89,98.03,D
47.31895,34.4408,305.87,1.31,1.14,2026-09-29,1306,A,48,6.1NRT,294.01,6.49,D
47.3172,34.42393,309.22,1.31,1.14,2026-09-29,1306,A,67,6.1NRT,294.17,9.94,D
45.02693,20.9398,314.41,2.35,1.48,2026-09-29,1306,A,74,6.1NRT,296.39,25.87,D
45.02026,20.91226,333.42,2.36,1.48,2026-09-29,1306,A,88,6.1NRT,299.18,97.89,D
44.85003,20.04566,312.4,2.66,1.57,2026-09-29,1306,A,71,6.1NRT,298.43,22.64,D
45.00173,20.6055,310.63,2.46,1.51,2026-09-29,1306,A,69,6.1NRT,297.53,18.15,D
44.92419,19.89581,333,2.7,1.57,2026-09-29,1306,A,88,6.1NRT,300.46,114.87,D
45.05077,19.74966,312.65,2.73,1.58,2026-09-29,1306,A,66,6.1NRT,299.79,26.56,D
45.39961,20.8906,313.71,2.3,1.47,2026-09-29,1306,A,69,6.1NRT,299.08,20.75,D
45.39851,20.88669,311.91,2.3,1.47,2026-09-29,1306,A,68,6.1NRT,298.97,17.12,D
45.05323,19.26333,309.91,2.9,1.62,2026-09-29,1306,A,64,6.1NRT,299.2,23.66,D
45.1173,19.45644,326.95,2.82,1.6,2026-09-29,1306,A,83,6.1NRT,297.48,93.15,D
45.94471,20.70279,317.09,2.27,1.46,2026-09-29,1306,A,75,6.1NRT,300.49,29.07,D
45.93821,20.67576,318.2,2.28,1.46,2026-09-29,1306,A,76,6.1NRT,300.23,32.22,D
47.49155,19.24221,308.22,2.43,1.5,2026-09-29,1306,A,60,6.1NRT,295.86,18.88,D
48.34116,20.80849,305.09,1.9,1.35,2026-09-29,1306,A,56,6.1NRT,294.93,8.89,D
50.15781,30.03675,311.83,1.03,1.01,2026-09-29,1306,A,72,6.1NRT,290.5,11.65,D
51.23886,29.86652,302.22,1.04,1.02,2026-09-29,1308,A,51,6.1NRT,290.52,5.26,D
50.74632,26.25992,311.33,1.04,1.02,2026-09-29,1308,A,71,6.1NRT,289.41,11.28,D
50.87549,26.92539,303.94,1.02,1.01,2026-09-29,1308,A,52,6.1NRT,289.02,5.77,D
49.99959,20.48863,307.17,1.76,1.3,2026-09-29,1308,A,46,6.1NRT,292.58,14.01,D
53.67371,34.04409,302.98,1.54,1.22,2026-09-29,1308,A,54,6.1NRT,288.29,12.11,D
52.36234,18.23222,316.29,1.89,1.34,2026-09-29,1308,A,77,6.1NRT,293.13,32.71,D
52.35638,18.20687,305.65,1.9,1.35,2026-09-29,1308,A,50,6.1NRT,292.71,13.56,D
53.08185,18.71557,304.37,1.71,1.28,2026-09-29,1308,A,59,6.1NRT,293.63,9.7,D
53.35801,18.43311,322.56,1.72,1.29,2026-09-29,1308,A,62,6.1NRT,292.28,43.47,D
55.79886,33.02168,310.85,1.5,1.21,2026-09-29,1308,A,71,6.1NRT,281.79,23.14,D
37.88483,31.84159,301.67,1.02,1.01,2026-09-29,1304,A,47,6.1NRT,290.89,3.38,D
55.79034,33.01942,307.85,3.73,1.81,2026-09-29,1132,A,65,6.1NRT,282.84,55.4,D
55.78449,33.01694,304.94,3.73,1.81,2026-09-29,1132,A,60,6.1NRT,283.18,46.01,D
36.23718,9.14301,316.5,1,1,2026-09-29,1442,A,64,6.1NRT,301.92,6.72,D
36.44487,8.54591,313.29,1,1,2026-09-29,1442,A,45,6.1NRT,293.18,4.11,D
36.69736,10.13256,322.01,1.04,1.02,2026-09-29,1442,A,73,6.1NRT,302.43,12.09,D
36.69582,10.12122,319.56,1.04,1.02,2026-09-29,1442,A,70,6.1NRT,302.7,9.38,D
36.67215,9.01554,320,1,1,2026-09-29,1442,A,64,6.1NRT,304.24,7.94,D
37.37531,13.3425,325.07,1.46,1.19,2026-09-29,1442,A,61,6.1NRT,298.79,31.48,D
36.5539,6.75276,318.2,1.07,1.03,2026-09-29,1442,A,52,6.1NRT,304.2,7.9,D
36.9841,9.52998,345.67,1.02,1.01,2026-09-29,1442,A,93,6.1NRT,304.24,46.7,D
36.56282,6.75063,323.53,1.07,1.03,2026-09-29,1442,A,76,6.1NRT,301.85,14.4,D
37.24757,9.55602,317.35,1.02,1.01,2026-09-29,1442,A,68,6.1NRT,300.53,9.64,D
36.74252,6.25917,318.83,1.1,1.05,2026-09-29,1442,A,71,6.1NRT,305.69,9.04,D
37.26774,9.50594,313.67,1.02,1.01,2026-09-29,1442,A,55,6.1NRT,300.8,6.21,D
37.30279,9.61903,326.82,1.03,1.01,2026-09-29,1442,A,70,6.1NRT,302.34,18.79,D
37.30127,9.60788,322.75,1.03,1.01,2026-09-29,1442,A,0,6.1NRT,300.29,14.55,D
37.80679,13.10895,312.2,1.44,1.19,2026-09-29,1442,A,0,6.1NRT,297.51,10.44,D
37.87921,13.21881,319.51,1.46,1.19,2026-09-29,1442,A,77,6.1NRT,299.09,19.52,D
37.8761,12.89907,326.56,1.4,1.17,2026-09-29,1442,A,83,6.1NRT,296.4,31.94,D
37.87429,12.88279,331.79,1.4,1.17,2026-09-29,1442,A,86,6.1NRT,296.43,43.33,D
37.88278,12.89222,323.26,1.4,1.17,2026-09-29,1442,A,79,6.1NRT,296.5,27.63,D
37.88105,12.87582,307.72,1.4,1.17,2026-09-29,1442,A,45,6.1NRT,295.06,6.5,D
39.63073,9.00645,314.42,1.03,1.01,2026-09-29,1444,A,69,6.1NRT,301.39,5.79,D
41.04704,15.91112,316.52,2.35,1.48,2026-09-29,1444,A,74,6.1NRT,293.54,41.97,D
42.22728,11.84348,313.68,1.41,1.17,2026-09-29,1444,A,71,6.1NRT,297.75,11.8,D
42.89944,1.47769,318.53,1.41,1.18,2026-09-29,1444,A,69,6.1NRT,286.55,26.96,D
45.14597,9.94137,311.59,1.25,1.11,2026-09-29,1444,A,64,6.1NRT,297.64,9.06,D
45.50574,10.23963,309.15,1.3,1.13,2026-09-29,1444,A,59,6.1NRT,297.14,7.49,D
48.27126,14.33629,305.66,2.31,1.47,2026-09-29,1444,A,47,6.1NRT,289.4,18.05,D
48.27084,14.32811,306.38,2.31,1.47,2026-09-29,1444,A,0,6.1NRT,290.06,17.01,D
47.34302,4.96127,326.44,1,1,2026-09-29,1444,A,84,6.1NRT,295.75,22.67,D
51.48043,6.71137,315.96,1.14,1.06,2026-09-29,1446,A,0,6.1NRT,297.1,13.71,D
51.17099,3.81111,310.18,1,1,2026-09-29,1446,A,59,6.1NRT,279.49,8.98,D
52.48042,4.58782,309.79,1.04,1.02,2026-09-29,1446,A,0,6.1NRT,296.1,6.94,D
52.4931,4.61398,312.16,1.04,1.02,2026-09-29,1446,A,68,6.1NRT,296.45,8.64,D
37.60448,14.15228,301.5,1.53,1.22,2026-09-29,1856,T,42,6.1NRT,288.27,9.52,N
44.97034,21.19819,311.97,1.23,1.1,2026-09-29,1858,T,84,6.1NRT,285.19,17.25,N
44.97355,21.20676,301.31,1.23,1.1,2026-09-29,1858,T,40,6.1NRT,285.04,8.81,N
44.97199,21.19142,304.8,1.23,1.1,2026-09-29,1858,T,62,6.1NRT,284.75,11.48,N
45.02979,21.36866,304.2,1.25,1.11,2026-09-29,1858,T,59,6.1NRT,285.71,11.2,N
48.27594,14.33618,314.01,1.03,1.02,2026-09-29,1900,T,88,6.1NRT,289.59,14.76,N
35.80706,-0.25609,318.78,1.37,1.16,2026-09-29,2034,T,97,6.1NRT,293.32,25.3,N
52.49305,4.62108,302.72,1.03,1.02,2026-09-30,0414,A,51,6.1NRT,286.06,6.79,N
42.71085,1.77635,304.82,1.13,1.06,2026-09-30,0419,A,62,6.1NRT,284.64,10.09,N
36.72271,3.45352,300.12,1.81,1.32,2026-09-30,0419,A,13,6.1NRT,289.55,10.51,N
46.39723,34.6869,303.63,1,1,2026-09-30,0652,T,57,6.1NRT,289.67,4.87,D
44.52991,26.55429,317.77,1.91,1.35,2026-09-30,0652,T,78,6.1NRT,291.84,35.74,D
44.52821,26.5779,306.21,1.91,1.35,2026-09-30,0652,T,63,6.1NRT,291.52,13.02,D
52.15344,10.41055,304.88,1.05,1.02,2026-09-30,0828,T,60,6.1NRT,277.5,8.18,D
48.97381,16.93042,303.98,1.39,1.17,2026-09-30,0828,T,58,6.1NRT,293.45,6.14,D
48.50559,15.1803,300.58,1.21,1.09,2026-09-30,0828,T,39,6.1NRT,290.35,5.54,D
47.8726,17.22203,304.28,1.53,1.22,2026-09-30,0828,T,55,6.1NRT,293.89,6.61,D
48.586,10.84535,302.34,1,1,2026-09-30,0830,T,52,6.1NRT,291.44,3.94,D
47.86871,17.24128,304.53,1.53,1.22,2026-09-30,0828,T,51,6.1NRT,292.32,7.4,D
47.41214,16.73615,309.32,1.48,1.2,2026-09-30,0830,T,68,6.1NRT,295.34,11.65,D
47.97964,16.3636,306.54,1.39,1.17,2026-09-30,0828,T,64,6.1NRT,295.96,8.32,D
47.1324,16.06518,302.06,1.4,1.17,2026-09-30,0830,T,47,6.1NRT,289.24,7.24,D
48.27877,14.34119,321.43,1.14,1.06,2026-09-30,0828,T,50,6.1NRT,294.21,19.85,D
47.12233,16.06135,305.13,1.4,1.17,2026-09-30,0830,T,61,6.1NRT,290.43,10.2,D
46.95097,16.73083,305.3,1.52,1.22,2026-09-30,0830,T,30,6.1NRT,290.2,8.29,D
48.27422,14.33329,321.58,1.14,1.06,2026-09-30,0828,T,81,6.1NRT,295.93,22.71,D
47.05243,16.10182,306.64,1.41,1.18,2026-09-30,0830,T,64,6.1NRT,289.96,11.62,D
48.27169,14.34801,311.2,1.14,1.07,2026-09-30,0828,T,67,6.1NRT,294.05,11.6,D
46.89302,16.85081,303.32,1.55,1.23,2026-09-30,0830,T,50,6.1NRT,291.98,6.84,D
46.37809,16.47341,303.05,1.53,1.22,2026-09-30,0830,T,55,6.1NRT,290.86,7.56,D
46.37482,16.46643,303.66,1.53,1.22,2026-09-30,0830,T,57,6.1NRT,291.03,7.59,D
45.45286,20.6449,307.23,2.69,1.57,2026-09-30,0830,T,62,6.1NRT,294.38,16.35,D
45.27087,21.14532,307.35,2.9,1.62,2026-09-30,0830,T,62,6.1NRT,294.81,19.66,D
45.11531,21.70066,312.9,3.14,1.68,2026-09-30,0830,T,71,6.1NRT,292.16,54.45,D
46.34704,16.15534,304.33,1.47,1.2,2026-09-30,0830,T,56,6.1NRT,290.95,9.02,D
46.3434,16.17365,304.81,1.48,1.2,2026-09-30,0830,T,60,6.1NRT,291.95,9.17,D
45.11554,21.69414,309.48,3.14,1.68,2026-09-30,0830,T,47,6.1NRT,292.26,38.1,D
45.30053,20.63435,306.92,2.71,1.58,2026-09-30,0830,T,62,6.1NRT,292.98,19,D
45.29269,20.66652,310.42,2.73,1.58,2026-09-30,0830,T,68,6.1NRT,292.91,29.4,D
45.23465,20.63269,306.78,2.73,1.58,2026-09-30,0830,T,0,6.1NRT,293.11,18.87,D
45.1687,20.78119,313.78,2.79,1.6,2026-09-30,0830,T,73,6.1NRT,292.98,40.4,D
45.10406,19.56759,306.41,2.41,1.5,2026-09-30,0830,T,34,6.1NRT,293.96,15.34,D
45.05692,19.77008,308.72,2.48,1.52,2026-09-30,0830,T,58,6.1NRT,294.23,21.06,D
45.11754,19.44939,306.3,2.37,1.49,2026-09-30,0830,T,55,6.1NRT,293.8,16.32,D
47.06704,8.26442,304.04,1.07,1.03,2026-09-30,0830,T,58,6.1NRT,289.58,4.9,D
45.0058,19.74674,307.78,2.48,1.52,2026-09-30,0830,T,66,6.1NRT,293.73,17.4,D
45.01047,19.74195,311.3,2.48,1.52,2026-09-30,0830,T,71,6.1NRT,294.28,25.2,D
44.88763,20.08316,307.57,2.61,1.55,2026-09-30,0830,T,66,6.1NRT,293.99,17.24,D
45.7118,11.42114,306.05,1.03,1.01,2026-09-30,0830,T,63,6.1NRT,294.83,3.95,D
45.87673,9.05668,306.25,1.01,1.01,2026-09-30,0830,T,63,6.1NRT,285.46,8.01,D
45.17667,10.41779,308.63,1,1,2026-09-30,0830,T,63,6.1NRT,293.34,5.96,D
45.14164,9.94599,309.54,1,1,2026-09-30,0830,T,62,6.1NRT,294.43,6.85,D
44.81382,11.03093,305.32,1.03,1.01,2026-09-30,0830,T,50,6.1NRT,293.64,4.49,D
41.0084,16.8347,306.32,2.19,1.44,2026-09-30,0833,T,57,6.1NRT,292.48,12.12,D
41.79391,12.27991,309.57,1.21,1.09,2026-09-30,0833,T,60,6.1NRT,296.41,5.14,D
40.97808,15.7246,306.35,1.89,1.34,2026-09-30,0833,T,45,6.1NRT,294.49,9.45,D
40.39331,16.3766,309.76,2.14,1.42,2026-09-30,0833,T,68,6.1NRT,294.94,18.41,D
40.34638,16.27585,306.92,2.12,1.41,2026-09-30,0833,T,63,6.1NRT,295.03,14.55,D
36.74181,6.80866,314.56,1,1,2026-09-30,0835,T,62,6.1NRT,301.78,5.27,D
36.74413,6.25054,316.06,1.02,1.01,2026-09-30,0835,T,55,6.1NRT,301.73,7.34,D
36.74264,6.26158,315.82,1.02,1.01,2026-09-30,0835,T,57,6.1NRT,300.99,7.8,D
36.31421,8.57555,315.56,1.04,1.02,2026-09-30,0835,T,65,6.1NRT,301.13,8.29,D
36.31245,8.58687,314.7,1.04,1.02,2026-09-30,0835,T,64,6.1NRT,301.13,7.93,D
37.77057,12.90836,307.87,3.18,1.69,2026-09-30,1344,A,51,6.1NRT,297.42,18.45,D
37.92256,13.27187,311.64,2.99,1.64,2026-09-30,1344,A,44,6.1NRT,297.67,31.05,D
37.93448,13.19578,329.21,3.02,1.65,2026-09-30,1344,A,82,6.1NRT,298.57,119.39,D
37.92929,12.9832,312.1,3.11,1.67,2026-09-30,1344,A,50,6.1NRT,298.82,30.84,D
37.94498,13.21991,312.29,3,1.65,2026-09-30,1344,A,53,6.1NRT,296.79,38.41,D
37.93692,13.18724,326.77,3.02,1.65,2026-09-30,1344,A,80,6.1NRT,298.19,105.88,D
37.93072,12.97566,310.4,3.11,1.67,2026-09-30,1344,A,38,6.1NRT,298.28,26.68,D
38.92921,17.0491,310.79,1.65,1.26,2026-09-30,1344,A,33,6.1NRT,298.03,10.98,D
39.83217,20.07705,311.66,1.12,1.06,2026-09-30,1344,A,72,6.1NRT,296.9,8.25,D
39.83001,20.06444,313.72,1.13,1.06,2026-09-30,1344,A,74,6.1NRT,296.52,10.23,D
41.41229,27.54482,305.57,1.47,1.2,2026-09-30,1344,A,62,6.1NRT,292.33,8.73,D
41.34966,19.50928,321.04,1.12,1.06,2026-09-30,1344,A,81,6.1NRT,296.45,18.77,D
46.76807,34.23533,300.36,2.61,1.55,2026-09-30,1206,A,26,6.1NRT,286.97,6.66,D
41.34742,19.49647,318.98,1.13,1.06,2026-09-30,1344,A,74,6.1NRT,296.73,16.33,D
46.72158,33.93486,301.98,2.71,1.58,2026-09-30,1206,A,31,6.1NRT,288.22,8.75,D
40.90855,15.89806,324.82,1.72,1.29,2026-09-30,1344,A,81,6.1NRT,296.31,41.61,D
42.20834,21.51787,303.93,1,1,2026-09-30,1344,A,57,6.1NRT,290.61,5.91,D
46.73458,33.92769,301.56,2.71,1.58,2026-09-30,1206,A,18,6.1NRT,287.67,7.83,D
41.16765,15.5011,318.55,1.78,1.31,2026-09-30,1344,A,73,6.1NRT,300.24,22.94,D
46.72702,33.92752,301.88,2.71,1.58,2026-09-30,1206,A,23,6.1NRT,287.51,8.56,D
41.93485,19.3712,311.62,1.12,1.05,2026-09-30,1344,A,67,6.1NRT,297.96,8.42,D
41.98642,19.44959,310.31,1.11,1.05,2026-09-30,1344,A,61,6.1NRT,297.57,7.53,D
46.8851,34.20283,301.63,2.6,1.55,2026-09-30,1206,A,20,6.1NRT,287.31,7.92,D
41.98423,19.43679,309.83,1.11,1.05,2026-09-30,1344,A,0,6.1NRT,297.13,7.25,D
42.52653,22.4755,301.96,1.01,1,2026-09-30,1344,A,50,6.1NRT,289.47,5.13,D
47.24633,34.15779,300.45,2.54,1.53,2026-09-30,1206,A,31,6.1NRT,286.78,8.67,D
42.50876,20.57441,314.01,1.03,1.01,2026-09-30,1344,A,74,6.1NRT,296.1,10.94,D
47.06736,33.335,307.62,2.84,1.61,2026-09-30,1206,A,66,6.1NRT,288.63,29.03,D
42.5528,20.73646,316.23,1.02,1.01,2026-09-30,1344,A,76,6.1NRT,294.94,12.01,D
47.05821,33.33242,306.62,2.84,1.61,2026-09-30,1206,A,64,6.1NRT,291.04,26.4,D
41.60173,15.26327,311.41,1.79,1.31,2026-09-30,1344,A,66,6.1NRT,299.4,10.68,D
42.60313,20.52807,307.93,1.03,1.01,2026-09-30,1344,A,66,6.1NRT,295.21,6.47,D
42.79472,20.97596,312.24,1.01,1,2026-09-30,1344,A,72,6.1NRT,294.57,8.97,D
42.84649,21.23931,305.21,1,1,2026-09-30,1344,A,45,6.1NRT,293.3,5.07,D
42.85514,21.23683,304.08,1,1,2026-09-30,1344,A,46,6.1NRT,292.8,4.34,D
43.11552,21.93048,306.71,1,1,2026-09-30,1344,A,64,6.1NRT,294.61,4.67,D
43.8618,23.7987,310.2,1.09,1.04,2026-09-30,1344,A,65,6.1NRT,298.5,6.79,D
43.63851,22.00897,307.83,1,1,2026-09-30,1344,A,66,6.1NRT,293.88,7.37,D
47.42995,33.78811,304.72,2.62,1.55,2026-09-30,1206,A,59,6.1NRT,291.25,18.38,D
44.04052,24.51104,314.29,1.15,1.07,2026-09-30,1344,A,71,6.1NRT,295.18,11.98,D
44.04982,24.50887,306.28,1.15,1.07,2026-09-30,1344,A,22,6.1NRT,295.14,4.36,D
43.95231,23.35859,311.24,1.06,1.03,2026-09-30,1344,A,67,6.1NRT,299.6,6.24,D
44.55123,26.57171,307.99,1.44,1.19,2026-09-30,1344,A,62,6.1NRT,295.86,9.02,D
43.33318,17.35617,309.75,1.28,1.12,2026-09-30,1344,A,69,6.1NRT,298.15,8.62,D
43.67167,18.97064,309.14,1.1,1.04,2026-09-30,1344,A,68,6.1NRT,293.89,9.36,D
44.2468,22.66016,317.24,1.03,1.01,2026-09-30,1344,A,57,6.1NRT,298.29,12,D
44.04548,21.25328,307.86,1,1,2026-09-30,1344,A,66,6.1NRT,295.21,5.75,D
44.25005,22.60121,331.6,1.03,1.01,2026-09-30,1344,A,87,6.1NRT,298.96,27.78,D
44.24837,22.58883,331.6,1.03,1.01,2026-09-30,1344,A,87,6.1NRT,299.82,27.82,D
44.25882,22.59885,308.29,1.03,1.01,2026-09-30,1344,A,63,6.1NRT,296.7,5.19,D
44.25714,22.58647,314.97,1.03,1.01,2026-09-30,1344,A,73,6.1NRT,296.98,10.4,D
44.34868,22.85889,311.14,1.04,1.02,2026-09-30,1344,A,66,6.1NRT,298.9,6.77,D
44.34699,22.84634,312.4,1.04,1.02,2026-09-30,1344,A,70,6.1NRT,298.23,8.14,D
49.38426,32.07154,300.1,2.75,1.59,2026-09-30,1206,A,27,6.1NRT,289.8,13.21,D
44.35582,22.84402,310.81,1.04,1.02,2026-09-30,1344,A,49,6.1NRT,297.3,6.38,D
49.37618,32.07232,304.4,2.75,1.59,2026-09-30,1206,A,59,6.1NRT,289.85,24.27,D
44.34806,22.64656,314.63,1.03,1.01,2026-09-30,1344,A,64,6.1NRT,297.71,9.64,D
44.377,22.79404,311.91,1.04,1.02,2026-09-30,1344,A,70,6.1NRT,300.56,7.3,D
45.45835,20.61196,315.16,1,1,2026-09-30,1344,A,58,6.1NRT,301.5,6.78,D
44.31183,21.99294,303.64,1.01,1,2026-09-30,1344,A,51,6.1NRT,292.46,5.39,D
45.48116,20.64347,317.56,1,1,2026-09-30,1344,A,73,6.1NRT,299.67,9.07,D
44.68538,24.27186,345.78,1.15,1.07,2026-09-30,1344,A,71,6.1NRT,296.95,62.94,D
45.5021,20.66272,327.02,1,1,2026-09-30,1344,A,76,6.1NRT,300.49,18,D
44.68369,24.2578,315.43,1.14,1.07,2026-09-30,1344,A,70,6.1NRT,296.6,14.04,D
45.51073,20.66007,318.9,1,1,2026-09-30,1344,A,75,6.1NRT,299.98,11.03,D
44.50803,22.80451,311.96,1.04,1.02,2026-09-30,1344,A,45,6.1NRT,298.2,7.46,D
45.50889,20.64778,314.65,1,1,2026-09-30,1344,A,69,6.1NRT,299.8,7.52,D
44.524,22.78733,325.43,1.04,1.02,2026-09-30,1344,A,83,6.1NRT,298.62,20.54,D
45.50705,20.6355,311.28,1,1,2026-09-30,1344,A,30,6.1NRT,299.59,4.78,D
44.67619,23.24346,308.72,1.07,1.03,2026-09-30,1344,A,67,6.1NRT,293.75,7.61,D
45.4253,20.04209,309.85,1.01,1,2026-09-30,1344,A,57,6.1NRT,299.29,4.85,D
45.42338,20.02973,311.97,1.01,1,2026-09-30,1344,A,63,6.1NRT,299.07,6.49,D
44.67448,23.2304,324.31,1.06,1.03,2026-09-30,1344,A,83,6.1NRT,294.1,22.71,D
45.43203,20.02697,310.08,1.01,1,2026-09-30,1344,A,51,6.1NRT,298.24,4.84,D
44.47855,21.1583,312.65,1,1,2026-09-30,1344,A,72,6.1NRT,296.16,8.37,D
45.45676,19.59551,309.76,1.02,1.01,2026-09-30,1344,A,45,6.1NRT,297.9,4.88,D
45.46346,19.58016,317.85,1.02,1.01,2026-09-30,1344,A,69,6.1NRT,297.6,11.86,D
44.56615,21.55606,326,1,1,2026-09-30,1344,A,84,6.1NRT,297.06,22.39,D
45.46147,19.56766,328.68,1.02,1.01,2026-09-30,1344,A,69,6.1NRT,298.43,23.95,D
44.56248,21.46865,311.08,1,1,2026-09-30,1344,A,69,6.1NRT,295.87,8.17,D
45.52221,19.64643,309.94,1.02,1.01,2026-09-30,1344,A,47,6.1NRT,298.44,4.63,D
45.52022,19.63395,313.41,1.02,1.01,2026-09-30,1344,A,66,6.1NRT,298.12,7.71,D
43.14238,13.62876,309.88,2.02,1.38,2026-09-30,1344,A,65,6.1NRT,296.68,17.25,D
45.51823,19.62146,317.47,1.02,1.01,2026-09-30,1344,A,73,6.1NRT,297.94,11.26,D
45.51624,19.60897,308.22,1.02,1.01,2026-09-30,1344,A,48,6.1NRT,297.53,3.93,D
44.75855,22.34258,306.73,1.02,1.01,2026-09-30,1344,A,59,6.1NRT,291.83,6.68,D
45.71332,20.64983,311.91,1,1,2026-09-30,1344,A,63,6.1NRT,300.09,5.29,D
44.76696,22.32035,305.18,1.02,1.01,2026-09-30,1344,A,45,6.1NRT,290.32,7.28,D
46.92498,30.10806,303.55,2.42,1.5,2026-09-30,1344,A,56,6.1NRT,292.82,12.9,D
44.91607,23.09546,309.99,1.06,1.03,2026-09-30,1344,A,69,6.1NRT,297.47,7.82,D
46.93407,30.10188,304.17,2.42,1.5,2026-09-30,1344,A,58,6.1NRT,292.51,14.91,D
45.52554,28.81877,357.25,1.96,1.37,2026-09-30,1344,A,99,6.1NRT,296.8,206.66,D
46.33663,18.56496,308.28,1.05,1.02,2026-09-30,1344,A,46,6.1NRT,298.23,4.42,D
47.03494,22.12676,310.5,1.05,1.02,2026-09-30,1344,A,64,6.1NRT,298.78,5.97,D
45.5236,28.7944,313.1,1.96,1.37,2026-09-30,1344,A,73,6.1NRT,294.32,25,D
45.32933,10.99935,307.19,2.44,1.51,2026-09-30,1344,A,56,6.1NRT,294.72,13.77,D
44.88367,22.50298,308.89,1.03,1.01,2026-09-30,1344,A,67,6.1NRT,290.96,8.72,D
52.19891,34.04101,301.94,1.79,1.31,2026-09-30,1208,A,49,6.1NRT,289.85,11.1,D
47.92338,17.0267,311.72,1.1,1.05,2026-09-30,1344,A,70,6.1NRT,297.66,7.95,D
44.88401,22.43814,304.46,1.03,1.01,2026-09-30,1344,A,57,6.1NRT,292.35,5.65,D
52.19344,34.01693,300.47,1.79,1.31,2026-09-30,1208,A,33,6.1NRT,289.11,9.2,D
48.60552,21.19697,308.33,1.03,1.01,2026-09-30,1344,A,55,6.1NRT,298.25,4.65,D
44.85018,21.03643,317.05,1,1,2026-09-30,1344,A,66,6.1NRT,298.16,11.9,D
52.19612,34.03838,304.17,1.79,1.31,2026-09-30,1208,A,58,6.1NRT,289.57,15.4,D
48.60372,21.1835,313.95,1.03,1.01,2026-09-30,1344,A,74,6.1NRT,298.56,9.01,D
44.79862,20.01879,319.15,1.02,1.01,2026-09-30,1344,A,35,6.1NRT,299.21,11.35,D
48.27419,14.34477,310.55,1.37,1.16,2026-09-30,1344,A,0,6.1NRT,296.77,10.72,D
52.55445,32.23997,302.21,2.1,1.41,2026-09-30,1208,A,51,6.1NRT,289.9,14.21,D
44.79667,20.00649,321.79,1.02,1.01,2026-09-30,1344,A,50,6.1NRT,300.32,14.04,D
48.27076,14.32748,312.96,1.37,1.16,2026-09-30,1344,A,68,6.1NRT,300.14,13.48,D
44.80423,19.93941,317.38,1.02,1.01,2026-09-30,1344,A,74,6.1NRT,298.9,11.82,D
47.81008,11.97072,306.73,1.82,1.32,2026-09-30,1344,A,64,6.1NRT,294.63,13.01,D
52.54515,32.24218,309.09,2.1,1.41,2026-09-30,1208,A,68,6.1NRT,289.96,27.42,D
48.25246,12.61744,306.13,1.65,1.26,2026-09-30,1346,A,60,6.1NRT,295.77,9.85,D
44.87569,20.27766,311.38,1.01,1,2026-09-30,1344,A,66,6.1NRT,298.63,6.52,D
48.43075,12.8377,308.05,1.59,1.24,2026-09-30,1346,A,64,6.1NRT,295.22,12.27,D
53.02673,32.99548,302.28,1.87,1.34,2026-09-30,1208,A,50,6.1NRT,290.72,11.16,D
44.87378,20.26542,309.34,1.01,1,2026-09-30,1344,A,62,6.1NRT,299.1,5.01,D
48.23605,11.62443,308.3,1.85,1.33,2026-09-30,1346,A,62,6.1NRT,297.03,12.83,D
44.8411,20.05699,314.31,1.01,1.01,2026-09-30,1344,A,71,6.1NRT,299.63,8.07,D
53.02073,32.96975,301.41,1.88,1.34,2026-09-30,1208,A,41,6.1NRT,290.92,9.95,D
48.21175,11.29687,308.08,1.92,1.35,2026-09-30,1346,A,60,6.1NRT,296.61,11.24,D
48.21218,11.24311,312.37,1.93,1.36,2026-09-30,1346,A,70,6.1NRT,296.31,19.44,D
44.83527,20.0201,322.07,1.02,1.01,2026-09-30,1344,A,79,6.1NRT,299.76,14.33,D
53.02236,32.99097,305.54,1.87,1.34,2026-09-30,1208,A,62,6.1NRT,290.83,16.91,D
48.20648,11.292,310.14,1.92,1.35,2026-09-30,1346,A,63,6.1NRT,296.61,14.82,D
48.30928,11.63006,321.92,1.83,1.33,2026-09-30,1346,A,80,6.1NRT,297.85,40.18,D
45.10723,21.71294,307.88,1.01,1,2026-09-30,1344,A,54,6.1NRT,296.81,5.1,D
53.67393,33.26711,302.23,1.74,1.29,2026-09-30,1208,A,51,6.1NRT,289.93,11.96,D
47.82858,9.61631,308.34,2.41,1.5,2026-09-30,1346,A,60,6.1NRT,297.47,17.96,D
45.10549,21.70069,323.05,1.01,1,2026-09-30,1344,A,82,6.1NRT,298.58,17.57,D
48.22567,10.52255,313.08,2.1,1.41,2026-09-30,1346,A,70,6.1NRT,297.2,24.47,D
45.02905,21.11071,316.86,1,1,2026-09-30,1344,A,68,6.1NRT,300.13,9.35,D
45.02726,21.09853,322.9,1,1,2026-09-30,1344,A,81,6.1NRT,300.56,15.36,D
48.56042,11.94618,321.83,1.74,1.29,2026-09-30,1346,A,80,6.1NRT,296.79,35.13,D
45.09265,21.09921,316.32,1,1,2026-09-30,1344,A,15,6.1NRT,300.53,8.07,D
48.5592,11.93959,314.07,1.74,1.29,2026-09-30,1346,A,72,6.1NRT,296.67,21.17,D
45.10308,21.10885,321.61,1,1,2026-09-30,1344,A,78,6.1NRT,301.44,12.95,D
48.577,11.85726,316.3,1.76,1.3,2026-09-30,1346,A,55,6.1NRT,296.08,23.29,D
45.10129,21.09664,352.38,1,1,2026-09-30,1344,A,97,6.1NRT,303.2,61.45,D
45.02639,20.59663,316.51,1,1,2026-09-30,1344,A,61,6.1NRT,299.54,9.29,D
48.46017,10.81341,307.69,2,1.38,2026-09-30,1346,A,47,6.1NRT,297.42,12.71,D
45.02267,20.57223,313.86,1,1,2026-09-30,1344,A,40,6.1NRT,298.62,6.81,D
48.57674,11.26675,318.08,1.88,1.34,2026-09-30,1346,A,76,6.1NRT,296.87,33.5,D
45.01336,20.5112,316.43,1,1,2026-09-30,1344,A,73,6.1NRT,298.91,9.64,D
48.57141,11.24322,319.84,1.89,1.34,2026-09-30,1346,A,78,6.1NRT,296.24,37.64,D
45.03131,20.56958,318.65,1,1,2026-09-30,1344,A,76,6.1NRT,299.26,11.18,D
44.91658,19.8333,309.06,1.02,1.01,2026-09-30,1344,A,59,6.1NRT,298.92,4.77,D
48.50572,10.89976,310.59,1.97,1.37,2026-09-30,1346,A,67,6.1NRT,298.15,16.29,D
44.91018,19.67883,338.21,1.03,1.01,2026-09-30,1344,A,90,6.1NRT,299.73,37.65,D
48.57816,11.23244,311.46,1.89,1.34,2026-09-30,1346,A,24,6.1NRT,294.58,16.23,D
44.90818,19.66638,336.22,1.03,1.01,2026-09-30,1344,A,89,6.1NRT,300.1,34.53,D
44.90619,19.65394,314.35,1.03,1.01,2026-09-30,1344,A,70,6.1NRT,298.15,8.82,D
48.49366,10.8712,308.8,1.98,1.37,2026-09-30,1346,A,63,6.1NRT,296.61,11.5,D
44.99062,19.881,324.9,1.02,1.01,2026-09-30,1344,A,81,6.1NRT,299.81,18.9,D
48.42092,10.00073,308.45,2.2,1.44,2026-09-30,1346,A,63,6.1NRT,295.93,14.13,D
44.98865,19.86863,332.38,1.02,1.01,2026-09-30,1344,A,86,6.1NRT,299.9,28.26,D
50.33694,19.29475,302.61,1,1,2026-09-30,1346,A,47,6.1NRT,292.57,4.13,D
45.16718,20.78951,312.8,1,1,2026-09-30,1344,A,68,6.1NRT,300.11,6.46,D
50.33498,19.28127,307.89,1,1,2026-09-30,1346,A,66,6.1NRT,293.44,7.38,D
45.02104,19.72793,315.95,1.02,1.01,2026-09-30,1344,A,72,6.1NRT,299.1,9.59,D
49.01025,11.97297,307,1.68,1.28,2026-09-30,1346,A,61,6.1NRT,296.62,12.15,D
45.03007,19.71934,310.33,1.02,1.01,2026-09-30,1344,A,61,6.1NRT,298.19,5.35,D
48.77648,10.87422,311.1,1.94,1.36,2026-09-30,1346,A,68,6.1NRT,294.29,20.18,D
45.02807,19.70691,328.52,1.02,1.01,2026-09-30,1344,A,84,6.1NRT,299.83,22.02,D
48.95127,11.54057,316.96,1.78,1.31,2026-09-30,1346,A,76,6.1NRT,295.77,26.81,D
45.02607,19.69448,327.87,1.02,1.01,2026-09-30,1344,A,83,6.1NRT,300.69,21.57,D
48.78133,10.75632,307.36,1.96,1.37,2026-09-30,1346,A,61,6.1NRT,295.36,12.86,D
48.72253,10.50688,314.15,2.03,1.39,2026-09-30,1346,A,72,6.1NRT,297.35,26.58,D
45.02406,19.68204,318.19,1.02,1.01,2026-09-30,1344,A,66,6.1NRT,299.09,11.29,D
49.07066,11.54085,312.33,1.76,1.3,2026-09-30,1346,A,70,6.1NRT,296.23,17.92,D
49.3021,12.1562,312.33,1.62,1.25,2026-09-30,1346,A,53,6.1NRT,297.41,18.77,D
45.26628,21.20122,313.93,1,1,2026-09-30,1344,A,70,6.1NRT,302.38,5.97,D
49.17219,11.247,310.78,1.81,1.32,2026-09-30,1346,A,54,6.1NRT,297.26,15.07,D
49.43201,12.03226,307.37,1.63,1.26,2026-09-30,1346,A,62,6.1NRT,296.07,11.18,D
45.20662,20.79746,318.64,1,1,2026-09-30,1344,A,75,6.1NRT,300.2,11.02,D
49.12455,10.51812,304.89,1.97,1.37,2026-09-30,1346,A,53,6.1NRT,294.58,9.6,D
50.79543,19.18472,301,1,1,2026-09-30,1346,A,44,6.1NRT,290.35,3.7,D
49.55738,11.35325,308.96,1.74,1.29,2026-09-30,1346,A,65,6.1NRT,294.67,16.24,D
45.20478,20.78524,317.06,1,1,2026-09-30,1344,A,74,6.1NRT,299.65,9.54,D
49.64363,11.52228,304.75,1.7,1.28,2026-09-30,1346,A,54,6.1NRT,293.55,10.59,D
49.63878,11.50048,305.31,1.7,1.28,2026-09-30,1346,A,56,6.1NRT,293.97,11.54,D
45.18639,20.66303,322.73,1,1,2026-09-30,1344,A,79,6.1NRT,298.98,15.64,D
49.6542,11.03407,310.77,1.79,1.31,2026-09-30,1346,A,68,6.1NRT,296.33,17.34,D
45.03477,19.69167,338.74,1.02,1.01,2026-09-30,1344,A,90,6.1NRT,298.7,37.57,D
51.1161,17.4798,302.59,1.01,1.01,2026-09-30,1346,A,53,6.1NRT,288.87,4.09,D
49.66439,9.82444,322.6,2.05,1.39,2026-09-30,1346,A,81,6.1NRT,295.68,48.76,D
45.03276,19.67923,313.56,1.02,1.01,2026-09-30,1344,A,51,6.1NRT,297.3,7.29,D
49.90607,10.71651,307.75,1.82,1.32,2026-09-30,1346,A,65,6.1NRT,295.75,13.25,D
45.00853,19.52957,313.48,1.03,1.01,2026-09-30,1344,A,66,6.1NRT,299.2,7.31,D
50.286,11.95037,307.86,1.56,1.23,2026-09-30,1346,A,62,6.1NRT,295.21,11.04,D
45.01522,19.51422,315.54,1.03,1.01,2026-09-30,1344,A,71,6.1NRT,298.66,8.47,D
50.15617,11.2835,309.06,1.68,1.28,2026-09-30,1346,A,68,6.1NRT,294.73,15.17,D
44.99062,19.36365,309.98,1.04,1.02,2026-09-30,1344,A,62,6.1NRT,297.95,5.55,D
50.33515,11.7819,302.92,1.58,1.24,2026-09-30,1346,A,51,6.1NRT,292.7,6.3,D
45.21655,20.74332,312.66,1,1,2026-09-30,1344,A,67,6.1NRT,299.56,6.82,D
50.18305,10.76066,306.02,1.78,1.31,2026-09-30,1346,A,61,6.1NRT,293.55,11.9,D
45.17502,20.41039,330.95,1,1,2026-09-30,1344,A,85,6.1NRT,299.73,25.82,D
50.1486,10.45518,313.1,1.85,1.33,2026-09-30,1346,A,72,6.1NRT,295.09,22.34,D
45.03065,19.49601,312.99,1.03,1.02,2026-09-30,1344,A,66,6.1NRT,298.62,6.85,D
50.06787,9.9473,307.89,1.96,1.37,2026-09-30,1346,A,39,6.1NRT,291.76,12.65,D
50.21446,10.52551,314.46,1.82,1.32,2026-09-30,1346,A,52,6.1NRT,296.29,23.48,D
45.06358,19.64309,323.52,1.03,1.01,2026-09-30,1344,A,62,6.1NRT,299.46,16.01,D
50.12768,9.79271,306.61,1.99,1.38,2026-09-30,1346,A,60,6.1NRT,292.14,13.3,D
45.01481,19.3424,315.79,1.04,1.02,2026-09-30,1344,A,72,6.1NRT,298.36,9.6,D
50.12152,9.7667,308.91,2,1.38,2026-09-30,1346,A,65,6.1NRT,293.26,18.16,D
45.0215,19.3269,356.59,1.04,1.02,2026-09-30,1344,A,98,6.1NRT,300.39,76.57,D
51.32686,10.26502,306.76,1.74,1.29,2026-09-30,1346,A,60,6.1NRT,294.65,10.44,D
45.01944,19.31428,383.41,1.04,1.02,2026-09-30,1344,A,100,6.1NRT,305.8,172.84,D
51.79768,10.3717,311.42,1.66,1.27,2026-09-30,1346,A,69,6.1NRT,292.63,19.33,D
45.01737,19.30166,312.22,1.04,1.02,2026-09-30,1344,A,66,6.1NRT,299.56,7.42,D
52.27238,11.46381,312.53,1.45,1.19,2026-09-30,1346,A,71,6.1NRT,296.81,14.93,D
45.05277,19.46238,317.45,1.03,1.02,2026-09-30,1344,A,72,6.1NRT,298.03,10.56,D
52.15533,10.40891,312.8,1.62,1.25,2026-09-30,1346,A,71,6.1NRT,296.96,17.69,D
45.05074,19.44983,328.55,1.03,1.02,2026-09-30,1344,A,84,6.1NRT,298.34,22.54,D
52.15635,10.40352,311.16,1.62,1.25,2026-09-30,1346,A,52,6.1NRT,296.49,14.18,D
45.11156,19.77163,327.63,1.02,1.01,2026-09-30,1344,A,83,6.1NRT,296.47,24.28,D
53.04265,9.33495,310.23,1.69,1.28,2026-09-30,1346,A,69,6.1NRT,294.22,15.64,D
45.07024,19.45665,314.06,1.03,1.02,2026-09-30,1344,A,38,6.1NRT,297.28,7.78,D
55.69395,9.1688,304.17,1.44,1.19,2026-09-30,1348,A,53,6.1NRT,290.58,8.56,D
45.06414,19.41898,313.37,1.04,1.02,2026-09-30,1344,A,68,6.1NRT,297.82,8.06,D
45.23295,20.29589,308.08,1.01,1,2026-09-30,1344,A,33,6.1NRT,297.04,4.01,D
45.44258,20.6492,314.38,1,1,2026-09-30,1344,A,53,6.1NRT,301.42,6.86,D
35.22613,-0.80774,318.34,1,1,2026-09-30,1520,A,55,6.1NRT,305.12,6.96,D
35.22453,-0.81833,320.57,1,1,2026-09-30,1520,A,63,6.1NRT,305.09,9.23,D
35.8074,-0.25637,324.28,1,1,2026-09-30,1520,A,63,6.1NRT,302.88,13.74,D
53.6797,-1.09573,309.21,1.4,1.17,2026-09-30,1524,A,68,6.1NRT,290.7,12.71,D
45.26054,31.6706,313.74,1,1,2026-09-30,1758,T,83,6.1NRT,290.44,12.74,N
46.92719,30.11704,303.02,1.02,1.01,2026-09-30,1758,T,50,6.1NRT,283.61,7.71,N
46.93594,30.11418,309.42,1.02,1.01,2026-09-30,1758,T,77,6.1NRT,283.12,12.17,N
51.89311,29.34332,302.52,1,1,2026-09-30,1800,T,50,6.1NRT,281.99,8.36,N
36.93641,9.4102,316.7,1,1,2026-09-30,1934,T,94,6.1NRT,292.23,14.69,N
36.93484,9.39922,305.83,1,1,2026-09-30,1934,T,66,6.1NRT,291.34,6.54,N
36.74591,6.25115,307.14,1.26,1.11,2026-09-30,1934,T,70,6.1NRT,295.4,8.31,N
36.6473,4.41743,308.61,1.59,1.24,2026-09-30,1934,T,75,6.1NRT,293.45,14.97,N
35.80482,-0.2491,301.35,3.28,1.71,2026-09-30,1934,T,31,6.1NRT,291.03,18.53,N
35.80324,-0.2546,301.75,3.28,1.71,2026-09-30,1934,T,44,6.1NRT,291.06,22.15,N
36.89518,4.48469,306.3,1.55,1.23,2026-09-30,1934,T,68,6.1NRT,290.02,12.2,N
48.27512,14.33724,311.9,1.89,1.34,2026-09-30,1936,T,84,6.1NRT,289.49,31.64,N
52.15454,10.40613,312.71,1.37,1.16,2026-09-30,1938,T,85,6.1NRT,286.8,21.39,N
53.68071,-1.08624,301.96,1.24,1.11,2026-09-30,1938,T,46,6.1NRT,284.19,10.24,N
52.15437,10.41605,302.87,1.61,1.25,2026-10-01,0315,A,52,6.1NRT,282.4,16.59,N
48.28057,14.34147,312.49,1.04,1.02,2026-10-01,0317,A,85,6.1NRT,286.97,15.05,N
38.79816,15.21568,325.96,1.11,1.05,2026-10-01,0319,A,95,6.1NRT,288.03,0,N
36.88377,6.95034,346.08,1.52,1.22,2026-10-01,0319,A,100,6.1NRT,292.42,100.63,N
38.18391,-1.05895,302.15,3.37,1.73,2026-10-01,0457,A,47,6.1NRT,274.3,52.65,N
49.03164,32.10071,301.92,1.44,1.19,2026-10-01,0729,T,50,6.1NRT,287.21,8.63,D
47.14487,34.09226,309.05,2.02,1.38,2026-10-01,0729,T,63,6.1NRT,281.46,27.48,D
48.27073,14.3359,304.24,2.86,1.61,2026-10-01,0729,T,55,6.1NRT,290.22,24.37,D
46.17675,29.79339,313.59,1.31,1.14,2026-10-01,0729,T,74,6.1NRT,292.47,15.14,D
45.09236,21.09869,305.62,1.18,1.08,2026-10-01,0731,T,49,6.1NRT,293.99,5.19,D
45.08744,21.10585,304.32,1.18,1.08,2026-10-01,0731,T,59,6.1NRT,293.53,4.74,D
45.00346,21.16254,307.51,1.17,1.08,2026-10-01,0731,T,65,6.1NRT,293.44,6.56,D
44.9585,21.17669,313.95,1.17,1.08,2026-10-01,0731,T,74,6.1NRT,293.82,12.8,D
44.95525,21.20551,307.3,1.17,1.07,2026-10-01,0731,T,51,6.1NRT,293.45,6.43,D
45.0753,19.49447,304.74,1.39,1.17,2026-10-01,0731,T,60,6.1NRT,292.04,5.78,D
45.05148,19.62911,316.52,1.36,1.16,2026-10-01,0731,T,77,6.1NRT,292.84,18.82,D
45.04978,19.64604,307.89,1.36,1.16,2026-10-01,0731,T,61,6.1NRT,293.03,8.71,D
45.04788,19.45412,310.9,1.39,1.17,2026-10-01,0731,T,71,6.1NRT,292.69,12.63,D
45.02106,19.7263,314.07,1.35,1.15,2026-10-01,0731,T,74,6.1NRT,293.31,15.37,D
45.01939,19.74304,353.52,1.35,1.15,2026-10-01,0731,T,97,6.1NRT,295.14,104.76,D
45.02861,19.32657,313.9,1.41,1.18,2026-10-01,0731,T,74,6.1NRT,292.54,17.61,D
44.91992,19.6155,307.77,1.36,1.16,2026-10-01,0731,T,66,6.1NRT,291.56,10.96,D
44.06297,24.48698,308.85,1,1,2026-10-01,0731,T,66,6.1NRT,293.89,6.44,D
44.06123,24.49907,311.87,1,1,2026-10-01,0731,T,70,6.1NRT,294.14,8.56,D
43.81006,24.37484,305.33,1,1,2026-10-01,0731,T,61,6.1NRT,293.67,4.06,D
42.69751,27.11287,300.67,1.17,1.08,2026-10-01,0731,T,27,6.1NRT,286.76,3.11,D
42.38162,21.22008,301.94,1.1,1.05,2026-10-01,0731,T,50,6.1NRT,286.88,5.46,D
39.50353,34.23719,300.39,3.45,1.75,2026-10-01,0731,T,18,6.1NRT,282.65,14.46,D
41.20415,19.58071,307.67,1.23,1.1,2026-10-01,0731,T,66,6.1NRT,296.05,7.25,D
41.20257,19.59502,315.06,1.23,1.1,2026-10-01,0731,T,75,6.1NRT,296.22,14.24,D
40.67226,17.92327,327.55,1.47,1.2,2026-10-01,0731,T,0,6.1NRT,297.2,39.78,D
39.87286,20.07583,305.82,1.14,1.06,2026-10-01,0731,T,62,6.1NRT,295.24,4.87,D
39.87131,20.08881,325.26,1.14,1.06,2026-10-01,0731,T,84,6.1NRT,296.7,24.9,D
52.5479,32.24103,314.29,1.22,1.1,2026-10-01,0729,T,75,6.1NRT,281.4,19.71,D
52.34679,32.58917,300.04,1.27,1.12,2026-10-01,0729,T,23,6.1NRT,283.78,6.97,D
51.89506,29.3472,303.78,1.04,1.02,2026-10-01,0729,T,57,6.1NRT,286.52,7.22,D
50.84523,28.34563,303.15,1.03,1.01,2026-10-01,0729,T,55,6.1NRT,285.22,7.69,D
43.53771,-5.82764,303.31,1.43,1.18,2026-10-01,0909,T,56,6.1NRT,290.55,8.5,D
42.61499,-1.63001,305.84,1.01,1,2026-10-01,0909,T,62,6.1NRT,280.49,6.22,D
42.61337,-1.61807,324.11,1.01,1,2026-10-01,0909,T,83,6.1NRT,281.21,22,D
39.03663,-3.09916,309.27,1.02,1.01,2026-10-01,0911,T,66,6.1NRT,278.37,7.39,D
38.93242,-2.74158,305.84,1.01,1,2026-10-01,0911,T,50,6.1NRT,282.93,4.78,D
38.41458,-1.49602,314.09,1.01,1,2026-10-01,0911,T,67,6.1NRT,292.33,8.58,D
38.24653,-1.49013,308.84,1.01,1,2026-10-01,0911,T,62,6.1NRT,290.93,5.06,D
38.24487,-1.47897,311.84,1.01,1,2026-10-01,0911,T,68,6.1NRT,291.86,7.32,D
38.18041,-1.05253,311.39,1.02,1.01,2026-10-01,0911,T,57,6.1NRT,297.22,5.6,D
38.22609,-1.41408,306.92,1.01,1.01,2026-10-01,0911,T,56,6.1NRT,292.48,3.98,D
38.17159,-1.05465,310.84,1.02,1.01,2026-10-01,0911,T,54,6.1NRT,295.95,5.23,D
37.7527,-1.3486,317.46,1.02,1.01,2026-10-01,0911,T,75,6.1NRT,295.73,10.02,D
37.75101,-1.33744,317.57,1.02,1.01,2026-10-01,0911,T,75,6.1NRT,296.87,9.93,D
53.56784,-0.60621,301.25,1.16,1.07,2026-10-01,0907,T,46,6.1NRT,288.53,5.87,D
51.17551,3.8126,305.93,1.02,1.01,2026-10-01,0909,T,38,6.1NRT,282.96,6.76,D
51.16677,3.80919,303.86,1.02,1.01,2026-10-01,0909,T,49,6.1NRT,280.62,5.6,D
51.03027,2.28585,306.46,1,1,2026-10-01,0909,T,48,6.1NRT,291.19,7.09,D
47.34465,-1.30898,306.25,1.06,1.03,2026-10-01,0909,T,48,6.1NRT,290.37,7.07,D
39.66932,32.37729,309.06,1.55,1.23,2026-10-01,1242,A,68,6.1NRT,291.05,14.75,D
42.16296,24.43905,303.41,3.82,1.83,2026-10-01,1244,A,34,6.1NRT,289.69,16.89,D
43.08188,22.15366,302.04,4.79,2,2026-10-01,1244,A,41,6.1NRT,291.39,50.05,D
43.8468,24.52953,307.49,3.34,1.72,2026-10-01,1244,A,52,6.1NRT,294.78,21.03,D
43.84525,24.52265,308.19,3.34,1.72,2026-10-01,1244,A,64,6.1NRT,295.05,25.48,D
45.99109,30.13188,316.54,1.44,1.19,2026-10-01,1244,A,41,6.1NRT,294.07,17.66,D
45.98759,30.11428,317.93,1.45,1.19,2026-10-01,1244,A,63,6.1NRT,292.67,19.76,D
45.98654,30.12871,323.4,1.44,1.19,2026-10-01,1244,A,77,6.1NRT,294.15,28.98,D
45.96955,29.66757,308.9,1.52,1.22,2026-10-01,1244,A,65,6.1NRT,295.53,10.89,D
46.99455,33.92413,309.78,1.03,1.01,2026-10-01,1244,A,69,6.1NRT,293.56,7.72,D
47.05086,34.21689,302.04,1.02,1.01,2026-10-01,1244,A,49,6.1NRT,278.92,6.45,D
45.83048,27.48833,306.38,1.99,1.38,2026-10-01,1244,A,61,6.1NRT,292.85,11.64,D
47.62938,34.33172,300.42,1.01,1,2026-10-01,1244,A,20,6.1NRT,289.97,2.88,D
47.80016,34.46344,303.23,1,1,2026-10-01,1244,A,55,6.1NRT,292.47,3.98,D
47.45784,29.62674,304.92,1.41,1.17,2026-10-01,1244,A,58,6.1NRT,294.77,7.61,D
48.68058,33.88664,304.54,1.01,1,2026-10-01,1244,A,59,6.1NRT,292.98,5.51,D
48.68196,31.75589,304.79,1.11,1.05,2026-10-01,1244,A,60,6.1NRT,290.52,6.64,D
49.31894,29.48507,303.86,1.3,1.13,2026-10-01,1244,A,57,6.1NRT,292.05,6.7,D
50.1016,33.23103,301.23,1.01,1,2026-10-01,1244,A,45,6.1NRT,288.84,4.25,D
52.1933,34.23636,318.09,1.01,1.01,2026-10-01,1246,A,78,6.1NRT,287.75,17.51,D
51.48976,29.19217,312.73,1.2,1.09,2026-10-01,1246,A,73,6.1NRT,289.68,15.54,D
52.61088,33.7609,304.09,1.01,1,2026-10-01,1246,A,58,6.1NRT,287.9,6.81,D
52.60884,33.74667,305.31,1.01,1,2026-10-01,1246,A,61,6.1NRT,287.09,7.61,D
51.88767,29.34205,303.47,1.17,1.08,2026-10-01,1246,A,56,6.1NRT,288.35,6.97,D
53.42994,34.56555,300.26,1.04,1.02,2026-10-01,1246,A,33,6.1NRT,280.07,6.43,D
53.42795,34.55054,300.66,1.04,1.02,2026-10-01,1246,A,40,6.1NRT,280,6.64,D
57.00759,34.6846,322.72,1.13,1.06,2026-10-01,1246,A,82,6.1NRT,277.83,28.59,D
37.17079,14.30638,313.65,1,1,2026-10-01,1420,A,65,6.1NRT,300.81,7.6,D
37.41714,15.0006,376.51,1.02,1.01,2026-10-01,1420,A,100,6.1NRT,302.33,136.7,D
37.41559,14.98953,374.35,1.02,1.01,2026-10-01,1420,A,100,6.1NRT,302.36,128.38,D
37.60606,13.86929,314.82,1,1,2026-10-01,1420,A,57,6.1NRT,299.86,6.73,D
37.60443,13.85842,314.55,1,1,2026-10-01,1420,A,61,6.1NRT,298.84,6.64,D
37.71738,14.24334,314.68,1,1,2026-10-01,1420,A,72,6.1NRT,296.6,10.04,D
37.6833,13.70961,311.44,1,1,2026-10-01,1420,A,67,6.1NRT,300.22,5.76,D
38.09336,16.11838,310.82,1.09,1.04,2026-10-01,1420,A,50,6.1NRT,295.47,7.76,D
37.94605,13.84244,317.13,1,1,2026-10-01,1420,A,72,6.1NRT,301.72,9.62,D
37.95472,13.84036,319.7,1,1,2026-10-01,1420,A,77,6.1NRT,300.5,11.88,D
37.87424,13.13181,309.65,1.01,1.01,2026-10-01,1420,A,54,6.1NRT,298.88,3.93,D
37.83798,12.89913,318.6,1.02,1.01,2026-10-01,1420,A,75,6.1NRT,295.74,12.08,D
37.83624,12.88801,316.22,1.02,1.01,2026-10-01,1420,A,72,6.1NRT,294.85,9.99,D
37.88805,13.16275,310.85,1.01,1,2026-10-01,1420,A,61,6.1NRT,298.93,5.13,D
37.92405,13.27974,315.48,1.01,1,2026-10-01,1420,A,72,6.1NRT,299.54,8.58,D
37.92236,13.26872,313.96,1.01,1,2026-10-01,1420,A,69,6.1NRT,299.17,7.01,D
37.96492,13.35561,316.29,1.01,1,2026-10-01,1420,A,70,6.1NRT,297.47,11.89,D
37.85748,12.6681,318.34,1.03,1.01,2026-10-01,1420,A,69,6.1NRT,298.62,11.05,D
37.85566,12.65676,317.83,1.03,1.01,2026-10-01,1420,A,59,6.1NRT,299.65,10.57,D
37.93641,12.99581,312.67,1.01,1.01,2026-10-01,1420,A,60,6.1NRT,299.58,6.78,D
37.91517,12.62967,313.08,1.03,1.01,2026-10-01,1420,A,66,6.1NRT,300.29,5.48,D
38.42334,15.88939,314.22,1.08,1.04,2026-10-01,1420,A,46,6.1NRT,298.68,10.05,D
38.00239,12.64736,316.95,1.03,1.01,2026-10-01,1420,A,72,6.1NRT,300.58,9.15,D
39.07946,17.01441,311.28,1.21,1.1,2026-10-01,1422,A,48,6.1NRT,299.89,7.53,D
39.60284,16.25592,310.83,1.14,1.07,2026-10-01,1422,A,44,6.1NRT,299.13,6.55,D
39.61206,16.25357,331.7,1.14,1.07,2026-10-01,1422,A,84,6.1NRT,299.37,31.95,D
40.44031,16.77922,309.78,1.23,1.1,2026-10-01,1422,A,63,6.1NRT,298.76,6.39,D
40.58799,17.53904,313.81,1.34,1.15,2026-10-01,1422,A,69,6.1NRT,298.42,12.84,D
40.8524,16.26024,312.07,1.18,1.08,2026-10-01,1422,A,57,6.1NRT,300.6,6.58,D
40.84101,14.84195,335.38,1.06,1.03,2026-10-01,1422,A,88,6.1NRT,297.21,36.38,D
40.83946,14.83021,323.69,1.06,1.03,2026-10-01,1422,A,80,6.1NRT,299.1,19.96,D
41.08811,15.54304,310.94,1.12,1.05,2026-10-01,1422,A,51,6.1NRT,300.46,4.83,D
41.08483,15.51691,315.22,1.11,1.05,2026-10-01,1422,A,69,6.1NRT,299.65,9.82,D
41.08954,15.33246,309.83,1.1,1.05,2026-10-01,1422,A,57,6.1NRT,299.33,5.28,D
41.01147,14.31534,312.18,1.03,1.02,2026-10-01,1422,A,62,6.1NRT,301.17,5.33,D
41.19857,15.45929,309.75,1.11,1.05,2026-10-01,1422,A,39,6.1NRT,299.09,4.44,D
41.19691,15.44625,326.45,1.11,1.05,2026-10-01,1422,A,81,6.1NRT,300.19,22.66,D
41.20451,15.45212,311.52,1.11,1.05,2026-10-01,1422,A,58,6.1NRT,299.65,6.76,D
41.08416,14.51292,312.96,1.04,1.02,2026-10-01,1422,A,63,6.1NRT,300.37,8,D
41.2245,15.23829,310.34,1.09,1.04,2026-10-01,1422,A,54,6.1NRT,298.77,6.78,D
41.21112,15.06125,312.65,1.08,1.04,2026-10-01,1422,A,58,6.1NRT,300.11,6.93,D
41.09623,14.13089,312.17,1.03,1.01,2026-10-01,1422,A,60,6.1NRT,300.68,5.36,D
41.09462,14.11913,315.26,1.02,1.01,2026-10-01,1422,A,67,6.1NRT,301.14,8.02,D
41.18538,14.10235,311.75,1.03,1.01,2026-10-01,1422,A,60,6.1NRT,301.45,5.3,D
41.35415,15.30725,314.28,1.1,1.05,2026-10-01,1422,A,66,6.1NRT,300.32,8.47,D
41.50782,15.2874,312.7,1.1,1.05,2026-10-01,1422,A,66,6.1NRT,301.59,6.24,D
41.50881,15.22126,312.28,1.1,1.05,2026-10-01,1422,A,65,6.1NRT,301.12,6.25,D
41.68674,15.0245,309.11,1.09,1.04,2026-10-01,1422,A,59,6.1NRT,299.05,4.59,D
41.7868,15.31295,319.35,1.11,1.05,2026-10-01,1422,A,77,6.1NRT,301.52,13.36,D
41.78518,15.29999,317.1,1.11,1.05,2026-10-01,1422,A,74,6.1NRT,301.1,11.12,D
41.84176,15.16081,321.49,1.1,1.05,2026-10-01,1422,A,79,6.1NRT,299.39,16.05,D
41.85089,15.15892,327.06,1.1,1.05,2026-10-01,1422,A,84,6.1NRT,300.69,22.39,D
41.84931,15.14632,315.22,1.1,1.05,2026-10-01,1422,A,27,6.1NRT,301.99,8.38,D
41.86914,15.155,334.62,1.1,1.05,2026-10-01,1422,A,88,6.1NRT,301.45,34.37,D
41.86753,15.14226,330.55,1.1,1.05,2026-10-01,1422,A,86,6.1NRT,301.45,27.68,D
42.10914,11.84372,307.43,1.01,1,2026-10-01,1422,A,51,6.1NRT,295.4,3.7,D
42.10732,11.83196,310.43,1.01,1,2026-10-01,1422,A,67,6.1NRT,296.23,5.51,D
45.00064,19.35185,304.1,1.94,1.36,2026-10-01,1422,A,58,6.1NRT,291.25,9.71,D
45.04601,19.46677,306.2,1.97,1.37,2026-10-01,1422,A,51,6.1NRT,291.62,10.95,D
45.04409,19.44251,307,1.96,1.37,2026-10-01,1422,A,49,6.1NRT,292.59,12.27,D
45.18748,20.67409,321.52,2.32,1.47,2026-10-01,1422,A,81,6.1NRT,295.14,54.15,D
44.79258,16.22255,303.46,1.32,1.14,2026-10-01,1422,A,56,6.1NRT,292.69,7.22,D
45.18517,20.66945,309.63,2.32,1.47,2026-10-01,1422,A,68,6.1NRT,294.69,20.62,D
44.86806,12.0957,305.39,1,1,2026-10-01,1422,A,60,6.1NRT,279.29,6.18,D
45.66208,11.41596,307.47,1,1,2026-10-01,1422,A,65,6.1NRT,284.29,6.93,D
45.66027,11.40363,308.3,1,1,2026-10-01,1422,A,67,6.1NRT,287.53,7.4,D
48.27629,14.33105,312.31,1.21,1.1,2026-10-01,1425,A,61,6.1NRT,297.77,10.2,D
49.67376,18.65821,302.95,2.04,1.39,2026-10-01,1425,A,51,6.1NRT,290.46,13.9,D
47.17607,-1.82952,304.1,3.19,1.69,2026-10-01,1425,A,58,6.1NRT,293.02,22.14,D
51.04147,2.29643,305.4,1.51,1.21,2026-10-01,1425,A,0,6.1NRT,290.61,9.22,D
51.53168,0.31542,320.97,1.8,1.31,2026-10-01,1425,A,81,6.1NRT,293.39,38.6,D
51.69611,0.66025,302.29,1.71,1.28,2026-10-01,1425,A,39,6.1NRT,289.99,6.22,D
52.07674,1.07617,314.03,1.6,1.25,2026-10-01,1425,A,49,6.1NRT,291.58,20.09,D
52.0781,1.0705,309.62,1.6,1.25,2026-10-01,1425,A,54,6.1NRT,291.77,14.65,D
52.2085,1.5619,303.81,1.51,1.21,2026-10-01,1425,A,49,6.1NRT,292.08,8.03,D
52.1222,0.51246,307.69,1.69,1.28,2026-10-01,1425,A,51,6.1NRT,290.24,13.44,D
52.16469,0.27272,303.08,1.73,1.29,2026-10-01,1425,A,40,6.1NRT,290.29,8.32,D
52.35195,1.0671,307.8,1.57,1.24,2026-10-01,1425,A,66,6.1NRT,291.79,12.93,D
52.49982,1.22962,301.22,1.53,1.22,2026-10-01,1425,A,37,6.1NRT,290.05,5.48,D
52.7095,0.21648,307.2,1.67,1.27,2026-10-01,1425,A,43,6.1NRT,292.49,12.22,D
52.70439,0.19372,337.92,1.68,1.27,2026-10-01,1425,A,91,6.1NRT,292.79,82.08,D
52.77141,-0.31229,303.18,1.76,1.3,2026-10-01,1425,A,36,6.1NRT,289.63,9.01,D
52.92512,-0.1207,303.9,1.7,1.28,2026-10-01,1425,A,53,6.1NRT,289.87,10.17,D
52.92513,-0.22759,366.51,1.72,1.29,2026-10-01,1425,A,94,6.1NRT,292.39,231.61,D
52.91979,-0.25111,314.35,1.73,1.29,2026-10-01,1425,A,70,6.1NRT,290.93,26.51,D
52.93042,-0.25785,325.82,1.73,1.29,2026-10-01,1425,A,79,6.1NRT,290.68,49.05,D
52.7734,-0.94106,304.59,1.87,1.34,2026-10-01,1425,A,52,6.1NRT,288.63,14.55,D
52.97141,-0.34186,312.64,1.74,1.29,2026-10-01,1425,A,63,6.1NRT,289.46,24.28,D
52.96597,-0.36562,316.69,1.74,1.29,2026-10-01,1425,A,0,6.1NRT,291.19,32.23,D
52.96053,-0.38937,332.47,1.75,1.3,2026-10-01,1425,A,0,6.1NRT,290.83,69.46,D
52.95507,-0.41316,335.29,1.75,1.3,2026-10-01,1425,A,0,6.1NRT,291.46,78.26,D
53.13749,0.18406,316.18,1.63,1.26,2026-10-01,1425,A,76,6.1NRT,291.25,25.08,D
53.13861,0.17597,308.21,1.63,1.26,2026-10-01,1425,A,67,6.1NRT,291.44,14.24,D
52.90982,-0.86829,313.65,1.84,1.33,2026-10-01,1425,A,74,6.1NRT,290.98,27.83,D
53.17077,-0.48094,329.78,1.74,1.29,2026-10-01,1425,A,82,6.1NRT,291.94,61.79,D
53.17496,-0.46372,343.71,1.73,1.29,2026-10-01,1425,A,81,6.1NRT,290.21,109.34,D
53.16949,-0.4873,312.65,1.74,1.29,2026-10-01,1425,A,69,6.1NRT,291.81,22.89,D
53.23364,-0.42069,313.32,1.72,1.29,2026-10-01,1425,A,69,6.1NRT,291.55,23.86,D
53.17393,-1.20252,303.73,1.87,1.34,2026-10-01,1425,A,57,6.1NRT,288.97,13.91,D
53.24417,-1.37503,320.16,1.89,1.34,2026-10-01,1425,A,75,6.1NRT,288.74,45.75,D
53.59969,-0.19577,326.24,1.64,1.26,2026-10-01,1425,A,84,6.1NRT,291.43,49.17,D
53.59464,-0.2184,317.36,1.64,1.26,2026-10-01,1425,A,78,6.1NRT,289.23,30.73,D
53.55238,-0.62361,303.16,1.71,1.28,2026-10-01,1425,A,40,6.1NRT,290.3,9.74,D
53.61038,-0.68907,308.2,1.72,1.29,2026-10-01,1425,A,0,6.1NRT,285.7,18.81,D
53.609,-0.69286,308.59,1.72,1.29,2026-10-01,1425,A,0,6.1NRT,286.16,17.18,D
53.94484,-0.3909,318.56,1.63,1.26,2026-10-01,1425,A,74,6.1NRT,289.97,33.35,D
53.93975,-0.41366,309.89,1.63,1.26,2026-10-01,1425,A,65,6.1NRT,289.77,18.83,D
53.90244,-0.85092,315.54,1.71,1.28,2026-10-01,1425,A,76,6.1NRT,288.98,28.43,D
54.1587,-1.32579,302.39,1.76,1.3,2026-10-01,1425,A,52,6.1NRT,289.62,10.48,D
54.40535,-1.68358,324.63,1.79,1.31,2026-10-01,1425,A,79,6.1NRT,289.24,52.71,D
54.39951,-1.70846,303.83,1.79,1.31,2026-10-01,1425,A,33,6.1NRT,288.22,13.03,D
54.54353,-1.35274,303.23,1.71,1.28,2026-10-01,1425,A,45,6.1NRT,289.99,9.94,D
54.51755,-1.62545,303.15,1.76,1.3,2026-10-01,1425,A,55,6.1NRT,289.19,12.09,D
54.58485,-1.38847,300.96,1.71,1.28,2026-10-01,1425,A,43,6.1NRT,289.5,8.4,D
54.62702,-1.41735,306.81,1.71,1.28,2026-10-01,1425,A,64,6.1NRT,290.26,14.59,D
54.63147,-1.39655,332.47,1.71,1.28,2026-10-01,1425,A,88,6.1NRT,289.82,70.28,D
54.62585,-1.42067,313.73,1.71,1.28,2026-10-01,1425,A,74,6.1NRT,290.46,26.69,D
54.5967,-1.59794,303.83,1.75,1.3,2026-10-01,1425,A,57,6.1NRT,288.69,12.95,D
54.69068,-1.29825,301.16,1.68,1.28,2026-10-01,1427,A,45,6.1NRT,289.54,8.44,D
54.90335,-1.49428,301.65,1.69,1.28,2026-10-01,1427,A,48,6.1NRT,289.61,9.53,D
56.60084,-2.60292,304.23,1.65,1.26,2026-10-01,1427,A,58,6.1NRT,286.79,14.27,D
43.52673,-5.73219,301.03,1.75,1.3,2026-10-01,1601,A,23,6.1NRT,289.1,7.02,D
41.20996,21.40744,307.03,1.07,1.03,2026-10-01,1836,T,70,6.1NRT,280.86,12.65,N
41.11166,19.83438,334.64,1.22,1.1,2026-10-01,1836,T,100,6.1NRT,290.6,48,N
41.10918,19.8198,316.21,1.22,1.1,2026-10-01,1836,T,93,6.1NRT,289.24,20.1,N
41.12114,19.83138,325.06,1.22,1.1,2026-10-01,1836,T,100,6.1NRT,289.74,32.23,N
41.11872,19.81716,307.36,1.22,1.1,2026-10-01,1836,T,71,6.1NRT,289.13,11.55,N
41.45575,20.15796,309.3,1.17,1.08,2026-10-01,1836,T,77,6.1NRT,286.9,14.11,N
41.53037,19.67146,306.98,1.22,1.1,2026-10-01,1836,T,70,6.1NRT,286.46,12.04,N
41.758,19.65657,302.02,1.21,1.09,2026-10-01,1836,T,46,6.1NRT,291.03,6.14,N
44.76564,22.31572,304.12,1,1,2026-10-01,1836,T,59,6.1NRT,285.5,8.1,N
44.91138,20.04277,302.9,1.07,1.03,2026-10-01,1836,T,52,6.1NRT,280.19,9.64,N
45.02826,19.7782,301.37,1.08,1.04,2026-10-01,1836,T,40,6.1NRT,282.41,8.27,N
45.18164,20.70519,309.36,1.03,1.01,2026-10-01,1836,T,77,6.1NRT,282.94,12.19,N
48.61021,21.17506,307.61,1,1,2026-10-01,1838,T,72,6.1NRT,283.42,10.75,N
50.33796,19.2837,303.2,1.01,1,2026-10-01,1838,T,54,6.1NRT,282.41,8.04,N
43.5358,-5.83222,305.23,1.23,1.1,2026-10-01,2014,T,63,6.1NRT,284.8,11.73,N
51.17104,3.81629,301.2,1.88,1.34,2026-10-01,2017,T,39,6.1NRT,285.71,16.77,N
41.11054,19.83112,309.13,2.39,1.49,2026-10-02,0219,A,77,6.1NRT,286.74,40.17,N
41.11187,19.82659,305,2.39,1.49,2026-10-02,0219,A,62,6.1NRT,286.32,30.64,N
41.10983,19.85312,303.53,2.38,1.49,2026-10-02,0219,A,56,6.1NRT,286.69,27.46,N
51.48505,6.7152,306.81,1.02,1.01,2026-10-02,0353,A,69,6.1NRT,285.26,10.39,N
51.17303,3.81419,317.33,1.19,1.08,2026-10-02,0353,A,95,6.1NRT,285.37,23.71,N
45.1463,9.94441,304.32,1.29,1.13,2026-10-02,0355,A,60,6.1NRT,282.75,12.58,N
36.7478,6.25738,304.55,1.25,1.11,2026-10-02,0357,A,61,6.1NRT,289.43,9.46,N
46.58925,34.76504,300.43,1.38,1.16,2026-10-02,0631,T,37,6.1NRT,288.13,5.55,D
46.37164,33.93914,305.61,1.5,1.21,2026-10-02,0631,T,62,6.1NRT,287.77,12,D
46.20296,21.43005,313.8,1.53,1.22,2026-10-02,0809,T,74,6.1NRT,295.64,16.66,D
46.19918,21.44877,311.77,1.53,1.22,2026-10-02,0809,T,72,6.1NRT,295.7,13.57,D
45.81583,20.4782,306.79,1.4,1.17,2026-10-02,0809,T,57,6.1NRT,294.6,6.89,D
45.67284,20.62037,311.19,1.44,1.19,2026-10-02,0809,T,70,6.1NRT,295.51,11.95,D
45.46917,20.64161,320.46,1.46,1.19,2026-10-02,0809,T,80,6.1NRT,297.11,25.32,D
45.47178,19.57427,325.92,1.3,1.13,2026-10-02,0809,T,84,6.1NRT,295.77,31.7,D
45.18866,20.68557,308.87,1.48,1.2,2026-10-02,0809,T,67,6.1NRT,295.96,9.71,D
45.18519,20.70342,311.77,1.49,1.2,2026-10-02,0809,T,71,6.1NRT,296.2,13.34,D
44.97208,21.19116,306.38,1.59,1.24,2026-10-02,0809,T,62,6.1NRT,294.94,8.04,D
45.03275,20.57453,311.41,1.48,1.2,2026-10-02,0809,T,71,6.1NRT,295.6,13.69,D
55.11079,26.03401,300.78,1.45,1.19,2026-10-02,0807,T,41,6.1NRT,285.2,10.28,D
45.02931,20.59235,312.18,1.48,1.2,2026-10-02,0809,T,72,6.1NRT,295.16,14.96,D
44.96648,20.8007,306.03,1.52,1.22,2026-10-02,0809,T,61,6.1NRT,295,7.86,D
50.90818,22.75119,300.77,1.36,1.16,2026-10-02,0809,T,41,6.1NRT,287.04,7.01,D
45.08515,20.07418,307.8,1.39,1.17,2026-10-02,0809,T,66,6.1NRT,295.21,8.37,D
48.7205,21.74363,304.96,1.38,1.16,2026-10-02,0809,T,60,6.1NRT,292.93,7.66,D
45.07066,19.70832,313.97,1.34,1.15,2026-10-02,0809,T,74,6.1NRT,296.33,14.45,D
48.60871,21.17515,312.97,1.31,1.14,2026-10-02,0809,T,73,6.1NRT,293.01,13.79,D
45.05922,19.6009,308.45,1.33,1.14,2026-10-02,0809,T,67,6.1NRT,295.86,7.75,D
48.60547,21.19209,308.3,1.32,1.14,2026-10-02,0809,T,53,6.1NRT,292.61,8.77,D
45.04171,19.46965,305.92,1.31,1.14,2026-10-02,0809,T,62,6.1NRT,295.75,5.14,D
48.60675,21.1858,315.1,1.32,1.14,2026-10-02,0809,T,75,6.1NRT,292.93,16.55,D
44.9604,19.9077,306.05,1.38,1.16,2026-10-02,0809,T,63,6.1NRT,295.96,5.7,D
48.32406,22.14345,305.9,1.47,1.2,2026-10-02,0809,T,18,6.1NRT,290.31,9.9,D
43.80061,25.19334,302.26,2.84,1.61,2026-10-02,0809,T,31,6.1NRT,286.62,13.77,D
48.01634,20.80997,301.03,1.31,1.13,2026-10-02,0809,T,31,6.1NRT,289.56,5.76,D
44.92001,19.83947,308.79,1.37,1.16,2026-10-02,0809,T,68,6.1NRT,296.06,9.15,D
47.40792,21.89801,301.35,1.51,1.21,2026-10-02,0809,T,41,6.1NRT,289.73,6.8,D
44.80912,20.09636,311.61,1.42,1.18,2026-10-02,0809,T,55,6.1NRT,295.64,11.3,D
47.34589,21.24637,309.51,1.41,1.18,2026-10-02,0809,T,55,6.1NRT,294.18,10.6,D
44.80553,20.0586,320.9,1.41,1.18,2026-10-02,0809,T,80,6.1NRT,296.2,25.08,D
47.33586,21.24217,307.12,1.41,1.18,2026-10-02,0809,T,55,6.1NRT,296.39,7.57,D
44.91877,19.40124,306.28,1.31,1.13,2026-10-02,0809,T,48,6.1NRT,291.56,8.4,D
47.23933,21.51219,303.81,1.46,1.19,2026-10-02,0809,T,48,6.1NRT,292.59,6.91,D
44.83747,19.33244,312.43,1.3,1.13,2026-10-02,0809,T,68,6.1NRT,293.2,14.7,D
47.08561,21.22102,309.06,1.42,1.18,2026-10-02,0809,T,68,6.1NRT,295.4,10.78,D
44.48855,20.06756,307.91,1.43,1.18,2026-10-02,0809,T,54,6.1NRT,292.19,10.42,D
46.86686,21.11162,319.37,1.42,1.18,2026-10-02,0809,T,79,6.1NRT,297.19,22.68,D
45.40452,10.96824,310.51,1.22,1.1,2026-10-02,0809,T,70,6.1NRT,289.47,11.22,D
46.86023,21.08978,311.08,1.42,1.18,2026-10-02,0809,T,39,6.1NRT,295.88,10.96,D
43.8161,16.93878,303,1.1,1.04,2026-10-02,0809,T,54,6.1NRT,291.17,5.79,D
42.1761,21.66538,307.56,1.99,1.38,2026-10-02,0811,T,66,6.1NRT,294.26,18.28,D
42.17178,21.65815,308.76,1.99,1.38,2026-10-02,0811,T,68,6.1NRT,293.6,20.47,D
41.10902,19.82199,305.48,1.66,1.27,2026-10-02,0811,T,61,6.1NRT,293.47,11.53,D
41.10531,19.84072,313.51,1.67,1.27,2026-10-02,0811,T,74,6.1NRT,293.66,23.36,D
41.74513,14.66858,304.83,1.02,1.01,2026-10-02,0811,T,54,6.1NRT,293.73,4.72,D
41.42041,15.91078,335.66,1.09,1.04,2026-10-02,0811,T,89,6.1NRT,299.73,35.84,D
41.41837,15.92329,322.76,1.09,1.04,2026-10-02,0811,T,81,6.1NRT,299.5,17.44,D
41.49865,15.19033,310.2,1.04,1.02,2026-10-02,0811,T,69,6.1NRT,293.29,6,D
41.22137,13.88457,315.32,1,1,2026-10-02,0811,T,66,6.1NRT,296.04,10.61,D
40.92543,15.8095,310.3,1.09,1.04,2026-10-02,0811,T,35,6.1NRT,295.49,6.7,D
40.76101,16.2826,311.46,1.14,1.06,2026-10-02,0811,T,61,6.1NRT,298.75,6.93,D
40.75591,16.27505,312.37,1.14,1.06,2026-10-02,0811,T,70,6.1NRT,298.61,8.45,D
40.68782,15.83419,303.75,1.1,1.05,2026-10-02,0811,T,49,6.1NRT,293.19,4.46,D
39.85416,20.04293,315.12,1.83,1.33,2026-10-02,0811,T,57,6.1NRT,296.66,24.89,D
37.89766,13.17948,307.91,1.01,1,2026-10-02,0811,T,35,6.1NRT,296.53,4.03,D
37.8699,12.87599,315.42,1,1,2026-10-02,0811,T,71,6.1NRT,298.64,9.38,D
37.86829,12.88705,312.69,1,1,2026-10-02,0811,T,66,6.1NRT,300.91,6.74,D
37.69429,13.91345,310.33,1.04,1.02,2026-10-02,0811,T,60,6.1NRT,297.18,6.11,D
37.59679,13.88417,315.67,1.04,1.02,2026-10-02,0811,T,69,6.1NRT,296.69,9.77,D
37.32071,13.8108,308.87,1.04,1.02,2026-10-02,0811,T,55,6.1NRT,298.13,5.27,D
37.21627,13.88572,309.04,1.04,1.02,2026-10-02,0811,T,59,6.1NRT,296.81,4.89,D
36.74102,6.25839,308.92,1.68,1.27,2026-10-02,0813,T,51,6.1NRT,289.13,8.29,D
41.76511,-5.87527,302.93,1.41,1.18,2026-10-02,0949,T,54,6.1NRT,285.16,6.52,D
41.02917,-7.67367,304.73,1.2,1.09,2026-10-02,0949,T,57,6.1NRT,285.88,7.71,D
41.01971,-7.6763,307.13,1.2,1.09,2026-10-02,0949,T,65,6.1NRT,287.28,9.9,D
41.01731,-7.66242,302.35,1.2,1.09,2026-10-02,0949,T,45,6.1NRT,288.21,6.05,D
38.27653,-6.16268,314.49,1.62,1.25,2026-10-02,0949,T,56,6.1NRT,294.71,14.64,D
35.25151,-5.63877,308.75,2.05,1.39,2026-10-02,0952,T,37,6.1NRT,291.46,9.2,D
52.54752,0.47143,300.02,1.56,1.23,2026-10-02,0947,T,19,6.1NRT,287.38,6.44,D
47.00171,-1.78754,308.49,1.72,1.29,2026-10-02,0949,T,67,6.1NRT,291.85,15.19,D
46.99078,-1.79246,305.22,1.72,1.29,2026-10-02,0949,T,53,6.1NRT,291.89,9.64,D
46.98793,-1.7761,323.6,1.73,1.29,2026-10-02,0949,T,82,6.1NRT,292.32,42.53,D
