latitude,longitude,bright_ti4,scan,track,acq_date,acq_time,satellite,confidence,version,bright_ti5,frp,daynight
60.3016,25.52489,299.89,0.54,0.51,2026-09-22,0001,N,nominal,2.0NRT,280.34,6.26,N
60.29687,25.52399,338.27,0.54,0.51,2026-09-22,0001,N,nominal,2.0NRT,281.84,6.26,N
60.28632,22.28902,300.51,0.35,0.57,2026-09-22,0001,N,nominal,2.0NRT,280.47,0.65,N
59.38366,28.46425,319.44,0.42,0.45,2026-09-22,0001,N,nominal,2.0NRT,280.29,3.09,N
38.13001,23.52469,310.92,0.39,0.44,2026-09-22,0005,N,nominal,2.0NRT,287.88,1.9,N
36.01787,0.12817,301.86,0.45,0.39,2026-09-22,0147,N,nominal,2.0NRT,290.62,0.76,N
36.26553,33.72892,301.56,0.48,0.4,2026-09-22,0005,N,nominal,2.0NRT,290.69,1,N
35.09471,5.64874,312.2,0.41,0.37,2026-09-22,0147,N,nominal,2.0NRT,291.23,1.23,N
34.98333,5.71967,303.72,0.41,0.37,2026-09-22,0147,N,nominal,2.0NRT,290.34,0.37,N
36.26189,33.72783,307.53,0.48,0.4,2026-09-22,0005,N,nominal,2.0NRT,291.65,1,N
34.98072,5.7144,308.14,0.41,0.37,2026-09-22,0147,N,nominal,2.0NRT,291.23,1.2,N
35.81572,-0.2756,300.47,0.47,0.4,2026-09-22,0147,N,nominal,2.0NRT,290.29,0.64,N
35.8151,-0.27049,309.19,0.47,0.4,2026-09-22,0147,N,nominal,2.0NRT,290.97,0.64,N
35.80956,-0.25551,305.53,0.47,0.4,2026-09-22,0147,N,nominal,2.0NRT,291.36,1.23,N
35.81614,-0.27241,304.14,0.47,0.4,2026-09-22,0147,N,nominal,2.0NRT,290.31,0.72,N
35.81549,-0.26727,310.17,0.47,0.4,2026-09-22,0147,N,nominal,2.0NRT,291.4,0.72,N
35.80988,-0.25233,303.16,0.47,0.4,2026-09-22,0147,N,nominal,2.0NRT,291.53,1.07,N
35.80492,-0.24263,304.31,0.47,0.4,2026-09-22,0147,N,nominal,2.0NRT,292.36,0.54,N
36.17682,-5.42415,306.13,0.57,0.52,2026-09-22,0147,N,nominal,2.0NRT,292.06,1.02,N
35.56865,-0.93851,300.31,0.5,0.41,2026-09-22,0147,N,nominal,2.0NRT,290.25,0.66,N
37.74404,15.06018,296.65,0.55,0.68,2026-09-22,0005,N,nominal,2.0NRT,286,2.39,N
34.43835,2.05741,309.43,0.39,0.36,2026-09-22,0147,N,nominal,2.0NRT,287.34,1.38,N
34.59717,-2.34698,302.74,0.56,0.43,2026-09-22,0147,N,nominal,2.0NRT,288.69,0.91,N
54.88995,20.34148,297.12,0.39,0.59,2026-09-22,0001,N,nominal,2.0NRT,280.09,1.06,N
52.58348,19.66384,305.1,0.4,0.6,2026-09-22,0001,N,nominal,2.0NRT,279.07,1.02,N
50.37836,30.77865,311.6,0.43,0.38,2026-09-22,0001,N,nominal,2.0NRT,277.5,1.32,N
50.93897,21.44166,295.82,0.33,0.55,2026-09-22,0001,N,nominal,2.0NRT,279.42,0.33,N
50.49066,19.45389,295.25,0.4,0.6,2026-09-22,0001,N,nominal,2.0NRT,272.75,1.24,N
50.49034,19.46595,302.68,0.4,0.6,2026-09-22,0001,N,nominal,2.0NRT,275.94,1.12,N
48.40678,34.99397,302.75,0.39,0.36,2026-09-22,0001,N,nominal,2.0NRT,271,3.8,N
48.40589,34.99914,297.56,0.39,0.36,2026-09-22,0001,N,nominal,2.0NRT,267.61,3.8,N
48.4035,34.99271,333.43,0.39,0.36,2026-09-22,0001,N,nominal,2.0NRT,279.66,3.8,N
48.40261,34.99789,345.79,0.39,0.36,2026-09-22,0001,N,nominal,2.0NRT,285.62,3.8,N
48.39934,34.99663,341.01,0.39,0.36,2026-09-22,0001,N,nominal,2.0NRT,292.67,14.3,N
48.40022,34.99147,304.83,0.39,0.36,2026-09-22,0001,N,nominal,2.0NRT,282.15,14.3,N
48.60329,21.17758,295.28,0.32,0.55,2026-09-22,0001,N,nominal,2.0NRT,275.64,0.69,N
47.17078,31.75725,300.63,0.39,0.36,2026-09-22,0003,N,nominal,2.0NRT,282.73,0.75,N
46.50459,30.62782,343.24,0.4,0.37,2026-09-22,0003,N,nominal,2.0NRT,285.45,17.28,N
46.50387,30.63303,295.09,0.4,0.37,2026-09-22,0003,N,nominal,2.0NRT,272.96,0.74,N
46.50123,30.62684,345.5,0.4,0.37,2026-09-22,0003,N,nominal,2.0NRT,275.54,17.28,N
46.50051,30.63205,297.11,0.4,0.37,2026-09-22,0003,N,nominal,2.0NRT,274.88,0.74,N
47.1337,20.36553,301.61,0.34,0.56,2026-09-22,0003,N,nominal,2.0NRT,271.16,1.11,N
45.37338,30.92779,320.05,0.39,0.36,2026-09-22,0003,N,nominal,2.0NRT,286.25,3.03,N
45.95222,25.28173,298.16,0.4,0.44,2026-09-22,0003,N,nominal,2.0NRT,280.09,0.72,N
46.06563,13.62627,302.67,0.71,0.75,2026-09-22,0003,N,nominal,2.0NRT,284.19,1.76,N
46.06932,13.62373,298.01,0.71,0.75,2026-09-22,0003,N,nominal,2.0NRT,284.59,1.27,N
45.29143,25.11112,299.87,0.4,0.44,2026-09-22,0003,N,nominal,2.0NRT,281.08,1.19,N
45.12284,25.41965,302.11,0.38,0.43,2026-09-22,0003,N,nominal,2.0NRT,280.65,1.19,N
45.256,20.67958,322.07,0.32,0.55,2026-09-22,0003,N,nominal,2.0NRT,280.79,1.45,N
45.24258,20.64437,304.06,0.32,0.55,2026-09-22,0003,N,nominal,2.0NRT,280.35,0.74,N
45.2266,20.65522,328.95,0.32,0.55,2026-09-22,0003,N,nominal,2.0NRT,280.5,1.81,N
45.22705,20.64681,303.57,0.32,0.55,2026-09-22,0003,N,nominal,2.0NRT,280.62,1.55,N
45.22683,20.65102,314.4,0.32,0.55,2026-09-22,0003,N,nominal,2.0NRT,280.32,1.55,N
45.22173,20.65045,299.62,0.32,0.55,2026-09-22,0003,N,nominal,2.0NRT,279.36,0.81,N
45.2229,20.22769,323.16,0.34,0.56,2026-09-22,0003,N,nominal,2.0NRT,280.16,2,N
45.18912,20.58739,295.68,0.32,0.55,2026-09-22,0003,N,nominal,2.0NRT,280.33,0.74,N
45.1889,20.59161,295.89,0.32,0.55,2026-09-22,0003,N,nominal,2.0NRT,280.48,0.59,N
45.1827,20.61214,304.22,0.32,0.55,2026-09-22,0003,N,nominal,2.0NRT,278.78,1.08,N
45.17912,20.582,297.87,0.32,0.55,2026-09-22,0003,N,nominal,2.0NRT,276.9,0.56,N
45.18187,20.5824,305.32,0.32,0.55,2026-09-22,0003,N,nominal,2.0NRT,277.91,0.79,N
45.20684,19.70759,296.87,0.36,0.57,2026-09-22,0003,N,nominal,2.0NRT,282.87,0.65,N
45.13964,20.41084,297.23,0.33,0.55,2026-09-22,0003,N,nominal,2.0NRT,278.92,0.87,N
45.13897,20.42372,311.85,0.33,0.55,2026-09-22,0003,N,nominal,2.0NRT,279.47,1.05,N
45.13404,20.41885,333.11,0.33,0.55,2026-09-22,0003,N,nominal,2.0NRT,279.3,3.55,N
45.13381,20.42314,307.5,0.33,0.55,2026-09-22,0003,N,nominal,2.0NRT,279.49,1.05,N
45.13359,20.42742,309.31,0.33,0.55,2026-09-22,0003,N,nominal,2.0NRT,279.08,1.05,N
45.28401,14.52322,299.01,0.64,0.72,2026-09-22,0003,N,nominal,2.0NRT,279.66,1.2,N
45.09697,19.59826,325.75,0.36,0.57,2026-09-22,0003,N,nominal,2.0NRT,278.64,1.56,N
45.09719,19.59353,297.59,0.36,0.57,2026-09-22,0003,N,nominal,2.0NRT,276.64,1.56,N
45.09674,19.60301,310.54,0.36,0.57,2026-09-22,0003,N,nominal,2.0NRT,278.23,1.53,N
45.0175,20.54573,295.2,0.32,0.55,2026-09-22,0003,N,nominal,2.0NRT,280.32,1.21,N
45.01727,20.54994,316.78,0.32,0.55,2026-09-22,0003,N,nominal,2.0NRT,280.49,1.51,N
45.02451,20.31513,322.37,0.33,0.55,2026-09-22,0003,N,nominal,2.0NRT,279.09,1.69,N
45.02473,20.31079,318.75,0.33,0.55,2026-09-22,0003,N,nominal,2.0NRT,279.04,1.69,N
45.02428,20.31947,308.59,0.33,0.55,2026-09-22,0003,N,nominal,2.0NRT,279.33,1.33,N
45.05155,19.64945,300.71,0.36,0.57,2026-09-22,0003,N,nominal,2.0NRT,276.71,0.84,N
45.00172,20.4545,297.43,0.33,0.55,2026-09-22,0003,N,nominal,2.0NRT,278.12,0.32,N
45.01125,19.71069,325.89,0.36,0.57,2026-09-22,0003,N,nominal,2.0NRT,277.47,2.26,N
45.01348,19.70927,296.84,0.36,0.57,2026-09-22,0003,N,nominal,2.0NRT,276.36,0.54,N
45.00814,19.70872,316.46,0.36,0.57,2026-09-22,0003,N,nominal,2.0NRT,276.71,1.45,N
44.78965,22.35843,296.22,0.53,0.5,2026-09-22,0003,N,nominal,2.0NRT,283.31,1.86,N
44.7892,22.36481,308.77,0.53,0.5,2026-09-22,0003,N,nominal,2.0NRT,283.14,1.41,N
44.78877,22.37098,301.85,0.53,0.5,2026-09-22,0003,N,nominal,2.0NRT,282.44,1.41,N
44.77864,22.38138,296.12,0.52,0.5,2026-09-22,0003,N,nominal,2.0NRT,282.2,1.27,N
44.77769,22.32771,298.13,0.53,0.5,2026-09-22,0003,N,nominal,2.0NRT,280.01,1.16,N
44.7773,22.33334,308.78,0.53,0.5,2026-09-22,0003,N,nominal,2.0NRT,281.57,1.16,N
44.76168,22.35528,299.68,0.53,0.5,2026-09-22,0003,N,nominal,2.0NRT,282.92,1.81,N
44.74144,22.37635,297.14,0.52,0.5,2026-09-22,0003,N,nominal,2.0NRT,280.81,0.79,N
44.74098,22.38308,300.11,0.52,0.5,2026-09-22,0003,N,nominal,2.0NRT,282.23,0.88,N
44.75997,22.34969,298.96,0.53,0.5,2026-09-22,0003,N,nominal,2.0NRT,281.7,0.77,N
44.75953,22.3557,301.3,0.53,0.5,2026-09-22,0003,N,nominal,2.0NRT,282.67,1.16,N
44.73918,22.37691,301.1,0.52,0.5,2026-09-22,0003,N,nominal,2.0NRT,280.57,0.69,N
44.73868,22.38363,298,0.52,0.5,2026-09-22,0003,N,nominal,2.0NRT,282.08,0.69,N
44.84279,20.07254,297.57,0.34,0.56,2026-09-22,0003,N,nominal,2.0NRT,277.74,0.97,N
44.84256,20.07696,299.49,0.34,0.56,2026-09-22,0003,N,nominal,2.0NRT,278.2,0.82,N
44.84692,19.88441,330.62,0.35,0.57,2026-09-22,0003,N,nominal,2.0NRT,278.63,1.4,N
44.84714,19.8799,295.96,0.35,0.57,2026-09-22,0003,N,nominal,2.0NRT,278.27,1.4,N
44.62878,22.67846,344.26,0.51,0.49,2026-09-22,0003,N,nominal,2.0NRT,287.42,7.47,N
44.62422,22.67761,302.97,0.51,0.49,2026-09-22,0003,N,nominal,2.0NRT,286.03,2.11,N
44.62925,22.67707,337.24,0.51,0.49,2026-09-22,0003,N,nominal,2.0NRT,287.57,3.47,N
44.62875,22.68349,304.55,0.5,0.49,2026-09-22,0003,N,nominal,2.0NRT,285.02,3.27,N
44.62469,22.67624,304.95,0.51,0.49,2026-09-22,0003,N,nominal,2.0NRT,285.85,3.47,N
44.51365,23.28062,302.25,0.47,0.48,2026-09-22,0003,N,nominal,2.0NRT,280.15,1.02,N
44.49584,22.67857,323.38,0.5,0.49,2026-09-22,0003,N,nominal,2.0NRT,284.38,2.7,N
44.49634,22.67202,313.92,0.5,0.49,2026-09-22,0003,N,nominal,2.0NRT,283.17,2.7,N
44.59789,20.97668,295.62,0.61,0.54,2026-09-22,0003,N,nominal,2.0NRT,280.61,0.82,N
44.39589,22.78513,295.63,0.5,0.49,2026-09-22,0003,N,nominal,2.0NRT,281.98,0.92,N
44.36353,23.15904,316.06,0.48,0.48,2026-09-22,0003,N,nominal,2.0NRT,281.3,1.67,N
44.39982,22.78557,296.65,0.5,0.49,2026-09-22,0003,N,nominal,2.0NRT,281.94,1.39,N
44.36535,23.15879,303.77,0.48,0.48,2026-09-22,0003,N,nominal,2.0NRT,281.12,0.91,N
44.36985,23.04773,302.74,0.48,0.48,2026-09-22,0003,N,nominal,2.0NRT,281.74,1.17,N
44.3609,23.15815,301.44,0.48,0.48,2026-09-22,0003,N,nominal,2.0NRT,280.84,0.92,N
44.38277,22.82769,304.51,0.49,0.49,2026-09-22,0003,N,nominal,2.0NRT,282.58,1.09,N
44.36538,23.04699,313.63,0.48,0.48,2026-09-22,0003,N,nominal,2.0NRT,281.68,1.17,N
44.35644,23.04556,310.42,0.48,0.48,2026-09-22,0003,N,nominal,2.0NRT,281.84,1.66,N
44.35594,23.05179,303.29,0.48,0.48,2026-09-22,0003,N,nominal,2.0NRT,282.28,1.42,N
44.35198,23.04479,305.35,0.48,0.48,2026-09-22,0003,N,nominal,2.0NRT,281.58,1.33,N
44.34751,23.04406,310.16,0.48,0.48,2026-09-22,0003,N,nominal,2.0NRT,281.82,1.33,N
44.14197,24.07379,298.52,0.43,0.46,2026-09-22,0003,N,nominal,2.0NRT,280.99,0.88,N
44.04438,24.50171,301.57,0.41,0.45,2026-09-22,0003,N,nominal,2.0NRT,281.19,0.73,N
44.04393,24.50687,298.42,0.41,0.45,2026-09-22,0003,N,nominal,2.0NRT,281.08,0.84,N
44.04262,24.50384,303.86,0.41,0.45,2026-09-22,0003,N,nominal,2.0NRT,281.49,0.84,N
44.05302,24.25672,315.59,0.42,0.45,2026-09-22,0003,N,nominal,2.0NRT,282.35,1.53,N
44.07573,23.60787,295.08,0.45,0.47,2026-09-22,0003,N,nominal,2.0NRT,279.84,0.68,N
43.90194,24.73041,299.66,0.4,0.44,2026-09-22,0003,N,nominal,2.0NRT,281.08,0.67,N
43.89109,24.35489,299.38,0.41,0.45,2026-09-22,0003,N,nominal,2.0NRT,282.28,0.65,N
43.83545,24.30641,306.8,0.41,0.45,2026-09-22,0003,N,nominal,2.0NRT,283.44,0.9,N
43.83496,24.3116,295.39,0.41,0.45,2026-09-22,0003,N,nominal,2.0NRT,282.98,0.48,N
43.85438,23.71227,313.78,0.44,0.46,2026-09-22,0003,N,nominal,2.0NRT,283.27,1.42,N
43.83624,23.72054,313.38,0.44,0.46,2026-09-22,0003,N,nominal,2.0NRT,283.36,1.19,N
43.71941,23.84593,337.91,0.43,0.46,2026-09-22,0003,N,nominal,2.0NRT,285.79,5.28,N
43.40665,24.24607,326.46,0.41,0.45,2026-09-22,0003,N,nominal,2.0NRT,285.07,1.5,N
43.40247,24.24551,297.25,0.41,0.45,2026-09-22,0003,N,nominal,2.0NRT,283.64,1.5,N
43.27448,24.85063,339.65,0.39,0.44,2026-09-22,0003,N,nominal,2.0NRT,285.26,4.36,N
42.71608,24.16923,300.58,0.41,0.45,2026-09-22,0003,N,nominal,2.0NRT,266.93,1.28,N
42.82904,21.28536,300.2,0.57,0.52,2026-09-22,0003,N,nominal,2.0NRT,283.22,2,N
42.83041,21.28455,296.46,0.57,0.52,2026-09-22,0003,N,nominal,2.0NRT,280.93,1.58,N
42.81511,20.62899,314.25,0.61,0.54,2026-09-22,0003,N,nominal,2.0NRT,281.99,2.03,N
41.48864,31.8713,303.6,0.39,0.36,2026-09-22,0003,N,nominal,2.0NRT,289.35,1,N
42.76389,18.6062,295.36,0.39,0.59,2026-09-22,0003,N,nominal,2.0NRT,278.81,0.89,N
42.62835,21.05571,299.86,0.58,0.52,2026-09-22,0003,N,nominal,2.0NRT,275.3,2.36,N
42.65074,20.52948,300.11,0.62,0.54,2026-09-22,0003,N,nominal,2.0NRT,280.79,0.39,N
42.65113,20.53098,299.51,0.62,0.54,2026-09-22,0003,N,nominal,2.0NRT,281.03,1.08,N
41.19353,32.62456,299.81,0.4,0.37,2026-09-22,0003,N,nominal,2.0NRT,288.68,0.87,N
41.19103,32.61885,313.83,0.4,0.37,2026-09-22,0003,N,nominal,2.0NRT,288.11,0.87,N
41.18113,32.6355,303.95,0.4,0.37,2026-09-22,0003,N,nominal,2.0NRT,288.45,0.97,N
41.1745,32.63345,314.77,0.4,0.37,2026-09-22,0003,N,nominal,2.0NRT,290.01,1.97,N
42.6201,18.635,307.8,0.39,0.59,2026-09-22,0003,N,nominal,2.0NRT,273.4,0.91,N
41.2664,31.42244,339.67,0.39,0.36,2026-09-22,0003,N,nominal,2.0NRT,290.03,2.34,N
41.26566,31.42699,309.84,0.39,0.36,2026-09-22,0003,N,nominal,2.0NRT,292.31,1.1,N
41.26312,31.4215,303.1,0.39,0.36,2026-09-22,0003,N,nominal,2.0NRT,289.3,2.34,N
41.26238,31.42606,310.85,0.39,0.36,2026-09-22,0003,N,nominal,2.0NRT,290.83,1.1,N
41.25401,31.41413,335.6,0.39,0.36,2026-09-22,0003,N,nominal,2.0NRT,289.52,2.62,N
40.48944,34.3349,327.83,0.44,0.39,2026-09-22,0003,N,nominal,2.0NRT,285.4,1.9,N
40.49043,34.32977,310.5,0.44,0.39,2026-09-22,0003,N,nominal,2.0NRT,284.25,2.44,N
40.48803,34.32752,295.4,0.44,0.39,2026-09-22,0003,N,nominal,2.0NRT,283.26,0.45,N
40.48706,34.33264,296.51,0.45,0.39,2026-09-22,0003,N,nominal,2.0NRT,283.81,0.45,N
40.4135,34.25289,295.81,0.44,0.39,2026-09-22,0003,N,nominal,2.0NRT,281.61,0.3,N
40.39512,34.2523,303.86,0.44,0.39,2026-09-22,0003,N,nominal,2.0NRT,284.14,0.62,N
40.3936,34.24103,297.64,0.44,0.39,2026-09-22,0003,N,nominal,2.0NRT,282.93,0.98,N
40.39261,34.24614,312.91,0.44,0.39,2026-09-22,0003,N,nominal,2.0NRT,283.59,0.98,N
40.39011,34.23998,304.81,0.44,0.39,2026-09-22,0003,N,nominal,2.0NRT,284.12,0.98,N
40.39396,34.24517,305.51,0.44,0.39,2026-09-22,0003,N,nominal,2.0NRT,283.55,1.01,N
40.39299,34.25025,309.89,0.44,0.39,2026-09-22,0003,N,nominal,2.0NRT,284.06,1.01,N
40.39047,34.24407,307.24,0.44,0.39,2026-09-22,0003,N,nominal,2.0NRT,283.36,1.01,N
40.75613,31.78462,303.01,0.39,0.36,2026-09-22,0003,N,nominal,2.0NRT,285.29,0.67,N
40.17542,34.73223,304.35,0.46,0.39,2026-09-22,0003,N,nominal,2.0NRT,280.38,1.02,N
41.02215,28.55327,300.37,0.41,0.37,2026-09-22,0003,N,nominal,2.0NRT,288.37,0.77,N
41.0215,28.55807,309.36,0.41,0.37,2026-09-22,0003,N,nominal,2.0NRT,289.38,0.77,N
41.01876,28.55247,302.25,0.41,0.37,2026-09-22,0003,N,nominal,2.0NRT,288.26,0.92,N
40.04885,32.64824,299.88,0.41,0.37,2026-09-22,0003,N,nominal,2.0NRT,285.8,1.28,N
39.49768,34.87878,301.51,0.48,0.4,2026-09-22,0003,N,nominal,2.0NRT,276.29,1.27,N
40.31329,30.07382,299.82,0.39,0.36,2026-09-22,0003,N,nominal,2.0NRT,288.34,0.68,N
40.26007,30.04123,306.86,0.39,0.36,2026-09-22,0003,N,nominal,2.0NRT,287.39,0.56,N
40.24111,29.92679,307.85,0.39,0.36,2026-09-22,0003,N,nominal,2.0NRT,287.78,1.12,N
40.18576,29.2274,305.3,0.39,0.36,2026-09-22,0003,N,nominal,2.0NRT,288.22,0.78,N
39.42176,33.57368,300.44,0.43,0.38,2026-09-22,0003,N,nominal,2.0NRT,283.57,1.23,N
39.41641,33.58259,295.66,0.43,0.38,2026-09-22,0003,N,nominal,2.0NRT,282.1,0.91,N
39.42222,33.5713,301.61,0.43,0.38,2026-09-22,0003,N,nominal,2.0NRT,283.2,1.11,N
39.41599,33.58522,298.8,0.43,0.38,2026-09-22,0003,N,nominal,2.0NRT,281.6,0.84,N
39.51559,33.02298,310.99,0.42,0.38,2026-09-22,0003,N,nominal,2.0NRT,282.94,1.36,N
39.39582,33.67372,316.51,0.44,0.38,2026-09-22,0003,N,nominal,2.0NRT,277.03,2.07,N
40.26986,27.77772,300.02,0.42,0.38,2026-09-22,0003,N,nominal,2.0NRT,279,0.53,N
39.53193,32.35951,308.41,0.4,0.37,2026-09-22,0003,N,nominal,2.0NRT,282.7,0.94,N
39.53109,32.36422,302.85,0.4,0.37,2026-09-22,0003,N,nominal,2.0NRT,282.99,0.57,N
39.53079,32.36192,317.94,0.4,0.37,2026-09-22,0003,N,nominal,2.0NRT,283.24,1.81,N
39.49295,32.15771,297.11,0.4,0.37,2026-09-22,0003,N,nominal,2.0NRT,283.86,0.57,N
38.9858,34.69657,298.05,0.48,0.4,2026-09-22,0003,N,nominal,2.0NRT,279.11,0.81,N
38.98748,34.69608,295.98,0.48,0.4,2026-09-22,0003,N,nominal,2.0NRT,278.96,1.08,N
39.74394,30.19647,303.89,0.38,0.36,2026-09-22,0003,N,nominal,2.0NRT,283.56,0.85,N
39.89894,28.86996,312.25,0.4,0.37,2026-09-22,0005,N,nominal,2.0NRT,284.45,0.89,N
39.70612,30.15412,306.75,0.38,0.36,2026-09-22,0005,N,nominal,2.0NRT,281.57,0.8,N
39.68172,29.46838,298.44,0.39,0.36,2026-09-22,0005,N,nominal,2.0NRT,282.36,0.77,N
39.48569,30.04123,298.84,0.38,0.36,2026-09-22,0005,N,nominal,2.0NRT,284.13,1.11,N
39.60801,27.88051,297.68,0.41,0.37,2026-09-22,0005,N,nominal,2.0NRT,285.56,0.38,N
38.87258,31.91215,298.04,0.4,0.37,2026-09-22,0005,N,nominal,2.0NRT,285.46,0.53,N
39.16862,27.63266,295.27,0.41,0.37,2026-09-22,0005,N,nominal,2.0NRT,277.75,0.85,N
38.65882,30.61765,299.38,0.39,0.36,2026-09-22,0005,N,nominal,2.0NRT,285.54,0.77,N
39.11643,27.52218,301.44,0.42,0.37,2026-09-22,0005,N,nominal,2.0NRT,289.44,0.72,N
39.11578,27.52707,311.72,0.42,0.37,2026-09-22,0005,N,nominal,2.0NRT,288.87,0.72,N
39.11301,27.52126,307.02,0.42,0.37,2026-09-22,0005,N,nominal,2.0NRT,289.35,0.7,N
39.09365,27.5073,306.98,0.42,0.37,2026-09-22,0005,N,nominal,2.0NRT,289.27,1.02,N
39.09302,27.512,311.9,0.42,0.37,2026-09-22,0005,N,nominal,2.0NRT,290.81,1.02,N
39.08957,27.51133,303.07,0.42,0.37,2026-09-22,0005,N,nominal,2.0NRT,289.77,1.02,N
39.09167,27.51012,314.19,0.42,0.37,2026-09-22,0005,N,nominal,2.0NRT,290.64,1.47,N
39.09101,27.51493,315.56,0.42,0.37,2026-09-22,0005,N,nominal,2.0NRT,290.47,1.47,N
38.75096,26.94052,307.78,0.43,0.38,2026-09-22,0005,N,nominal,2.0NRT,289.23,0.84,N
38.74619,26.94963,304.95,0.43,0.38,2026-09-22,0005,N,nominal,2.0NRT,289.78,0.71,N
38.74206,26.95382,300.85,0.43,0.38,2026-09-22,0005,N,nominal,2.0NRT,289.75,1.04,N
38.73985,26.94322,301.96,0.43,0.38,2026-09-22,0005,N,nominal,2.0NRT,290.14,0.43,N
38.73635,26.94247,327.42,0.43,0.38,2026-09-22,0005,N,nominal,2.0NRT,293.07,2.83,N
38.73764,26.93255,305,0.43,0.38,2026-09-22,0005,N,nominal,2.0NRT,290.02,1.3,N
38.73572,26.9474,310.51,0.43,0.38,2026-09-22,0005,N,nominal,2.0NRT,293.45,1.66,N
38.736,26.94598,332.37,0.43,0.38,2026-09-22,0005,N,nominal,2.0NRT,295.12,2.05,N
38.73798,26.93114,310.09,0.43,0.38,2026-09-22,0005,N,nominal,2.0NRT,292.36,1.33,N
38.73666,26.94105,304.85,0.43,0.38,2026-09-22,0005,N,nominal,2.0NRT,290.36,2.05,N
37.88226,31.66578,307.37,0.4,0.37,2026-09-22,0005,N,nominal,2.0NRT,283.19,1.17,N
38.42711,27.21598,316.95,0.42,0.38,2026-09-22,0005,N,nominal,2.0NRT,292.73,1.75,N
37.86146,29.37077,320.27,0.38,0.36,2026-09-22,0005,N,nominal,2.0NRT,290.24,1.45,N
36.86972,34.76447,307.07,0.52,0.42,2026-09-22,0005,N,nominal,2.0NRT,292.28,0.98,N
37.2542,30.44269,310.21,0.39,0.36,2026-09-22,0005,N,nominal,2.0NRT,288.63,1.2,N
55.40623,9.55104,324.19,0.4,0.37,2026-09-22,0141,N,nominal,2.0NRT,280.42,1.17,N
53.52314,15.97144,320.56,0.46,0.39,2026-09-22,0141,N,nominal,2.0NRT,279.58,1.9,N
53.5132,10.03713,297.41,0.39,0.36,2026-09-22,0141,N,nominal,2.0NRT,284.9,0.55,N
53.52361,9.90143,309.5,0.39,0.36,2026-09-22,0141,N,nominal,2.0NRT,284.01,0.77,N
53.52273,9.90715,302.02,0.39,0.36,2026-09-22,0141,N,nominal,2.0NRT,282.51,0.77,N
52.76973,14.08176,298.29,0.42,0.38,2026-09-22,0141,N,nominal,2.0NRT,281.13,0.26,N
52.48868,13.84108,303.54,0.42,0.38,2026-09-22,0141,N,nominal,2.0NRT,281.67,0.82,N
52.17275,14.62868,331.5,0.44,0.39,2026-09-22,0141,N,nominal,2.0NRT,285.68,9.21,N
52.16933,14.62685,325.45,0.44,0.39,2026-09-22,0141,N,nominal,2.0NRT,280.79,9.21,N
51.2289,18.58876,320.54,0.42,0.45,2026-09-22,0141,N,nominal,2.0NRT,278.45,2.47,N
53.14058,8.67576,307.3,0.39,0.36,2026-09-22,0141,N,nominal,2.0NRT,282.41,1.02,N
53.13478,8.69187,315.89,0.39,0.36,2026-09-22,0141,N,nominal,2.0NRT,283.15,1.42,N
53.13315,8.67894,332.23,0.39,0.36,2026-09-22,0141,N,nominal,2.0NRT,283.98,3.84,N
53.12489,8.68792,301.77,0.39,0.36,2026-09-22,0141,N,nominal,2.0NRT,283.18,1.12,N
51.1048,18.94276,297.2,0.43,0.46,2026-09-22,0141,N,nominal,2.0NRT,278.79,0.68,N
51.68629,15.98364,328.8,0.49,0.41,2026-09-22,0141,N,nominal,2.0NRT,282.09,2.31,N
51.68779,15.97677,295.18,0.49,0.41,2026-09-22,0141,N,nominal,2.0NRT,278.31,2.31,N
51.68577,15.98435,328.79,0.5,0.41,2026-09-22,0143,N,nominal,2.0NRT,281.55,3.47,N
51.68725,15.97747,308.17,0.49,0.41,2026-09-22,0143,N,nominal,2.0NRT,278.43,3.24,N
53.63307,-0.24656,311.07,0.49,0.48,2026-09-22,0143,N,nominal,2.0NRT,288.91,2.46,N
53.56797,-0.60337,331.24,0.5,0.49,2026-09-22,0143,N,nominal,2.0NRT,287.36,5.59,N
53.56748,-0.59558,326.9,0.5,0.49,2026-09-22,0143,N,nominal,2.0NRT,288.43,2.92,N
53.56293,-0.5964,307.18,0.5,0.49,2026-09-22,0143,N,nominal,2.0NRT,285.86,1.04,N
53.39838,-1.38535,318.81,0.54,0.51,2026-09-22,0143,N,nominal,2.0NRT,285.38,2.89,N
52.64176,-0.54677,297.69,0.49,0.48,2026-09-22,0143,N,nominal,2.0NRT,285.27,0.55,N
51.48646,6.72275,296.34,0.41,0.37,2026-09-22,0143,N,nominal,2.0NRT,279.46,0.89,N
51.48385,6.71573,296.92,0.41,0.37,2026-09-22,0143,N,nominal,2.0NRT,277.69,1.39,N
51.48307,6.72159,319.83,0.41,0.37,2026-09-22,0143,N,nominal,2.0NRT,280.14,0.89,N
51.47969,6.72043,303.54,0.41,0.37,2026-09-22,0143,N,nominal,2.0NRT,278.93,0.91,N
50.70198,11.29714,308.52,0.4,0.37,2026-09-22,0143,N,nominal,2.0NRT,279.86,1.32,N
51.26742,4.32671,299.67,0.47,0.4,2026-09-22,0143,N,nominal,2.0NRT,288.11,1.11,N
51.25503,4.33697,296.91,0.47,0.39,2026-09-22,0143,N,nominal,2.0NRT,285.95,0.64,N
51.17617,3.80925,318.85,0.48,0.4,2026-09-22,0143,N,nominal,2.0NRT,285.36,2.17,N
51.17541,3.8162,301.52,0.48,0.4,2026-09-22,0143,N,nominal,2.0NRT,283.23,1.07,N
51.17248,3.80823,312.83,0.48,0.4,2026-09-22,0143,N,nominal,2.0NRT,284.68,2.17,N
51.17173,3.81517,312.51,0.48,0.4,2026-09-22,0143,N,nominal,2.0NRT,283.45,1.07,N
51.17097,3.8221,295.18,0.48,0.4,2026-09-22,0143,N,nominal,2.0NRT,282.4,1.07,N
51.16804,3.81415,324.35,0.48,0.4,2026-09-22,0143,N,nominal,2.0NRT,284.26,1.38,N
51.16879,3.80721,303.46,0.48,0.4,2026-09-22,0143,N,nominal,2.0NRT,284.24,2.08,N
51.16729,3.82107,296.42,0.48,0.4,2026-09-22,0143,N,nominal,2.0NRT,282.6,1.38,N
51.16436,3.81312,300.01,0.48,0.4,2026-09-22,0143,N,nominal,2.0NRT,282.65,1.38,N
50.76375,5.66963,316.76,0.43,0.38,2026-09-22,0143,N,nominal,2.0NRT,283.45,1.18,N
51.04479,2.29686,334.11,0.54,0.42,2026-09-22,0143,N,nominal,2.0NRT,287.86,8.78,N
51.04403,2.30468,296.21,0.54,0.42,2026-09-22,0143,N,nominal,2.0NRT,283.89,8.78,N
51.04089,2.29591,296.95,0.54,0.42,2026-09-22,0143,N,nominal,2.0NRT,285.4,0.73,N
51.03383,2.2862,304.35,0.54,0.42,2026-09-22,0143,N,nominal,2.0NRT,284.52,1.8,N
51.03294,2.2539,301.43,0.55,0.42,2026-09-22,0143,N,nominal,2.0NRT,283.86,1.04,N
51.03067,2.27742,314.31,0.54,0.42,2026-09-22,0143,N,nominal,2.0NRT,284.86,1.8,N
51.02992,2.28524,303.71,0.54,0.42,2026-09-22,0143,N,nominal,2.0NRT,284.4,1.8,N
51.02752,2.26863,296.52,0.55,0.42,2026-09-22,0143,N,nominal,2.0NRT,284.22,0.68,N
51.02361,2.26767,295.75,0.55,0.42,2026-09-22,0143,N,nominal,2.0NRT,283.01,0.68,N
49.77051,11.02516,299.83,0.4,0.37,2026-09-22,0143,N,nominal,2.0NRT,280.13,0.59,N
49.7703,11.0242,297.7,0.4,0.37,2026-09-22,0143,N,nominal,2.0NRT,279.98,0.88,N
49.95514,9.76783,305.33,0.39,0.36,2026-09-22,0143,N,nominal,2.0NRT,280.82,1.12,N
50.57078,5.37059,302.86,0.43,0.38,2026-09-22,0143,N,nominal,2.0NRT,282.99,1.36,N
50.60154,3.48378,296.88,0.49,0.4,2026-09-22,0143,N,nominal,2.0NRT,284.49,1.44,N
50.83078,-1.36747,300.18,0.51,0.49,2026-09-22,0143,N,nominal,2.0NRT,287.78,1.4,N
50.4017,3.56369,296.69,0.48,0.4,2026-09-22,0143,N,nominal,2.0NRT,282.82,0.78,N
50.40074,3.56423,300.95,0.48,0.4,2026-09-22,0143,N,nominal,2.0NRT,283.14,0.55,N
50.8319,-1.3654,299.38,0.51,0.49,2026-09-22,0143,N,nominal,2.0NRT,287.98,1.23,N
47.13297,20.36579,301.06,0.32,0.55,2026-09-22,0143,N,nominal,2.0NRT,278.24,0.65,N
47.13185,20.36979,299.62,0.32,0.55,2026-09-22,0143,N,nominal,2.0NRT,278.95,0.65,N
48.27779,14.35099,298.23,0.51,0.41,2026-09-22,0143,N,nominal,2.0NRT,281.7,2.49,N
45.12176,25.41768,305.18,0.61,0.71,2026-09-22,0143,N,nominal,2.0NRT,278.39,2.52,N
45.95617,22.86803,300.21,0.45,0.63,2026-09-22,0143,N,nominal,2.0NRT,278.27,0.73,N
48.77748,10.70019,298.11,0.4,0.37,2026-09-22,0143,N,nominal,2.0NRT,279.76,0.67,N
49.5062,5.95931,312.7,0.41,0.37,2026-09-22,0143,N,nominal,2.0NRT,280.89,1.16,N
49.50281,5.95824,300.44,0.41,0.37,2026-09-22,0143,N,nominal,2.0NRT,279.95,1.16,N
49.46483,6.00499,297.96,0.41,0.37,2026-09-22,0143,N,nominal,2.0NRT,281.37,0.58,N
49.35895,6.75184,323.41,0.4,0.37,2026-09-22,0143,N,nominal,2.0NRT,282.8,1.36,N
49.35971,6.74643,307.05,0.4,0.37,2026-09-22,0143,N,nominal,2.0NRT,280.39,1.36,N
49.3586,6.7508,334.62,0.4,0.37,2026-09-22,0143,N,nominal,2.0NRT,284.49,3.1,N
49.35016,6.73665,328.83,0.4,0.37,2026-09-22,0143,N,nominal,2.0NRT,284.09,3.21,N
49.34861,6.74749,299.51,0.4,0.37,2026-09-22,0143,N,nominal,2.0NRT,282.26,0.51,N
49.24711,6.84922,298.62,0.39,0.37,2026-09-22,0143,N,nominal,2.0NRT,281.1,0.8,N
48.51128,10.85191,317.55,0.41,0.37,2026-09-22,0143,N,nominal,2.0NRT,277.88,1.87,N
48.33243,9.73101,299.22,0.39,0.36,2026-09-22,0143,N,nominal,2.0NRT,279.14,0.89,N
48.88438,6.05632,301.7,0.4,0.37,2026-09-22,0143,N,nominal,2.0NRT,280.54,0.53,N
48.59885,7.82338,315.61,0.38,0.36,2026-09-22,0143,N,nominal,2.0NRT,283.77,1.04,N
48.59558,7.82224,302.72,0.38,0.36,2026-09-22,0143,N,nominal,2.0NRT,282.55,1.04,N
46.73761,15.57094,299.99,0.41,0.45,2026-09-22,0143,N,nominal,2.0NRT,281.96,0.78,N
44.79436,22.36623,295.07,0.46,0.64,2026-09-22,0143,N,nominal,2.0NRT,280.76,0.99,N
44.79372,22.34745,301.18,0.46,0.64,2026-09-22,0143,N,nominal,2.0NRT,280.51,1.14,N
44.79135,22.35504,295.76,0.46,0.64,2026-09-22,0143,N,nominal,2.0NRT,280.87,0.99,N
44.78606,22.35118,313.13,0.46,0.64,2026-09-22,0143,N,nominal,2.0NRT,281.59,2.68,N
44.77594,22.34195,297.52,0.46,0.64,2026-09-22,0143,N,nominal,2.0NRT,280.2,1.11,N
45.25637,20.67947,325.62,0.38,0.58,2026-09-22,0143,N,nominal,2.0NRT,277.82,2.19,N
44.77845,22.34032,295.45,0.46,0.64,2026-09-22,0143,N,nominal,2.0NRT,279.54,0.73,N
44.7656,22.33994,295.83,0.46,0.64,2026-09-22,0143,N,nominal,2.0NRT,280.28,0.57,N
45.25434,20.67994,324.86,0.38,0.58,2026-09-22,0143,N,nominal,2.0NRT,276.62,2.44,N
44.74623,22.38179,298.33,0.46,0.64,2026-09-22,0143,N,nominal,2.0NRT,279.71,0.86,N
48.48529,4.93675,318.31,0.42,0.38,2026-09-22,0143,N,nominal,2.0NRT,280.57,1.35,N
44.62809,22.67714,338.18,0.48,0.65,2026-09-22,0143,N,nominal,2.0NRT,284.72,5.1,N
44.62626,22.68298,297.61,0.48,0.65,2026-09-22,0143,N,nominal,2.0NRT,283.01,2.31,N
45.22539,20.6575,306.8,0.38,0.58,2026-09-22,0143,N,nominal,2.0NRT,276.36,0.94,N
44.36588,23.16051,301.12,0.51,0.66,2026-09-22,0143,N,nominal,2.0NRT,279.7,0.69,N
44.36579,23.16083,301.77,0.51,0.66,2026-09-22,0143,N,nominal,2.0NRT,280.14,0.76,N
44.49908,22.67684,295.85,0.49,0.65,2026-09-22,0143,N,nominal,2.0NRT,280.65,0.75,N
44.36822,23.04674,304.98,0.51,0.66,2026-09-22,0143,N,nominal,2.0NRT,280.18,1.15,N
44.36635,23.05259,296.24,0.51,0.66,2026-09-22,0143,N,nominal,2.0NRT,279.62,1.15,N
44.35874,23.05513,304.77,0.51,0.66,2026-09-22,0143,N,nominal,2.0NRT,280.53,1.55,N
44.35492,23.04583,310.76,0.51,0.66,2026-09-22,0143,N,nominal,2.0NRT,280.13,3.04,N
44.35307,23.05161,314.69,0.51,0.66,2026-09-22,0143,N,nominal,2.0NRT,279.57,1.55,N
44.35121,23.05739,297.29,0.51,0.66,2026-09-22,0143,N,nominal,2.0NRT,279.63,1.55,N
45.13669,20.4251,295.82,0.37,0.58,2026-09-22,0143,N,nominal,2.0NRT,276.07,0.88,N
44.83661,20.93297,302.06,0.4,0.6,2026-09-22,0143,N,nominal,2.0NRT,278.4,0.6,N
44.0743,23.15541,341.13,0.52,0.67,2026-09-22,0143,N,nominal,2.0NRT,280.54,3.53,N
44.07631,23.14919,299.86,0.52,0.67,2026-09-22,0143,N,nominal,2.0NRT,279.45,3.53,N
43.97539,23.3738,298.6,0.54,0.68,2026-09-22,0143,N,nominal,2.0NRT,279.67,0.77,N
43.96959,23.3702,311.74,0.54,0.68,2026-09-22,0143,N,nominal,2.0NRT,279.59,2.49,N
43.83955,23.72054,300.03,0.56,0.69,2026-09-22,0143,N,nominal,2.0NRT,279.55,1.31,N
43.83366,23.71683,308.91,0.56,0.69,2026-09-22,0143,N,nominal,2.0NRT,280.28,1.31,N
43.97191,23.3734,325.26,0.54,0.68,2026-09-22,0143,N,nominal,2.0NRT,280.22,2.76,N
45.09751,19.59987,333.11,0.34,0.56,2026-09-22,0143,N,nominal,2.0NRT,279.47,0.96,N
45.09636,19.60399,298.49,0.34,0.56,2026-09-22,0143,N,nominal,2.0NRT,277.67,0.96,N
45.0926,19.59729,298.29,0.34,0.56,2026-09-22,0143,N,nominal,2.0NRT,276.76,0.96,N
43.83773,23.72147,310.85,0.57,0.69,2026-09-22,0143,N,nominal,2.0NRT,280.24,1.82,N
45.05072,19.64626,295.69,0.34,0.56,2026-09-22,0143,N,nominal,2.0NRT,276.09,0.5,N
45.01003,19.7103,315.47,0.35,0.56,2026-09-22,0143,N,nominal,2.0NRT,277.09,1.17,N
45.06789,19.48485,302.85,0.34,0.56,2026-09-22,0143,N,nominal,2.0NRT,275.53,0.91,N
45.05415,19.53375,295.01,0.34,0.56,2026-09-22,0143,N,nominal,2.0NRT,276.2,0.39,N
43.72549,23.84492,303.03,0.58,0.69,2026-09-22,0143,N,nominal,2.0NRT,280.36,1.86,N
45.04322,19.53263,300.39,0.34,0.56,2026-09-22,0143,N,nominal,2.0NRT,276.13,0.71,N
43.71957,23.8411,309.53,0.58,0.69,2026-09-22,0143,N,nominal,2.0NRT,279.44,1.86,N
44.59903,20.9792,307.23,0.4,0.6,2026-09-22,0143,N,nominal,2.0NRT,279.72,0.94,N
43.72495,23.84227,299.96,0.58,0.7,2026-09-22,0143,N,nominal,2.0NRT,280,2.76,N
43.7227,23.84914,309.61,0.58,0.7,2026-09-22,0143,N,nominal,2.0NRT,280.41,2.49,N
44.60092,20.97644,299.9,0.4,0.6,2026-09-22,0143,N,nominal,2.0NRT,280.01,0.89,N
44.59571,20.97337,309.57,0.4,0.6,2026-09-22,0143,N,nominal,2.0NRT,278.42,0.89,N
44.84404,20.07367,313.19,0.36,0.58,2026-09-22,0143,N,nominal,2.0NRT,277.12,1.1,N
44.83905,20.07082,296.82,0.36,0.58,2026-09-22,0143,N,nominal,2.0NRT,275.64,0.56,N
43.27606,24.84768,306.73,0.66,0.73,2026-09-22,0143,N,nominal,2.0NRT,281.33,2.05,N
44.80664,19.96136,295.13,0.36,0.57,2026-09-22,0143,N,nominal,2.0NRT,277.7,0.59,N
43.27372,24.84979,316.8,0.66,0.73,2026-09-22,0143,N,nominal,2.0NRT,281.66,2.2,N
43.4091,24.24996,295.77,0.62,0.71,2026-09-22,0143,N,nominal,2.0NRT,281.38,0.84,N
43.40304,24.24605,304.01,0.62,0.71,2026-09-22,0143,N,nominal,2.0NRT,282.35,1.3,N
46.22817,13.07689,298.98,0.5,0.41,2026-09-22,0143,N,nominal,2.0NRT,287.32,1.14,N
46.07024,13.62507,301.01,0.53,0.42,2026-09-22,0143,N,nominal,2.0NRT,287.28,0.88,N
45.28193,14.52824,321.05,0.4,0.44,2026-09-22,0143,N,nominal,2.0NRT,291.49,1.67,N
45.52024,11.50095,308.5,0.46,0.39,2026-09-22,0143,N,nominal,2.0NRT,288.21,0.78,N
45.51674,11.49948,313.87,0.46,0.39,2026-09-22,0143,N,nominal,2.0NRT,286.45,0.78,N
44.07557,17.47319,330.44,0.58,0.52,2026-09-22,0143,N,nominal,2.0NRT,278.31,4.74,N
44.07729,17.46662,314.21,0.58,0.52,2026-09-22,0143,N,nominal,2.0NRT,277.1,4.74,N
43.09291,20.87785,305.27,0.44,0.63,2026-09-22,0143,N,nominal,2.0NRT,276.94,1.01,N
45.68233,9.46542,303.76,0.4,0.37,2026-09-22,0143,N,nominal,2.0NRT,288.3,0.78,N
45.51587,10.34751,303.29,0.42,0.38,2026-09-22,0143,N,nominal,2.0NRT,289.38,0.52,N
45.50912,10.24867,303.19,0.42,0.38,2026-09-22,0143,N,nominal,2.0NRT,290.92,1.51,N
45.45852,10.45725,298.68,0.43,0.38,2026-09-22,0143,N,nominal,2.0NRT,288.09,0.95,N
45.47817,10.21325,306.63,0.42,0.38,2026-09-22,0143,N,nominal,2.0NRT,288.02,0.74,N
43.63899,17.58233,319.55,0.6,0.53,2026-09-22,0143,N,nominal,2.0NRT,277.34,3.3,N
43.6375,17.5879,307.68,0.6,0.53,2026-09-22,0143,N,nominal,2.0NRT,275.83,2.37,N
43.10071,18.70038,307.79,0.35,0.57,2026-09-22,0143,N,nominal,2.0NRT,275.06,0.8,N
42.93122,18.78018,298.11,0.36,0.57,2026-09-22,0143,N,nominal,2.0NRT,279.57,0.42,N
43.54062,16.43881,302.49,0.54,0.51,2026-09-22,0143,N,nominal,2.0NRT,291.21,1.17,N
42.8269,18.84483,305.91,0.36,0.58,2026-09-22,0143,N,nominal,2.0NRT,281.09,1.25,N
42.81882,18.85297,297.21,0.36,0.58,2026-09-22,0143,N,nominal,2.0NRT,280.91,0.51,N
42.82757,18.85002,295.65,0.36,0.58,2026-09-22,0143,N,nominal,2.0NRT,280.7,0.59,N
42.82403,18.84199,297.38,0.36,0.58,2026-09-22,0143,N,nominal,2.0NRT,280.55,1.08,N
42.7633,18.60785,297.39,0.36,0.57,2026-09-22,0145,N,nominal,2.0NRT,281.31,0.89,N
42.45399,19.24887,301.05,0.39,0.59,2026-09-22,0145,N,nominal,2.0NRT,282.8,1.28,N
42.4527,19.25342,299.03,0.39,0.59,2026-09-22,0145,N,nominal,2.0NRT,284.46,1.2,N
42.40967,19.19596,308.74,0.39,0.59,2026-09-22,0145,N,nominal,2.0NRT,282.35,1.15,N
45.22973,5.66894,298.32,0.39,0.36,2026-09-22,0145,N,nominal,2.0NRT,285.72,0.55,N
42.283,19.323,349.4,0.4,0.6,2026-09-22,0145,N,nominal,2.0NRT,285.88,6.67,N
45.07371,5.87328,297.4,0.39,0.36,2026-09-22,0145,N,nominal,2.0NRT,286.08,0.61,N
43.36605,12.54382,303.56,0.54,0.42,2026-09-22,0145,N,nominal,2.0NRT,287.64,1.2,N
43.36567,12.54379,304.68,0.54,0.42,2026-09-22,0145,N,nominal,2.0NRT,287.67,0.96,N
42.57013,12.67302,304.69,0.57,0.43,2026-09-22,0145,N,nominal,2.0NRT,288.5,1.12,N
42.5726,12.67458,307.65,0.57,0.43,2026-09-22,0145,N,nominal,2.0NRT,288.78,1.77,N
42.93092,10.53534,301.63,0.46,0.39,2026-09-22,0145,N,nominal,2.0NRT,290.54,0.4,N
43.44849,4.8957,309.4,0.39,0.36,2026-09-22,0145,N,nominal,2.0NRT,290.72,1.03,N
43.44447,4.89961,310.94,0.39,0.36,2026-09-22,0145,N,nominal,2.0NRT,291.13,2.02,N
43.43729,4.87759,329.1,0.39,0.36,2026-09-22,0145,N,nominal,2.0NRT,290.93,5.19,N
43.4366,4.88241,326.01,0.39,0.36,2026-09-22,0145,N,nominal,2.0NRT,290.19,4,N
43.43536,4.88019,315.1,0.39,0.36,2026-09-22,0145,N,nominal,2.0NRT,289.22,1.79,N
40.48828,16.86446,298.28,0.34,0.56,2026-09-22,0145,N,nominal,2.0NRT,273.63,0.94,N
43.5382,-5.83388,336.84,0.35,0.57,2026-09-22,0145,N,nominal,2.0NRT,289.52,1.8,N
43.53798,-5.82929,302.78,0.35,0.57,2026-09-22,0145,N,nominal,2.0NRT,287.99,1.8,N
43.52792,-5.73243,304.95,0.35,0.57,2026-09-22,0145,N,nominal,2.0NRT,288.73,1.25,N
43.52771,-5.72809,302.85,0.35,0.57,2026-09-22,0145,N,nominal,2.0NRT,288.6,0.73,N
43.52264,-5.73303,303.32,0.35,0.57,2026-09-22,0145,N,nominal,2.0NRT,287.84,0.96,N
43.52447,-5.73364,303.94,0.35,0.57,2026-09-22,0145,N,nominal,2.0NRT,288.97,0.77,N
43.52423,-5.72924,301.6,0.35,0.57,2026-09-22,0145,N,nominal,2.0NRT,288.17,0.77,N
40.04681,16.55765,303.85,0.34,0.56,2026-09-22,0145,N,nominal,2.0NRT,286.61,0.14,N
42.70203,1.77173,295.12,0.46,0.39,2026-09-22,0145,N,nominal,2.0NRT,276.68,0.42,N
42.69484,1.76998,319.39,0.46,0.39,2026-09-22,0145,N,nominal,2.0NRT,275.7,2.04,N
43.03942,-2.22035,296.64,0.46,0.47,2026-09-22,0145,N,nominal,2.0NRT,279.26,0.46,N
43.03504,-2.22107,295.73,0.46,0.47,2026-09-22,0145,N,nominal,2.0NRT,278.53,0.46,N
42.5523,1.53591,329.36,0.47,0.4,2026-09-22,0145,N,nominal,2.0NRT,286.14,5.13,N
42.55167,-6.76943,307.43,0.39,0.59,2026-09-22,0145,N,nominal,2.0NRT,288.43,0.65,N
41.31365,1.66123,299.62,0.45,0.39,2026-09-22,0145,N,nominal,2.0NRT,278.44,0.87,N
41.47525,-1.48541,295.37,0.41,0.45,2026-09-22,0145,N,nominal,2.0NRT,283.67,0.34,N
41.73677,-8.34436,304.78,0.46,0.64,2026-09-22,0145,N,nominal,2.0NRT,292.8,0.9,N
41.6055,-8.01069,354.68,0.44,0.62,2026-09-22,0145,N,nominal,2.0NRT,292.37,3.96,N
41.60575,-8.01705,301.23,0.44,0.62,2026-09-22,0145,N,nominal,2.0NRT,290.09,3.96,N
41.27285,-8.58195,306.4,0.47,0.64,2026-09-22,0145,N,nominal,2.0NRT,292.08,1.23,N
40.24458,-3.47807,305.34,0.5,0.49,2026-09-22,0145,N,nominal,2.0NRT,288.93,2.37,N
40.24409,-3.47209,313.43,0.5,0.49,2026-09-22,0145,N,nominal,2.0NRT,289.7,2.12,N
40.28845,-8.42159,300.98,0.45,0.63,2026-09-22,0145,N,nominal,2.0NRT,290.28,0.94,N
36.90376,14.72647,299.62,0.32,0.55,2026-09-22,0145,N,nominal,2.0NRT,288.02,0.34,N
39.84462,-7.62124,319.41,0.41,0.61,2026-09-22,0145,N,nominal,2.0NRT,289.68,1.78,N
39.84003,-7.77563,310.33,0.42,0.61,2026-09-22,0145,N,nominal,2.0NRT,290.28,1.25,N
39.83982,-7.77063,318.54,0.42,0.61,2026-09-22,0145,N,nominal,2.0NRT,291.27,1.25,N
39.84267,-7.62179,316.98,0.41,0.6,2026-09-22,0145,N,nominal,2.0NRT,288.86,1.02,N
39.83871,-7.77101,321.44,0.42,0.61,2026-09-22,0145,N,nominal,2.0NRT,291.28,2.16,N
39.83895,-7.77599,306.57,0.42,0.61,2026-09-22,0145,N,nominal,2.0NRT,290.17,1.84,N
39.50032,-9.16147,327.54,0.49,0.65,2026-09-22,0145,N,nominal,2.0NRT,289.97,2.7,N
39.50014,-9.15589,303.65,0.49,0.65,2026-09-22,0145,N,nominal,2.0NRT,288.72,2.7,N
39.5005,-9.16063,334.24,0.49,0.65,2026-09-22,0145,N,nominal,2.0NRT,289.97,4.47,N
38.91927,-9.01289,303.72,0.48,0.64,2026-09-22,0147,N,nominal,2.0NRT,293.14,1.01,N
36.88208,6.96075,305.37,0.42,0.38,2026-09-22,0147,N,nominal,2.0NRT,291.3,1.02,N
36.87783,6.94469,324.19,0.42,0.38,2026-09-22,0147,N,nominal,2.0NRT,291.41,2.29,N
36.8787,6.93999,303.35,0.42,0.38,2026-09-22,0147,N,nominal,2.0NRT,292.09,0.99,N
36.87089,6.98218,312.42,0.43,0.38,2026-09-22,0147,N,nominal,2.0NRT,291.82,1.05,N
36.87635,6.94733,322.75,0.42,0.38,2026-09-22,0147,N,nominal,2.0NRT,291.16,1.93,N
36.8772,6.94262,306.28,0.42,0.38,2026-09-22,0147,N,nominal,2.0NRT,291.52,1.59,N
36.86952,6.98486,318.58,0.43,0.38,2026-09-22,0147,N,nominal,2.0NRT,292.12,0.94,N
36.1584,10.28483,302.71,0.4,0.44,2026-09-22,0147,N,nominal,2.0NRT,290.6,0.6,N
36.74572,6.25688,331.34,0.41,0.37,2026-09-22,0147,N,nominal,2.0NRT,292.89,7.17,N
36.74315,6.25143,302.11,0.41,0.37,2026-09-22,0147,N,nominal,2.0NRT,291.74,1.11,N
36.74854,3.08163,325.36,0.39,0.36,2026-09-22,0147,N,nominal,2.0NRT,292.53,1.92,N
36.33489,5.48085,313.04,0.4,0.37,2026-09-22,0147,N,nominal,2.0NRT,288.02,1.06,N
36.68041,3.12404,304.53,0.39,0.36,2026-09-22,0147,N,nominal,2.0NRT,292.92,0.55,N
36.67596,2.99335,302.77,0.39,0.36,2026-09-22,0147,N,nominal,2.0NRT,289.48,0.31,N
36.17927,5.57019,303.95,0.4,0.37,2026-09-22,0147,N,nominal,2.0NRT,285,0.86,N
36.59748,2.93242,306.6,0.39,0.36,2026-09-22,0147,N,nominal,2.0NRT,289.26,0.65,N
36.59858,2.87878,306.19,0.39,0.36,2026-09-22,0147,N,nominal,2.0NRT,290.71,0.96,N
36.47373,2.74682,302.26,0.39,0.36,2026-09-22,0147,N,nominal,2.0NRT,288.15,0.7,N
36.96716,-1.90419,306.61,0.57,0.43,2026-09-22,0147,N,nominal,2.0NRT,292.32,2.36,N
36.96612,-1.9055,308.14,0.57,0.43,2026-09-22,0147,N,nominal,2.0NRT,292.19,1.65,N
36.14032,2.93008,304.46,0.39,0.36,2026-09-22,0147,N,nominal,2.0NRT,286.17,0.76,N
35.87828,4.44891,316.69,0.39,0.36,2026-09-22,0147,N,nominal,2.0NRT,290.78,1.15,N
35.01844,8.52574,298.31,0.52,0.41,2026-09-22,0147,N,nominal,2.0NRT,286.33,0.61,N
35.71033,4.47556,313.55,0.39,0.36,2026-09-22,0147,N,nominal,2.0NRT,291.17,1.19,N
35.34901,5.76366,321.33,0.41,0.37,2026-09-22,0147,N,nominal,2.0NRT,289.58,2.04,N
65.75668,24.52464,298.01,0.41,0.37,2026-09-22,0139,N,nominal,2.0NRT,278.72,0.75,N
65.76956,24.1943,341.54,0.41,0.37,2026-09-22,0139,N,nominal,2.0NRT,280.6,5.28,N
65.76645,24.1906,324.93,0.41,0.37,2026-09-22,0139,N,nominal,2.0NRT,278.01,2.91,N
65.56428,22.22947,323.25,0.39,0.36,2026-09-22,0139,N,nominal,2.0NRT,280.46,1.73,N
65.56267,22.21814,341.16,0.39,0.36,2026-09-22,0139,N,nominal,2.0NRT,280.19,3.17,N
65.56416,22.2102,310.17,0.39,0.36,2026-09-22,0139,N,nominal,2.0NRT,277.79,3.17,N
65.56118,22.22606,319.4,0.39,0.36,2026-09-22,0139,N,nominal,2.0NRT,276.95,1.44,N
64.65575,24.43756,296.72,0.43,0.38,2026-09-22,0141,N,nominal,2.0NRT,278.8,0.7,N
64.64625,24.42658,329.79,0.43,0.38,2026-09-22,0141,N,nominal,2.0NRT,282.54,6.25,N
64.64337,24.403,305.24,0.43,0.38,2026-09-22,0141,N,nominal,2.0NRT,279.72,1.01,N
64.6402,24.39934,300.09,0.43,0.38,2026-09-22,0141,N,nominal,2.0NRT,281.3,1.71,N
63.70008,22.71262,295.22,0.42,0.38,2026-09-22,0141,N,nominal,2.0NRT,279.4,0.67,N
60.29851,25.52184,339.73,0.39,0.44,2026-09-22,0141,N,nominal,2.0NRT,284.62,9.9,N
59.3856,28.45638,299.49,0.5,0.49,2026-09-22,0141,N,nominal,2.0NRT,279.7,1.81,N
59.38328,28.46421,302.69,0.5,0.49,2026-09-22,0141,N,nominal,2.0NRT,278.93,1.11,N
59.38778,28.46279,298.64,0.5,0.49,2026-09-22,0141,N,nominal,2.0NRT,279.2,1.32,N
59.38381,28.45828,308.83,0.5,0.49,2026-09-22,0141,N,nominal,2.0NRT,279.21,1.32,N
60.61072,16.78951,296.29,0.39,0.36,2026-09-22,0141,N,nominal,2.0NRT,278.51,1.03,N
57.71047,18.80579,303.15,0.45,0.39,2026-09-22,0143,N,nominal,2.0NRT,283.31,1.03,N
59.12687,9.61766,307.99,0.42,0.38,2026-09-22,0143,N,nominal,2.0NRT,282.35,0.91,N
57.06143,9.97682,330.31,0.4,0.37,2026-09-22,0143,N,nominal,2.0NRT,285.61,2.85,N
49.81057,2.42803,296.1,0.53,0.67,2026-09-22,0323,N,nominal,2.0NRT,280.59,0.58,N
50.82961,-1.36599,301.68,0.35,0.57,2026-09-22,0323,N,nominal,2.0NRT,286.56,1.3,N
43.52668,-5.73196,308.03,0.38,0.59,2026-09-22,0325,N,nominal,2.0NRT,283.52,1.44,N
43.52536,-5.72737,296.77,0.38,0.59,2026-09-22,0325,N,nominal,2.0NRT,283.23,0.74,N
43.52155,-5.73462,309.19,0.38,0.59,2026-09-22,0325,N,nominal,2.0NRT,281.34,1.13,N
40.24687,-3.47606,314.89,0.6,0.71,2026-09-22,0325,N,nominal,2.0NRT,289.32,2.63,N
40.2457,-3.47134,308.42,0.6,0.71,2026-09-22,0325,N,nominal,2.0NRT,288.46,1.86,N
41.27534,-8.58418,304.38,0.32,0.55,2026-09-22,0328,N,nominal,2.0NRT,293.35,0.81,N
41.07509,-8.16296,300.56,0.34,0.56,2026-09-22,0328,N,nominal,2.0NRT,289.98,0.31,N
40.28756,-8.41943,304.96,0.35,0.56,2026-09-22,0328,N,nominal,2.0NRT,289.81,1.1,N
39.8389,-7.77294,318.63,0.38,0.59,2026-09-22,0328,N,nominal,2.0NRT,290.27,0.99,N
39.83824,-7.77475,307.73,0.38,0.59,2026-09-22,0328,N,nominal,2.0NRT,289.38,0.6,N
39.6865,-8.90637,306.42,0.34,0.56,2026-09-22,0328,N,nominal,2.0NRT,292.11,0.86,N
38.92315,-9.00965,305.29,0.35,0.57,2026-09-22,0328,N,nominal,2.0NRT,293.33,1.05,N
38.62801,-9.0777,306.01,0.35,0.57,2026-09-22,0328,N,nominal,2.0NRT,292.98,0.49,N
34.58705,-6.02696,303.23,0.65,0.73,2026-09-22,0328,N,nominal,2.0NRT,290.75,1.04,N
65.77065,24.19102,315.64,0.42,0.61,2026-09-22,0317,N,nominal,2.0NRT,276.17,1.9,N
65.76767,24.19719,313.43,0.42,0.61,2026-09-22,0317,N,nominal,2.0NRT,278.26,1.9,N
65.56541,22.2194,334.31,0.39,0.6,2026-09-22,0317,N,nominal,2.0NRT,278.05,2.06,N
65.56273,22.22532,308.26,0.39,0.6,2026-09-22,0317,N,nominal,2.0NRT,277.34,2.06,N
60.48884,15.44784,303.01,0.5,0.66,2026-09-22,0319,N,nominal,2.0NRT,274.93,1.23,N
57.06067,9.97902,316.39,0.5,0.66,2026-09-22,0321,N,nominal,2.0NRT,281.27,2.06,N
58.30715,-1.77056,314.05,0.39,0.44,2026-09-22,0321,N,nominal,2.0NRT,284.61,1.2,N
53.52185,9.90626,305.7,0.7,0.75,2026-09-22,0321,N,nominal,2.0NRT,279.2,1.35,N
53.13623,8.67857,302.34,0.66,0.73,2026-09-22,0321,N,nominal,2.0NRT,279,2.01,N
53.13485,8.6776,296.68,0.66,0.73,2026-09-22,0321,N,nominal,2.0NRT,278.23,1.81,N
53.63561,-0.24335,311.37,0.62,0.54,2026-09-22,0323,N,nominal,2.0NRT,287.45,2.53,N
53.56664,-0.59689,320.12,0.6,0.53,2026-09-22,0323,N,nominal,2.0NRT,287.12,3.4,N
53.5691,-0.60515,316.24,0.6,0.53,2026-09-22,0323,N,nominal,2.0NRT,285.76,3.79,N
53.58262,-0.62144,298.43,0.6,0.53,2026-09-22,0323,N,nominal,2.0NRT,286.34,0.88,N
53.5708,-0.59989,308.45,0.6,0.53,2026-09-22,0323,N,nominal,2.0NRT,286.19,1.54,N
53.56839,-0.59166,300.1,0.6,0.53,2026-09-22,0323,N,nominal,2.0NRT,286.24,1.54,N
53.56635,-0.60361,314.98,0.6,0.53,2026-09-22,0323,N,nominal,2.0NRT,285.81,1.75,N
53.56393,-0.59536,301.41,0.6,0.53,2026-09-22,0323,N,nominal,2.0NRT,285.98,1.75,N
50.76227,5.66906,301.53,0.64,0.72,2026-09-22,0323,N,nominal,2.0NRT,280.51,1.81,N
52.64233,-0.54705,300.24,0.33,0.55,2026-09-22,0323,N,nominal,2.0NRT,285,0.63,N
51.79602,0.32739,296.03,0.37,0.58,2026-09-22,0323,N,nominal,2.0NRT,282.81,0.31,N
65.56392,22.22068,329.45,0.6,0.71,2026-09-22,0813,N,nominal,2.0NRT,281.57,4.7,D
45.86391,29.5495,328.03,0.61,0.71,2026-09-22,0949,N,nominal,2.0NRT,292.3,4.12,D
46.5049,30.62925,367,0.52,0.67,2026-09-22,0949,N,high,2.0NRT,305.78,54.34,D
36.94994,31.11909,331.58,0.52,0.41,2026-09-22,1125,N,nominal,2.0NRT,299.82,1.69,D
37.84323,31.76685,341.67,0.57,0.43,2026-09-22,1125,N,nominal,2.0NRT,303.43,8.94,D
37.84722,31.7662,349.17,0.57,0.43,2026-09-22,1125,N,nominal,2.0NRT,307.99,32.54,D
38.25286,32.24413,347.24,0.41,0.45,2026-09-22,1125,N,nominal,2.0NRT,295.62,11.4,D
38.82641,33.84878,346.6,0.5,0.49,2026-09-22,1128,N,nominal,2.0NRT,301.1,7.33,D
38.82723,33.84679,343.56,0.5,0.49,2026-09-22,1128,N,nominal,2.0NRT,302.73,6.96,D
38.76425,32.63789,340.1,0.43,0.46,2026-09-22,1128,N,nominal,2.0NRT,298.52,3.14,D
38.76847,32.63717,346.06,0.43,0.46,2026-09-22,1128,N,nominal,2.0NRT,300.26,6.85,D
38.56708,29.31692,330.25,0.46,0.39,2026-09-22,1128,N,nominal,2.0NRT,297.19,9.34,D
38.9509,32.85546,352.93,0.44,0.46,2026-09-22,1128,N,nominal,2.0NRT,304.55,53.87,D
39.11339,34.53704,331.69,0.55,0.51,2026-09-22,1128,N,nominal,2.0NRT,300.42,3.82,D
39.00739,32.00442,354.56,0.4,0.44,2026-09-22,1128,N,nominal,2.0NRT,301.98,12.21,D
39.13791,33.4236,341.88,0.48,0.48,2026-09-22,1128,N,nominal,2.0NRT,301.52,3.83,D
39.26555,33.8014,331.4,0.5,0.49,2026-09-22,1128,N,nominal,2.0NRT,298.58,3.18,D
39.10071,31.90679,338.32,0.4,0.44,2026-09-22,1128,N,nominal,2.0NRT,297.97,1.94,D
39.10027,31.90216,341.77,0.4,0.44,2026-09-22,1128,N,nominal,2.0NRT,304.29,4.97,D
39.1049,31.86401,340.33,0.4,0.44,2026-09-22,1128,N,nominal,2.0NRT,302.89,33.29,D
39.31683,33.59062,338.19,0.49,0.49,2026-09-22,1128,N,nominal,2.0NRT,303,4.86,D
39.42437,34.89721,347.59,0.58,0.52,2026-09-22,1128,N,nominal,2.0NRT,305.12,10.18,D
39.41789,33.69725,339.86,0.5,0.49,2026-09-22,1128,N,nominal,2.0NRT,298.98,4.55,D
60.29766,25.52316,350.88,0.51,0.5,2026-09-22,0952,N,nominal,2.0NRT,289.78,7.77,D
39.40825,33.5806,341.5,0.49,0.49,2026-09-22,1128,N,nominal,2.0NRT,300.03,7.43,D
39.40773,33.57448,341.21,0.49,0.49,2026-09-22,1128,N,nominal,2.0NRT,300.23,7.43,D
39.51972,34.89289,339.89,0.58,0.52,2026-09-22,1128,N,nominal,2.0NRT,303.58,9.43,D
39.4399,33.74219,342.41,0.5,0.49,2026-09-22,1128,N,nominal,2.0NRT,302.74,13.9,D
39.5149,34.26387,340.52,0.53,0.5,2026-09-22,1128,N,nominal,2.0NRT,297.17,8.18,D
39.23,31.16296,337.95,0.55,0.43,2026-09-22,1128,N,nominal,2.0NRT,305.9,10.09,D
39.22893,31.16187,346.75,0.55,0.43,2026-09-22,1128,N,nominal,2.0NRT,305.26,14.78,D
39.51719,34.26191,350.12,0.53,0.5,2026-09-22,1128,N,nominal,2.0NRT,294.51,23.06,D
39.63541,34.82618,337.37,0.57,0.52,2026-09-22,1128,N,nominal,2.0NRT,299.04,6.64,D
39.57355,33.85468,334.58,0.51,0.49,2026-09-22,1128,N,nominal,2.0NRT,298.6,2.96,D
39.47533,32.04526,343.42,0.41,0.45,2026-09-22,1128,N,nominal,2.0NRT,305.69,8.42,D
39.40558,31.29667,341.99,0.56,0.43,2026-09-22,1128,N,nominal,2.0NRT,307.3,11.93,D
39.40955,31.29598,351.9,0.56,0.43,2026-09-22,1128,N,nominal,2.0NRT,305.87,14.54,D
39.64416,33.81412,344.53,0.51,0.49,2026-09-22,1128,N,nominal,2.0NRT,302.19,8.07,D
39.91306,33.89793,344.3,0.52,0.5,2026-09-22,1128,N,nominal,2.0NRT,296.7,7.15,D
39.71171,31.07663,340.21,0.56,0.43,2026-09-22,1128,N,nominal,2.0NRT,285.83,5.69,D
37.49535,13.30191,367,0.4,0.6,2026-09-22,1128,N,high,2.0NRT,299.49,15.04,D
37.49654,13.30631,336.97,0.4,0.6,2026-09-22,1128,N,nominal,2.0NRT,294.96,19.24,D
37.5009,13.30055,367,0.4,0.6,2026-09-22,1128,N,high,2.0NRT,297.79,15.04,D
36.50999,9.19145,336.01,0.69,0.74,2026-09-22,1128,N,nominal,2.0NRT,294.89,6.81,D
36.51051,9.19051,334.12,0.69,0.74,2026-09-22,1128,N,nominal,2.0NRT,294.71,6.51,D
36.35672,8.63665,330.1,0.74,0.76,2026-09-22,1128,N,nominal,2.0NRT,296.41,3.99,D
37.70686,13.10301,333.46,0.41,0.6,2026-09-22,1128,N,nominal,2.0NRT,290.3,13.95,D
37.70557,13.09826,355.46,0.41,0.6,2026-09-22,1128,N,nominal,2.0NRT,294.8,13.95,D
37.73808,12.76444,333.58,0.42,0.61,2026-09-22,1128,N,nominal,2.0NRT,298.72,4.65,D
36.85033,9.50695,337.09,0.65,0.73,2026-09-22,1128,N,nominal,2.0NRT,295.12,10.33,D
36.88702,9.53086,334.75,0.65,0.73,2026-09-22,1128,N,nominal,2.0NRT,293.44,4.84,D
37.92439,13.01355,367,0.41,0.6,2026-09-22,1128,N,high,2.0NRT,295.73,37,D
37.92314,13.00896,342.1,0.41,0.6,2026-09-22,1128,N,nominal,2.0NRT,295.77,27.17,D
36.90941,9.43759,332.94,0.66,0.73,2026-09-22,1128,N,nominal,2.0NRT,292.36,3.74,D
36.91614,9.41182,367,0.66,0.73,2026-09-22,1128,N,high,2.0NRT,297.78,10.09,D
36.98376,9.63253,337.62,0.64,0.72,2026-09-22,1128,N,nominal,2.0NRT,294.11,5.84,D
36.91011,9.4323,355.76,0.66,0.73,2026-09-22,1128,N,nominal,2.0NRT,295.41,13.92,D
36.91899,9.41378,338.68,0.66,0.73,2026-09-22,1128,N,nominal,2.0NRT,296.75,11.19,D
36.91701,9.40746,337.04,0.66,0.73,2026-09-22,1128,N,nominal,2.0NRT,295.6,6.38,D
39.95582,18.11566,335.63,0.4,0.44,2026-09-22,1128,N,nominal,2.0NRT,300.74,1.59,D
40.37172,19.53793,333.58,0.51,0.41,2026-09-22,1128,N,nominal,2.0NRT,299.61,4.81,D
40.39399,18.19243,336.89,0.39,0.44,2026-09-22,1128,N,nominal,2.0NRT,301.27,2.91,D
41.03632,19.78604,328.38,0.49,0.4,2026-09-22,1128,N,low,2.0NRT,300.5,2.91,D
41.20661,19.51453,332.81,0.5,0.41,2026-09-22,1128,N,nominal,2.0NRT,303.93,3.49,D
40.49636,15.50476,329.59,0.52,0.5,2026-09-22,1128,N,nominal,2.0NRT,297.38,4.82,D
41.61753,20.32904,367,0.46,0.39,2026-09-22,1128,N,high,2.0NRT,299.9,18.65,D
41.5168,19.67173,329.18,0.48,0.4,2026-09-22,1128,N,low,2.0NRT,303.83,5.9,D
41.51569,19.66604,344.23,0.48,0.4,2026-09-22,1128,N,nominal,2.0NRT,307.77,5.9,D
41.51929,19.66476,345.86,0.48,0.4,2026-09-22,1128,N,nominal,2.0NRT,306.66,5.9,D
41.5254,19.65652,339.58,0.48,0.4,2026-09-22,1128,N,nominal,2.0NRT,307.37,8.84,D
41.51851,19.66981,333.93,0.48,0.4,2026-09-22,1128,N,nominal,2.0NRT,306.73,9.11,D
41.51736,19.66413,343.01,0.48,0.4,2026-09-22,1128,N,nominal,2.0NRT,307.63,4.29,D
41.52098,19.66286,329.91,0.48,0.4,2026-09-22,1128,N,nominal,2.0NRT,303.25,4.29,D
41.52705,19.65464,350.17,0.48,0.4,2026-09-22,1128,N,nominal,2.0NRT,307.93,15.23,D
41.79298,20.38715,332.04,0.45,0.39,2026-09-22,1128,N,nominal,2.0NRT,298.95,5.32,D
40.97461,16.02023,344.49,0.48,0.48,2026-09-22,1128,N,nominal,2.0NRT,300.88,7.85,D
43.01064,24.40871,340.18,0.38,0.36,2026-09-22,1128,N,nominal,2.0NRT,293.57,4.16,D
43.01392,24.40779,328.88,0.38,0.36,2026-09-22,1128,N,nominal,2.0NRT,293.42,4.2,D
41.08195,14.60626,341.41,0.56,0.51,2026-09-22,1128,N,nominal,2.0NRT,297.37,25.44,D
41.07982,14.59779,340.23,0.56,0.51,2026-09-22,1128,N,nominal,2.0NRT,300.9,25.44,D
41.08748,14.60818,328.84,0.56,0.51,2026-09-22,1128,N,nominal,2.0NRT,291.4,258.4,D
41.08295,14.59011,348.03,0.56,0.51,2026-09-22,1128,N,nominal,2.0NRT,290.93,26.9,D
41.27992,15.32976,336.16,0.51,0.49,2026-09-22,1128,N,nominal,2.0NRT,298.17,5.89,D
43.03561,24.21163,342.08,0.38,0.36,2026-09-22,1128,N,nominal,2.0NRT,291.86,3.33,D
41.02895,14.23337,336.29,0.58,0.52,2026-09-22,1128,N,nominal,2.0NRT,296.74,5.35,D
41.17059,14.67968,340.36,0.55,0.51,2026-09-22,1128,N,nominal,2.0NRT,295.75,7.79,D
43.14486,24.68951,334.21,0.39,0.36,2026-09-22,1128,N,nominal,2.0NRT,298.46,2.8,D
42.4959,20.45256,332.28,0.44,0.38,2026-09-22,1128,N,nominal,2.0NRT,294.58,5.3,D
42.2855,19.32826,330.21,0.48,0.4,2026-09-22,1128,N,nominal,2.0NRT,295.71,2.85,D
42.28434,19.32251,333.6,0.48,0.4,2026-09-22,1128,N,nominal,2.0NRT,300.82,3.98,D
42.29631,19.32436,343.26,0.48,0.4,2026-09-22,1128,N,nominal,2.0NRT,302.02,13.58,D
42.29993,19.32306,353.54,0.48,0.4,2026-09-22,1128,N,nominal,2.0NRT,307.1,13.22,D
42.29124,19.22096,331.5,0.49,0.4,2026-09-22,1128,N,nominal,2.0NRT,300.49,1.88,D
42.29486,19.21964,333.19,0.49,0.4,2026-09-22,1128,N,nominal,2.0NRT,302.38,2.85,D
42.31049,19.22019,328.77,0.49,0.4,2026-09-22,1128,N,nominal,2.0NRT,302.5,2.34,D
41.57182,15.71393,336.26,0.48,0.48,2026-09-22,1128,N,nominal,2.0NRT,301.96,3.17,D
41.71717,15.63639,340.85,0.48,0.48,2026-09-22,1128,N,nominal,2.0NRT,300.37,4.19,D
43.40087,24.06696,329.27,0.38,0.36,2026-09-22,1128,N,low,2.0NRT,299.48,1.64,D
41.77067,15.21173,341.83,0.5,0.49,2026-09-22,1128,N,nominal,2.0NRT,300.96,5.45,D
41.77178,15.20939,345.64,0.5,0.49,2026-09-22,1128,N,nominal,2.0NRT,299.46,5.13,D
41.82914,15.28793,334.23,0.5,0.49,2026-09-22,1128,N,nominal,2.0NRT,301.3,5.9,D
42.61585,18.63811,329.21,0.51,0.41,2026-09-22,1128,N,nominal,2.0NRT,291.24,4.13,D
42.6232,18.63536,351.84,0.51,0.41,2026-09-22,1128,N,nominal,2.0NRT,296.02,16.44,D
42.82938,18.85115,327.73,0.49,0.41,2026-09-22,1128,N,nominal,2.0NRT,289.68,2.72,D
43.85527,24.58221,339.68,0.39,0.36,2026-09-22,1128,N,nominal,2.0NRT,305.44,3.93,D
43.90401,24.72826,341.69,0.39,0.36,2026-09-22,1128,N,nominal,2.0NRT,308.22,4.99,D
43.90731,24.72735,341.7,0.39,0.36,2026-09-22,1128,N,nominal,2.0NRT,308.36,4.99,D
43.90661,24.72254,346.49,0.39,0.36,2026-09-22,1128,N,nominal,2.0NRT,308.19,5.45,D
43.93066,24.33401,344.29,0.39,0.36,2026-09-22,1128,N,nominal,2.0NRT,306.36,3.97,D
43.8426,23.61683,340.05,0.38,0.36,2026-09-22,1128,N,nominal,2.0NRT,297.91,5.89,D
43.86047,23.71045,347.27,0.38,0.36,2026-09-22,1128,N,nominal,2.0NRT,302.34,4.95,D
42.92528,18.47029,338.3,0.51,0.41,2026-09-22,1128,N,nominal,2.0NRT,295.32,7.03,D
42.92395,18.46379,327.49,0.51,0.41,2026-09-22,1128,N,nominal,2.0NRT,291.24,2.56,D
44.13628,24.07012,337.65,0.39,0.36,2026-09-22,1128,N,nominal,2.0NRT,304.36,6.53,D
44.13885,24.0644,331.24,0.39,0.36,2026-09-22,1128,N,low,2.0NRT,301.67,1.2,D
44.41523,22.17164,339.72,0.39,0.36,2026-09-22,1128,N,nominal,2.0NRT,298.14,12.28,D
44.41852,22.17057,344.28,0.39,0.36,2026-09-22,1128,N,nominal,2.0NRT,296.62,9.85,D
44.76001,22.75463,342.65,0.39,0.36,2026-09-22,1128,N,nominal,2.0NRT,299.23,9.41,D
44.76328,22.75361,334.8,0.39,0.36,2026-09-22,1128,N,nominal,2.0NRT,298.86,9.41,D
44.76251,22.74881,336.5,0.39,0.36,2026-09-22,1128,N,nominal,2.0NRT,303.46,9.41,D
44.76655,22.75258,340,0.39,0.36,2026-09-22,1128,N,nominal,2.0NRT,292.93,4.16,D
44.84859,23.05461,340.89,0.38,0.36,2026-09-22,1128,N,nominal,2.0NRT,290.64,4.21,D
44.77862,22.34108,334.19,0.39,0.36,2026-09-22,1128,N,nominal,2.0NRT,287.1,4.21,D
44.78658,22.36875,352.49,0.39,0.36,2026-09-22,1128,N,nominal,2.0NRT,294.59,6.16,D
44.79063,22.37244,336.75,0.39,0.36,2026-09-22,1128,N,nominal,2.0NRT,290.64,6.16,D
44.78751,22.35328,347.88,0.39,0.36,2026-09-22,1128,N,nominal,2.0NRT,292.87,8.24,D
45.05892,21.17558,337.73,0.4,0.37,2026-09-22,1130,N,nominal,2.0NRT,289.16,8.24,D
38.45271,34.47197,332.6,0.62,0.71,2026-09-22,0945,N,nominal,2.0NRT,296.67,3.75,D
45.70033,20.70854,331.73,0.4,0.37,2026-09-22,1130,N,nominal,2.0NRT,298.38,3.32,D
46.75348,20.06326,339.58,0.41,0.37,2026-09-22,1130,N,nominal,2.0NRT,297.95,2.24,D
39.15685,34.68738,351.17,0.57,0.69,2026-09-22,0945,N,nominal,2.0NRT,300.08,9.02,D
39.35778,34.92902,333.95,0.55,0.68,2026-09-22,0945,N,nominal,2.0NRT,299.99,4.07,D
39.36565,34.93234,340.32,0.55,0.68,2026-09-22,0945,N,nominal,2.0NRT,295.18,7.71,D
39.36372,34.92598,347.87,0.55,0.68,2026-09-22,0945,N,nominal,2.0NRT,297.19,7.49,D
39.39546,34.91756,332.65,0.55,0.68,2026-09-22,0945,N,nominal,2.0NRT,296.93,1.91,D
40.18275,34.72416,350.71,0.53,0.67,2026-09-22,0945,N,nominal,2.0NRT,291.69,6.23,D
39.8755,31.86231,331.52,0.74,0.76,2026-09-22,0947,N,nominal,2.0NRT,290.42,5.02,D
64.64755,24.42889,327.97,0.57,0.43,2026-09-22,0954,N,nominal,2.0NRT,286.93,5.21,D
65.7699,24.19666,327.55,0.53,0.42,2026-09-22,0954,N,nominal,2.0NRT,284.45,4.55,D
65.7673,24.18663,329.28,0.53,0.42,2026-09-22,0954,N,nominal,2.0NRT,287.4,4.55,D
65.56374,22.22186,335.38,0.4,0.44,2026-09-22,0954,N,nominal,2.0NRT,286.97,3.31,D
47.14695,18.92569,329.56,0.43,0.38,2026-09-22,1130,N,nominal,2.0NRT,291.07,2.71,D
48.94009,34.82994,325.5,0.35,0.56,2026-09-22,1130,N,nominal,2.0NRT,292.25,1.97,D
48.9399,34.82511,330.92,0.35,0.56,2026-09-22,1130,N,nominal,2.0NRT,294.17,1.97,D
47.63282,19.75178,325.72,0.4,0.37,2026-09-22,1130,N,low,2.0NRT,297.09,4.02,D
47.63614,19.7505,346.03,0.4,0.37,2026-09-22,1130,N,nominal,2.0NRT,301.8,4.02,D
47.38105,15.07019,331.41,0.56,0.43,2026-09-22,1130,N,nominal,2.0NRT,279.47,4.97,D
48.60578,21.17783,329.88,0.39,0.36,2026-09-22,1130,N,nominal,2.0NRT,292.45,4.66,D
48.61669,21.1883,328.87,0.38,0.36,2026-09-22,1130,N,nominal,2.0NRT,292.56,3.31,D
47.06983,8.26635,330.93,0.37,0.58,2026-09-22,1130,N,nominal,2.0NRT,291.29,3.69,D
47.07247,8.26645,333.66,0.37,0.58,2026-09-22,1130,N,nominal,2.0NRT,291.05,2.52,D
51.11362,18.98816,341.62,0.39,0.36,2026-09-22,1132,N,nominal,2.0NRT,287.11,5.05,D
49.35735,6.7501,340.25,0.37,0.58,2026-09-22,1132,N,nominal,2.0NRT,298.92,3.29,D
52.19341,17.29751,337.44,0.41,0.37,2026-09-22,1132,N,nominal,2.0NRT,287.99,2.22,D
52.19236,17.29173,336.4,0.41,0.37,2026-09-22,1132,N,nominal,2.0NRT,285.88,1.58,D
52.83523,17.2417,337.64,0.4,0.37,2026-09-22,1132,N,nominal,2.0NRT,288.92,1.83,D
52.1554,10.40915,354.44,0.43,0.46,2026-09-22,1132,N,nominal,2.0NRT,296.18,6.73,D
52.15391,10.40318,344.75,0.43,0.46,2026-09-22,1132,N,nominal,2.0NRT,295.21,6.73,D
53.55682,16.82704,339.04,0.4,0.37,2026-09-22,1132,N,nominal,2.0NRT,289.63,2.66,D
54.75467,20.33113,330.69,0.39,0.36,2026-09-22,1132,N,nominal,2.0NRT,288.8,2.65,D
53.51215,10.04145,325.06,0.41,0.45,2026-09-22,1132,N,nominal,2.0NRT,295.37,2.66,D
58.6749,17.13044,331.36,0.39,0.36,2026-09-22,1134,N,nominal,2.0NRT,291.55,3.99,D
60.29664,25.52441,328.69,0.39,0.44,2026-09-22,1134,N,nominal,2.0NRT,290.42,2.78,D
60.30068,25.52315,338.86,0.39,0.44,2026-09-22,1134,N,nominal,2.0NRT,289.61,2.78,D
64.66652,21.28408,331.09,0.51,0.41,2026-09-22,1134,N,nominal,2.0NRT,286.63,10.13,D
65.56172,22.22136,346.41,0.55,0.43,2026-09-22,1134,N,nominal,2.0NRT,291.64,10.29,D
65.56564,22.21956,325.53,0.55,0.43,2026-09-22,1134,N,nominal,2.0NRT,287.57,3.36,D
65.56403,22.22667,338.9,0.55,0.43,2026-09-22,1134,N,nominal,2.0NRT,287.85,7.33,D
65.56306,22.21448,335.99,0.55,0.43,2026-09-22,1134,N,nominal,2.0NRT,290.41,7.33,D
65.76836,24.19709,325.27,0.42,0.45,2026-09-22,1134,N,nominal,2.0NRT,285.39,3.14,D
65.76773,24.18787,333.16,0.42,0.45,2026-09-22,1134,N,nominal,2.0NRT,289.3,3.73,D
36.75729,9.25213,346.47,0.52,0.5,2026-09-22,1308,N,nominal,2.0NRT,303.71,9.61,D
36.7656,9.23985,347.12,0.52,0.5,2026-09-22,1308,N,nominal,2.0NRT,302.65,8.83,D
36.77071,9.24509,335.53,0.52,0.5,2026-09-22,1308,N,nominal,2.0NRT,301.51,3.69,D
37.17471,13.96932,335.95,0.48,0.65,2026-09-22,1308,N,nominal,2.0NRT,293.09,3.23,D
37.20712,14.45472,367,0.51,0.66,2026-09-22,1308,N,high,2.0NRT,294.67,12.71,D
37.21331,14.45459,335.63,0.51,0.66,2026-09-22,1308,N,nominal,2.0NRT,291.4,12.71,D
36.90653,9.43753,344.63,0.54,0.5,2026-09-22,1308,N,nominal,2.0NRT,301.12,11.95,D
36.91172,9.4432,341.33,0.54,0.5,2026-09-22,1308,N,nominal,2.0NRT,298.92,44.77,D
36.91119,9.43673,344.93,0.54,0.5,2026-09-22,1308,N,nominal,2.0NRT,307.13,44.77,D
37.21222,14.45754,367,0.51,0.66,2026-09-22,1308,N,high,2.0NRT,291.75,17.24,D
37.21206,14.45287,367,0.51,0.66,2026-09-22,1308,N,high,2.0NRT,292.57,15.94,D
35.80738,-0.25377,345.16,0.39,0.36,2026-09-22,1308,N,nominal,2.0NRT,306.61,10.11,D
35.8107,-0.25461,343.98,0.39,0.36,2026-09-22,1308,N,nominal,2.0NRT,307.29,10.11,D
37.02951,9.52756,341.81,0.54,0.51,2026-09-22,1308,N,nominal,2.0NRT,298.26,14.98,D
37.05014,9.72324,337.91,0.56,0.51,2026-09-22,1308,N,nominal,2.0NRT,299.26,6.2,D
35.82331,-0.32473,339.16,0.39,0.36,2026-09-22,1308,N,nominal,2.0NRT,308.93,2.81,D
37.07798,9.76993,333.09,0.56,0.51,2026-09-22,1308,N,nominal,2.0NRT,297.4,5.03,D
36.74596,6.25751,343.35,0.55,0.42,2026-09-22,1308,N,nominal,2.0NRT,304.75,7.39,D
36.74504,6.25685,340.99,0.55,0.42,2026-09-22,1308,N,nominal,2.0NRT,304.55,9.65,D
37.0773,9.76965,332.79,0.56,0.52,2026-09-22,1308,N,nominal,2.0NRT,297.25,4.71,D
36.8686,6.98669,335.6,0.4,0.44,2026-09-22,1308,N,nominal,2.0NRT,298.21,2.59,D
36.86816,6.98236,335.87,0.4,0.44,2026-09-22,1308,N,nominal,2.0NRT,299.27,2.59,D
36.47333,2.75134,333.08,0.4,0.37,2026-09-22,1308,N,nominal,2.0NRT,303.64,2.73,D
37.49312,13.30981,331.17,0.44,0.63,2026-09-22,1308,N,nominal,2.0NRT,294.43,4.17,D
37.49287,13.30474,333.79,0.44,0.63,2026-09-22,1308,N,nominal,2.0NRT,294.07,4.17,D
37.4917,13.30589,343.18,0.44,0.63,2026-09-22,1308,N,nominal,2.0NRT,293.9,7.45,D
37.56878,13.85831,367,0.48,0.64,2026-09-22,1308,N,high,2.0NRT,295.02,7.25,D
37.56905,13.86477,342.06,0.48,0.64,2026-09-22,1308,N,nominal,2.0NRT,295.25,8.44,D
37.79065,12.73044,337.09,0.41,0.61,2026-09-22,1308,N,nominal,2.0NRT,296.1,3.11,D
37.80668,12.48374,340.32,0.4,0.6,2026-09-22,1308,N,nominal,2.0NRT,296.88,3.52,D
37.94613,12.72956,335.75,0.42,0.61,2026-09-22,1308,N,nominal,2.0NRT,293.09,8.45,D
37.94635,12.73406,358.2,0.42,0.61,2026-09-22,1308,N,low,2.0NRT,288.46,8.45,D
35.73726,-5.74346,341.16,0.41,0.45,2026-09-22,1308,N,nominal,2.0NRT,307.28,3.07,D
37.61119,-1.5791,335.35,0.4,0.37,2026-09-22,1308,N,nominal,2.0NRT,307.83,6.78,D
36.80055,-5.89105,339.49,0.4,0.44,2026-09-22,1308,N,low,2.0NRT,311.43,3.42,D
36.80455,-5.89232,354.33,0.4,0.44,2026-09-22,1308,N,nominal,2.0NRT,313.03,8.1,D
37.27519,-5.61725,337.99,0.57,0.43,2026-09-22,1308,N,low,2.0NRT,311.83,2.87,D
37.40325,-5.3994,346.32,0.55,0.43,2026-09-22,1308,N,nominal,2.0NRT,313.86,40.13,D
37.7722,-4.50112,344.15,0.5,0.41,2026-09-22,1308,N,nominal,2.0NRT,307.64,5.32,D
40.72902,14.85798,330.82,0.56,0.69,2026-09-22,1308,N,nominal,2.0NRT,292.88,3.53,D
38.42712,-6.41012,342.61,0.39,0.44,2026-09-22,1310,N,nominal,2.0NRT,307.02,2.28,D
40.93438,15.48268,335.77,0.61,0.71,2026-09-22,1310,N,nominal,2.0NRT,294.96,27.89,D
40.93427,15.47545,354.5,0.61,0.71,2026-09-22,1310,N,nominal,2.0NRT,298.78,30.03,D
41.08542,14.61021,367,0.55,0.68,2026-09-22,1310,N,high,2.0NRT,295.46,43.11,D
41.08527,14.60419,354.8,0.55,0.68,2026-09-22,1310,N,nominal,2.0NRT,299.6,25.89,D
41.08513,14.59864,353.5,0.55,0.68,2026-09-22,1310,N,nominal,2.0NRT,296.2,25.89,D
41.09189,14.6133,339.09,0.55,0.68,2026-09-22,1310,N,nominal,2.0NRT,287.79,7.94,D
41.09166,14.60453,350.19,0.55,0.68,2026-09-22,1310,N,nominal,2.0NRT,288.84,7.94,D
41.09151,14.59876,337.4,0.55,0.68,2026-09-22,1310,N,nominal,2.0NRT,289.99,8.42,D
41.07991,14.60901,347.47,0.55,0.68,2026-09-22,1310,N,nominal,2.0NRT,293.46,24.82,D
41.08625,14.60675,367,0.55,0.68,2026-09-22,1310,N,high,2.0NRT,298.33,24.82,D
41.08614,14.60097,367,0.55,0.68,2026-09-22,1310,N,high,2.0NRT,298.18,24.82,D
41.0864,14.61362,344.68,0.55,0.68,2026-09-22,1310,N,nominal,2.0NRT,291.59,26.08,D
41.08604,14.59591,343.07,0.55,0.68,2026-09-22,1310,N,nominal,2.0NRT,292.92,15.43,D
41.0927,14.60909,334.43,0.55,0.68,2026-09-22,1310,N,nominal,2.0NRT,286.57,7.65,D
41.09254,14.60154,338.56,0.55,0.68,2026-09-22,1310,N,nominal,2.0NRT,287.77,7.46,D
41.28166,15.3273,334.96,0.6,0.71,2026-09-22,1310,N,nominal,2.0NRT,291.23,4.8,D
38.87711,-6.57267,343.21,0.39,0.44,2026-09-22,1310,N,nominal,2.0NRT,302.53,3.34,D
38.77113,-7.12001,335.63,0.42,0.45,2026-09-22,1310,N,low,2.0NRT,309.77,2.52,D
41.38374,15.27024,336.5,0.6,0.7,2026-09-22,1310,N,nominal,2.0NRT,297.25,4.13,D
41.38168,15.2697,336.34,0.6,0.7,2026-09-22,1310,N,nominal,2.0NRT,296.47,2.93,D
40.24464,-3.47534,337.18,0.42,0.38,2026-09-22,1310,N,low,2.0NRT,311.76,1.45,D
40.52628,-3.56897,338.46,0.42,0.38,2026-09-22,1310,N,low,2.0NRT,310.61,3.7,D
40.52364,-3.58365,344.47,0.42,0.38,2026-09-22,1310,N,nominal,2.0NRT,309.1,5.21,D
40.52275,-3.58856,338.68,0.43,0.38,2026-09-22,1310,N,low,2.0NRT,309.81,3.34,D
40.52705,-3.58471,343.27,0.42,0.38,2026-09-22,1310,N,nominal,2.0NRT,308.48,5.65,D
40.71749,-3.24592,349.43,0.41,0.37,2026-09-22,1310,N,nominal,2.0NRT,313.57,5.65,D
40.78838,-3.77725,342.03,0.43,0.38,2026-09-22,1310,N,nominal,2.0NRT,309.59,5.36,D
41.29552,-2.6661,335.18,0.4,0.37,2026-09-22,1310,N,low,2.0NRT,308.7,2.11,D
41.9225,0.17956,344.51,0.39,0.36,2026-09-22,1310,N,nominal,2.0NRT,309.08,3.06,D
42.69451,1.769,347.5,0.42,0.38,2026-09-22,1310,N,nominal,2.0NRT,314.44,20.68,D
42.69794,1.76806,340.02,0.42,0.38,2026-09-22,1310,N,nominal,2.0NRT,299.72,20.68,D
42.17552,-3.95785,338.56,0.42,0.38,2026-09-22,1310,N,nominal,2.0NRT,307.98,1.53,D
41.30101,-8.3611,336.49,0.42,0.45,2026-09-22,1310,N,nominal,2.0NRT,305.42,1.57,D
41.52383,-8.16159,333.44,0.41,0.45,2026-09-22,1310,N,low,2.0NRT,306.55,46.69,D
41.52491,-8.15676,367,0.41,0.45,2026-09-22,1310,N,low,2.0NRT,328.23,46.69,D
42.53426,-3.18277,348.16,0.4,0.37,2026-09-22,1310,N,nominal,2.0NRT,304.91,2.51,D
42.53179,-3.19716,339.32,0.4,0.37,2026-09-22,1310,N,nominal,2.0NRT,305.73,2.32,D
42.53097,-3.20195,338.1,0.4,0.37,2026-09-22,1310,N,nominal,2.0NRT,303.97,0.97,D
42.53759,-3.18381,337.39,0.4,0.37,2026-09-22,1310,N,nominal,2.0NRT,305.14,2.51,D
42.53676,-3.18861,335.46,0.4,0.37,2026-09-22,1310,N,nominal,2.0NRT,304.87,2.51,D
42.52605,-3.25092,347.5,0.4,0.37,2026-09-22,1310,N,nominal,2.0NRT,305.1,4.64,D
42.5302,-3.24713,348.67,0.4,0.37,2026-09-22,1310,N,nominal,2.0NRT,306.53,4.02,D
42.52938,-3.25194,339.39,0.4,0.37,2026-09-22,1310,N,nominal,2.0NRT,305.34,4.82,D
42.53105,-3.26257,336.47,0.4,0.37,2026-09-22,1310,N,nominal,2.0NRT,305.07,4.21,D
42.53521,-3.2588,336.58,0.4,0.37,2026-09-22,1310,N,nominal,2.0NRT,305.38,2.35,D
42.54018,-3.25026,336.53,0.4,0.37,2026-09-22,1310,N,nominal,2.0NRT,303.16,1.36,D
42.53935,-3.25504,343.08,0.4,0.37,2026-09-22,1310,N,nominal,2.0NRT,304.62,2.35,D
42.53853,-3.25984,336.12,0.4,0.37,2026-09-22,1310,N,nominal,2.0NRT,305.77,2.35,D
42.56818,-3.14802,348.66,0.4,0.37,2026-09-22,1310,N,nominal,2.0NRT,305.26,3.76,D
42.57232,-3.14429,350.07,0.4,0.37,2026-09-22,1310,N,nominal,2.0NRT,304.25,3.76,D
42.5715,-3.14907,348.4,0.4,0.37,2026-09-22,1310,N,nominal,2.0NRT,303.19,3.76,D
42.57563,-3.14534,336.27,0.4,0.37,2026-09-22,1310,N,nominal,2.0NRT,303.19,2.49,D
42.6251,-3.30991,337.38,0.4,0.37,2026-09-22,1310,N,nominal,2.0NRT,301.95,2.42,D
41.8699,-8.3779,341.92,0.41,0.45,2026-09-22,1310,N,nominal,2.0NRT,305.22,3.87,D
43.90669,1.40949,337.2,0.42,0.38,2026-09-22,1310,N,nominal,2.0NRT,308.25,3.74,D
43.90697,1.40683,334.43,0.43,0.38,2026-09-22,1310,N,low,2.0NRT,307.65,3,D
45.53169,10.81599,335.99,0.38,0.59,2026-09-22,1310,N,nominal,2.0NRT,294.64,2.18,D
45.53171,10.8168,335.14,0.38,0.59,2026-09-22,1310,N,nominal,2.0NRT,293.28,2.73,D
46.08566,13.01483,335.13,0.49,0.65,2026-09-22,1310,N,nominal,2.0NRT,295.08,2.01,D
46.26493,1.06429,333.96,0.44,0.38,2026-09-22,1310,N,nominal,2.0NRT,304.64,8.48,D
46.26426,1.05866,350.68,0.44,0.38,2026-09-22,1310,N,nominal,2.0NRT,307.4,8.48,D
47.28765,-0.28167,346.43,0.41,0.37,2026-09-22,1310,N,nominal,2.0NRT,305.22,6.39,D
47.29105,-0.28261,345.66,0.41,0.37,2026-09-22,1310,N,nominal,2.0NRT,298.41,6.36,D
47.96715,-3.00398,331.91,0.38,0.36,2026-09-22,1312,N,nominal,2.0NRT,300.68,2.16,D
48.98423,1.76168,334.3,0.49,0.4,2026-09-22,1312,N,nominal,2.0NRT,302.09,3.91,D
50.1245,3.25909,335.65,0.57,0.43,2026-09-22,1312,N,nominal,2.0NRT,296.5,3.79,D
50.10526,3.17425,329.99,0.57,0.43,2026-09-22,1312,N,nominal,2.0NRT,294.95,2.46,D
51.48048,6.72217,327.34,0.55,0.51,2026-09-22,1312,N,nominal,2.0NRT,288.57,6.19,D
51.68653,15.97969,327.31,0.69,0.74,2026-09-22,1312,N,nominal,2.0NRT,287.81,4.69,D
52.15451,10.41053,337.85,0.4,0.6,2026-09-22,1312,N,nominal,2.0NRT,294.82,6.62,D
52.15437,10.4045,352.51,0.4,0.6,2026-09-22,1312,N,nominal,2.0NRT,294.86,8.93,D
52.80645,9.73964,326.4,0.38,0.59,2026-09-22,1312,N,nominal,2.0NRT,291.48,2.35,D
52.93413,10.04721,367,0.39,0.59,2026-09-22,1312,N,high,2.0NRT,295.66,11.05,D
52.93968,10.04693,367,0.39,0.59,2026-09-22,1312,N,high,2.0NRT,292.84,12.14,D
52.93954,10.04087,344.54,0.39,0.59,2026-09-22,1312,N,nominal,2.0NRT,289.99,12.14,D
53.13159,8.68145,337.53,0.34,0.56,2026-09-22,1312,N,nominal,2.0NRT,293.43,4.5,D
53.39658,-1.38785,326.34,0.44,0.38,2026-09-22,1312,N,nominal,2.0NRT,294.04,1.08,D
41.28185,-8.5025,367,0.72,0.76,2026-09-22,1450,N,high,2.0NRT,305.92,81.6,D
41.28183,-8.51216,313.14,0.72,0.76,2026-09-22,1450,N,low,2.0NRT,313.17,81.6,D
41.28895,-8.50338,367,0.72,0.76,2026-09-22,1450,N,high,2.0NRT,304.7,81.6,D
41.28893,-8.51255,338.26,0.72,0.76,2026-09-22,1450,N,nominal,2.0NRT,306.93,81.6,D
41.52311,-8.15261,339.3,0.75,0.77,2026-09-22,1450,N,nominal,2.0NRT,299.08,10.41,D
41.51766,-8.14511,331.06,0.75,0.77,2026-09-22,1450,N,nominal,2.0NRT,296.62,10.42,D
50.22999,33.40299,324.24,0.49,0.4,2026-09-22,2344,N,nominal,2.0NRT,279.46,1.72,N
50.22627,33.40202,302.27,0.49,0.4,2026-09-22,2344,N,nominal,2.0NRT,279.91,1.72,N
48.53396,34.64494,331.98,0.43,0.38,2026-09-22,2344,N,nominal,2.0NRT,271.52,5.09,N
47.03724,22.3301,296.87,0.47,0.64,2026-09-22,2344,N,nominal,2.0NRT,277.11,0.86,N
46.81858,21.92335,309.91,0.48,0.65,2026-09-22,2344,N,nominal,2.0NRT,276.02,2.77,N
46.81845,21.93013,299.87,0.48,0.65,2026-09-22,2344,N,nominal,2.0NRT,276.35,2.04,N
42.62399,18.63871,303.54,0.67,0.74,2026-09-22,2346,N,nominal,2.0NRT,277.13,1.81,N
42.31851,19.3263,298.95,0.62,0.71,2026-09-22,2346,N,nominal,2.0NRT,282.56,0.83,N
42.32321,19.33056,296.74,0.62,0.71,2026-09-22,2346,N,nominal,2.0NRT,282.09,0.57,N
42.3165,19.3304,299.3,0.62,0.71,2026-09-22,2346,N,nominal,2.0NRT,282.66,0.51,N
42.30291,19.34528,314,0.62,0.71,2026-09-22,2346,N,nominal,2.0NRT,286.73,1.69,N
42.30281,19.35304,312.42,0.62,0.71,2026-09-22,2346,N,nominal,2.0NRT,285.43,1.69,N
42.2962,19.34501,301.74,0.62,0.71,2026-09-22,2346,N,nominal,2.0NRT,284.52,1.69,N
42.29611,19.35283,307.4,0.62,0.71,2026-09-22,2346,N,nominal,2.0NRT,284.28,1.69,N
42.28297,19.32892,320.35,0.62,0.71,2026-09-22,2346,N,nominal,2.0NRT,283.57,2.35,N
42.28395,19.23454,300.33,0.62,0.72,2026-09-22,2346,N,nominal,2.0NRT,283.52,0.98,N
42.28305,19.3211,296.9,0.62,0.71,2026-09-22,2346,N,nominal,2.0NRT,282.54,2.77,N
42.27744,19.21054,320.76,0.63,0.72,2026-09-22,2346,N,nominal,2.0NRT,284.33,3.09,N
42.27737,19.21847,306.84,0.63,0.72,2026-09-22,2346,N,nominal,2.0NRT,283.8,2.7,N
42.27658,19.29742,308.39,0.62,0.71,2026-09-22,2346,N,nominal,2.0NRT,283.68,1.92,N
42.2765,19.30527,308.95,0.62,0.71,2026-09-22,2346,N,nominal,2.0NRT,283.86,1.92,N
42.27069,19.21031,333.52,0.63,0.72,2026-09-22,2346,N,nominal,2.0NRT,284.45,3.09,N
42.27077,19.20237,302.67,0.63,0.72,2026-09-22,2346,N,nominal,2.0NRT,283.44,3.09,N
42.27055,19.22615,296.74,0.62,0.72,2026-09-22,2346,N,nominal,2.0NRT,284.24,2.7,N
42.27048,19.23409,295.92,0.62,0.72,2026-09-22,2346,N,nominal,2.0NRT,283.87,1.48,N
42.26979,19.30503,300.41,0.62,0.71,2026-09-22,2346,N,nominal,2.0NRT,282.88,1.92,N
42.2684,19.21178,332.34,0.63,0.72,2026-09-22,2346,N,nominal,2.0NRT,284.62,5.38,N
42.26852,19.20385,301.42,0.63,0.72,2026-09-22,2346,N,nominal,2.0NRT,283.48,4.11,N
42.07327,21.73325,313.14,0.47,0.64,2026-09-22,2346,N,nominal,2.0NRT,280.65,1.65,N
42.07138,21.73385,315.13,0.47,0.64,2026-09-22,2346,N,nominal,2.0NRT,280.47,1.95,N
41.5379,19.5329,324.71,0.6,0.7,2026-09-22,2346,N,nominal,2.0NRT,286.03,3.69,N
41.53801,19.52481,318.86,0.6,0.7,2026-09-22,2346,N,nominal,2.0NRT,285.96,3.69,N
41.52946,19.65742,296.22,0.59,0.7,2026-09-22,2346,N,nominal,2.0NRT,283.56,1.04,N
41.52935,19.6648,306.95,0.59,0.7,2026-09-22,2346,N,nominal,2.0NRT,283.43,1.04,N
41.52276,19.66458,298.33,0.59,0.7,2026-09-22,2346,N,nominal,2.0NRT,283.62,0.67,N
41.54107,19.53255,335.25,0.6,0.7,2026-09-22,2346,N,nominal,2.0NRT,286.72,5.36,N
41.54122,19.52466,307.66,0.6,0.7,2026-09-22,2346,N,nominal,2.0NRT,285.68,5.42,N
41.53183,19.66426,300.8,0.59,0.7,2026-09-22,2346,N,nominal,2.0NRT,283.16,0.82,N
41.52524,19.66406,307.11,0.59,0.7,2026-09-22,2346,N,nominal,2.0NRT,283.86,1.34,N
39.43573,34.89853,295.88,0.38,0.36,2026-09-22,2346,N,nominal,2.0NRT,283.8,0.73,N
39.37787,34.70565,312.15,0.38,0.36,2026-09-22,2346,N,nominal,2.0NRT,284.85,0.87,N
39.35938,34.71465,303.52,0.38,0.36,2026-09-22,2346,N,nominal,2.0NRT,284.97,0.83,N
39.35869,34.71907,297.81,0.38,0.36,2026-09-22,2346,N,nominal,2.0NRT,284.78,0.83,N
39.358,34.72348,314.58,0.38,0.36,2026-09-22,2346,N,nominal,2.0NRT,285.5,0.96,N
39.35472,34.72263,316.31,0.38,0.36,2026-09-22,2346,N,nominal,2.0NRT,285.11,1.09,N
39.09348,34.78385,304.09,0.38,0.36,2026-09-22,2346,N,nominal,2.0NRT,285.82,1.06,N
39.10839,34.51267,304.58,0.38,0.36,2026-09-22,2346,N,nominal,2.0NRT,285.07,0.92,N
39.11753,27.52859,295.42,0.44,0.46,2026-09-22,2346,N,nominal,2.0NRT,284,0.84,N
39.1138,27.52202,299.17,0.44,0.46,2026-09-22,2346,N,nominal,2.0NRT,284.61,1.13,N
39.09047,27.51222,297.64,0.44,0.46,2026-09-22,2346,N,nominal,2.0NRT,284.69,0.89,N
38.75437,26.94127,300.68,0.46,0.47,2026-09-22,2346,N,nominal,2.0NRT,283.93,0.58,N
38.74464,26.95074,300.36,0.46,0.47,2026-09-22,2346,N,nominal,2.0NRT,285.75,0.88,N
38.74369,26.96146,303.95,0.46,0.47,2026-09-22,2346,N,nominal,2.0NRT,286.62,1.02,N
38.74025,26.95009,308.11,0.46,0.47,2026-09-22,2346,N,nominal,2.0NRT,286.57,1.4,N
38.73633,26.94409,300.97,0.46,0.47,2026-09-22,2346,N,nominal,2.0NRT,288.51,1.78,N
38.73442,26.96583,305.12,0.46,0.47,2026-09-22,2346,N,nominal,2.0NRT,285.73,1.15,N
38.12816,23.52473,304.97,0.35,0.57,2026-09-22,2346,N,nominal,2.0NRT,284.94,1.65,N
36.86903,34.76513,310.89,0.39,0.36,2026-09-22,2346,N,nominal,2.0NRT,293.09,0.93,N
38.12911,23.52462,311.43,0.35,0.57,2026-09-22,2346,N,nominal,2.0NRT,285.36,1.47,N
36.26386,33.72713,304.15,0.38,0.36,2026-09-22,2346,N,nominal,2.0NRT,291.8,0.85,N
36.2632,33.73138,309.54,0.38,0.36,2026-09-22,2346,N,nominal,2.0NRT,294,0.85,N
34.72583,33.31699,308.96,0.38,0.36,2026-09-22,2348,N,nominal,2.0NRT,293.7,1.37,N
65.76772,24.18914,318.11,0.45,0.63,2026-09-22,2339,N,nominal,2.0NRT,275.88,1.88,N
65.77035,24.18898,317.59,0.45,0.63,2026-09-22,2339,N,nominal,2.0NRT,275.91,1.79,N
64.65668,24.43318,296.39,0.44,0.62,2026-09-22,2339,N,nominal,2.0NRT,277.01,0.64,N
64.64491,24.42388,324.69,0.44,0.62,2026-09-22,2339,N,nominal,2.0NRT,278.61,3.13,N
64.64723,24.42039,309.82,0.44,0.62,2026-09-22,2339,N,nominal,2.0NRT,277.57,2.87,N
64.64727,24.42989,308.87,0.44,0.62,2026-09-22,2339,N,nominal,2.0NRT,277.72,2.51,N
65.76992,24.19308,340.48,0.38,0.36,2026-09-23,0120,N,nominal,2.0NRT,269.02,6.04,N
64.65532,24.43396,297.61,0.39,0.36,2026-09-23,0120,N,nominal,2.0NRT,277.78,0.98,N
64.65041,24.42043,305.9,0.39,0.36,2026-09-23,0120,N,nominal,2.0NRT,277.89,2.21,N
64.64775,24.43567,298.52,0.39,0.36,2026-09-23,0120,N,nominal,2.0NRT,276.26,0.74,N
53.51224,10.03808,298.5,0.46,0.39,2026-09-23,0124,N,nominal,2.0NRT,283.73,0.8,N
64.64596,24.4251,331.27,0.39,0.36,2026-09-23,0120,N,nominal,2.0NRT,279.82,2.21,N
62.5937,25.74809,295.12,0.41,0.37,2026-09-23,0120,N,nominal,2.0NRT,279.11,0.54,N
53.52367,9.90351,321.24,0.47,0.4,2026-09-23,0124,N,nominal,2.0NRT,281.97,2.86,N
57.71153,18.80173,296.85,0.39,0.36,2026-09-23,0122,N,nominal,2.0NRT,281.59,0.89,N
53.52005,9.90237,323.91,0.47,0.4,2026-09-23,0124,N,nominal,2.0NRT,280.55,2.86,N
52.48989,13.83752,306.02,0.39,0.36,2026-09-23,0124,N,nominal,2.0NRT,281.27,0.73,N
56.31479,22.91742,297.28,0.46,0.39,2026-09-23,0122,N,nominal,2.0NRT,281.15,0.46,N
53.14176,8.67681,301.35,0.5,0.41,2026-09-23,0124,N,nominal,2.0NRT,281.39,1.12,N
56.31447,22.91713,296.07,0.46,0.39,2026-09-23,0122,N,nominal,2.0NRT,280.92,0.63,N
53.138,8.67575,306.82,0.5,0.41,2026-09-23,0124,N,nominal,2.0NRT,281.63,1.12,N
53.13345,8.68227,319.25,0.5,0.41,2026-09-23,0124,N,nominal,2.0NRT,283.53,2.83,N
55.09597,21.8019,301.75,0.46,0.39,2026-09-23,0122,N,nominal,2.0NRT,281.2,0.62,N
53.12514,8.68768,297,0.5,0.41,2026-09-23,0124,N,nominal,2.0NRT,283.06,1.7,N
53.52026,18.83869,296.38,0.41,0.37,2026-09-23,0124,N,nominal,2.0NRT,279.73,0.48,N
52.15892,14.64161,299.74,0.38,0.36,2026-09-23,0124,N,nominal,2.0NRT,276.18,0.76,N
51.68741,15.97956,333.22,0.39,0.36,2026-09-23,0124,N,nominal,2.0NRT,283.16,3.89,N
51.68415,15.97809,317.52,0.39,0.36,2026-09-23,0124,N,nominal,2.0NRT,278.08,3.89,N
51.6813,15.99467,302.43,0.39,0.36,2026-09-23,0124,N,nominal,2.0NRT,280.41,1.21,N
51.10423,18.94056,303.41,0.45,0.39,2026-09-23,0124,N,nominal,2.0NRT,281.76,1.08,N
52.3162,10.24779,316.73,0.44,0.39,2026-09-23,0124,N,nominal,2.0NRT,280.66,1.99,N
52.16159,10.41941,307.91,0.44,0.38,2026-09-23,0124,N,nominal,2.0NRT,282.34,1.73,N
52.16041,10.39908,296.72,0.44,0.38,2026-09-23,0124,N,nominal,2.0NRT,282.67,1.14,N
52.15886,10.41188,301.87,0.44,0.38,2026-09-23,0124,N,nominal,2.0NRT,281.13,1.74,N
52.15613,10.40436,333.17,0.44,0.38,2026-09-23,0124,N,nominal,2.0NRT,283.84,3.32,N
52.15535,10.41076,303.16,0.44,0.38,2026-09-23,0124,N,nominal,2.0NRT,280.12,3.32,N
52.15262,10.40324,331.99,0.44,0.38,2026-09-23,0124,N,nominal,2.0NRT,284.06,3.32,N
52.1534,10.39684,296.03,0.44,0.38,2026-09-23,0124,N,nominal,2.0NRT,281.54,3.23,N
52.14911,10.40212,295.22,0.44,0.38,2026-09-23,0124,N,nominal,2.0NRT,278.15,0.59,N
52.46679,7.31749,295.51,0.55,0.43,2026-09-23,0124,N,nominal,2.0NRT,282.56,0.91,N
50.34232,19.33832,301.55,0.47,0.4,2026-09-23,0124,N,nominal,2.0NRT,282.89,1.59,N
50.33764,19.28636,309.37,0.47,0.4,2026-09-23,0124,N,nominal,2.0NRT,281.9,1.82,N
50.53638,17.97677,301.13,0.43,0.38,2026-09-23,0124,N,nominal,2.0NRT,281.39,0.85,N
48.97487,24.71298,299.61,0.54,0.51,2026-09-23,0124,N,nominal,2.0NRT,278.6,1.13,N
50.41999,18.15501,296.62,0.44,0.38,2026-09-23,0124,N,nominal,2.0NRT,279.99,0.31,N
50.41551,18.13976,297.82,0.44,0.38,2026-09-23,0124,N,nominal,2.0NRT,282.41,1.04,N
51.61828,8.51153,300.88,0.49,0.4,2026-09-23,0124,N,nominal,2.0NRT,281.69,0.72,N
51.59466,8.33508,309,0.5,0.41,2026-09-23,0124,N,nominal,2.0NRT,281.89,1.62,N
51.5059,6.73733,297.48,0.57,0.43,2026-09-23,0124,N,nominal,2.0NRT,285.41,1.17,N
51.50269,6.7281,304,0.57,0.43,2026-09-23,0124,N,nominal,2.0NRT,287.34,1.89,N
51.48429,6.70697,340.67,0.57,0.43,2026-09-23,0124,N,nominal,2.0NRT,287.24,8.08,N
51.48353,6.7152,322.16,0.57,0.43,2026-09-23,0124,N,nominal,2.0NRT,284.29,2.47,N
51.48277,6.72342,302.97,0.57,0.43,2026-09-23,0124,N,nominal,2.0NRT,283.51,2.47,N
51.46135,6.73514,312.43,0.57,0.43,2026-09-23,0124,N,nominal,2.0NRT,283.28,1.55,N
51.4606,6.7434,297.05,0.57,0.43,2026-09-23,0124,N,nominal,2.0NRT,282.7,1.19,N
51.4248,6.73481,300.21,0.57,0.43,2026-09-23,0124,N,nominal,2.0NRT,283.92,1.19,N
51.36964,6.70725,300.52,0.57,0.43,2026-09-23,0124,N,nominal,2.0NRT,286.29,4.69,N
51.36889,6.71548,305.49,0.57,0.43,2026-09-23,0124,N,nominal,2.0NRT,284.39,2.33,N
51.36567,6.70633,333.5,0.57,0.43,2026-09-23,0124,N,nominal,2.0NRT,286.46,4.69,N
51.29692,7.01293,303.42,0.55,0.43,2026-09-23,0124,N,nominal,2.0NRT,283.07,0.86,N
50.65471,11.43264,303.81,0.4,0.37,2026-09-23,0124,N,nominal,2.0NRT,279.7,0.92,N
48.61905,21.18868,300.06,0.4,0.44,2026-09-23,0124,N,nominal,2.0NRT,280.89,1.67,N
48.61271,21.19707,328.06,0.4,0.44,2026-09-23,0124,N,nominal,2.0NRT,283.16,3.57,N
48.61515,21.18661,316.8,0.4,0.44,2026-09-23,0124,N,nominal,2.0NRT,281.92,1.17,N
48.61126,21.18454,295.36,0.4,0.44,2026-09-23,0124,N,nominal,2.0NRT,282.68,1.17,N
48.60858,21.17727,318.38,0.4,0.44,2026-09-23,0124,N,nominal,2.0NRT,282.52,2.2,N
48.60736,21.18248,299.97,0.4,0.44,2026-09-23,0124,N,nominal,2.0NRT,281.49,2.01,N
51.1994,-1.26153,295.48,0.41,0.6,2026-09-23,0124,N,nominal,2.0NRT,283.32,0.5,N
51.04734,2.31902,312.26,0.57,0.52,2026-09-23,0124,N,nominal,2.0NRT,287.33,2.25,N
51.04388,2.29348,317.34,0.57,0.52,2026-09-23,0124,N,nominal,2.0NRT,287.14,2.45,N
51.04343,2.30177,302,0.57,0.52,2026-09-23,0124,N,nominal,2.0NRT,284.98,2.45,N
51.03467,2.28381,308.59,0.57,0.52,2026-09-23,0124,N,nominal,2.0NRT,285.11,2.74,N
51.03423,2.29209,298.72,0.57,0.52,2026-09-23,0124,N,nominal,2.0NRT,283.79,1.44,N
51.03028,2.27479,338,0.57,0.52,2026-09-23,0124,N,nominal,2.0NRT,285.53,5.41,N
51.02984,2.28311,335.22,0.57,0.52,2026-09-23,0124,N,nominal,2.0NRT,285.92,5.41,N
51.03074,2.26648,295.4,0.57,0.52,2026-09-23,0124,N,nominal,2.0NRT,284.97,3.91,N
51.02546,2.27409,308.18,0.57,0.52,2026-09-23,0124,N,nominal,2.0NRT,283.56,5.41,N
50.76345,5.66869,305.71,0.41,0.45,2026-09-23,0124,N,nominal,2.0NRT,283.37,1.15,N
50.76567,5.67438,304.19,0.41,0.45,2026-09-23,0124,N,nominal,2.0NRT,284.63,2.11,N
50.57112,5.36834,304.6,0.42,0.45,2026-09-23,0124,N,nominal,2.0NRT,284.16,1.23,N
50.57085,5.36777,302.43,0.42,0.45,2026-09-23,0124,N,nominal,2.0NRT,284.17,1.01,N
50.83125,-1.36808,298.21,0.41,0.61,2026-09-23,0124,N,nominal,2.0NRT,286.8,1.04,N
49.95528,9.76702,303.52,0.43,0.38,2026-09-23,0124,N,nominal,2.0NRT,280.49,1.02,N
49.35944,6.75274,312.74,0.53,0.42,2026-09-23,0126,N,nominal,2.0NRT,283.05,1.07,N
49.35631,6.7444,297.83,0.53,0.42,2026-09-23,0126,N,nominal,2.0NRT,282.79,2.06,N
49.35556,6.75184,296.57,0.53,0.42,2026-09-23,0126,N,nominal,2.0NRT,282.44,1.07,N
49.3493,6.73512,328.75,0.54,0.42,2026-09-23,0126,N,nominal,2.0NRT,285.08,5.71,N
48.2805,14.33601,295.55,0.39,0.36,2026-09-23,0126,N,nominal,2.0NRT,284.18,0.85,N
48.27784,14.35152,295.74,0.39,0.36,2026-09-23,0126,N,nominal,2.0NRT,285.39,0.84,N
48.27723,14.33475,334.88,0.39,0.36,2026-09-23,0126,N,nominal,2.0NRT,283.56,4,N
48.27634,14.33992,331.82,0.39,0.36,2026-09-23,0126,N,nominal,2.0NRT,286.69,4,N
48.27456,14.35026,296.51,0.39,0.36,2026-09-23,0126,N,nominal,2.0NRT,280.55,0.64,N
48.27306,14.33866,324.53,0.39,0.36,2026-09-23,0126,N,nominal,2.0NRT,281.99,4,N
48.27395,14.33349,301.14,0.39,0.36,2026-09-23,0126,N,nominal,2.0NRT,280.69,4,N
49.47755,0.5349,300.96,0.33,0.55,2026-09-23,0126,N,nominal,2.0NRT,285.4,0.97,N
48.50973,10.8559,323.44,0.4,0.37,2026-09-23,0126,N,nominal,2.0NRT,276.35,1.31,N
47.92496,13.78,296.71,0.39,0.36,2026-09-23,0126,N,nominal,2.0NRT,279.89,0.47,N
48.69109,6.96945,299.47,0.52,0.41,2026-09-23,0126,N,nominal,2.0NRT,281.65,0.39,N
48.59859,7.82212,316.56,0.48,0.4,2026-09-23,0126,N,nominal,2.0NRT,285.63,1.57,N
48.71587,5.68335,295.43,0.39,0.44,2026-09-23,0126,N,nominal,2.0NRT,281.31,0.33,N
48.98455,1.76214,308.44,0.58,0.52,2026-09-23,0126,N,nominal,2.0NRT,286.63,1.36,N
47.79228,12.18203,302.31,0.39,0.36,2026-09-23,0126,N,nominal,2.0NRT,280.47,1.11,N
44.88506,22.44825,324.62,0.56,0.52,2026-09-23,0126,N,nominal,2.0NRT,281.09,2.59,N
44.88345,22.45436,304.13,0.56,0.52,2026-09-23,0126,N,nominal,2.0NRT,277.66,2.59,N
44.88023,22.44704,340.67,0.56,0.52,2026-09-23,0126,N,nominal,2.0NRT,280.08,6,N
44.87857,22.45338,322.06,0.56,0.52,2026-09-23,0126,N,nominal,2.0NRT,278.17,6,N
44.79207,22.36931,295.66,0.56,0.52,2026-09-23,0126,N,nominal,2.0NRT,279,0.69,N
44.62939,22.67804,296.25,0.59,0.53,2026-09-23,0126,N,nominal,2.0NRT,279.42,1.13,N
47.17533,7.56258,323.49,0.47,0.4,2026-09-23,0126,N,nominal,2.0NRT,284.08,1.64,N
47.17168,7.56171,295.77,0.47,0.4,2026-09-23,0126,N,nominal,2.0NRT,282.04,1.64,N
47.07131,8.26814,324.21,0.45,0.39,2026-09-23,0126,N,nominal,2.0NRT,281.52,2.44,N
47.06776,8.26719,313.1,0.45,0.39,2026-09-23,0126,N,nominal,2.0NRT,281.53,2.44,N
47.06988,8.26605,330.93,0.45,0.39,2026-09-23,0126,N,nominal,2.0NRT,283.05,4.78,N
45.81653,16.04801,295.02,0.45,0.39,2026-09-23,0126,N,nominal,2.0NRT,278.55,0.46,N
44.0757,23.15247,298.33,0.32,0.55,2026-09-23,0126,N,nominal,2.0NRT,277.37,0.96,N
44.07094,23.14997,324.81,0.32,0.55,2026-09-23,0126,N,nominal,2.0NRT,278.71,2,N
44.07145,23.1526,327.02,0.32,0.55,2026-09-23,0126,N,nominal,2.0NRT,278.6,1.85,N
44.07249,23.14876,296.44,0.32,0.55,2026-09-23,0126,N,nominal,2.0NRT,277.58,1.37,N
44.60141,20.97602,301.42,0.49,0.49,2026-09-23,0126,N,nominal,2.0NRT,279.74,1.14,N
44.59994,20.982,300.89,0.49,0.49,2026-09-23,0126,N,nominal,2.0NRT,278.96,1.14,N
46.22802,13.0726,322.21,0.39,0.36,2026-09-23,0126,N,nominal,2.0NRT,282.98,1.36,N
46.22719,13.07755,300.36,0.39,0.36,2026-09-23,0126,N,nominal,2.0NRT,286.5,1.36,N
44.59713,20.97393,301.48,0.49,0.49,2026-09-23,0126,N,nominal,2.0NRT,279.28,1.15,N
46.06736,13.6273,307.5,0.39,0.36,2026-09-23,0126,N,nominal,2.0NRT,284.45,1.1,N
45.28393,14.53198,308.02,0.41,0.37,2026-09-23,0126,N,nominal,2.0NRT,287.45,0.78,N
45.28057,14.53075,301.05,0.41,0.37,2026-09-23,0126,N,nominal,2.0NRT,290.66,0.78,N
45.51841,11.49987,296.6,0.38,0.36,2026-09-23,0126,N,nominal,2.0NRT,285.7,0.65,N
45.38256,11.94658,308.14,0.38,0.36,2026-09-23,0126,N,nominal,2.0NRT,287.87,1.28,N
45.38179,11.95143,312.59,0.38,0.36,2026-09-23,0126,N,nominal,2.0NRT,288.67,1.34,N
45.48013,10.2126,299.12,0.39,0.36,2026-09-23,0126,N,nominal,2.0NRT,286.01,0.8,N
43.54173,16.44197,298.49,0.5,0.41,2026-09-23,0126,N,nominal,2.0NRT,286.42,1.35,N
42.07075,21.7328,296.59,0.62,0.54,2026-09-23,0126,N,nominal,2.0NRT,277.66,0.99,N
42.52186,19.05913,301.57,0.45,0.47,2026-09-23,0126,N,nominal,2.0NRT,281.76,1.25,N
42.52432,19.0587,297.7,0.45,0.47,2026-09-23,0126,N,nominal,2.0NRT,280.72,0.63,N
42.51999,19.05769,297.59,0.45,0.47,2026-09-23,0126,N,nominal,2.0NRT,281.18,0.63,N
44.37739,8.29001,296.44,0.42,0.38,2026-09-23,0126,N,nominal,2.0NRT,285.94,0.73,N
42.30334,19.34765,309.16,0.47,0.48,2026-09-23,0126,N,nominal,2.0NRT,287.86,1.33,N
42.30201,19.35322,303.23,0.47,0.48,2026-09-23,0126,N,nominal,2.0NRT,286.26,1.33,N
42.29911,19.34581,319.42,0.47,0.48,2026-09-23,0126,N,nominal,2.0NRT,288.2,1.92,N
42.29778,19.35137,302.5,0.47,0.48,2026-09-23,0126,N,nominal,2.0NRT,286.33,1.92,N
42.28481,19.32738,340.05,0.47,0.48,2026-09-23,0126,N,nominal,2.0NRT,289.08,8.22,N
42.26754,19.39945,335.24,0.47,0.48,2026-09-23,0126,N,nominal,2.0NRT,283.92,4.19,N
42.28614,19.32184,302.12,0.47,0.48,2026-09-23,0126,N,nominal,2.0NRT,285.12,1.21,N
42.26066,19.40855,295.07,0.48,0.48,2026-09-23,0126,N,nominal,2.0NRT,281.91,0.52,N
42.2761,19.30527,317.28,0.47,0.48,2026-09-23,0126,N,nominal,2.0NRT,285.14,1.87,N
42.27186,19.30343,331.86,0.47,0.48,2026-09-23,0126,N,nominal,2.0NRT,285.43,3.88,N
42.28347,19.2356,327.92,0.47,0.47,2026-09-23,0126,N,nominal,2.0NRT,285.92,2.9,N
42.27926,19.23377,338.55,0.47,0.47,2026-09-23,0126,N,nominal,2.0NRT,286.44,3.2,N
42.28057,19.2283,295.62,0.47,0.47,2026-09-23,0126,N,nominal,2.0NRT,284.67,3.2,N
42.27767,19.221,306.65,0.47,0.47,2026-09-23,0126,N,nominal,2.0NRT,285.29,1.17,N
42.27477,19.21372,336.86,0.46,0.47,2026-09-23,0126,N,nominal,2.0NRT,286.1,2.91,N
42.27345,19.21919,324.36,0.47,0.47,2026-09-23,0126,N,nominal,2.0NRT,285.37,2.91,N
42.27608,19.20826,302.11,0.46,0.47,2026-09-23,0126,N,nominal,2.0NRT,285.73,2.32,N
42.27083,19.23012,319.28,0.47,0.47,2026-09-23,0126,N,nominal,2.0NRT,290.02,2.9,N
42.2695,19.23562,296.91,0.47,0.47,2026-09-23,0126,N,nominal,2.0NRT,285.11,0.93,N
42.27055,19.2119,307.05,0.46,0.47,2026-09-23,0126,N,nominal,2.0NRT,284.43,2.91,N
42.26765,19.20463,338.57,0.46,0.47,2026-09-23,0126,N,nominal,2.0NRT,287.93,4.39,N
42.26897,19.19917,303.41,0.46,0.47,2026-09-23,0126,N,nominal,2.0NRT,284.88,4.39,N
42.2672,19.2037,338.87,0.46,0.47,2026-09-23,0126,N,nominal,2.0NRT,288.55,6.29,N
43.36581,12.54807,301.82,0.39,0.36,2026-09-23,0126,N,nominal,2.0NRT,285.53,0.35,N
43.36249,12.54713,298.13,0.39,0.36,2026-09-23,0126,N,nominal,2.0NRT,284.47,0.35,N
41.53191,19.66373,312.13,0.51,0.49,2026-09-23,0126,N,nominal,2.0NRT,284.76,1.09,N
41.50286,19.74249,301.64,0.51,0.5,2026-09-23,0126,N,nominal,2.0NRT,284.35,0.79,N
41.54044,19.53025,323.25,0.5,0.49,2026-09-23,0126,N,nominal,2.0NRT,288.89,3.13,N
41.53604,19.52854,350.28,0.5,0.49,2026-09-23,0126,N,nominal,2.0NRT,289.73,12.38,N
40.28586,23.44486,298.32,0.42,0.61,2026-09-23,0126,N,nominal,2.0NRT,283.76,0.95,N
42.56961,12.67701,305.92,0.4,0.37,2026-09-23,0126,N,nominal,2.0NRT,286.55,0.56,N
43.43598,4.88723,311.11,0.55,0.42,2026-09-23,0126,N,nominal,2.0NRT,290.27,2.56,N
41.80768,15.2263,313.74,0.48,0.4,2026-09-23,0126,N,nominal,2.0NRT,282.83,1.71,N
42.18825,12.81226,344.91,0.4,0.37,2026-09-23,0126,N,nominal,2.0NRT,298.39,10.26,N
42.18911,12.80744,301.92,0.4,0.37,2026-09-23,0126,N,nominal,2.0NRT,287.02,10.26,N
41.62761,14.96965,295.54,0.47,0.4,2026-09-23,0126,N,nominal,2.0NRT,283.16,0.7,N
40.61787,19.4432,325.81,0.52,0.5,2026-09-23,0126,N,nominal,2.0NRT,283.86,3.48,N
43.54362,-5.83005,298.32,0.61,0.71,2026-09-23,0126,N,nominal,2.0NRT,287.16,2.24,N
43.53694,-5.83033,318.84,0.61,0.71,2026-09-23,0126,N,nominal,2.0NRT,286.57,2.24,N
43.52971,-5.73661,315.73,0.6,0.71,2026-09-23,0126,N,nominal,2.0NRT,287.35,3.69,N
43.52967,-5.72937,311.11,0.6,0.71,2026-09-23,0126,N,nominal,2.0NRT,288.55,2.28,N
43.52306,-5.7375,319.76,0.6,0.71,2026-09-23,0126,N,nominal,2.0NRT,288.46,3.69,N
43.52302,-5.72986,312.05,0.6,0.71,2026-09-23,0126,N,nominal,2.0NRT,287.42,2.28,N
43.54048,-5.83582,309.94,0.61,0.71,2026-09-23,0126,N,nominal,2.0NRT,287.56,3.46,N
43.5404,-5.8275,311.67,0.61,0.71,2026-09-23,0126,N,nominal,2.0NRT,286.96,2.46,N
43.52606,-5.73496,343.09,0.6,0.71,2026-09-23,0126,N,nominal,2.0NRT,289.35,3.7,N
43.52597,-5.72743,305.97,0.6,0.71,2026-09-23,0126,N,nominal,2.0NRT,287.91,3.7,N
41.31848,15.23754,316.13,0.49,0.4,2026-09-23,0126,N,nominal,2.0NRT,281.44,1.06,N
40.85671,17.32675,295.68,0.41,0.45,2026-09-23,0126,N,nominal,2.0NRT,285.29,0.26,N
43.41015,-3.84269,316.2,0.49,0.65,2026-09-23,0126,N,nominal,2.0NRT,286.32,1.94,N
43.41008,-3.84165,321.06,0.49,0.65,2026-09-23,0126,N,nominal,2.0NRT,286.69,1.64,N
43.22105,-2.87827,296.49,0.43,0.62,2026-09-23,0126,N,nominal,2.0NRT,284.25,0.48,N
41.16546,14.67084,339.86,0.47,0.4,2026-09-23,0126,N,nominal,2.0NRT,288.76,5.19,N
40.66091,16.99632,327.85,0.4,0.44,2026-09-23,0126,N,nominal,2.0NRT,285.66,2.85,N
41.2128,14.17628,297.61,0.45,0.39,2026-09-23,0126,N,nominal,2.0NRT,286.84,0.53,N
41.20929,14.17516,312.2,0.45,0.39,2026-09-23,0126,N,nominal,2.0NRT,286.53,1.29,N
41.20873,14.15872,295.75,0.45,0.39,2026-09-23,0126,N,nominal,2.0NRT,285.44,1,N
41.09237,14.59986,297.92,0.47,0.4,2026-09-23,0126,N,nominal,2.0NRT,280.37,0.56,N
41.09127,14.6054,298.42,0.47,0.4,2026-09-23,0126,N,nominal,2.0NRT,280.4,0.73,N
41.09074,14.58894,319.11,0.47,0.4,2026-09-23,0126,N,nominal,2.0NRT,285.31,2.09,N
41.08971,14.5941,298.16,0.47,0.4,2026-09-23,0126,N,nominal,2.0NRT,283.15,1.4,N
42.92228,-1.50947,295.53,0.37,0.58,2026-09-23,0128,N,nominal,2.0NRT,285.48,0.3,N
40.7815,14.85785,303.85,0.48,0.4,2026-09-23,0128,N,nominal,2.0NRT,284.36,0.97,N
40.77779,14.85708,301.16,0.48,0.4,2026-09-23,0128,N,nominal,2.0NRT,284.67,1.07,N
40.76488,14.73512,298.72,0.48,0.4,2026-09-23,0128,N,nominal,2.0NRT,286.95,0.36,N
40.73495,14.86553,310.48,0.48,0.4,2026-09-23,0128,N,nominal,2.0NRT,283.92,2.62,N
40.73133,14.86432,334.49,0.48,0.4,2026-09-23,0128,N,nominal,2.0NRT,285.23,2.62,N
40.7326,14.858,318.72,0.48,0.4,2026-09-23,0128,N,nominal,2.0NRT,282.76,1.56,N
40.73004,14.8515,332.23,0.48,0.4,2026-09-23,0128,N,nominal,2.0NRT,287.02,3.01,N
42.55214,-6.77027,299.8,0.67,0.74,2026-09-23,0128,N,nominal,2.0NRT,285.31,0.94,N
42.55302,-6.76811,299.26,0.67,0.74,2026-09-23,0128,N,nominal,2.0NRT,286.14,0.76,N
40.12115,15.58812,317.12,0.53,0.42,2026-09-23,0128,N,nominal,2.0NRT,288.19,0.83,N
40.11732,15.58712,300.11,0.53,0.42,2026-09-23,0128,N,nominal,2.0NRT,287.62,0.83,N
40.07138,15.67012,312.94,0.54,0.42,2026-09-23,0128,N,nominal,2.0NRT,290.36,2.44,N
40.06763,15.66867,320.31,0.54,0.42,2026-09-23,0128,N,nominal,2.0NRT,289.74,2.44,N
41.90482,-5.26255,324.82,0.56,0.69,2026-09-23,0128,N,nominal,2.0NRT,283.91,4.29,N
41.90469,-5.2555,303.87,0.56,0.69,2026-09-23,0128,N,nominal,2.0NRT,283.52,2.65,N
41.89836,-5.26291,295.49,0.56,0.69,2026-09-23,0128,N,nominal,2.0NRT,283.85,1.41,N
41.90434,-5.2581,339.01,0.56,0.69,2026-09-23,0128,N,nominal,2.0NRT,285.02,6.18,N
41.47622,-1.48602,296.68,0.36,0.57,2026-09-23,0128,N,nominal,2.0NRT,286.27,0.69,N
41.43004,-8.02017,302.78,0.77,0.77,2026-09-23,0128,N,nominal,2.0NRT,290.41,1.72,N
38.79624,15.21251,327.25,0.54,0.42,2026-09-23,0128,N,nominal,2.0NRT,288.38,3.24,N
38.79252,15.21082,317.59,0.54,0.42,2026-09-23,0128,N,nominal,2.0NRT,284.78,3.24,N
39.08355,9.01916,307.28,0.39,0.36,2026-09-23,0128,N,nominal,2.0NRT,293.68,1.4,N
39.08025,9.01833,305.67,0.39,0.36,2026-09-23,0128,N,nominal,2.0NRT,292.57,0.34,N
40.24564,-3.47566,324.9,0.44,0.63,2026-09-23,0128,N,nominal,2.0NRT,291.72,3.64,N
40.06244,-4.45015,312.15,0.5,0.66,2026-09-23,0128,N,nominal,2.0NRT,286.63,0.79,N
40.0563,-4.45041,296.46,0.5,0.66,2026-09-23,0128,N,nominal,2.0NRT,286.44,0.79,N
37.53717,13.33815,298.33,0.47,0.4,2026-09-23,0128,N,nominal,2.0NRT,288,0.49,N
36.7604,7.30967,316.45,0.4,0.37,2026-09-23,0128,N,nominal,2.0NRT,290.77,1.74,N
37.61176,-1.57831,311.88,0.33,0.55,2026-09-23,0128,N,nominal,2.0NRT,287.12,0.66,N
36.15808,10.28331,306.68,0.4,0.37,2026-09-23,0128,N,nominal,2.0NRT,291.36,0.65,N
36.74531,6.25618,322.46,0.42,0.37,2026-09-23,0128,N,nominal,2.0NRT,290.33,2.99,N
36.43281,6.62146,301.49,0.41,0.37,2026-09-23,0128,N,nominal,2.0NRT,288.17,0.54,N
36.42941,6.62075,307.81,0.41,0.37,2026-09-23,0128,N,nominal,2.0NRT,287.87,0.54,N
36.74976,3.07919,308.59,0.55,0.43,2026-09-23,0128,N,nominal,2.0NRT,292.03,1.38,N
36.68194,3.12308,303.88,0.55,0.43,2026-09-23,0128,N,nominal,2.0NRT,290.64,0.47,N
36.33506,5.48294,306.15,0.44,0.38,2026-09-23,0128,N,nominal,2.0NRT,286.42,0.94,N
36.33155,5.48223,295.26,0.44,0.38,2026-09-23,0128,N,nominal,2.0NRT,284.29,0.94,N
36.59795,2.87868,304.13,0.56,0.43,2026-09-23,0128,N,nominal,2.0NRT,289.67,1.02,N
36.08586,6.80714,296.86,0.4,0.37,2026-09-23,0128,N,nominal,2.0NRT,286.53,0.55,N
36.96544,-1.90549,308.4,0.34,0.56,2026-09-23,0128,N,nominal,2.0NRT,291.8,0.86,N
36.1763,5.57134,309.25,0.43,0.38,2026-09-23,0128,N,nominal,2.0NRT,284.14,1.23,N
36.14066,2.92841,298.27,0.55,0.43,2026-09-23,0128,N,nominal,2.0NRT,286.47,0.49,N
35.87909,4.44864,317.97,0.47,0.4,2026-09-23,0128,N,nominal,2.0NRT,291.45,1.56,N
36.126,1.24054,304.5,0.45,0.47,2026-09-23,0128,N,nominal,2.0NRT,290.82,0.99,N
35.23432,8.1721,298.44,0.38,0.36,2026-09-23,0128,N,nominal,2.0NRT,286.06,0.71,N
35.23103,8.17133,309.07,0.38,0.36,2026-09-23,0128,N,nominal,2.0NRT,285.75,0.71,N
35.70857,4.47796,312.3,0.47,0.4,2026-09-23,0128,N,nominal,2.0NRT,290.6,1.4,N
35.34996,5.75979,302.32,0.42,0.38,2026-09-23,0128,N,nominal,2.0NRT,287.75,0.95,N
35.34933,5.76439,304.96,0.42,0.38,2026-09-23,0128,N,nominal,2.0NRT,288.26,0.95,N
34.90412,8.54109,299.74,0.38,0.36,2026-09-23,0128,N,nominal,2.0NRT,289.14,0.51,N
35.81444,-0.27131,321.58,0.54,0.51,2026-09-23,0128,N,nominal,2.0NRT,291.78,2.94,N
35.80822,-0.25374,326.13,0.54,0.51,2026-09-23,0128,N,nominal,2.0NRT,291.58,4.2,N
35.80872,-0.25973,314.26,0.54,0.51,2026-09-23,0128,N,nominal,2.0NRT,291.85,2.58,N
35.79748,-0.18199,302.63,0.53,0.5,2026-09-23,0128,N,nominal,2.0NRT,292.34,1.78,N
35.76483,-0.26531,302.25,0.54,0.51,2026-09-23,0128,N,nominal,2.0NRT,292.12,2.31,N
35.09434,5.64771,304.18,0.42,0.38,2026-09-23,0128,N,nominal,2.0NRT,291.45,0.87,N
35.5661,-0.94123,301.29,0.59,0.52,2026-09-23,0128,N,nominal,2.0NRT,289.63,1.16,N
34.56984,7.24123,302.06,0.39,0.36,2026-09-23,0128,N,nominal,2.0NRT,291.71,0.42,N
34.4384,2.05772,309.28,0.39,0.44,2026-09-23,0130,N,nominal,2.0NRT,287.9,1.15,N
34.59626,-2.34626,298.65,0.34,0.56,2026-09-23,0130,N,nominal,2.0NRT,288.56,0.78,N
34.07378,-5.01969,300.31,0.48,0.65,2026-09-23,0130,N,nominal,2.0NRT,290.27,0.41,N
34.07333,-5.0223,300.84,0.48,0.65,2026-09-23,0130,N,nominal,2.0NRT,289.97,0.62,N
52.17665,14.62891,299.86,0.79,0.78,2026-09-23,0304,N,nominal,2.0NRT,276.3,2.1,N
52.17066,14.62194,297.21,0.79,0.78,2026-09-23,0304,N,nominal,2.0NRT,276.12,1.7,N
52.17268,14.63504,313.24,0.79,0.78,2026-09-23,0304,N,nominal,2.0NRT,276.63,2.47,N
52.15989,10.41701,305.29,0.57,0.69,2026-09-23,0304,N,nominal,2.0NRT,279.69,2.34,N
43.43608,4.89081,301.69,0.7,0.75,2026-09-23,0306,N,nominal,2.0NRT,289.83,2.09,N
52.15713,10.40409,311.95,0.57,0.69,2026-09-23,0304,N,nominal,2.0NRT,280.72,4.73,N
43.03354,-2.22,297.86,0.34,0.56,2026-09-23,0308,N,nominal,2.0NRT,283.98,0.46,N
52.15438,10.41144,302.24,0.57,0.69,2026-09-23,0304,N,nominal,2.0NRT,278.56,2.33,N
43.5271,-5.73291,354.42,0.45,0.47,2026-09-23,0308,N,nominal,2.0NRT,291.28,9.8,N
51.85717,8.03116,296.06,0.48,0.65,2026-09-23,0304,N,nominal,2.0NRT,280.23,0.51,N
43.52578,-5.72738,336.41,0.45,0.47,2026-09-23,0308,N,nominal,2.0NRT,289.91,3.32,N
51.4858,6.7077,320.65,0.44,0.62,2026-09-23,0304,N,nominal,2.0NRT,284.34,2.59,N
43.52293,-5.73472,341.13,0.45,0.47,2026-09-23,0308,N,nominal,2.0NRT,288.77,9.8,N
51.48384,6.71351,322.12,0.44,0.62,2026-09-23,0304,N,nominal,2.0NRT,283.12,2.59,N
43.52163,-5.72925,301.64,0.45,0.47,2026-09-23,0308,N,nominal,2.0NRT,287.08,3.32,N
41.9245,0.17912,306.76,0.48,0.64,2026-09-23,0308,N,nominal,2.0NRT,287.94,0.75,N
51.48188,6.71935,313.28,0.44,0.62,2026-09-23,0304,N,nominal,2.0NRT,282.36,2.3,N
43.51878,-5.73664,300.61,0.45,0.47,2026-09-23,0308,N,nominal,2.0NRT,286.87,0.59,N
51.46181,6.73936,308.36,0.44,0.63,2026-09-23,0304,N,nominal,2.0NRT,282.18,0.99,N
41.31213,1.6623,307.31,0.58,0.7,2026-09-23,0308,N,nominal,2.0NRT,289.04,1.78,N
41.31079,1.66283,305.27,0.58,0.7,2026-09-23,0308,N,nominal,2.0NRT,289.04,1.25,N
53.56495,-0.60084,298.47,0.41,0.45,2026-09-23,0304,N,nominal,2.0NRT,276.88,1.15,N
43.22464,-5.32887,315.52,0.48,0.48,2026-09-23,0308,N,nominal,2.0NRT,284.62,2.01,N
43.22345,-5.32393,312.23,0.48,0.48,2026-09-23,0308,N,nominal,2.0NRT,283.95,1.07,N
53.56692,-0.59942,302.12,0.41,0.45,2026-09-23,0304,N,nominal,2.0NRT,276.61,0.66,N
43.22146,-5.33528,297.8,0.48,0.48,2026-09-23,0308,N,nominal,2.0NRT,284.59,2.01,N
43.22025,-5.33025,318.27,0.48,0.48,2026-09-23,0308,N,nominal,2.0NRT,286.37,2.01,N
51.36746,6.70385,309.46,0.45,0.63,2026-09-23,0304,N,nominal,2.0NRT,283.25,2.08,N
43.21907,-5.32543,295.09,0.48,0.48,2026-09-23,0308,N,nominal,2.0NRT,284.33,1.07,N
51.36552,6.7096,315.12,0.45,0.63,2026-09-23,0304,N,nominal,2.0NRT,283.24,2.08,N
43.34752,-8.43662,319.98,0.53,0.42,2026-09-23,0308,N,nominal,2.0NRT,288.83,3.09,N
50.03081,8.25791,295.81,0.57,0.69,2026-09-23,0304,N,nominal,2.0NRT,280.92,1.38,N
42.55316,-6.76689,297.46,0.43,0.46,2026-09-23,0308,N,nominal,2.0NRT,286.03,0.61,N
41.90639,-5.25997,313.84,0.52,0.5,2026-09-23,0308,N,nominal,2.0NRT,284.17,4.02,N
50.76576,5.67314,314.6,0.43,0.62,2026-09-23,0304,N,nominal,2.0NRT,283.65,1.54,N
41.90195,-5.26192,337.01,0.52,0.5,2026-09-23,0308,N,nominal,2.0NRT,284.23,4.02,N
41.90042,-5.25581,307.68,0.52,0.5,2026-09-23,0308,N,nominal,2.0NRT,283.69,4.2,N
41.90141,-5.25718,337.25,0.52,0.5,2026-09-23,0308,N,nominal,2.0NRT,286.26,11.79,N
52.62627,-2.02888,299.65,0.38,0.43,2026-09-23,0304,N,nominal,2.0NRT,279.29,0.5,N
41.66348,-8.69412,340.51,0.55,0.43,2026-09-23,0308,N,nominal,2.0NRT,298.44,7.05,N
51.04737,2.32099,299.01,0.62,0.54,2026-09-23,0304,N,nominal,2.0NRT,285.58,1.33,N
41.6622,-8.68816,336.43,0.55,0.43,2026-09-23,0308,N,nominal,2.0NRT,294.41,7.05,N
51.04302,2.29789,311.49,0.62,0.54,2026-09-23,0304,N,nominal,2.0NRT,285.84,2.55,N
41.65958,-8.69522,348.28,0.55,0.43,2026-09-23,0308,N,nominal,2.0NRT,296.6,3.74,N
41.65827,-8.6891,315.48,0.55,0.43,2026-09-23,0308,N,nominal,2.0NRT,294.14,3.74,N
41.65431,-8.68994,304.33,0.55,0.43,2026-09-23,0308,N,nominal,2.0NRT,289.82,3.74,N
51.03388,2.29123,305.24,0.62,0.54,2026-09-23,0304,N,nominal,2.0NRT,284.11,1.21,N
41.64202,-8.72895,315.32,0.55,0.43,2026-09-23,0308,N,nominal,2.0NRT,287.65,2.37,N
41.42982,-8.01437,302.55,0.4,0.44,2026-09-23,0308,N,nominal,2.0NRT,291.43,1.27,N
51.04596,2.32316,301.27,0.62,0.54,2026-09-23,0304,N,nominal,2.0NRT,285.45,1.63,N
41.42599,-8.01645,343.68,0.4,0.44,2026-09-23,0308,N,nominal,2.0NRT,302.2,20.54,N
41.42214,-8.01845,311.97,0.4,0.44,2026-09-23,0308,N,nominal,2.0NRT,291.84,20.54,N
41.42683,-8.01852,340.82,0.4,0.44,2026-09-23,0308,N,nominal,2.0NRT,297.51,10.35,N
51.04847,2.29508,300.93,0.62,0.54,2026-09-23,0304,N,nominal,2.0NRT,286.24,2.43,N
41.42564,-8.01302,307.86,0.4,0.44,2026-09-23,0308,N,nominal,2.0NRT,295.11,10.35,N
51.04391,2.2917,300.46,0.62,0.54,2026-09-23,0304,N,nominal,2.0NRT,285.68,1.27,N
41.42297,-8.02048,307.97,0.4,0.44,2026-09-23,0308,N,nominal,2.0NRT,291.52,10.35,N
51.04155,2.29994,295.65,0.62,0.54,2026-09-23,0304,N,nominal,2.0NRT,284.72,1.27,N
41.42178,-8.01502,314.29,0.4,0.44,2026-09-23,0308,N,nominal,2.0NRT,290.8,10.35,N
40.24623,-3.47301,324.84,0.35,0.57,2026-09-23,0308,N,nominal,2.0NRT,290.68,3.01,N
51.03478,2.28498,311.9,0.62,0.54,2026-09-23,0304,N,nominal,2.0NRT,284.99,2.67,N
41.29069,-8.5093,315.3,0.57,0.43,2026-09-23,0308,N,nominal,2.0NRT,290.34,2.95,N
51.03022,2.28163,323.12,0.62,0.54,2026-09-23,0304,N,nominal,2.0NRT,286.19,2.67,N
41.27605,-8.5,328.55,0.57,0.43,2026-09-23,0308,N,nominal,2.0NRT,290.06,3.74,N
51.02801,2.27008,317.4,0.62,0.54,2026-09-23,0304,N,nominal,2.0NRT,284.99,3.13,N
41.27903,-8.51368,303.32,0.57,0.43,2026-09-23,0308,N,nominal,2.0NRT,290.8,1.58,N
50.40064,3.55899,307.34,0.36,0.58,2026-09-23,0304,N,nominal,2.0NRT,283.17,1.47,N
40.75014,-7.04216,298.46,0.46,0.47,2026-09-23,0308,N,nominal,2.0NRT,284.56,0.33,N
50.39919,3.56377,302.65,0.36,0.58,2026-09-23,0304,N,nominal,2.0NRT,283.02,0.99,N
40.74889,-7.03687,295.27,0.46,0.47,2026-09-23,0308,N,nominal,2.0NRT,285.1,0.3,N
40.74781,-7.03852,338.4,0.46,0.47,2026-09-23,0308,N,nominal,2.0NRT,291.54,6.58,N
49.35591,6.74825,302.03,0.53,0.67,2026-09-23,0304,N,nominal,2.0NRT,281.2,1.14,N
40.74905,-7.04385,316.11,0.46,0.47,2026-09-23,0308,N,nominal,2.0NRT,285.46,6.58,N
40.74366,-7.0404,339.98,0.46,0.47,2026-09-23,0308,N,nominal,2.0NRT,288.79,10.86,N
49.32622,6.09963,295.06,0.5,0.66,2026-09-23,0306,N,nominal,2.0NRT,280.53,0.47,N
40.74489,-7.04572,319.62,0.46,0.47,2026-09-23,0308,N,nominal,2.0NRT,286.29,10.86,N
40.06158,-4.44966,319.64,0.32,0.55,2026-09-23,0308,N,nominal,2.0NRT,286.4,1.39,N
50.83457,-1.37533,299.2,0.45,0.47,2026-09-23,0306,N,nominal,2.0NRT,287.02,1.99,N
38.37586,-0.54538,300.18,0.55,0.68,2026-09-23,0308,N,nominal,2.0NRT,288.2,0.9,N
50.83148,-1.36312,300.72,0.45,0.47,2026-09-23,0306,N,nominal,2.0NRT,287.56,1.16,N
40.28897,-8.4203,305.33,0.4,0.44,2026-09-23,0308,N,nominal,2.0NRT,290.54,1.18,N
38.65612,-5.59509,309.61,0.61,0.53,2026-09-23,0308,N,nominal,2.0NRT,288.71,1.19,N
38.65139,-5.59711,304.8,0.61,0.53,2026-09-23,0308,N,nominal,2.0NRT,289.04,1.06,N
48.98314,1.76046,326.15,0.34,0.56,2026-09-23,0306,N,nominal,2.0NRT,285.91,2.25,N
39.38002,-9.28578,301.66,0.38,0.44,2026-09-23,0308,N,nominal,2.0NRT,288.19,0.48,N
48.98267,1.75911,322.43,0.34,0.56,2026-09-23,0306,N,nominal,2.0NRT,284.99,1.79,N
35.8141,-0.26592,306.88,0.68,0.74,2026-09-23,0310,N,nominal,2.0NRT,289.8,3.42,N
35.80953,-0.25126,312.88,0.68,0.74,2026-09-23,0310,N,nominal,2.0NRT,288.93,3.61,N
37.96003,-8.80446,303.92,0.43,0.46,2026-09-23,0310,N,nominal,2.0NRT,293.67,1.65,N
35.53165,-0.27622,298.64,0.69,0.74,2026-09-23,0310,N,nominal,2.0NRT,287.79,1.05,N
37.00463,-5.89171,305.19,0.32,0.55,2026-09-23,0310,N,nominal,2.0NRT,289.78,0.59,N
36.74005,-5.91737,309.07,0.33,0.55,2026-09-23,0310,N,nominal,2.0NRT,289.49,0.74,N
36.73515,-5.91927,324.08,0.33,0.55,2026-09-23,0310,N,nominal,2.0NRT,289.35,1.63,N
64.36007,-21.77995,297.47,0.5,0.66,2026-09-23,0622,N,nominal,2.0NRT,278.65,3.15,N
53.56107,33.12033,329.12,0.37,0.58,2026-09-23,0932,N,nominal,2.0NRT,283.86,2.7,D
36.81141,34.96272,330.65,0.47,0.4,2026-09-23,1108,N,low,2.0NRT,304.23,6.51,D
36.81506,34.96205,347.36,0.47,0.4,2026-09-23,1108,N,nominal,2.0NRT,305.43,6.51,D
37.86612,31.73646,336.1,0.39,0.36,2026-09-23,1108,N,nominal,2.0NRT,302.17,6.64,D
37.87007,31.74013,348.14,0.39,0.36,2026-09-23,1108,N,nominal,2.0NRT,304.21,6.64,D
39.35249,33.68929,338.25,0.45,0.39,2026-09-23,1108,N,nominal,2.0NRT,302.57,5.85,D
39.38126,33.65644,331.95,0.45,0.39,2026-09-23,1108,N,nominal,2.0NRT,297.25,3.44,D
39.38062,33.65126,332.15,0.45,0.39,2026-09-23,1108,N,nominal,2.0NRT,297.84,3.44,D
40.60044,34.32018,341.01,0.49,0.4,2026-09-23,1108,N,nominal,2.0NRT,295.71,4.15,D
39.86519,26.24316,332,0.44,0.38,2026-09-23,1108,N,nominal,2.0NRT,297.58,2.38,D
41.17429,32.63475,329.09,0.43,0.38,2026-09-23,1108,N,low,2.0NRT,301.92,2.17,D
41.19046,32.62074,332.86,0.43,0.38,2026-09-23,1108,N,nominal,2.0NRT,301.44,2.18,D
37.48728,14.60836,348.01,0.6,0.71,2026-09-23,1108,N,nominal,2.0NRT,292.99,5.97,D
37.48561,14.60646,338.75,0.6,0.71,2026-09-23,1108,N,nominal,2.0NRT,292.53,9.32,D
38.93268,17.13507,367,0.41,0.61,2026-09-23,1110,N,high,2.0NRT,299.47,16.75,D
38.93141,17.13051,354.73,0.41,0.61,2026-09-23,1110,N,nominal,2.0NRT,297.74,12.54,D
39.20857,17.10262,338.41,0.41,0.6,2026-09-23,1110,N,nominal,2.0NRT,299.62,5.02,D
40.67521,20.8311,328.18,0.49,0.48,2026-09-23,1110,N,nominal,2.0NRT,296.1,3.22,D
40.40136,19.53997,346.54,0.57,0.52,2026-09-23,1110,N,nominal,2.0NRT,298.67,10.9,D
40.4058,19.53741,349.72,0.57,0.52,2026-09-23,1110,N,nominal,2.0NRT,300.17,10.35,D
40.41026,19.53485,340.55,0.57,0.52,2026-09-23,1110,N,nominal,2.0NRT,298.32,10.35,D
41.82973,26.08214,329.08,0.42,0.38,2026-09-23,1110,N,nominal,2.0NRT,298.48,3.97,D
40.60847,19.45235,353.75,0.57,0.52,2026-09-23,1110,N,nominal,2.0NRT,304.6,9.16,D
40.61307,19.4504,334.84,0.57,0.52,2026-09-23,1110,N,nominal,2.0NRT,304.61,9.16,D
40.60983,19.43734,336.15,0.57,0.52,2026-09-23,1110,N,nominal,2.0NRT,302.6,8.63,D
40.61766,19.44843,342.98,0.57,0.52,2026-09-23,1110,N,nominal,2.0NRT,303.43,12.11,D
40.61604,19.4419,344.95,0.57,0.52,2026-09-23,1110,N,nominal,2.0NRT,302.88,10,D
39.72983,15.83981,340.5,0.45,0.63,2026-09-23,1110,N,nominal,2.0NRT,293.34,15.59,D
39.72788,15.83305,352.81,0.45,0.63,2026-09-23,1110,N,nominal,2.0NRT,300.06,15.59,D
42.13761,25.9848,340.2,0.42,0.38,2026-09-23,1110,N,nominal,2.0NRT,294.64,2.99,D
42.1367,25.97977,346.55,0.42,0.38,2026-09-23,1110,N,nominal,2.0NRT,294.15,5.56,D
42.14101,25.98369,344.74,0.42,0.38,2026-09-23,1110,N,nominal,2.0NRT,294.44,4.24,D
42.14011,25.97868,337.89,0.42,0.38,2026-09-23,1110,N,nominal,2.0NRT,293.01,2.47,D
42.14352,25.97759,345.39,0.42,0.38,2026-09-23,1110,N,nominal,2.0NRT,294.87,2.47,D
40.42506,17.35597,333.7,0.36,0.58,2026-09-23,1110,N,nominal,2.0NRT,300.29,2.34,D
40.42392,17.35702,334.32,0.36,0.58,2026-09-23,1110,N,nominal,2.0NRT,299.62,2.92,D
40.42278,17.35289,331.75,0.36,0.58,2026-09-23,1110,N,nominal,2.0NRT,300.79,2.37,D
42.50877,24.83257,367,0.45,0.39,2026-09-23,1110,N,high,2.0NRT,294.01,14.27,D
42.50774,24.82728,346.36,0.45,0.39,2026-09-23,1110,N,nominal,2.0NRT,286.77,14.27,D
42.51229,24.83148,367,0.45,0.39,2026-09-23,1110,N,high,2.0NRT,299.32,9.35,D
42.51127,24.82618,347.39,0.45,0.39,2026-09-23,1110,N,nominal,2.0NRT,298.9,9.35,D
42.51578,24.83017,343.44,0.45,0.39,2026-09-23,1110,N,nominal,2.0NRT,294.72,9.35,D
42.51476,24.8249,342.51,0.45,0.39,2026-09-23,1110,N,nominal,2.0NRT,298.25,9.35,D
42.51926,24.82884,329.43,0.45,0.39,2026-09-23,1110,N,nominal,2.0NRT,291.37,7.82,D
42.51824,24.82355,349.57,0.45,0.39,2026-09-23,1110,N,nominal,2.0NRT,299.2,7.82,D
42.5172,24.81819,342.02,0.45,0.39,2026-09-23,1110,N,nominal,2.0NRT,301.73,14.21,D
42.52172,24.82223,340.47,0.45,0.39,2026-09-23,1110,N,nominal,2.0NRT,297.54,7.82,D
42.5207,24.81691,335.12,0.45,0.39,2026-09-23,1110,N,nominal,2.0NRT,295.4,14.21,D
41.43837,19.5101,325.53,0.54,0.51,2026-09-23,1110,N,low,2.0NRT,300.45,2.4,D
42.07155,21.73454,340.7,0.41,0.45,2026-09-23,1110,N,nominal,2.0NRT,298.76,6.29,D
40.93496,17.16505,329.25,0.36,0.57,2026-09-23,1110,N,nominal,2.0NRT,294.82,3.39,D
40.82156,16.48262,334.34,0.39,0.6,2026-09-23,1110,N,nominal,2.0NRT,299.39,3.61,D
40.93556,16.78952,328.6,0.38,0.59,2026-09-23,1110,N,nominal,2.0NRT,294.59,2.23,D
41.66925,19.59297,341.03,0.53,0.5,2026-09-23,1110,N,nominal,2.0NRT,299.15,9.01,D
41.67298,19.59122,328.24,0.53,0.5,2026-09-23,1110,N,nominal,2.0NRT,298.36,2.76,D
41.91409,19.57936,334.66,0.52,0.5,2026-09-23,1110,N,nominal,2.0NRT,298.45,3.96,D
41.91359,19.57775,340.45,0.52,0.5,2026-09-23,1110,N,nominal,2.0NRT,299.21,4.15,D
40.91369,15.82141,333.21,0.42,0.61,2026-09-23,1110,N,nominal,2.0NRT,298.14,1.34,D
40.68453,14.86585,334.52,0.47,0.64,2026-09-23,1110,N,nominal,2.0NRT,297.85,2.21,D
43.3606,25.61935,335.84,0.42,0.38,2026-09-23,1110,N,nominal,2.0NRT,289.42,2.5,D
42.88328,23.04017,326.68,0.52,0.41,2026-09-23,1110,N,nominal,2.0NRT,298.77,4.21,D
42.88703,23.03893,343.57,0.52,0.41,2026-09-23,1110,N,nominal,2.0NRT,302.03,11.42,D
42.88577,23.03283,331.84,0.52,0.41,2026-09-23,1110,N,nominal,2.0NRT,298.54,11.42,D
42.89077,23.03769,331.92,0.52,0.41,2026-09-23,1110,N,nominal,2.0NRT,298.23,11.42,D
42.88952,23.03158,334.97,0.52,0.41,2026-09-23,1110,N,nominal,2.0NRT,301.6,11.42,D
42.89326,23.03032,334.71,0.52,0.41,2026-09-23,1110,N,nominal,2.0NRT,297.24,5.18,D
43.46278,25.67435,346.52,0.42,0.37,2026-09-23,1110,N,nominal,2.0NRT,293.44,4.64,D
41.0873,15.33743,326.51,0.44,0.62,2026-09-23,1110,N,low,2.0NRT,298.02,2.54,D
42.46188,20.3399,336.84,0.46,0.47,2026-09-23,1110,N,nominal,2.0NRT,296.51,3.19,D
42.2728,19.25286,351.87,0.53,0.5,2026-09-23,1110,N,nominal,2.0NRT,302.89,30.91,D
42.27163,19.2516,356.29,0.53,0.5,2026-09-23,1110,N,nominal,2.0NRT,304.27,14.44,D
42.27608,19.24965,328.34,0.53,0.5,2026-09-23,1110,N,nominal,2.0NRT,292.47,14.44,D
42.7077,20.99195,328.69,0.43,0.46,2026-09-23,1110,N,nominal,2.0NRT,296.16,2.98,D
42.3032,19.29925,340.71,0.52,0.5,2026-09-23,1110,N,nominal,2.0NRT,302.25,11.22,D
42.30167,19.2931,341.27,0.52,0.5,2026-09-23,1110,N,nominal,2.0NRT,299.81,9.4,D
42.30901,19.28305,344.19,0.52,0.5,2026-09-23,1110,N,nominal,2.0NRT,311.07,33.34,D
41.26284,15.09574,334.23,0.45,0.63,2026-09-23,1110,N,nominal,2.0NRT,296.73,4.18,D
41.26197,15.09269,345.57,0.45,0.63,2026-09-23,1110,N,nominal,2.0NRT,298.29,4.06,D
42.77706,20.80937,329.68,0.43,0.46,2026-09-23,1110,N,nominal,2.0NRT,296.72,3.41,D
41.37699,15.25048,355.32,0.43,0.62,2026-09-23,1110,N,nominal,2.0NRT,298.86,4.62,D
41.43104,15.30043,326.45,0.43,0.62,2026-09-23,1110,N,nominal,2.0NRT,299.45,2.03,D
43.9389,24.73598,340.77,0.44,0.38,2026-09-23,1110,N,nominal,2.0NRT,288.45,3.85,D
41.69408,15.06104,334.46,0.43,0.62,2026-09-23,1110,N,nominal,2.0NRT,297.19,2.68,D
41.77784,15.24497,336.9,0.42,0.61,2026-09-23,1110,N,nominal,2.0NRT,299.74,3.67,D
44.22616,25.90004,341.06,0.41,0.37,2026-09-23,1110,N,nominal,2.0NRT,288.82,5.53,D
44.2295,25.8989,337.35,0.41,0.37,2026-09-23,1110,N,nominal,2.0NRT,290.41,5.53,D
41.69549,15.06207,351.04,0.43,0.62,2026-09-23,1110,N,nominal,2.0NRT,298.14,4.08,D
41.77492,15.24813,329.2,0.42,0.61,2026-09-23,1110,N,nominal,2.0NRT,299.19,2.34,D
41.77352,15.24333,325.43,0.42,0.61,2026-09-23,1110,N,nominal,2.0NRT,299.77,2.34,D
44.24874,25.7885,339.57,0.41,0.37,2026-09-23,1110,N,nominal,2.0NRT,289.96,5.09,D
44.25586,25.82861,356.54,0.41,0.37,2026-09-23,1110,N,low,2.0NRT,296.22,14.08,D
44.24785,25.78348,356.5,0.41,0.37,2026-09-23,1110,N,low,2.0NRT,282.97,6.9,D
44.25831,25.82246,354.73,0.41,0.37,2026-09-23,1110,N,nominal,2.0NRT,298.67,10.89,D
41.74769,15.07015,335.08,0.43,0.62,2026-09-23,1110,N,nominal,2.0NRT,298.72,4.93,D
44.2512,25.78233,356.33,0.41,0.37,2026-09-23,1110,N,low,2.0NRT,284.83,5.66,D
44.26077,25.81631,342.06,0.41,0.37,2026-09-23,1110,N,nominal,2.0NRT,297.97,10.89,D
41.75447,15.0721,328.21,0.43,0.62,2026-09-23,1110,N,nominal,2.0NRT,296.99,5.17,D
41.82223,15.28396,344.46,0.42,0.61,2026-09-23,1110,N,nominal,2.0NRT,299.12,4.62,D
41.87393,15.25038,325.17,0.42,0.61,2026-09-23,1110,N,low,2.0NRT,299.74,1.27,D
41.89243,15.25983,337.51,0.42,0.61,2026-09-23,1110,N,nominal,2.0NRT,298.67,2.93,D
41.90226,15.08156,337.39,0.43,0.62,2026-09-23,1110,N,nominal,2.0NRT,298.28,2.92,D
41.94381,14.94172,367,0.43,0.62,2026-09-23,1110,N,high,2.0NRT,298.39,5.53,D
41.94219,14.93621,326.71,0.43,0.62,2026-09-23,1110,N,nominal,2.0NRT,296.2,5.53,D
44.49524,25.4815,356.37,0.41,0.37,2026-09-23,1110,N,nominal,2.0NRT,298.23,13.52,D
44.49432,25.47642,357.21,0.41,0.37,2026-09-23,1110,N,low,2.0NRT,300.39,13.52,D
44.49585,25.46508,337.17,0.41,0.37,2026-09-23,1110,N,nominal,2.0NRT,301.15,77.31,D
44.4986,25.48033,356.92,0.41,0.37,2026-09-23,1110,N,low,2.0NRT,299.62,42.85,D
44.50287,25.48425,341.81,0.41,0.37,2026-09-23,1110,N,nominal,2.0NRT,298.95,5.63,D
44.50196,25.47916,355.32,0.41,0.37,2026-09-23,1110,N,nominal,2.0NRT,299.7,42.85,D
44.5044,25.47291,355.79,0.41,0.37,2026-09-23,1110,N,nominal,2.0NRT,302.45,70.04,D
44.50714,25.48816,357.11,0.41,0.37,2026-09-23,1110,N,low,2.0NRT,301.94,81.76,D
44.51386,25.48582,340.08,0.41,0.37,2026-09-23,1110,N,nominal,2.0NRT,294.52,7.2,D
44.51295,25.48074,355.98,0.41,0.37,2026-09-23,1110,N,low,2.0NRT,293.92,7.2,D
44.70361,25.17956,353.47,0.42,0.37,2026-09-23,1110,N,nominal,2.0NRT,297.9,5.24,D
44.17299,22.46044,349.79,0.52,0.41,2026-09-23,1110,N,nominal,2.0NRT,293.34,10.89,D
44.70455,25.18472,356.63,0.42,0.37,2026-09-23,1110,N,low,2.0NRT,293.37,5.24,D
44.1767,22.45897,335.9,0.52,0.41,2026-09-23,1110,N,nominal,2.0NRT,289.48,4.59,D
44.70792,25.18352,357.2,0.42,0.37,2026-09-23,1110,N,low,2.0NRT,297.3,16.01,D
44.71466,25.18113,335.09,0.42,0.37,2026-09-23,1110,N,nominal,2.0NRT,290.81,2.33,D
44.9953,25.80137,347.43,0.4,0.37,2026-09-23,1110,N,nominal,2.0NRT,293,4.72,D
44.9875,25.39645,336.65,0.41,0.37,2026-09-23,1110,N,nominal,2.0NRT,291.99,1.61,D
44.62747,22.68159,329.02,0.5,0.41,2026-09-23,1110,N,nominal,2.0NRT,294.61,2.25,D
42.10908,12.40515,325.61,0.56,0.69,2026-09-23,1110,N,nominal,2.0NRT,294.59,1.67,D
44.75421,22.35635,335.77,0.51,0.41,2026-09-23,1110,N,nominal,2.0NRT,283.15,4.81,D
44.9942,20.44268,343.66,0.4,0.44,2026-09-23,1110,N,nominal,2.0NRT,298.09,11.79,D
44.9966,19.5909,336.58,0.44,0.46,2026-09-23,1110,N,nominal,2.0NRT,294.84,7.05,D
45.10673,19.48418,340.38,0.44,0.46,2026-09-23,1110,N,nominal,2.0NRT,291.03,10.75,D
45.10957,19.47691,343.63,0.44,0.46,2026-09-23,1110,N,nominal,2.0NRT,291.69,10.08,D
45.04786,18.51378,333.22,0.49,0.48,2026-09-23,1110,N,nominal,2.0NRT,294.52,4.42,D
44.94968,17.41621,326.12,0.55,0.51,2026-09-23,1110,N,nominal,2.0NRT,291.71,3.75,D
45.02531,17.40663,333.35,0.55,0.51,2026-09-23,1110,N,nominal,2.0NRT,293.96,2.73,D
45.28526,18.38782,327.09,0.49,0.48,2026-09-23,1110,N,nominal,2.0NRT,295.26,2.89,D
48.25642,20.35206,330.49,0.52,0.41,2026-09-23,1113,N,nominal,2.0NRT,295.02,5.67,D
49.67926,18.66613,334.23,0.56,0.43,2026-09-23,1113,N,nominal,2.0NRT,282.66,3.88,D
53.26971,33.22514,342.11,0.41,0.45,2026-09-23,1110,N,nominal,2.0NRT,289.49,4,D
53.27105,33.22297,339.74,0.41,0.45,2026-09-23,1110,N,nominal,2.0NRT,287.74,4.74,D
52.18326,21.79333,336.23,0.41,0.37,2026-09-23,1110,N,nominal,2.0NRT,287.98,2.2,D
53.69453,32.53318,332.65,0.39,0.44,2026-09-23,1110,N,nominal,2.0NRT,287.19,6.81,D
53.69403,32.52724,339.73,0.39,0.44,2026-09-23,1110,N,nominal,2.0NRT,287.47,6.81,D
53.13733,22.07981,335.33,0.4,0.37,2026-09-23,1110,N,nominal,2.0NRT,286.95,3.12,D
54.53716,31.07909,334.77,0.53,0.42,2026-09-23,1110,N,nominal,2.0NRT,281.25,3.51,D
52.15082,10.40259,331.81,0.33,0.55,2026-09-23,1113,N,nominal,2.0NRT,278.49,2.52,D
51.81167,8.79816,331.81,0.39,0.59,2026-09-23,1113,N,nominal,2.0NRT,290.08,3.81,D
51.36906,6.70882,340.27,0.48,0.65,2026-09-23,1113,N,nominal,2.0NRT,290.43,9.93,D
51.36691,6.70256,326.2,0.48,0.65,2026-09-23,1113,N,nominal,2.0NRT,289.7,5.51,D
51.48346,6.71241,332.25,0.47,0.64,2026-09-23,1113,N,nominal,2.0NRT,291.82,6.11,D
65.7703,24.19499,329.96,0.48,0.4,2026-09-23,1115,N,nominal,2.0NRT,281.91,6.56,D
35.75612,10.15949,337.77,0.49,0.4,2026-09-23,1249,N,nominal,2.0NRT,302.44,4.89,D
35.65913,6.32488,335.47,0.39,0.36,2026-09-23,1249,N,low,2.0NRT,308.22,3.15,D
35.19803,3.04358,339.5,0.43,0.38,2026-09-23,1251,N,nominal,2.0NRT,308.65,1.81,D
35.86002,7.08003,345.1,0.39,0.36,2026-09-23,1251,N,nominal,2.0NRT,313.62,7.57,D
36.30424,9.20848,335.37,0.45,0.39,2026-09-23,1251,N,nominal,2.0NRT,303.74,2.99,D
36.15934,8.03618,338.09,0.41,0.37,2026-09-23,1251,N,low,2.0NRT,308.83,2.6,D
36.30722,9.0295,338.69,0.45,0.39,2026-09-23,1251,N,nominal,2.0NRT,302.1,5.31,D
36.3066,9.02457,333.38,0.45,0.39,2026-09-23,1251,N,nominal,2.0NRT,301.63,1.83,D
36.39182,8.87896,338.98,0.44,0.38,2026-09-23,1251,N,nominal,2.0NRT,307.47,3.77,D
36.39504,8.88055,348.97,0.44,0.38,2026-09-23,1251,N,nominal,2.0NRT,306.69,6.9,D
36.48653,9.29961,339.08,0.46,0.39,2026-09-23,1251,N,nominal,2.0NRT,304.17,5.1,D
36.35348,7.2185,335.42,0.4,0.37,2026-09-23,1251,N,nominal,2.0NRT,307.72,1.86,D
36.34253,6.9226,335.26,0.39,0.36,2026-09-23,1251,N,nominal,2.0NRT,305,3.95,D
36.34586,6.9219,340.33,0.39,0.36,2026-09-23,1251,N,nominal,2.0NRT,305.25,3.95,D
37.17159,14.58671,335.93,0.57,0.52,2026-09-23,1251,N,nominal,2.0NRT,295.09,4.7,D
36.6512,9.0669,337.18,0.45,0.39,2026-09-23,1251,N,nominal,2.0NRT,303.55,5.54,D
36.11463,5.03092,338.22,0.39,0.36,2026-09-23,1251,N,low,2.0NRT,312.53,1.45,D
37.23479,14.46461,350.1,0.56,0.51,2026-09-23,1251,N,nominal,2.0NRT,298.22,10.69,D
37.2472,14.37833,334.16,0.55,0.51,2026-09-23,1251,N,nominal,2.0NRT,293.22,1.78,D
36.16784,5.23815,337.08,0.38,0.36,2026-09-23,1251,N,nominal,2.0NRT,310.59,2.74,D
36.06659,4.6045,336.74,0.39,0.36,2026-09-23,1251,N,nominal,2.0NRT,308.47,0.98,D
36.78596,9.14181,336.33,0.45,0.39,2026-09-23,1251,N,nominal,2.0NRT,301.78,7.6,D
36.45563,6.37411,339.54,0.39,0.36,2026-09-23,1251,N,low,2.0NRT,310.46,5,D
36.94396,9.83586,334,0.49,0.4,2026-09-23,1251,N,nominal,2.0NRT,298.55,4.03,D
36.94239,9.8396,335.51,0.49,0.4,2026-09-23,1251,N,nominal,2.0NRT,298.11,5.64,D
36.94609,9.83891,335.98,0.49,0.4,2026-09-23,1251,N,nominal,2.0NRT,299.47,5.64,D
36.32134,4.02081,336.3,0.4,0.37,2026-09-23,1251,N,low,2.0NRT,308.85,1.33,D
37.59475,14.13999,348.07,0.54,0.51,2026-09-23,1251,N,nominal,2.0NRT,301.48,7.69,D
36.74696,6.25848,336.74,0.39,0.36,2026-09-23,1251,N,low,2.0NRT,307.6,5.56,D
36.74633,6.25416,336.24,0.39,0.36,2026-09-23,1251,N,low,2.0NRT,308.33,5.54,D
36.86852,6.98389,344.16,0.4,0.37,2026-09-23,1251,N,nominal,2.0NRT,303.69,5.83,D
37.64568,13.89285,341.37,0.52,0.5,2026-09-23,1251,N,nominal,2.0NRT,298.31,7.33,D
37.64821,13.89134,342.65,0.52,0.5,2026-09-23,1251,N,nominal,2.0NRT,297.12,7.67,D
36.5527,3.84191,335.98,0.4,0.37,2026-09-23,1251,N,nominal,2.0NRT,305.86,2.29,D
35.81502,-0.27124,347.36,0.57,0.43,2026-09-23,1251,N,nominal,2.0NRT,305.26,5.84,D
35.82442,-0.32659,339.82,0.57,0.43,2026-09-23,1251,N,nominal,2.0NRT,307.68,4.79,D
36.59715,2.87798,336.2,0.42,0.38,2026-09-23,1251,N,nominal,2.0NRT,308.15,2.41,D
36.79567,3.76268,332.67,0.4,0.37,2026-09-23,1251,N,nominal,2.0NRT,298.9,2.8,D
36.79491,3.75822,332.23,0.4,0.37,2026-09-23,1251,N,nominal,2.0NRT,301.61,2.8,D
36.79975,3.7663,338.25,0.4,0.37,2026-09-23,1251,N,nominal,2.0NRT,298,3.93,D
36.799,3.76184,349.35,0.4,0.37,2026-09-23,1251,N,nominal,2.0NRT,302.98,2.8,D
36.79825,3.75738,334.86,0.4,0.37,2026-09-23,1251,N,nominal,2.0NRT,303.44,2.8,D
36.73334,3.31338,331.82,0.41,0.37,2026-09-23,1251,N,low,2.0NRT,306.25,2.41,D
36.7367,3.31248,349.62,0.41,0.37,2026-09-23,1251,N,nominal,2.0NRT,306.65,2.41,D
36.74958,3.08377,331.83,0.41,0.37,2026-09-23,1251,N,low,2.0NRT,303.08,1.94,D
39.6692,20.10428,367,0.59,0.7,2026-09-23,1251,N,high,2.0NRT,303.36,27.29,D
39.67384,20.10884,351.29,0.59,0.7,2026-09-23,1251,N,nominal,2.0NRT,296.8,18.29,D
39.67366,20.09969,353.06,0.59,0.7,2026-09-23,1251,N,nominal,2.0NRT,299.19,18.29,D
39.7254,15.83732,346.24,0.35,0.57,2026-09-23,1251,N,nominal,2.0NRT,303.85,3.29,D
39.7252,15.83376,334.5,0.35,0.57,2026-09-23,1251,N,nominal,2.0NRT,301.73,3.29,D
39.80746,15.80306,346.45,0.35,0.57,2026-09-23,1251,N,nominal,2.0NRT,302.76,7.82,D
39.81272,15.80226,367,0.35,0.57,2026-09-23,1251,N,high,2.0NRT,304.03,7.82,D
39.81293,15.8061,353.46,0.35,0.57,2026-09-23,1251,N,nominal,2.0NRT,298.63,7.82,D
39.95985,18.12265,341.45,0.47,0.64,2026-09-23,1251,N,nominal,2.0NRT,299.91,5.55,D
39.93857,15.79986,337.27,0.35,0.57,2026-09-23,1251,N,nominal,2.0NRT,300.16,1.92,D
36.8209,-5.88427,335.99,0.35,0.57,2026-09-23,1251,N,low,2.0NRT,310.42,2.34,D
36.81994,-5.88801,339.99,0.35,0.57,2026-09-23,1251,N,nominal,2.0NRT,310.22,2.34,D
36.83747,-6.10323,342.69,0.36,0.58,2026-09-23,1251,N,nominal,2.0NRT,309.64,2.88,D
36.84277,-6.10096,336.11,0.36,0.57,2026-09-23,1251,N,low,2.0NRT,308.82,1.49,D
36.84176,-6.10483,337.61,0.36,0.57,2026-09-23,1251,N,low,2.0NRT,309.25,1.49,D
40.39924,19.53619,337.29,0.56,0.69,2026-09-23,1251,N,nominal,2.0NRT,299.4,6.79,D
40.47544,19.50342,338.75,0.55,0.68,2026-09-23,1251,N,nominal,2.0NRT,297.04,4.95,D
40.47613,19.50708,341.08,0.55,0.68,2026-09-23,1251,N,nominal,2.0NRT,296.83,6.65,D
40.61053,19.43635,343.29,0.55,0.68,2026-09-23,1251,N,nominal,2.0NRT,299.29,4.84,D
40.61708,19.44289,335.34,0.55,0.68,2026-09-23,1251,N,nominal,2.0NRT,299.18,4.84,D
40.54514,16.63902,337.28,0.39,0.59,2026-09-23,1251,N,nominal,2.0NRT,298.59,3.16,D
40.71854,15.74895,335.62,0.35,0.57,2026-09-23,1251,N,nominal,2.0NRT,296.2,4.04,D
40.75994,16.30983,367,0.38,0.59,2026-09-23,1251,N,high,2.0NRT,298.09,7.44,D
40.68533,14.862,335.5,0.63,0.54,2026-09-23,1251,N,nominal,2.0NRT,300.56,6.56,D
40.78591,16.49142,337.81,0.39,0.59,2026-09-23,1251,N,nominal,2.0NRT,301.81,2.38,D
40.76017,16.31018,367,0.38,0.59,2026-09-23,1251,N,high,2.0NRT,297.01,8.94,D
40.72934,14.86299,329.6,0.64,0.54,2026-09-23,1251,N,nominal,2.0NRT,298.84,18.01,D
40.72839,14.84771,337.21,0.63,0.54,2026-09-23,1251,N,nominal,2.0NRT,297.88,5.84,D
40.73334,14.84556,338.89,0.63,0.54,2026-09-23,1251,N,nominal,2.0NRT,295.1,5.84,D
40.79303,14.74785,346.77,0.63,0.54,2026-09-23,1251,N,nominal,2.0NRT,304.54,10.57,D
40.79227,14.74757,336.66,0.63,0.54,2026-09-23,1251,N,nominal,2.0NRT,303.02,4.09,D
40.79727,14.74655,333.09,0.63,0.54,2026-09-23,1251,N,nominal,2.0NRT,298.2,2.82,D
40.9251,16.08557,341.37,0.37,0.58,2026-09-23,1251,N,nominal,2.0NRT,301.23,2.88,D
40.96489,14.85682,341.38,0.32,0.54,2026-09-23,1251,N,nominal,2.0NRT,295.36,4.66,D
40.98105,14.55532,335.82,0.62,0.54,2026-09-23,1251,N,nominal,2.0NRT,302.56,5.42,D
41.16377,14.66859,344.11,0.63,0.54,2026-09-23,1251,N,nominal,2.0NRT,301.73,8.26,D
41.16869,14.66635,330.17,0.63,0.54,2026-09-23,1251,N,low,2.0NRT,300.49,5.51,D
41.33715,15.27417,367,0.34,0.56,2026-09-23,1251,N,high,2.0NRT,301.77,4.62,D
41.54185,22.04699,356.01,0.76,0.77,2026-09-23,1251,N,nominal,2.0NRT,293.38,25.24,D
41.2477,13.90275,343.25,0.57,0.52,2026-09-23,1251,N,nominal,2.0NRT,312.08,65.78,D
41.24723,13.89599,342.24,0.57,0.52,2026-09-23,1251,N,nominal,2.0NRT,302.75,24.01,D
41.54908,22.04767,367,0.76,0.77,2026-09-23,1251,N,high,2.0NRT,293.26,19.49,D
41.25253,13.90209,342.58,0.57,0.52,2026-09-23,1251,N,nominal,2.0NRT,304.64,37.44,D
41.25205,13.8954,339.69,0.57,0.52,2026-09-23,1251,N,nominal,2.0NRT,301.46,19.96,D
41.24593,13.90135,345.45,0.57,0.52,2026-09-23,1251,N,nominal,2.0NRT,304.66,26.5,D
41.25031,13.89405,331.56,0.57,0.52,2026-09-23,1251,N,low,2.0NRT,302.1,102.21,D
41.33746,15.27362,367,0.34,0.56,2026-09-23,1251,N,high,2.0NRT,301.55,5.89,D
41.54288,22.05582,347.37,0.76,0.77,2026-09-23,1251,N,nominal,2.0NRT,290.42,25.6,D
41.54292,22.04592,351.69,0.76,0.77,2026-09-23,1251,N,nominal,2.0NRT,295.12,25.6,D
41.55015,22.04645,335.57,0.76,0.77,2026-09-23,1251,N,nominal,2.0NRT,291.4,7.54,D
41.38063,15.39344,349.25,0.34,0.56,2026-09-23,1251,N,nominal,2.0NRT,302.72,3.72,D
41.53773,19.534,367,0.56,0.69,2026-09-23,1251,N,high,2.0NRT,309.19,35.43,D
41.37749,15.24171,367,0.34,0.56,2026-09-23,1251,N,high,2.0NRT,300.31,5.88,D
41.38586,15.39288,334.51,0.34,0.56,2026-09-23,1251,N,nominal,2.0NRT,298.62,3.72,D
41.5789,19.65467,367,0.57,0.69,2026-09-23,1251,N,high,2.0NRT,298.03,12.63,D
41.47519,14.67625,339.51,0.63,0.54,2026-09-23,1251,N,nominal,2.0NRT,296.25,9.29,D
41.75038,15.06706,336.41,0.33,0.55,2026-09-23,1251,N,nominal,2.0NRT,301.21,1.4,D
41.93753,14.93913,367,0.33,0.55,2026-09-23,1251,N,high,2.0NRT,300.94,10.22,D
41.9373,14.93522,336.65,0.33,0.55,2026-09-23,1251,N,nominal,2.0NRT,297.33,4.76,D
41.9429,14.94244,367,0.33,0.55,2026-09-23,1251,N,high,2.0NRT,302.32,4.74,D
41.94268,14.93881,352.68,0.33,0.55,2026-09-23,1251,N,nominal,2.0NRT,302.93,4.74,D
41.94783,14.93849,334.82,0.33,0.55,2026-09-23,1251,N,nominal,2.0NRT,298.54,4.74,D
41.94761,14.93475,342.13,0.33,0.55,2026-09-23,1251,N,nominal,2.0NRT,299.84,4.69,D
41.94418,14.93989,349.44,0.33,0.55,2026-09-23,1251,N,nominal,2.0NRT,301.07,6.97,D
41.94912,14.93586,338.95,0.33,0.55,2026-09-23,1251,N,nominal,2.0NRT,299.39,5.39,D
38.91413,-5.80426,346.51,0.62,0.54,2026-09-23,1251,N,nominal,2.0NRT,315.06,5.64,D
38.91041,-5.80361,342.5,0.62,0.54,2026-09-23,1251,N,low,2.0NRT,315.29,7.47,D
42.30385,19.35088,367,0.56,0.69,2026-09-23,1251,N,high,2.0NRT,303.74,32.2,D
42.30423,19.34868,351.75,0.56,0.69,2026-09-23,1251,N,nominal,2.0NRT,301.85,39.7,D
42.30969,19.28563,337.16,0.55,0.68,2026-09-23,1251,N,nominal,2.0NRT,300.04,3.22,D
42.41636,11.54497,339.63,0.45,0.47,2026-09-23,1251,N,nominal,2.0NRT,303.79,3.14,D
42.82948,18.84138,350.11,0.53,0.67,2026-09-23,1251,N,nominal,2.0NRT,288.32,7.56,D
42.83288,18.84918,325,0.53,0.67,2026-09-23,1251,N,nominal,2.0NRT,286.06,6.57,D
42.83271,18.83942,346.25,0.53,0.67,2026-09-23,1251,N,nominal,2.0NRT,288.47,6.57,D
40.245,-3.47194,339.69,0.44,0.46,2026-09-23,1251,N,nominal,2.0NRT,310.95,4.09,D
40.05508,-4.45535,343.94,0.5,0.49,2026-09-23,1251,N,nominal,2.0NRT,308.68,3.45,D
40.53286,-3.31541,338.34,0.43,0.46,2026-09-23,1251,N,nominal,2.0NRT,304.79,2.66,D
41.41875,0.98173,334.08,0.42,0.38,2026-09-23,1251,N,nominal,2.0NRT,305.63,1.99,D
41.63382,0.6194,342.77,0.43,0.38,2026-09-23,1251,N,nominal,2.0NRT,307.69,2.52,D
41.63725,0.6183,346.02,0.43,0.38,2026-09-23,1251,N,nominal,2.0NRT,305.7,2.52,D
41.76585,0.8406,340.89,0.42,0.38,2026-09-23,1251,N,nominal,2.0NRT,305.27,4.92,D
43.52278,16.75562,337.4,0.42,0.61,2026-09-23,1251,N,nominal,2.0NRT,295.77,5.56,D
43.64083,17.57844,330.72,0.46,0.64,2026-09-23,1251,N,nominal,2.0NRT,283.58,3.67,D
42.70585,2.87533,335.04,0.39,0.36,2026-09-23,1251,N,nominal,2.0NRT,303.58,4.2,D
43.44543,4.89775,332.32,0.4,0.37,2026-09-23,1253,N,nominal,2.0NRT,305.49,3.16,D
43.44274,4.87828,344.93,0.4,0.37,2026-09-23,1253,N,nominal,2.0NRT,304.17,9.25,D
43.18324,1.94825,338.44,0.39,0.36,2026-09-23,1253,N,nominal,2.0NRT,306.65,2,D
43.25074,2.02877,338.91,0.39,0.36,2026-09-23,1253,N,low,2.0NRT,309.32,1.54,D
41.09563,-8.13982,367,0.36,0.57,2026-09-23,1253,N,high,2.0NRT,306.52,6.83,D
41.0968,-8.13547,334.81,0.35,0.57,2026-09-23,1253,N,nominal,2.0NRT,304.16,6.98,D
41.09427,-8.14494,344.79,0.36,0.57,2026-09-23,1253,N,nominal,2.0NRT,303.26,6.83,D
44.83857,20.1706,367,0.63,0.72,2026-09-23,1253,N,high,2.0NRT,291.91,8.77,D
44.83862,20.17887,328.43,0.63,0.72,2026-09-23,1253,N,nominal,2.0NRT,286.53,8.77,D
42.04026,-4.57285,341.6,0.45,0.47,2026-09-23,1253,N,nominal,2.0NRT,308.88,3.66,D
44.84025,20.17351,367,0.63,0.72,2026-09-23,1253,N,high,2.0NRT,291.43,13.19,D
41.90145,-5.25932,343.2,0.49,0.49,2026-09-23,1253,N,nominal,2.0NRT,311.96,3.53,D
43.16775,0.50774,347.18,0.42,0.37,2026-09-23,1253,N,nominal,2.0NRT,303.78,6.11,D
43.84966,4.66371,331.66,0.39,0.37,2026-09-23,1253,N,nominal,2.0NRT,301.47,1.8,D
45.10912,19.47616,333.03,0.58,0.7,2026-09-23,1253,N,nominal,2.0NRT,289.13,5.21,D
45.12222,20.37689,325.16,0.64,0.72,2026-09-23,1253,N,nominal,2.0NRT,290.97,3.69,D
43.48446,0.39757,335.26,0.41,0.37,2026-09-23,1253,N,nominal,2.0NRT,307.57,1.71,D
43.50066,0.40807,351.83,0.41,0.37,2026-09-23,1253,N,nominal,2.0NRT,307.89,8.59,D
43.60651,0.62205,344.77,0.41,0.37,2026-09-23,1253,N,nominal,2.0NRT,307.14,2.06,D
43.6393,-0.01816,348.96,0.42,0.38,2026-09-23,1253,N,nominal,2.0NRT,302.87,12.04,D
43.27322,-2.02118,336.43,0.5,0.41,2026-09-23,1253,N,nominal,2.0NRT,300.16,3.02,D
43.77758,-0.2009,336.58,0.43,0.38,2026-09-23,1253,N,nominal,2.0NRT,305.19,1.59,D
43.95101,0.01029,337.54,0.42,0.38,2026-09-23,1253,N,nominal,2.0NRT,305.86,1.85,D
43.95288,0.00803,338.57,0.42,0.38,2026-09-23,1253,N,nominal,2.0NRT,304.1,3.56,D
43.94016,-0.08071,335.75,0.42,0.38,2026-09-23,1253,N,nominal,2.0NRT,303.46,2.47,D
43.91773,-0.53472,335.35,0.43,0.38,2026-09-23,1253,N,nominal,2.0NRT,304.99,2.99,D
44.00516,-0.55725,352.56,0.43,0.38,2026-09-23,1253,N,nominal,2.0NRT,307.79,4.45,D
44.00417,-0.56254,349,0.43,0.38,2026-09-23,1253,N,nominal,2.0NRT,307.21,4.25,D
44.00859,-0.55847,345.28,0.43,0.38,2026-09-23,1253,N,nominal,2.0NRT,305.06,4.45,D
44.0076,-0.56376,352.56,0.43,0.38,2026-09-23,1253,N,nominal,2.0NRT,307.95,4.25,D
44.13691,0.12032,348.06,0.41,0.37,2026-09-23,1253,N,nominal,2.0NRT,308.72,23.47,D
44.14119,0.12423,335.74,0.41,0.37,2026-09-23,1253,N,nominal,2.0NRT,307.46,7.88,D
44.13936,0.11406,357.53,0.41,0.37,2026-09-23,1253,N,nominal,2.0NRT,309.45,23.47,D
44.14456,0.12307,346.43,0.41,0.37,2026-09-23,1253,N,nominal,2.0NRT,307.62,6.83,D
44.14364,0.11798,354.55,0.41,0.37,2026-09-23,1253,N,nominal,2.0NRT,311.36,16.89,D
44.14272,0.11289,348.83,0.41,0.37,2026-09-23,1253,N,nominal,2.0NRT,308.74,16.89,D
44.96926,4.29148,341.4,0.4,0.37,2026-09-23,1253,N,nominal,2.0NRT,308.79,17.51,D
44.44205,0.4806,338.73,0.4,0.37,2026-09-23,1253,N,low,2.0NRT,309.34,3.28,D
44.43178,0.28136,347.44,0.41,0.37,2026-09-23,1253,N,nominal,2.0NRT,309.6,3.08,D
44.42214,-0.36592,342.22,0.42,0.38,2026-09-23,1253,N,nominal,2.0NRT,306.48,6.08,D
44.42554,-0.36714,353.2,0.42,0.38,2026-09-23,1253,N,nominal,2.0NRT,307.25,6.08,D
44.66243,0.24256,349.48,0.41,0.37,2026-09-23,1253,N,nominal,2.0NRT,307.36,3.19,D
43.52465,-5.73048,354.97,0.47,0.48,2026-09-23,1253,N,nominal,2.0NRT,303.88,7.36,D
43.52888,-5.73232,330.15,0.47,0.48,2026-09-23,1253,N,low,2.0NRT,301.07,7.36,D
43.52512,-5.72675,340.9,0.47,0.48,2026-09-23,1253,N,nominal,2.0NRT,302.33,8.31,D
43.52375,-5.73241,344.36,0.47,0.48,2026-09-23,1253,N,nominal,2.0NRT,302.68,5.49,D
43.52799,-5.73423,334.08,0.47,0.48,2026-09-23,1253,N,nominal,2.0NRT,301.23,5.49,D
45.00641,1.54937,352.06,0.39,0.36,2026-09-23,1253,N,nominal,2.0NRT,310.44,8.64,D
44.67126,-0.45217,346.26,0.42,0.38,2026-09-23,1253,N,nominal,2.0NRT,305,2.49,D
44.79605,-0.2557,335.54,0.42,0.37,2026-09-23,1253,N,nominal,2.0NRT,305.18,2.74,D
44.97264,-0.0251,339.27,0.41,0.37,2026-09-23,1253,N,nominal,2.0NRT,304.52,3.14,D
44.97356,-0.01998,355.65,0.41,0.37,2026-09-23,1253,N,low,2.0NRT,307.73,3.14,D
44.976,-0.02627,335.23,0.41,0.37,2026-09-23,1253,N,nominal,2.0NRT,306.79,3.07,D
44.92819,-0.44914,334.05,0.42,0.38,2026-09-23,1253,N,nominal,2.0NRT,304.68,2.33,D
45.03419,0.12091,345.87,0.41,0.37,2026-09-23,1253,N,nominal,2.0NRT,305.77,1.89,D
44.90783,-0.86103,338.24,0.43,0.38,2026-09-23,1253,N,nominal,2.0NRT,307.4,3.98,D
44.91024,-0.86763,350.67,0.43,0.38,2026-09-23,1253,N,nominal,2.0NRT,309.84,3.62,D
44.91366,-0.86889,344.83,0.43,0.38,2026-09-23,1253,N,nominal,2.0NRT,308.15,3.62,D
44.91266,-0.87423,346.47,0.43,0.38,2026-09-23,1253,N,nominal,2.0NRT,309.11,4.05,D
44.91608,-0.8755,348.61,0.43,0.38,2026-09-23,1253,N,nominal,2.0NRT,310.18,3.18,D
44.91507,-0.88084,343.1,0.43,0.38,2026-09-23,1253,N,nominal,2.0NRT,307.24,3.18,D
44.91949,-0.87677,343.41,0.43,0.38,2026-09-23,1253,N,nominal,2.0NRT,307.67,3.18,D
44.97217,-0.73129,357.24,0.43,0.38,2026-09-23,1253,N,low,2.0NRT,308.86,4.15,D
44.97118,-0.73658,357.24,0.43,0.38,2026-09-23,1253,N,low,2.0NRT,309.46,5.2,D
44.97557,-0.73254,336.04,0.43,0.38,2026-09-23,1253,N,low,2.0NRT,306.84,4.15,D
44.97459,-0.73783,339.41,0.43,0.38,2026-09-23,1253,N,low,2.0NRT,310.8,5.2,D
44.97361,-0.74313,343.23,0.43,0.38,2026-09-23,1253,N,nominal,2.0NRT,310.9,5.2,D
44.97701,-0.74438,351.67,0.43,0.38,2026-09-23,1253,N,nominal,2.0NRT,309.29,4.91,D
44.97603,-0.74968,344.39,0.43,0.38,2026-09-23,1253,N,nominal,2.0NRT,309.71,4.96,D
44.978,-0.73909,357.16,0.43,0.38,2026-09-23,1253,N,low,2.0NRT,310.26,4.91,D
45.10804,-0.04332,335.29,0.41,0.37,2026-09-23,1253,N,low,2.0NRT,307.04,2.55,D
44.9814,-0.74034,344.38,0.43,0.38,2026-09-23,1253,N,nominal,2.0NRT,307.59,4.91,D
44.98042,-0.74564,339.43,0.43,0.38,2026-09-23,1253,N,nominal,2.0NRT,305.22,4.91,D
45.18879,-0.14558,353.13,0.41,0.37,2026-09-23,1253,N,nominal,2.0NRT,308.09,3.86,D
45.3406,0.1287,353.44,0.4,0.37,2026-09-23,1253,N,nominal,2.0NRT,310.86,3.68,D
45.3397,0.1236,337.48,0.4,0.37,2026-09-23,1253,N,nominal,2.0NRT,308.76,3.68,D
45.34393,0.1275,338.25,0.4,0.37,2026-09-23,1253,N,nominal,2.0NRT,308.92,3.68,D
45.34213,0.11731,336.34,0.4,0.37,2026-09-23,1253,N,nominal,2.0NRT,308.83,2.08,D
45.34303,0.12241,356.58,0.4,0.37,2026-09-23,1253,N,low,2.0NRT,308.98,3.68,D
45.20289,-1.01179,335.86,0.43,0.38,2026-09-23,1253,N,nominal,2.0NRT,304.98,3.52,D
45.20086,-1.02253,337.54,0.43,0.38,2026-09-23,1253,N,nominal,2.0NRT,306.22,3.05,D
45.27826,-0.99982,335.43,0.43,0.38,2026-09-23,1253,N,nominal,2.0NRT,308.1,4.15,D
45.73978,-0.90865,346.76,0.42,0.38,2026-09-23,1253,N,nominal,2.0NRT,304.28,3.74,D
47.0708,8.2669,333.53,0.54,0.42,2026-09-23,1253,N,nominal,2.0NRT,298.02,4.14,D
45.89616,-0.45774,336.51,0.41,0.37,2026-09-23,1253,N,nominal,2.0NRT,305.58,2.07,D
45.89858,-0.46415,338.2,0.41,0.37,2026-09-23,1253,N,nominal,2.0NRT,304.34,2.07,D
47.17333,7.56276,336.74,0.51,0.41,2026-09-23,1253,N,nominal,2.0NRT,301.75,6.43,D
46.67562,2.26254,341.14,0.38,0.36,2026-09-23,1253,N,nominal,2.0NRT,306.55,4.24,D
46.41744,-0.03858,342.88,0.4,0.37,2026-09-23,1253,N,nominal,2.0NRT,298.4,3.7,D
46.42075,-0.03978,336.38,0.4,0.37,2026-09-23,1253,N,nominal,2.0NRT,297.05,3.7,D
46.84212,0.54239,333.97,0.39,0.36,2026-09-23,1253,N,nominal,2.0NRT,300.1,1.45,D
48.27454,14.34237,326.16,0.35,0.56,2026-09-23,1253,N,low,2.0NRT,297.62,4.81,D
48.27434,14.33756,357.28,0.35,0.56,2026-09-23,1253,N,nominal,2.0NRT,300.41,4.81,D
47.19773,-1.64495,340.88,0.42,0.38,2026-09-23,1253,N,nominal,2.0NRT,302.84,2.47,D
47.20009,-1.65176,337.68,0.42,0.38,2026-09-23,1253,N,nominal,2.0NRT,301.49,2.49,D
48.88537,6.0552,334.57,0.47,0.4,2026-09-23,1253,N,nominal,2.0NRT,303.26,5.47,D
49.34857,6.73325,332.86,0.5,0.41,2026-09-23,1253,N,nominal,2.0NRT,301.33,5.86,D
49.35826,6.7522,337.78,0.5,0.41,2026-09-23,1253,N,nominal,2.0NRT,303.61,7.05,D
49.35738,6.75116,343.33,0.5,0.41,2026-09-23,1253,N,nominal,2.0NRT,303.42,6.66,D
50.13166,3.35099,333.64,0.41,0.37,2026-09-23,1253,N,low,2.0NRT,304.91,42.11,D
51.1687,3.8179,351.85,0.43,0.38,2026-09-23,1255,N,nominal,2.0NRT,290.18,7.56,D
51.16795,3.81179,336.19,0.43,0.38,2026-09-23,1255,N,nominal,2.0NRT,290.21,7.56,D
51.17141,3.81072,342.73,0.43,0.38,2026-09-23,1255,N,nominal,2.0NRT,292.13,4.94,D
51.17488,3.80966,334.29,0.43,0.38,2026-09-23,1255,N,nominal,2.0NRT,293.18,4.94,D
51.03338,2.29048,336.36,0.4,0.37,2026-09-23,1255,N,nominal,2.0NRT,301.42,6.51,D
51.04494,2.29837,347.24,0.4,0.37,2026-09-23,1255,N,nominal,2.0NRT,298.19,8.04,D
52.15382,10.40441,348.55,0.5,0.49,2026-09-23,1255,N,nominal,2.0NRT,289.89,11.75,D
37.5486,-8.298,367,0.39,0.59,2026-09-23,1429,N,high,2.0NRT,311.8,11.78,D
37.54884,-8.29356,337.33,0.39,0.59,2026-09-23,1429,N,nominal,2.0NRT,306.92,9.62,D
53.3942,-0.33181,332.23,0.39,0.36,2026-09-23,1253,N,nominal,2.0NRT,291.11,2.78,D
37.55439,-8.29391,367,0.39,0.59,2026-09-23,1429,N,high,2.0NRT,309.43,12.51,D
53.56686,-0.59587,327.93,0.39,0.36,2026-09-23,1253,N,nominal,2.0NRT,292.6,2.91,D
37.55413,-8.29838,353.45,0.39,0.59,2026-09-23,1429,N,nominal,2.0NRT,307.99,8.66,D
38.91885,-5.77924,367,0.55,0.68,2026-09-23,1431,N,high,2.0NRT,316.56,16.37,D
38.91904,-5.77269,336.37,0.55,0.68,2026-09-23,1431,N,nominal,2.0NRT,309.56,16.37,D
34.75015,-5.62407,367,0.52,0.67,2026-09-23,1429,N,high,2.0NRT,310.13,9.56,D
38.92524,-5.77918,340.84,0.55,0.68,2026-09-23,1431,N,nominal,2.0NRT,312.56,6.81,D
34.7504,-5.61833,347.94,0.52,0.67,2026-09-23,1429,N,nominal,2.0NRT,305.55,14.37,D
38.93761,-5.79207,338.7,0.55,0.68,2026-09-23,1431,N,low,2.0NRT,311.32,8.27,D
34.74989,-5.63002,353.82,0.52,0.67,2026-09-23,1429,N,nominal,2.0NRT,308.87,9.56,D
38.94399,-5.7923,355.01,0.55,0.68,2026-09-23,1431,N,nominal,2.0NRT,312.86,8.27,D
34.75639,-5.62463,336.63,0.52,0.67,2026-09-23,1429,N,nominal,2.0NRT,305.72,9.56,D
38.95162,-5.75263,343.86,0.55,0.68,2026-09-23,1431,N,nominal,2.0NRT,308.94,9.51,D
38.95141,-5.7592,353.54,0.55,0.68,2026-09-23,1431,N,nominal,2.0NRT,312.17,8.6,D
38.9389,-5.79169,367,0.55,0.68,2026-09-23,1431,N,high,2.0NRT,312.9,6.16,D
38.94613,-5.75869,341.6,0.55,0.68,2026-09-23,1431,N,nominal,2.0NRT,311.04,6.43,D
38.94528,-5.79194,345.37,0.55,0.68,2026-09-23,1431,N,nominal,2.0NRT,313.05,6.16,D
38.95252,-5.75882,352.15,0.55,0.68,2026-09-23,1431,N,nominal,2.0NRT,310.9,8.91,D
41.06307,-8.49173,351.78,0.41,0.6,2026-09-23,1431,N,nominal,2.0NRT,300.91,12.62,D
41.06284,-8.49705,356.22,0.41,0.6,2026-09-23,1431,N,nominal,2.0NRT,303.06,11.13,D
41.0947,-8.14147,350.86,0.43,0.62,2026-09-23,1431,N,nominal,2.0NRT,307.49,8.01,D
41.07976,-8.49852,336.89,0.41,0.6,2026-09-23,1431,N,nominal,2.0NRT,302.88,8.96,D
41.07955,-8.50338,356.25,0.41,0.6,2026-09-23,1431,N,nominal,2.0NRT,304.71,8.96,D
43.22151,-5.32815,334.26,0.61,0.71,2026-09-23,1431,N,nominal,2.0NRT,300.18,12.51,D
43.22145,-5.33361,341.51,0.61,0.71,2026-09-23,1431,N,nominal,2.0NRT,300.12,9.19,D
43.21849,-5.33346,335.69,0.61,0.71,2026-09-23,1431,N,nominal,2.0NRT,300.69,10.19,D
50.54527,26.25718,302.41,0.53,0.67,2026-09-23,2324,N,nominal,2.0NRT,279.15,1.47,N
47.87302,33.43536,298.63,0.48,0.48,2026-09-23,2326,N,nominal,2.0NRT,280.91,0.63,N
47.26064,34.64576,311.57,0.42,0.45,2026-09-23,2326,N,nominal,2.0NRT,279.98,1.32,N
45.44527,29.67742,314.86,0.34,0.56,2026-09-23,2326,N,nominal,2.0NRT,278.92,0.81,N
45.25664,31.67311,340.42,0.54,0.51,2026-09-23,2326,N,nominal,2.0NRT,288.82,8.64,N
41.82884,33.88229,297.32,0.39,0.44,2026-09-23,2326,N,nominal,2.0NRT,276.26,0.99,N
41.19154,32.62498,298.8,0.44,0.46,2026-09-23,2326,N,nominal,2.0NRT,282.61,1.37,N
41.1863,32.63504,299.11,0.44,0.46,2026-09-23,2326,N,nominal,2.0NRT,284.59,0.95,N
41.17769,32.63391,308.94,0.44,0.46,2026-09-23,2326,N,nominal,2.0NRT,287.07,1.71,N
41.17339,32.63325,308.62,0.44,0.46,2026-09-23,2326,N,nominal,2.0NRT,283.08,1.53,N
41.17587,32.63247,311.42,0.44,0.46,2026-09-23,2326,N,nominal,2.0NRT,284.96,2.36,N
41.25418,31.4142,307.25,0.51,0.49,2026-09-23,2326,N,nominal,2.0NRT,281.95,2.57,N
41.11916,26.60343,315.98,0.45,0.63,2026-09-23,2329,N,nominal,2.0NRT,278.42,1.39,N
41.12136,26.60317,318.41,0.45,0.63,2026-09-23,2329,N,nominal,2.0NRT,278.67,1.81,N
41.0224,28.55669,312.49,0.36,0.57,2026-09-23,2329,N,nominal,2.0NRT,284.6,1.52,N
40.75793,29.75847,302.33,0.61,0.54,2026-09-23,2329,N,nominal,2.0NRT,283.99,1.24,N
40.75789,29.75937,300.03,0.61,0.54,2026-09-23,2329,N,nominal,2.0NRT,283.74,2.3,N
40.75896,29.35886,302.68,0.32,0.55,2026-09-23,2329,N,nominal,2.0NRT,285.11,0.73,N
40.08273,32.79788,295.4,0.42,0.45,2026-09-23,2329,N,nominal,2.0NRT,277.08,0.46,N
40.26183,30.04142,296.04,0.59,0.53,2026-09-23,2329,N,nominal,2.0NRT,280.66,0.82,N
40.04968,32.65024,300.09,0.43,0.46,2026-09-23,2329,N,nominal,2.0NRT,280.99,1.2,N
40.18512,29.22503,303.59,0.32,0.55,2026-09-23,2329,N,nominal,2.0NRT,282.59,0.59,N
39.90155,28.87111,299.72,0.34,0.56,2026-09-23,2329,N,nominal,2.0NRT,277.65,0.48,N
39.7075,30.15007,296.01,0.57,0.52,2026-09-23,2329,N,nominal,2.0NRT,275.02,1.13,N
39.11623,27.527,297.28,0.39,0.59,2026-09-23,2329,N,nominal,2.0NRT,281.18,0.8,N
38.75352,26.93855,296.51,0.42,0.61,2026-09-23,2329,N,nominal,2.0NRT,284.35,0.57,N
38.74095,26.96208,305.21,0.42,0.61,2026-09-23,2329,N,nominal,2.0NRT,284.75,0.82,N
38.42645,27.21557,305.82,0.4,0.6,2026-09-23,2329,N,nominal,2.0NRT,287.12,1.13,N
38.12772,23.52298,295.56,0.63,0.72,2026-09-23,2329,N,nominal,2.0NRT,282.88,0.36,N
53.58084,34.38663,306.39,0.5,0.49,2026-09-23,2324,N,nominal,2.0NRT,283.67,1.22,N
36.87038,34.76209,310.12,0.47,0.4,2026-09-23,2329,N,nominal,2.0NRT,292.9,1.48,N
36.26488,33.72669,303.9,0.52,0.41,2026-09-23,2329,N,nominal,2.0NRT,290.15,0.99,N
36.26424,33.73241,307.42,0.52,0.41,2026-09-23,2329,N,nominal,2.0NRT,290.97,1.28,N
36.26106,33.72602,302.25,0.52,0.41,2026-09-23,2329,N,nominal,2.0NRT,289.52,0.99,N
36.26319,33.72577,304.39,0.52,0.41,2026-09-23,2329,N,nominal,2.0NRT,289.78,1.38,N
36.26252,33.73147,314.26,0.52,0.41,2026-09-23,2329,N,nominal,2.0NRT,291.68,1.38,N
57.70922,18.80295,312.06,0.41,0.37,2026-09-24,0105,N,nominal,2.0NRT,281.46,1.36,N
57.7079,18.80332,309.87,0.41,0.37,2026-09-24,0105,N,nominal,2.0NRT,278.57,1.21,N
57.81427,-0.97944,315.23,0.63,0.72,2026-09-24,0105,N,nominal,2.0NRT,280.31,2.82,N
53.61659,33.80994,296.73,0.58,0.52,2026-09-24,0105,N,nominal,2.0NRT,283.86,0.51,N
53.617,33.81111,297.48,0.58,0.52,2026-09-24,0105,N,nominal,2.0NRT,283.71,0.93,N
53.44166,34.41602,295.41,0.62,0.54,2026-09-24,0105,N,nominal,2.0NRT,283.08,1.26,N
56.07694,4.22675,317.63,0.4,0.6,2026-09-24,0105,N,nominal,2.0NRT,283.6,1.96,N
53.69786,18.91886,297.14,0.39,0.36,2026-09-24,0105,N,nominal,2.0NRT,280.38,0.7,N
52.58143,19.66995,302.2,0.38,0.36,2026-09-24,0105,N,nominal,2.0NRT,280.81,0.74,N
52.29913,20.92301,302.5,0.39,0.36,2026-09-24,0105,N,nominal,2.0NRT,279.56,0.71,N
52.29587,20.92153,299.01,0.39,0.36,2026-09-24,0105,N,nominal,2.0NRT,280.36,0.8,N
53.52067,9.90251,309.13,0.46,0.47,2026-09-24,0105,N,nominal,2.0NRT,281.5,0.97,N
53.13841,8.67726,314.64,0.51,0.49,2026-09-24,0105,N,nominal,2.0NRT,284.96,1.83,N
53.13382,8.67644,305.11,0.51,0.49,2026-09-24,0105,N,nominal,2.0NRT,283.39,1.83,N
53.13288,8.69197,314.64,0.51,0.49,2026-09-24,0105,N,nominal,2.0NRT,280.94,3.11,N
50.54256,26.26153,305.29,0.56,0.43,2026-09-24,0105,N,nominal,2.0NRT,281.02,1.49,N
52.48827,13.8384,301.81,0.48,0.4,2026-09-24,0105,N,nominal,2.0NRT,279.44,1.15,N
52.16998,14.62978,327.93,0.45,0.39,2026-09-24,0107,N,nominal,2.0NRT,278.63,2.23,N
50.92929,21.67542,311.74,0.41,0.37,2026-09-24,0107,N,nominal,2.0NRT,282.54,1.53,N
50.94535,21.45136,315.76,0.4,0.37,2026-09-24,0107,N,nominal,2.0NRT,281.31,1.33,N
50.80586,20.53381,300.16,0.39,0.36,2026-09-24,0107,N,nominal,2.0NRT,279.06,0.49,N
47.25896,34.64464,302.96,0.5,0.66,2026-09-24,0107,N,nominal,2.0NRT,278.43,0.57,N
50.82635,20.27386,295.93,0.39,0.36,2026-09-24,0107,N,nominal,2.0NRT,280.51,0.37,N
52.20884,8.04573,310.06,0.53,0.5,2026-09-24,0107,N,nominal,2.0NRT,284.29,1.91,N
52.20679,8.0469,311.09,0.53,0.5,2026-09-24,0107,N,nominal,2.0NRT,283.71,1.92,N
52.17382,7.8889,296.61,0.54,0.51,2026-09-24,0107,N,nominal,2.0NRT,284.4,0.69,N
50.49099,19.46604,305.53,0.39,0.36,2026-09-24,0107,N,nominal,2.0NRT,278.08,1.02,N
50.49061,19.45328,295.68,0.39,0.36,2026-09-24,0107,N,nominal,2.0NRT,276.74,0.95,N
51.94178,4.10825,297.69,0.39,0.59,2026-09-24,0107,N,nominal,2.0NRT,286.83,0.87,N
51.87993,4.33888,295.39,0.38,0.59,2026-09-24,0107,N,nominal,2.0NRT,284.97,0.59,N
50.34146,19.33496,301.23,0.39,0.36,2026-09-24,0107,N,nominal,2.0NRT,281.53,0.82,N
50.33873,19.2885,309.6,0.39,0.36,2026-09-24,0107,N,nominal,2.0NRT,279.71,3.98,N
50.33548,19.28719,339.23,0.39,0.36,2026-09-24,0107,N,nominal,2.0NRT,282.95,3.98,N
50.34223,18.86898,298.46,0.38,0.36,2026-09-24,0107,N,nominal,2.0NRT,276.56,0.58,N
46.8122,33.56446,299.33,0.47,0.64,2026-09-24,0107,N,nominal,2.0NRT,278.51,0.73,N
51.5023,6.72386,301.65,0.59,0.53,2026-09-24,0107,N,nominal,2.0NRT,284.93,1.84,N
51.36814,6.70855,322.25,0.59,0.53,2026-09-24,0107,N,nominal,2.0NRT,285.87,4.89,N
51.36858,6.69978,297.91,0.59,0.53,2026-09-24,0107,N,nominal,2.0NRT,282.59,2.69,N
51.36322,6.70791,303.43,0.59,0.53,2026-09-24,0107,N,nominal,2.0NRT,282.33,1.74,N
51.17151,3.80839,305.01,0.39,0.6,2026-09-24,0107,N,nominal,2.0NRT,267.22,1.94,N
49.67886,18.66446,310.76,0.38,0.36,2026-09-24,0107,N,nominal,2.0NRT,279.46,1.54,N
46.61362,31.55013,319.32,0.39,0.59,2026-09-24,0107,N,nominal,2.0NRT,278.02,1.93,N
46.61212,31.55511,314.47,0.39,0.59,2026-09-24,0107,N,nominal,2.0NRT,277.89,1.93,N
48.61758,21.18601,297.78,0.42,0.38,2026-09-24,0105,N,nominal,2.0NRT,278.34,0.97,N
48.61422,21.18457,306.73,0.42,0.38,2026-09-24,0105,N,nominal,2.0NRT,277.88,0.97,N
48.61212,21.19571,299.29,0.42,0.38,2026-09-24,0105,N,nominal,2.0NRT,279.86,1.51,N
48.60749,21.18168,326.55,0.42,0.38,2026-09-24,0105,N,nominal,2.0NRT,280.92,3,N
48.60538,21.19283,297.33,0.42,0.38,2026-09-24,0105,N,nominal,2.0NRT,280.3,1.89,N
48.60412,21.18024,313.9,0.42,0.38,2026-09-24,0105,N,nominal,2.0NRT,277.94,1.84,N
48.59738,21.17737,295.69,0.42,0.38,2026-09-24,0105,N,nominal,2.0NRT,276.85,0.48,N
49.95439,9.77058,301.45,0.42,0.46,2026-09-24,0105,N,nominal,2.0NRT,277.44,1.14,N
48.45793,17.18887,299.03,0.39,0.36,2026-09-24,0105,N,nominal,2.0NRT,279.39,0.76,N
48.45714,17.19404,300.36,0.39,0.36,2026-09-24,0105,N,nominal,2.0NRT,279.88,0.76,N
49.35905,6.75042,314.32,0.57,0.52,2026-09-24,0105,N,nominal,2.0NRT,274.56,2.06,N
48.27795,14.33512,310.02,0.42,0.38,2026-09-24,0105,N,nominal,2.0NRT,280.36,1.42,N
48.27721,14.34081,307.19,0.42,0.38,2026-09-24,0105,N,nominal,2.0NRT,279.68,1.42,N
48.27647,14.34649,298.3,0.42,0.38,2026-09-24,0105,N,nominal,2.0NRT,281.2,1.38,N
48.27376,14.33981,325.08,0.42,0.38,2026-09-24,0105,N,nominal,2.0NRT,281.28,2.69,N
48.27523,14.32843,296.5,0.42,0.38,2026-09-24,0105,N,nominal,2.0NRT,282.27,0.73,N
45.94979,25.27944,299.57,0.43,0.46,2026-09-24,0105,N,nominal,2.0NRT,278.5,1.23,N
47.1752,7.55984,296.27,0.5,0.49,2026-09-24,0105,N,nominal,2.0NRT,276.42,1.5,N
47.07036,8.26728,299.99,0.46,0.47,2026-09-24,0105,N,nominal,2.0NRT,279.81,1.14,N
45.27112,20.70377,302.76,0.45,0.39,2026-09-24,0105,N,nominal,2.0NRT,275.89,0.98,N
44.88199,22.44529,324.14,0.53,0.42,2026-09-24,0105,N,nominal,2.0NRT,282.43,2.01,N
44.88068,22.45139,298.54,0.53,0.42,2026-09-24,0105,N,nominal,2.0NRT,280.03,2.01,N
44.87826,22.44379,297.72,0.53,0.42,2026-09-24,0105,N,nominal,2.0NRT,277.15,2.01,N
44.7564,22.35906,295.39,0.52,0.42,2026-09-24,0105,N,nominal,2.0NRT,280.52,0.95,N
44.47205,23.59692,295.48,0.4,0.44,2026-09-24,0105,N,nominal,2.0NRT,276.44,0.86,N
44.10706,24.50753,299.25,0.44,0.46,2026-09-24,0107,N,nominal,2.0NRT,276.65,0.87,N
44.99627,19.58545,297.91,0.42,0.38,2026-09-24,0107,N,nominal,2.0NRT,279.01,1.02,N
44.24854,22.81287,307.08,0.56,0.43,2026-09-24,0107,N,nominal,2.0NRT,278.06,1.58,N
44.5976,20.97846,306.42,0.47,0.4,2026-09-24,0107,N,nominal,2.0NRT,281.02,1.32,N
45.32337,14.51248,295.49,0.4,0.37,2026-09-24,0107,N,nominal,2.0NRT,279.38,0.47,N
45.68228,9.46521,296.89,0.39,0.44,2026-09-24,0107,N,nominal,2.0NRT,286.65,0.33,N
45.38227,11.95298,296.68,0.47,0.39,2026-09-24,0107,N,nominal,2.0NRT,286.67,1.32,N
45.51117,10.24659,302.31,0.54,0.42,2026-09-24,0107,N,nominal,2.0NRT,287.41,0.75,N
45.50726,10.24576,304.79,0.54,0.42,2026-09-24,0107,N,nominal,2.0NRT,286.66,1.02,N
45.46194,10.45565,301.59,0.53,0.42,2026-09-24,0107,N,nominal,2.0NRT,287.14,0.97,N
45.45808,10.45481,296.65,0.53,0.42,2026-09-24,0107,N,nominal,2.0NRT,285.95,0.97,N
45.47885,10.21112,310.28,0.54,0.42,2026-09-24,0107,N,nominal,2.0NRT,287.09,2.04,N
43.28072,23.46614,296.65,0.42,0.45,2026-09-24,0107,N,nominal,2.0NRT,283,0.38,N
45.14496,9.94156,326.57,0.55,0.43,2026-09-24,0107,N,nominal,2.0NRT,288.2,4.18,N
45.14696,9.94305,320.52,0.55,0.43,2026-09-24,0107,N,nominal,2.0NRT,288.65,2.87,N
45.14302,9.94222,309.85,0.55,0.43,2026-09-24,0107,N,nominal,2.0NRT,285.01,1.52,N
43.63813,17.58627,309.63,0.4,0.37,2026-09-24,0107,N,nominal,2.0NRT,275.4,1.33,N
40.75741,29.76565,305.25,0.48,0.65,2026-09-24,0107,N,nominal,2.0NRT,282.39,1.76,N
41.12064,26.60352,303.48,0.33,0.55,2026-09-24,0107,N,nominal,2.0NRT,277.45,1.32,N
42.83293,18.84039,341.17,0.43,0.38,2026-09-24,0107,N,nominal,2.0NRT,284.74,2.72,N
42.83392,18.83515,307.68,0.43,0.38,2026-09-24,0107,N,nominal,2.0NRT,277.57,1.42,N
42.83192,18.84575,305.45,0.43,0.38,2026-09-24,0107,N,nominal,2.0NRT,279.69,2.72,N
42.83049,18.83405,301.5,0.43,0.38,2026-09-24,0107,N,nominal,2.0NRT,277.38,1.42,N
42.82952,18.83922,319.1,0.43,0.38,2026-09-24,0107,N,nominal,2.0NRT,282.59,2.72,N
42.61795,18.63866,331.01,0.42,0.38,2026-09-24,0107,N,nominal,2.0NRT,281.56,2.73,N
42.61715,18.60454,297.7,0.42,0.38,2026-09-24,0107,N,nominal,2.0NRT,276.61,0.75,N
42.4215,19.30323,295.88,0.45,0.39,2026-09-24,0107,N,nominal,2.0NRT,283.98,0.72,N
42.31218,19.35458,324.53,0.45,0.39,2026-09-24,0107,N,nominal,2.0NRT,285,4.1,N
42.31114,19.35996,337.63,0.45,0.39,2026-09-24,0107,N,nominal,2.0NRT,287.33,6.18,N
42.3066,19.3641,329.87,0.45,0.39,2026-09-24,0107,N,nominal,2.0NRT,285.88,5.2,N
42.30868,19.35336,311.57,0.45,0.39,2026-09-24,0107,N,nominal,2.0NRT,285.17,1.32,N
42.30764,19.35873,312.84,0.45,0.39,2026-09-24,0107,N,nominal,2.0NRT,284.96,5.2,N
42.3031,19.36287,338.48,0.45,0.39,2026-09-24,0107,N,nominal,2.0NRT,288.02,5.2,N
42.30519,19.35216,304.61,0.45,0.39,2026-09-24,0107,N,nominal,2.0NRT,282.83,1.32,N
42.30414,19.35752,306.49,0.45,0.39,2026-09-24,0107,N,nominal,2.0NRT,283.5,5.2,N
42.28838,19.32344,302.55,0.45,0.39,2026-09-24,0107,N,nominal,2.0NRT,281.55,0.82,N
42.28489,19.32222,297.82,0.45,0.39,2026-09-24,0107,N,nominal,2.0NRT,280.39,0.68,N
43.36481,12.54586,295.12,0.43,0.38,2026-09-24,0107,N,nominal,2.0NRT,283.48,0.43,N
42.26812,19.29355,336.96,0.45,0.39,2026-09-24,0107,N,nominal,2.0NRT,292.54,8.63,N
42.26707,19.29887,345.32,0.45,0.39,2026-09-24,0107,N,nominal,2.0NRT,290.08,27.43,N
42.26916,19.28823,319.48,0.45,0.39,2026-09-24,0107,N,nominal,2.0NRT,279.37,8.63,N
42.26463,19.29232,355.75,0.45,0.39,2026-09-24,0107,N,nominal,2.0NRT,305.58,8.63,N
42.26358,19.29765,350.48,0.45,0.39,2026-09-24,0107,N,nominal,2.0NRT,321.3,27.43,N
42.26254,19.30297,327.89,0.45,0.39,2026-09-24,0107,N,nominal,2.0NRT,294.6,27.43,N
42.2719,19.25514,296.4,0.45,0.39,2026-09-24,0107,N,nominal,2.0NRT,281.05,0.34,N
42.26114,19.2911,349.02,0.45,0.39,2026-09-24,0107,N,nominal,2.0NRT,292.55,10.68,N
42.26301,19.29044,348,0.45,0.39,2026-09-24,0107,N,nominal,2.0NRT,296.32,50.05,N
41.61725,20.31091,306.14,0.5,0.41,2026-09-24,0107,N,nominal,2.0NRT,275.49,0.82,N
41.6137,20.32803,300.42,0.5,0.41,2026-09-24,0107,N,nominal,2.0NRT,275.59,0.37,N
41.61002,20.32681,295.19,0.5,0.41,2026-09-24,0107,N,nominal,2.0NRT,275.08,0.45,N
41.61686,20.31048,299.98,0.5,0.41,2026-09-24,0107,N,nominal,2.0NRT,275.49,1.42,N
41.61339,20.32761,303.3,0.5,0.41,2026-09-24,0107,N,nominal,2.0NRT,276.23,1.07,N
41.54727,19.72298,296.04,0.47,0.4,2026-09-24,0107,N,nominal,2.0NRT,284.37,0.69,N
43.44539,4.8955,309.16,0.61,0.54,2026-09-24,0107,N,nominal,2.0NRT,290.05,1.52,N
43.44358,4.84044,301.35,0.62,0.54,2026-09-24,0107,N,nominal,2.0NRT,288.54,1.69,N
43.44086,4.8871,299.58,0.61,0.54,2026-09-24,0107,N,nominal,2.0NRT,289.46,1.52,N
43.4404,4.89489,304.15,0.61,0.54,2026-09-24,0107,N,nominal,2.0NRT,289.6,1.52,N
43.43541,4.89429,301.41,0.61,0.54,2026-09-24,0107,N,nominal,2.0NRT,290.29,2.91,N
43.44579,4.89773,313.4,0.61,0.54,2026-09-24,0107,N,nominal,2.0NRT,290.2,1.11,N
41.50224,19.74267,300.41,0.48,0.4,2026-09-24,0107,N,nominal,2.0NRT,283.58,0.64,N
43.44429,4.84276,307.26,0.62,0.54,2026-09-24,0107,N,nominal,2.0NRT,289.04,1.5,N
43.4413,4.88937,308.02,0.61,0.54,2026-09-24,0107,N,nominal,2.0NRT,290.04,1.73,N
43.43631,4.88879,303.64,0.61,0.54,2026-09-24,0107,N,nominal,2.0NRT,290.1,1.73,N
43.43083,4.89592,300.98,0.61,0.54,2026-09-24,0107,N,nominal,2.0NRT,290.17,0.86,N
41.46582,19.77126,308.95,0.48,0.4,2026-09-24,0107,N,nominal,2.0NRT,284.17,1.21,N
41.4622,19.77015,321.56,0.48,0.4,2026-09-24,0107,N,nominal,2.0NRT,286.24,1.4,N
41.4611,19.77563,299.52,0.48,0.4,2026-09-24,0107,N,nominal,2.0NRT,281.39,1.4,N
41.4575,19.77441,306.51,0.48,0.4,2026-09-24,0107,N,nominal,2.0NRT,280.87,1.4,N
42.57009,12.67443,305.65,0.42,0.38,2026-09-24,0107,N,nominal,2.0NRT,285.84,1.12,N
39.86691,26.24565,307.72,0.34,0.56,2026-09-24,0107,N,nominal,2.0NRT,282.73,1.09,N
39.09169,27.51214,302.98,0.42,0.61,2026-09-24,0107,N,nominal,2.0NRT,281.88,1.44,N
43.03606,-2.22155,297.63,0.69,0.74,2026-09-24,0107,N,nominal,2.0NRT,286.72,0.59,N
40.79145,19.5631,313.62,0.48,0.4,2026-09-24,0107,N,nominal,2.0NRT,282.19,0.94,N
41.43123,15.79995,295.02,0.39,0.36,2026-09-24,0107,N,nominal,2.0NRT,282.2,0.43,N
41.38374,15.40219,312.72,0.38,0.36,2026-09-24,0107,N,nominal,2.0NRT,281.62,1.28,N
41.73648,13.00677,296.42,0.41,0.37,2026-09-24,0107,N,nominal,2.0NRT,285.38,0.35,N
38.74425,26.94843,300.34,0.4,0.6,2026-09-24,0107,N,nominal,2.0NRT,284.86,0.73,N
38.73896,26.94604,299.21,0.4,0.6,2026-09-24,0107,N,nominal,2.0NRT,286.79,0.73,N
41.59814,12.94518,303,0.41,0.37,2026-09-24,0107,N,nominal,2.0NRT,286.84,1.02,N
41.5948,12.94404,330.38,0.41,0.37,2026-09-24,0107,N,nominal,2.0NRT,290.23,1.02,N
41.5955,12.93889,299.66,0.41,0.37,2026-09-24,0107,N,nominal,2.0NRT,287.07,1.98,N
41.5941,12.94911,298.27,0.41,0.37,2026-09-24,0107,N,nominal,2.0NRT,287.67,1.02,N
41.59075,12.94794,322.71,0.41,0.37,2026-09-24,0107,N,nominal,2.0NRT,288.62,1.49,N
41.59144,12.94293,301.15,0.41,0.37,2026-09-24,0107,N,nominal,2.0NRT,287.29,1.49,N
41.55427,12.83639,304.27,0.41,0.37,2026-09-24,0107,N,nominal,2.0NRT,284.21,0.8,N
40.62953,17.99993,303.19,0.43,0.38,2026-09-24,0107,N,nominal,2.0NRT,287,1.16,N
40.29748,19.6797,302.86,0.49,0.41,2026-09-24,0107,N,nominal,2.0NRT,282.78,1.15,N
41.08512,15.31013,301.6,0.38,0.36,2026-09-24,0107,N,nominal,2.0NRT,279.8,0.71,N
41.16994,14.66633,296.3,0.38,0.36,2026-09-24,0107,N,nominal,2.0NRT,283.17,0.55,N
38.45665,27.26201,297.05,0.42,0.61,2026-09-24,0107,N,nominal,2.0NRT,285.55,0.56,N
38.42663,27.2168,304.7,0.42,0.61,2026-09-24,0107,N,nominal,2.0NRT,285.87,1.21,N
40.95076,15.67042,297.15,0.39,0.36,2026-09-24,0107,N,nominal,2.0NRT,282.36,0.59,N
41.09018,14.59072,295.75,0.38,0.36,2026-09-24,0107,N,nominal,2.0NRT,284.33,0.46,N
40.75609,16.3017,296.77,0.39,0.36,2026-09-24,0107,N,nominal,2.0NRT,280.67,0.64,N
40.67368,16.65613,297.15,0.4,0.37,2026-09-24,0107,N,nominal,2.0NRT,283.03,0.59,N
40.58451,16.99825,328.37,0.41,0.37,2026-09-24,0107,N,nominal,2.0NRT,286.9,3.67,N
40.58535,16.99352,315.7,0.4,0.37,2026-09-24,0107,N,nominal,2.0NRT,284.51,3.67,N
40.76505,15.82654,336.16,0.39,0.36,2026-09-24,0107,N,nominal,2.0NRT,280.4,3.45,N
40.51781,17.21319,296.49,0.41,0.37,2026-09-24,0107,N,nominal,2.0NRT,286.43,0.73,N
40.50262,17.21861,312.42,0.41,0.37,2026-09-24,0107,N,nominal,2.0NRT,290.92,1.13,N
40.79291,14.75005,306.91,0.38,0.36,2026-09-24,0107,N,nominal,2.0NRT,285.77,0.85,N
40.78963,14.74915,299.56,0.38,0.36,2026-09-24,0107,N,nominal,2.0NRT,286.21,0.62,N
40.73398,14.84471,316.01,0.38,0.36,2026-09-24,0107,N,nominal,2.0NRT,288.01,1.1,N
40.73071,14.84381,309.58,0.38,0.36,2026-09-24,0107,N,nominal,2.0NRT,286.09,1.1,N
40.66972,14.64388,320.58,0.38,0.36,2026-09-24,0107,N,nominal,2.0NRT,287.68,1.25,N
40.66643,14.64299,309.44,0.38,0.36,2026-09-24,0107,N,nominal,2.0NRT,286.67,1.25,N
40.31242,15.90111,300.36,0.39,0.36,2026-09-24,0107,N,nominal,2.0NRT,279.93,0.68,N
38.79438,15.2134,328.22,0.39,0.36,2026-09-24,0107,N,nominal,2.0NRT,292.93,10.11,N
40.24291,-3.48037,303.28,0.79,0.78,2026-09-24,0107,N,nominal,2.0NRT,289.7,2.28,N
40.24317,-3.47616,310.01,0.78,0.78,2026-09-24,0107,N,nominal,2.0NRT,289.99,1.79,N
37.75405,14.99632,330.03,0.39,0.36,2026-09-24,0109,N,nominal,2.0NRT,281.87,4.34,N
37.74418,15.05545,301.16,0.39,0.36,2026-09-24,0109,N,nominal,2.0NRT,284.76,1.03,N
37.74342,15.06002,304.67,0.39,0.36,2026-09-24,0109,N,nominal,2.0NRT,287.36,1.03,N
37.74266,15.06453,299.97,0.39,0.36,2026-09-24,0109,N,nominal,2.0NRT,287.14,1.37,N
37.75075,14.99546,296.01,0.39,0.36,2026-09-24,0109,N,nominal,2.0NRT,280.38,4.34,N
37.43798,15.03249,307.34,0.39,0.36,2026-09-24,0109,N,nominal,2.0NRT,290.53,1.25,N
36.77673,10.20149,306.29,0.44,0.38,2026-09-24,0109,N,nominal,2.0NRT,292.89,0.9,N
36.88287,6.95872,307.55,0.41,0.45,2026-09-24,0109,N,nominal,2.0NRT,291.99,0.72,N
36.876,6.94349,302.26,0.41,0.45,2026-09-24,0109,N,nominal,2.0NRT,291.61,0.87,N
36.86805,6.98019,309.56,0.41,0.45,2026-09-24,0109,N,nominal,2.0NRT,293.3,1.67,N
36.76003,7.31024,309.93,0.39,0.44,2026-09-24,0109,N,nominal,2.0NRT,291.1,1.02,N
36.7485,6.25722,320.53,0.44,0.46,2026-09-24,0109,N,nominal,2.0NRT,291.3,2.45,N
36.74421,6.25657,338.53,0.44,0.46,2026-09-24,0109,N,nominal,2.0NRT,291.34,2.45,N
36.74469,6.25155,304.81,0.44,0.46,2026-09-24,0109,N,nominal,2.0NRT,293.14,4.23,N
36.15921,10.28616,303.86,0.43,0.38,2026-09-24,0109,N,nominal,2.0NRT,292.74,0.59,N
36.73243,3.97584,345.37,0.59,0.53,2026-09-24,0109,N,nominal,2.0NRT,291.78,10.32,N
36.43098,6.62205,310.25,0.42,0.45,2026-09-24,0109,N,nominal,2.0NRT,289.57,1.27,N
36.68024,3.12242,308.17,0.33,0.55,2026-09-24,0109,N,nominal,2.0NRT,291.64,0.47,N
36.61997,3.00349,300.33,0.33,0.55,2026-09-24,0109,N,nominal,2.0NRT,289.64,0.22,N
36.59754,2.87712,301,0.34,0.56,2026-09-24,0109,N,nominal,2.0NRT,290.48,0.44,N
36.54633,3.16356,308.74,0.33,0.55,2026-09-24,0109,N,nominal,2.0NRT,289.96,0.71,N
36.54606,3.16749,301.42,0.33,0.55,2026-09-24,0109,N,nominal,2.0NRT,290.31,0.71,N
36.54117,3.16357,301.43,0.33,0.55,2026-09-24,0109,N,nominal,2.0NRT,289.92,0.71,N
36.3334,5.48103,307.46,0.48,0.48,2026-09-24,0109,N,nominal,2.0NRT,288.64,1.39,N
36.53242,2.58108,303.73,0.35,0.57,2026-09-24,0109,N,nominal,2.0NRT,289.74,0.68,N
36.53366,2.58091,306.96,0.35,0.57,2026-09-24,0109,N,nominal,2.0NRT,290.04,0.96,N
35.77622,9.89265,307.07,0.44,0.39,2026-09-24,0109,N,nominal,2.0NRT,292.32,0.68,N
36.08451,6.80519,306.24,0.41,0.45,2026-09-24,0109,N,nominal,2.0NRT,288.28,1.37,N
36.12466,1.24291,305.54,0.41,0.61,2026-09-24,0109,N,nominal,2.0NRT,290.28,1.28,N
35.21067,9.32548,299.99,0.46,0.39,2026-09-24,0109,N,nominal,2.0NRT,288.73,0.41,N
35.23241,8.17488,307.95,0.51,0.41,2026-09-24,0109,N,nominal,2.0NRT,286.99,1.6,N
35.81251,-0.27652,307.55,0.5,0.66,2026-09-24,0109,N,nominal,2.0NRT,290.3,1.34,N
35.81176,-0.25985,301.45,0.5,0.66,2026-09-24,0109,N,nominal,2.0NRT,290.46,1.43,N
35.8115,-0.25423,318.63,0.5,0.66,2026-09-24,0109,N,nominal,2.0NRT,290.73,1.94,N
35.80559,-0.25989,300.91,0.5,0.66,2026-09-24,0109,N,nominal,2.0NRT,290.3,1.43,N
35.80534,-0.25424,307.89,0.5,0.66,2026-09-24,0109,N,nominal,2.0NRT,289.83,1.94,N
35.78936,-0.31159,309.92,0.5,0.66,2026-09-24,0109,N,nominal,2.0NRT,289.66,1.16,N
35.76278,-0.26783,309.06,0.5,0.66,2026-09-24,0109,N,nominal,2.0NRT,291.82,2.48,N
35.34697,5.76082,307.26,0.46,0.47,2026-09-24,0109,N,nominal,2.0NRT,289.16,1.53,N
35.76352,-0.26427,311.77,0.5,0.66,2026-09-24,0109,N,nominal,2.0NRT,291.65,3.42,N
34.4397,2.05812,301.15,0.36,0.57,2026-09-24,0109,N,nominal,2.0NRT,286.51,0.49,N
34.43438,2.05729,297.93,0.36,0.57,2026-09-24,0109,N,nominal,2.0NRT,285.9,0.66,N
61.44927,2.14077,298.68,0.39,0.36,2026-09-24,0243,N,nominal,2.0NRT,282.66,0.31,N
59.547,1.53145,303.66,0.4,0.37,2026-09-24,0243,N,nominal,2.0NRT,275.71,0.44,N
58.47893,1.26649,295.51,0.41,0.37,2026-09-24,0243,N,nominal,2.0NRT,281.35,0.44,N
58.35145,0.86224,313.88,0.4,0.37,2026-09-24,0243,N,nominal,2.0NRT,283.6,1.37,N
58.30524,-1.77049,303.74,0.38,0.36,2026-09-24,0243,N,nominal,2.0NRT,283.56,0.6,N
57.81452,-0.97554,324.49,0.39,0.36,2026-09-24,0243,N,nominal,2.0NRT,283.7,1.26,N
57.81131,-0.97752,297.7,0.39,0.36,2026-09-24,0243,N,nominal,2.0NRT,283.22,1.26,N
52.46849,7.31637,296.32,0.57,0.52,2026-09-24,0245,N,nominal,2.0NRT,282.86,1.03,N
54.72551,-5.76767,301.79,0.39,0.36,2026-09-24,0245,N,nominal,2.0NRT,272.55,0.61,N
53.63495,-0.24566,310.01,0.45,0.39,2026-09-24,0245,N,nominal,2.0NRT,280.67,2.43,N
53.63312,-0.24593,313.97,0.45,0.39,2026-09-24,0245,N,nominal,2.0NRT,280.44,2.45,N
53.58069,-0.62095,313.18,0.44,0.38,2026-09-24,0245,N,nominal,2.0NRT,278.91,1.87,N
53.56756,-0.59294,337.92,0.44,0.38,2026-09-24,0245,N,nominal,2.0NRT,279.37,5.1,N
53.56882,-0.59927,302.57,0.44,0.38,2026-09-24,0245,N,nominal,2.0NRT,278.52,1.64,N
53.56544,-0.60119,328.09,0.44,0.38,2026-09-24,0245,N,nominal,2.0NRT,277.67,2.84,N
51.48608,6.70816,322.1,0.58,0.52,2026-09-24,0245,N,nominal,2.0NRT,282.23,2.68,N
51.48384,6.71599,309.96,0.58,0.52,2026-09-24,0245,N,nominal,2.0NRT,281.17,2.68,N
51.4816,6.72382,295.17,0.58,0.52,2026-09-24,0245,N,nominal,2.0NRT,280.04,1.16,N
51.48383,6.69722,307.84,0.58,0.52,2026-09-24,0245,N,nominal,2.0NRT,280.86,2.53,N
51.48162,6.70495,306.38,0.58,0.52,2026-09-24,0245,N,nominal,2.0NRT,279.94,1.46,N
51.48698,6.71175,306.26,0.58,0.52,2026-09-24,0245,N,nominal,2.0NRT,281.68,1.86,N
51.48477,6.71963,303.1,0.58,0.52,2026-09-24,0245,N,nominal,2.0NRT,280.69,1.91,N
51.4847,6.70075,323.51,0.58,0.52,2026-09-24,0245,N,nominal,2.0NRT,281.58,3.08,N
51.48252,6.70852,311.24,0.58,0.52,2026-09-24,0245,N,nominal,2.0NRT,280.88,3.08,N
51.48031,6.71639,298.49,0.58,0.52,2026-09-24,0245,N,nominal,2.0NRT,279.81,0.88,N
51.4626,6.74117,299.55,0.58,0.52,2026-09-24,0245,N,nominal,2.0NRT,279.81,1.08,N
51.42691,6.73412,304.17,0.58,0.52,2026-09-24,0245,N,nominal,2.0NRT,279.54,1.84,N
51.36438,6.70745,297.78,0.59,0.53,2026-09-24,0245,N,nominal,2.0NRT,279.18,0.7,N
51.36567,6.70873,301.41,0.59,0.53,2026-09-24,0245,N,nominal,2.0NRT,280.05,1.5,N
51.94299,4.10973,296.44,0.45,0.47,2026-09-24,0245,N,nominal,2.0NRT,282.82,0.85,N
53.68544,-6.38809,297.64,0.39,0.36,2026-09-24,0245,N,nominal,2.0NRT,278.23,0.85,N
51.25597,4.34024,296.27,0.48,0.48,2026-09-24,0245,N,nominal,2.0NRT,281.46,0.63,N
51.17716,3.80885,299.31,0.46,0.47,2026-09-24,0245,N,nominal,2.0NRT,275.42,2.38,N
51.17559,3.81502,311.57,0.46,0.47,2026-09-24,0245,N,nominal,2.0NRT,275.48,2.38,N
51.17309,3.80619,336.58,0.46,0.47,2026-09-24,0245,N,nominal,2.0NRT,276.6,2.38,N
51.17151,3.81239,313.06,0.46,0.47,2026-09-24,0245,N,nominal,2.0NRT,275.06,2.38,N
51.16993,3.81861,305.14,0.46,0.47,2026-09-24,0245,N,nominal,2.0NRT,275.68,1.43,N
51.16902,3.80354,301.24,0.46,0.47,2026-09-24,0245,N,nominal,2.0NRT,275.53,1.41,N
51.16744,3.80975,304.26,0.46,0.47,2026-09-24,0245,N,nominal,2.0NRT,274.85,1.41,N
51.16585,3.81598,310.16,0.46,0.47,2026-09-24,0245,N,nominal,2.0NRT,274.23,1.57,N
50.57056,5.37053,297.43,0.55,0.51,2026-09-24,0245,N,nominal,2.0NRT,281.04,0.84,N
51.03106,2.27961,337.38,0.4,0.45,2026-09-24,0245,N,nominal,2.0NRT,256.71,5.19,N
51.0332,2.27897,332.09,0.4,0.45,2026-09-24,0245,N,nominal,2.0NRT,255.97,4.09,N
45.38049,11.94874,296.28,0.75,0.77,2026-09-24,0245,N,nominal,2.0NRT,284.15,1.28,N
45.45954,10.45376,313.57,0.65,0.73,2026-09-24,0247,N,nominal,2.0NRT,281.92,2.01,N
45.46317,10.45453,308.5,0.65,0.73,2026-09-24,0247,N,nominal,2.0NRT,281.9,1.74,N
45.51179,10.251,296.5,0.63,0.72,2026-09-24,0247,N,nominal,2.0NRT,280.78,0.81,N
45.5057,10.24679,296.68,0.63,0.72,2026-09-24,0247,N,nominal,2.0NRT,281.94,0.81,N
45.48065,10.21049,310.69,0.63,0.72,2026-09-24,0247,N,nominal,2.0NRT,283.45,2.63,N
45.47672,10.21128,316.63,0.63,0.72,2026-09-24,0247,N,nominal,2.0NRT,283.22,2.4,N
48.10756,-1.03977,295.93,0.53,0.42,2026-09-24,0247,N,nominal,2.0NRT,283.2,0.82,N
47.86309,-3.74986,315.14,0.44,0.38,2026-09-24,0247,N,nominal,2.0NRT,284.53,1.38,N
45.23061,5.66813,298.36,0.41,0.61,2026-09-24,0247,N,nominal,2.0NRT,285.66,0.32,N
44.8455,6.8322,305.83,0.48,0.64,2026-09-24,0247,N,nominal,2.0NRT,273.97,1.47,N
44.84223,6.82973,300.16,0.48,0.64,2026-09-24,0247,N,nominal,2.0NRT,272.73,1.15,N
43.44591,4.89637,344.8,0.43,0.62,2026-09-24,0247,N,nominal,2.0NRT,291.56,1.96,N
43.44441,4.90142,302.49,0.43,0.62,2026-09-24,0247,N,nominal,2.0NRT,289.97,1.96,N
43.44354,4.88333,316.86,0.43,0.62,2026-09-24,0247,N,nominal,2.0NRT,289.15,4.81,N
43.44057,4.89335,310.15,0.43,0.62,2026-09-24,0247,N,nominal,2.0NRT,290.5,1.96,N
43.43373,4.89535,300.21,0.43,0.62,2026-09-24,0247,N,nominal,2.0NRT,290.02,1.58,N
43.18554,0.99035,296.66,0.57,0.52,2026-09-24,0247,N,nominal,2.0NRT,286.38,0.86,N
43.03593,-2.22169,302.36,0.41,0.45,2026-09-24,0247,N,nominal,2.0NRT,286.58,0.94,N
43.52805,-5.73301,325.59,0.44,0.38,2026-09-24,0247,N,nominal,2.0NRT,290.54,2.55,N
43.55271,-5.86092,300.09,0.44,0.38,2026-09-24,0247,N,nominal,2.0NRT,288.12,0.66,N
43.527,-5.72761,303.59,0.44,0.38,2026-09-24,0247,N,nominal,2.0NRT,289.52,2.55,N
43.52457,-5.73424,340.37,0.44,0.38,2026-09-24,0247,N,nominal,2.0NRT,291.56,2.55,N
43.54316,-5.83046,300.08,0.44,0.38,2026-09-24,0247,N,nominal,2.0NRT,288,0.59,N
43.52354,-5.72889,318.59,0.44,0.38,2026-09-24,0247,N,nominal,2.0NRT,288.56,2.55,N
43.5397,-5.8317,300.49,0.44,0.38,2026-09-24,0247,N,nominal,2.0NRT,288.71,0.81,N
41.4534,1.97909,305.21,0.35,0.57,2026-09-24,0247,N,nominal,2.0NRT,289.61,1.02,N
41.4541,1.97718,301.81,0.35,0.57,2026-09-24,0249,N,nominal,2.0NRT,288.28,0.88,N
41.31445,1.66342,309.55,0.34,0.56,2026-09-24,0249,N,nominal,2.0NRT,288.97,0.77,N
41.31389,1.66096,300.47,0.35,0.56,2026-09-24,0249,N,nominal,2.0NRT,288,0.94,N
41.31286,1.66479,298.63,0.35,0.56,2026-09-24,0249,N,nominal,2.0NRT,287.2,0.59,N
43.34823,-8.43614,306.13,0.39,0.36,2026-09-24,0249,N,nominal,2.0NRT,290.03,0.84,N
42.55304,-6.77006,302.59,0.42,0.38,2026-09-24,0249,N,nominal,2.0NRT,286.74,0.85,N
41.90297,-5.25802,318.8,0.48,0.4,2026-09-24,0249,N,nominal,2.0NRT,284.66,2.09,N
41.76165,-8.47417,310.44,0.4,0.37,2026-09-24,0249,N,nominal,2.0NRT,291.86,0.95,N
41.61116,-8.07744,302.36,0.4,0.37,2026-09-24,0249,N,nominal,2.0NRT,290.07,0.65,N
40.24707,-3.47192,304.85,0.41,0.45,2026-09-24,0249,N,nominal,2.0NRT,290.35,0.51,N
40.24304,-3.47341,318.27,0.41,0.45,2026-09-24,0249,N,nominal,2.0NRT,291.37,1.28,N
40.2458,-3.47402,321.45,0.41,0.45,2026-09-24,0249,N,nominal,2.0NRT,293.19,2.99,N
40.29256,-3.94089,300.07,0.39,0.44,2026-09-24,0249,N,nominal,2.0NRT,283.16,0.34,N
36.7424,6.25716,298.67,0.78,0.78,2026-09-24,0249,N,nominal,2.0NRT,288.13,1.86,N
36.74709,6.25791,309.59,0.78,0.78,2026-09-24,0249,N,nominal,2.0NRT,288.32,3.18,N
40.28977,-8.41768,305.06,0.41,0.37,2026-09-24,0249,N,nominal,2.0NRT,291.38,0.73,N
36.33252,5.48554,297.48,0.73,0.76,2026-09-24,0249,N,nominal,2.0NRT,284.24,2.25,N
36.33642,5.47987,300.58,0.73,0.76,2026-09-24,0249,N,nominal,2.0NRT,285.44,1.65,N
36.73346,3.97357,335.29,0.6,0.71,2026-09-24,0249,N,nominal,2.0NRT,290.03,3.38,N
36.73152,3.97989,299.57,0.6,0.71,2026-09-24,0249,N,nominal,2.0NRT,288.74,3.38,N
36.73407,3.97546,343.18,0.6,0.71,2026-09-24,0249,N,nominal,2.0NRT,290.02,7.61,N
38.67755,-4.05912,306.14,0.42,0.45,2026-09-24,0249,N,nominal,2.0NRT,290.42,1.71,N
38.96687,-5.77366,307.57,0.52,0.41,2026-09-24,0249,N,nominal,2.0NRT,288.37,0.97,N
38.96865,-5.77472,302.69,0.52,0.41,2026-09-24,0249,N,nominal,2.0NRT,288.83,0.7,N
38.95092,-5.82446,309.21,0.51,0.41,2026-09-24,0249,N,nominal,2.0NRT,288.6,2.3,N
36.67907,3.12662,300.39,0.55,0.68,2026-09-24,0249,N,nominal,2.0NRT,289.84,1.32,N
38.9139,-5.81856,304.9,0.52,0.41,2026-09-24,0249,N,nominal,2.0NRT,289.61,1.26,N
38.91018,-5.81979,300.19,0.52,0.41,2026-09-24,0249,N,nominal,2.0NRT,288.65,0.97,N
35.88038,4.44594,299.06,0.67,0.74,2026-09-24,0249,N,nominal,2.0NRT,288.74,1.47,N
38.9228,-9.01179,316.77,0.4,0.37,2026-09-24,0249,N,nominal,2.0NRT,293.33,1.89,N
36.12996,1.2423,308.59,0.45,0.63,2026-09-24,0249,N,nominal,2.0NRT,291.78,1.57,N
37.95236,-8.79827,303.52,0.42,0.37,2026-09-24,0249,N,nominal,2.0NRT,289.38,1.7,N
37.28684,-6.36788,316.85,0.52,0.42,2026-09-24,0249,N,nominal,2.0NRT,290.49,1.65,N
35.81506,-0.26669,307.87,0.38,0.59,2026-09-24,0249,N,nominal,2.0NRT,291.23,1.39,N
35.81176,-0.25428,308.91,0.38,0.59,2026-09-24,0249,N,nominal,2.0NRT,290.98,1.08,N
35.81065,-0.25007,301.13,0.38,0.59,2026-09-24,0249,N,nominal,2.0NRT,289.71,2.14,N
35.80626,-0.23359,300.02,0.38,0.59,2026-09-24,0249,N,nominal,2.0NRT,289.97,0.93,N
35.82429,-0.32328,304.97,0.38,0.59,2026-09-24,0249,N,nominal,2.0NRT,290.53,1.14,N
35.8066,-0.25668,302.3,0.38,0.59,2026-09-24,0249,N,nominal,2.0NRT,289.8,1.08,N
35.80329,-0.24425,303.17,0.38,0.59,2026-09-24,0249,N,nominal,2.0NRT,290.36,1.87,N
35.5678,-0.93729,304.1,0.36,0.57,2026-09-24,0249,N,nominal,2.0NRT,289.49,0.77,N
35.31005,-1.34235,307.51,0.35,0.56,2026-09-24,0249,N,nominal,2.0NRT,290.43,1.09,N
34.79914,0.33014,295.57,0.44,0.62,2026-09-24,0249,N,nominal,2.0NRT,284.7,0.62,N
65.56322,22.22536,343.18,0.5,0.49,2026-09-24,0243,N,nominal,2.0NRT,263.86,13.02,N
34.76632,33.21855,349.21,0.43,0.38,2026-09-24,1047,N,nominal,2.0NRT,304.2,4.58,D
36.92322,32.69083,345.21,0.42,0.38,2026-09-24,1047,N,nominal,2.0NRT,304.03,3.23,D
37.28121,27.71853,341.74,0.45,0.47,2026-09-24,1049,N,nominal,2.0NRT,308.9,4.7,D
37.76539,29.7078,338.47,0.53,0.42,2026-09-24,1049,N,nominal,2.0NRT,307.02,6.17,D
37.80511,29.306,334,0.56,0.43,2026-09-24,1049,N,nominal,2.0NRT,303.99,5.92,D
38.0754,29.64644,347.18,0.53,0.42,2026-09-24,1049,N,nominal,2.0NRT,306.09,12.5,D
38.3186,30.21792,330.18,0.5,0.41,2026-09-24,1049,N,low,2.0NRT,304.16,2.26,D
38.7792,32.41719,330.79,0.41,0.37,2026-09-24,1049,N,nominal,2.0NRT,294.33,1.17,D
38.75434,31.65329,337.71,0.43,0.38,2026-09-24,1049,N,nominal,2.0NRT,297.14,3.54,D
39.00847,32.08236,336.98,0.42,0.38,2026-09-24,1049,N,nominal,2.0NRT,296.76,2.02,D
39.03218,32.03509,339.68,0.42,0.38,2026-09-24,1049,N,nominal,2.0NRT,301,3.33,D
39.05059,31.89789,330.84,0.42,0.38,2026-09-24,1049,N,nominal,2.0NRT,297.84,1.35,D
39.13699,31.52668,351.55,0.43,0.38,2026-09-24,1049,N,nominal,2.0NRT,301.06,7.78,D
39.32631,31.80248,353.05,0.42,0.38,2026-09-24,1049,N,nominal,2.0NRT,297.06,7.99,D
38.54967,27.8847,337.1,0.42,0.45,2026-09-24,1049,N,nominal,2.0NRT,304.75,3.99,D
39.45743,32.04264,346.99,0.42,0.37,2026-09-24,1049,N,nominal,2.0NRT,300.12,6.02,D
39.74342,33.27726,338.81,0.39,0.36,2026-09-24,1049,N,nominal,2.0NRT,293.72,2.49,D
39.83966,33.59571,339.05,0.39,0.36,2026-09-24,1049,N,nominal,2.0NRT,298.35,1.81,D
39.8217,32.12191,337.42,0.41,0.37,2026-09-24,1049,N,nominal,2.0NRT,302.81,3.83,D
39.9833,31.91856,337.92,0.41,0.37,2026-09-24,1049,N,nominal,2.0NRT,303.93,5.49,D
40.38375,34.0803,336.57,0.38,0.36,2026-09-24,1049,N,nominal,2.0NRT,303.25,3.15,D
40.37473,33.66275,335.17,0.39,0.36,2026-09-24,1049,N,nominal,2.0NRT,301.31,3.26,D
40.43486,33.93221,345.24,0.38,0.36,2026-09-24,1049,N,nominal,2.0NRT,305.42,8.4,D
39.86699,26.24529,326.86,0.47,0.48,2026-09-24,1049,N,nominal,2.0NRT,299.74,2.97,D
41.25465,31.41489,333.67,0.42,0.37,2026-09-24,1049,N,nominal,2.0NRT,295.05,2.64,D
41.26402,31.4274,327.73,0.41,0.37,2026-09-24,1049,N,low,2.0NRT,300.6,4.2,D
40.91234,26.49818,340.46,0.43,0.46,2026-09-24,1049,N,nominal,2.0NRT,303.38,4.85,D
40.61823,22.67764,332.33,0.34,0.56,2026-09-24,1049,N,nominal,2.0NRT,298.52,1.57,D
39.19482,17.08416,331.08,0.69,0.75,2026-09-24,1049,N,nominal,2.0NRT,295.94,11.54,D
39.19233,17.07644,338.29,0.69,0.75,2026-09-24,1049,N,nominal,2.0NRT,294.64,7.26,D
39.19273,17.07593,342.25,0.69,0.75,2026-09-24,1049,N,nominal,2.0NRT,295.02,8.43,D
40.0612,18.47378,326.93,0.56,0.69,2026-09-24,1049,N,nominal,2.0NRT,290.65,2.42,D
42.38789,27.23641,334.1,0.56,0.43,2026-09-24,1049,N,nominal,2.0NRT,305.75,4.83,D
41.11591,21.37325,331.06,0.38,0.59,2026-09-24,1049,N,nominal,2.0NRT,297.01,2.85,D
40.78802,19.56345,367,0.47,0.64,2026-09-24,1049,N,high,2.0NRT,302.91,14.35,D
40.92064,19.60434,337.74,0.47,0.64,2026-09-24,1049,N,nominal,2.0NRT,300.59,4.25,D
40.48665,17.85947,328.77,0.58,0.7,2026-09-24,1049,N,nominal,2.0NRT,291.62,5.19,D
41.26943,19.67667,367,0.45,0.63,2026-09-24,1049,N,high,2.0NRT,306.19,35.05,D
41.27084,19.68147,348.6,0.45,0.63,2026-09-24,1049,N,nominal,2.0NRT,295.99,23.78,D
41.46307,19.77623,367,0.44,0.63,2026-09-24,1049,N,high,2.0NRT,311.58,31.16,D
41.46146,19.77068,335.91,0.44,0.63,2026-09-24,1049,N,nominal,2.0NRT,295.03,23.85,D
41.44864,19.70492,367,0.45,0.63,2026-09-24,1049,N,high,2.0NRT,299.59,6.02,D
41.46858,19.77361,325.19,0.44,0.63,2026-09-24,1049,N,nominal,2.0NRT,293.37,31.16,D
41.44714,19.69975,338.9,0.45,0.63,2026-09-24,1049,N,nominal,2.0NRT,296.15,6.02,D
41.46372,19.77829,367,0.44,0.63,2026-09-24,1049,N,high,2.0NRT,298.77,52.11,D
41.46203,19.77259,330.93,0.44,0.63,2026-09-24,1049,N,nominal,2.0NRT,302.37,39.33,D
41.44732,19.70183,367,0.45,0.63,2026-09-24,1049,N,high,2.0NRT,300.99,12.72,D
41.48903,19.65058,355.19,0.45,0.63,2026-09-24,1049,N,nominal,2.0NRT,301,5.75,D
41.52602,19.69067,346.09,0.45,0.63,2026-09-24,1049,N,nominal,2.0NRT,300.17,4.89,D
40.75406,16.31225,349.06,0.68,0.74,2026-09-24,1049,N,nominal,2.0NRT,299.81,9.1,D
40.85649,16.6151,327.62,0.65,0.73,2026-09-24,1049,N,nominal,2.0NRT,297.33,1.32,D
40.75535,16.3109,350.16,0.68,0.74,2026-09-24,1049,N,nominal,2.0NRT,300.01,7.35,D
40.85865,16.30355,330.37,0.67,0.74,2026-09-24,1049,N,nominal,2.0NRT,297.08,15.51,D
40.85606,16.29567,337.12,0.67,0.74,2026-09-24,1049,N,nominal,2.0NRT,297.79,12.38,D
40.86252,16.29241,367,0.67,0.74,2026-09-24,1049,N,high,2.0NRT,300.26,12.38,D
40.86506,16.30013,354.53,0.67,0.74,2026-09-24,1049,N,nominal,2.0NRT,299,15.51,D
40.85935,16.30224,349.39,0.67,0.74,2026-09-24,1049,N,nominal,2.0NRT,298.48,9.25,D
40.85672,16.29438,344.96,0.67,0.74,2026-09-24,1049,N,nominal,2.0NRT,298.47,9.25,D
40.86576,16.29883,351.31,0.67,0.74,2026-09-24,1049,N,nominal,2.0NRT,298.56,11.08,D
40.86318,16.29109,350.21,0.67,0.74,2026-09-24,1049,N,nominal,2.0NRT,299.78,11.08,D
41.92543,19.60877,343.88,0.44,0.62,2026-09-24,1049,N,nominal,2.0NRT,298.17,4.22,D
40.8308,15.96653,328.23,0.7,0.75,2026-09-24,1049,N,nominal,2.0NRT,298.02,2.84,D
40.93348,16.18409,331.88,0.68,0.74,2026-09-24,1051,N,nominal,2.0NRT,300.03,3.03,D
42.36727,20.86639,330.69,0.37,0.58,2026-09-24,1051,N,nominal,2.0NRT,293.25,1.84,D
40.83103,15.96566,328.02,0.7,0.75,2026-09-24,1051,N,nominal,2.0NRT,297.58,4.65,D
42.37083,20.86617,325.69,0.37,0.58,2026-09-24,1051,N,nominal,2.0NRT,294.25,1.82,D
40.93486,16.18263,331.53,0.68,0.74,2026-09-24,1051,N,nominal,2.0NRT,299.14,4.83,D
40.89752,15.70582,330.93,0.72,0.75,2026-09-24,1051,N,nominal,2.0NRT,296.67,6.96,D
40.89708,15.70987,339.65,0.71,0.75,2026-09-24,1051,N,nominal,2.0NRT,296.77,6.46,D
40.93182,15.5835,331.62,0.72,0.76,2026-09-24,1051,N,nominal,2.0NRT,297.15,6.71,D
40.93098,15.58428,330.45,0.72,0.76,2026-09-24,1051,N,nominal,2.0NRT,296.81,6.91,D
43.76677,25.12961,339.82,0.43,0.46,2026-09-24,1051,N,nominal,2.0NRT,302.66,3.54,D
42.26454,19.29985,336.89,0.44,0.63,2026-09-24,1051,N,nominal,2.0NRT,305.33,6.65,D
42.26305,19.2947,330.21,0.44,0.63,2026-09-24,1051,N,nominal,2.0NRT,300.58,4.62,D
42.26154,19.28955,345.93,0.44,0.63,2026-09-24,1051,N,nominal,2.0NRT,297.1,4.62,D
42.2638,19.2968,340.52,0.44,0.63,2026-09-24,1051,N,nominal,2.0NRT,306.47,10.47,D
42.26073,19.28651,349.23,0.44,0.63,2026-09-24,1051,N,nominal,2.0NRT,293.78,3.92,D
42.26925,19.29393,367,0.44,0.63,2026-09-24,1051,N,high,2.0NRT,305.18,8.73,D
42.26772,19.2888,327.71,0.44,0.63,2026-09-24,1051,N,nominal,2.0NRT,295.36,8.73,D
42.29077,19.32404,326.68,0.44,0.62,2026-09-24,1051,N,nominal,2.0NRT,289.76,1.79,D
42.27491,19.24928,347.09,0.44,0.63,2026-09-24,1051,N,nominal,2.0NRT,294.25,4.39,D
41.19365,15.63192,329.48,0.71,0.75,2026-09-24,1051,N,nominal,2.0NRT,301.54,4.15,D
41.19334,15.63145,331.05,0.7,0.75,2026-09-24,1051,N,nominal,2.0NRT,301.1,3.8,D
43.88966,24.7321,339.95,0.45,0.47,2026-09-24,1051,N,nominal,2.0NRT,301.59,5.72,D
43.8938,24.73027,331.25,0.45,0.47,2026-09-24,1051,N,nominal,2.0NRT,301.05,4.34,D
43.76344,24.11664,333.9,0.48,0.48,2026-09-24,1051,N,nominal,2.0NRT,297.58,2.83,D
43.76346,24.12239,329.73,0.48,0.48,2026-09-24,1051,N,nominal,2.0NRT,297.71,2.83,D
43.76206,24.11665,332.47,0.48,0.48,2026-09-24,1051,N,nominal,2.0NRT,297.51,2.83,D
43.93462,24.75827,334.41,0.44,0.46,2026-09-24,1051,N,nominal,2.0NRT,301,1.85,D
41.4271,15.84672,328.37,0.68,0.74,2026-09-24,1051,N,nominal,2.0NRT,296.84,3.31,D
43.6335,23.04952,367,0.54,0.51,2026-09-24,1051,N,high,2.0NRT,306.06,29.37,D
42.61205,18.63579,327.83,0.47,0.64,2026-09-24,1051,N,nominal,2.0NRT,288.21,2.84,D
42.61868,18.64059,331.37,0.47,0.64,2026-09-24,1051,N,nominal,2.0NRT,290.34,5.08,D
43.96007,23.19614,344.49,0.52,0.5,2026-09-24,1051,N,nominal,2.0NRT,295.05,34.51,D
41.63504,15.16466,352.32,0.72,0.75,2026-09-24,1051,N,nominal,2.0NRT,300.52,11.43,D
41.81034,15.81709,340.95,0.66,0.73,2026-09-24,1051,N,nominal,2.0NRT,293.44,6.89,D
41.6347,15.16929,342.04,0.72,0.75,2026-09-24,1051,N,nominal,2.0NRT,300.7,5.38,D
41.63202,15.16152,326.94,0.72,0.75,2026-09-24,1051,N,nominal,2.0NRT,299.12,5.38,D
42.83201,18.84251,367,0.45,0.63,2026-09-24,1051,N,high,2.0NRT,294.82,26.36,D
42.8306,18.83782,349.39,0.45,0.63,2026-09-24,1051,N,nominal,2.0NRT,291.93,16.27,D
41.60042,14.91097,330.32,0.74,0.76,2026-09-24,1051,N,nominal,2.0NRT,295.43,5.71,D
44.31607,23.37046,325.02,0.5,0.49,2026-09-24,1051,N,nominal,2.0NRT,275.81,5.33,D
44.24414,22.82217,335.39,0.53,0.5,2026-09-24,1051,N,nominal,2.0NRT,280.01,9.44,D
44.24253,22.81571,341.98,0.54,0.5,2026-09-24,1051,N,nominal,2.0NRT,277.94,7.74,D
44.24249,22.82164,338.45,0.53,0.5,2026-09-24,1051,N,nominal,2.0NRT,279.43,5.53,D
44.24084,22.81521,340.19,0.53,0.5,2026-09-24,1051,N,nominal,2.0NRT,277.01,5.53,D
44.24529,22.81306,329.26,0.53,0.5,2026-09-24,1051,N,nominal,2.0NRT,277.03,5.53,D
44.24974,22.81092,341.1,0.53,0.5,2026-09-24,1051,N,nominal,2.0NRT,280.26,7.97,D
43.40676,18.23973,330.05,0.46,0.64,2026-09-24,1051,N,nominal,2.0NRT,285.85,3.48,D
43.63763,17.59696,345.12,0.49,0.65,2026-09-24,1051,N,nominal,2.0NRT,276.34,8.46,D
43.63548,17.58998,350.66,0.49,0.65,2026-09-24,1051,N,nominal,2.0NRT,277.89,8.46,D
44.45228,19.81015,328.34,0.36,0.58,2026-09-24,1051,N,nominal,2.0NRT,292.65,1.69,D
44.53611,20.03089,335.39,0.35,0.57,2026-09-24,1051,N,nominal,2.0NRT,295.18,1.96,D
44.80028,20.92693,340.35,0.63,0.54,2026-09-24,1051,N,nominal,2.0NRT,295.98,7.36,D
44.80295,20.9168,341.53,0.63,0.54,2026-09-24,1051,N,nominal,2.0NRT,296.53,13.11,D
44.80563,20.90667,327.98,0.63,0.54,2026-09-24,1051,N,nominal,2.0NRT,295.22,6.93,D
44.96151,21.20148,340.89,0.61,0.53,2026-09-24,1051,N,nominal,2.0NRT,295.64,11.66,D
44.73526,20.11076,330.87,0.34,0.56,2026-09-24,1051,N,nominal,2.0NRT,298.68,2.71,D
45.07612,21.16686,331.63,0.6,0.53,2026-09-24,1051,N,nominal,2.0NRT,294.22,3.33,D
44.85876,20.26861,367,0.34,0.56,2026-09-24,1051,N,high,2.0NRT,298.71,9.79,D
44.85763,20.26455,367,0.34,0.56,2026-09-24,1051,N,high,2.0NRT,297.58,9.79,D
44.85651,20.26048,367,0.34,0.56,2026-09-24,1051,N,high,2.0NRT,290.83,8.1,D
44.67444,19.31292,331.48,0.38,0.58,2026-09-24,1051,N,nominal,2.0NRT,296.79,2.26,D
45.0017,20.21039,346.75,0.34,0.56,2026-09-24,1051,N,nominal,2.0NRT,294.29,2.94,D
44.94419,19.98125,367,0.34,0.56,2026-09-24,1051,N,high,2.0NRT,303.74,25.97,D
44.94304,19.97707,335.06,0.34,0.56,2026-09-24,1051,N,nominal,2.0NRT,296.17,7.42,D
44.92795,19.92259,326.31,0.35,0.57,2026-09-24,1051,N,low,2.0NRT,298.35,4.08,D
44.9447,19.98113,367,0.34,0.56,2026-09-24,1051,N,high,2.0NRT,303.51,25.59,D
44.94352,19.97696,339.04,0.34,0.56,2026-09-24,1051,N,nominal,2.0NRT,296.81,8.12,D
44.92815,19.92268,328.34,0.35,0.56,2026-09-24,1051,N,low,2.0NRT,298.63,4.46,D
45.16685,20.68089,343.21,0.63,0.54,2026-09-24,1051,N,nominal,2.0NRT,298.57,11.59,D
44.98047,19.94735,367,0.34,0.56,2026-09-24,1051,N,high,2.0NRT,300.56,11.98,D
44.9793,19.94318,367,0.35,0.56,2026-09-24,1051,N,high,2.0NRT,300.33,11.98,D
44.98191,19.93227,342.02,0.35,0.56,2026-09-24,1051,N,nominal,2.0NRT,298.03,8.68,D
44.94033,19.78444,327.49,0.35,0.57,2026-09-24,1051,N,nominal,2.0NRT,297.21,1.82,D
44.94767,19.79025,367,0.35,0.57,2026-09-24,1051,N,high,2.0NRT,300.15,13.24,D
45.18204,20.63698,338.15,0.63,0.54,2026-09-24,1051,N,nominal,2.0NRT,294.39,9.81,D
44.94648,19.78599,354.3,0.35,0.57,2026-09-24,1051,N,nominal,2.0NRT,300.65,13.24,D
44.94528,19.78173,343.77,0.35,0.57,2026-09-24,1051,N,nominal,2.0NRT,299.17,3.91,D
44.94408,19.77747,335.97,0.35,0.57,2026-09-24,1051,N,nominal,2.0NRT,297.51,3.91,D
44.94048,19.76469,327.04,0.35,0.57,2026-09-24,1051,N,low,2.0NRT,297.28,3.46,D
44.93927,19.76042,341.05,0.35,0.57,2026-09-24,1051,N,nominal,2.0NRT,298.2,3.46,D
44.93807,19.75615,352.45,0.35,0.57,2026-09-24,1051,N,nominal,2.0NRT,300.15,4.05,D
44.93686,19.75188,327.55,0.35,0.57,2026-09-24,1051,N,low,2.0NRT,298.25,4.05,D
45.18677,20.63437,339.83,0.63,0.54,2026-09-24,1051,N,nominal,2.0NRT,295.72,9.81,D
45.18469,20.62669,352.49,0.63,0.54,2026-09-24,1051,N,nominal,2.0NRT,297.73,9.81,D
44.94663,19.76624,325.72,0.35,0.57,2026-09-24,1051,N,low,2.0NRT,296.71,5.34,D
44.94422,19.7577,331.51,0.35,0.57,2026-09-24,1051,N,nominal,2.0NRT,296.81,3.46,D
44.95876,19.78908,325.87,0.35,0.57,2026-09-24,1051,N,low,2.0NRT,296.36,2.04,D
45.26768,20.71362,341.33,0.63,0.54,2026-09-24,1051,N,nominal,2.0NRT,298.22,12.21,D
45.26563,20.70598,337.51,0.63,0.54,2026-09-24,1051,N,nominal,2.0NRT,297.85,12.21,D
45.27507,20.70089,335.19,0.63,0.54,2026-09-24,1051,N,nominal,2.0NRT,295.72,7.89,D
45.26831,20.71323,340.1,0.63,0.54,2026-09-24,1051,N,nominal,2.0NRT,298.22,13.57,D
45.26623,20.70563,341.7,0.63,0.54,2026-09-24,1051,N,nominal,2.0NRT,298.32,8.47,D
45.04899,19.82394,367,0.35,0.57,2026-09-24,1051,N,high,2.0NRT,297.21,4.29,D
45.28774,20.68535,328.83,0.63,0.54,2026-09-24,1051,N,nominal,2.0NRT,298.28,6.43,D
45.02189,19.60654,367,0.36,0.57,2026-09-24,1051,N,high,2.0NRT,298.58,8.22,D
45.02066,19.60222,367,0.36,0.57,2026-09-24,1051,N,high,2.0NRT,298.79,11.38,D
45.02311,19.61087,341.7,0.36,0.57,2026-09-24,1051,N,nominal,2.0NRT,297.3,8.22,D
45.02808,19.60812,367,0.36,0.57,2026-09-24,1051,N,high,2.0NRT,294.7,8.22,D
45.29698,20.47927,367,0.32,0.55,2026-09-24,1051,N,high,2.0NRT,297.58,6.34,D
58.42666,33.87322,332.76,0.33,0.55,2026-09-24,0913,N,nominal,2.0NRT,282.01,2.27,D
45.10776,19.58848,330.58,0.36,0.57,2026-09-24,1051,N,nominal,2.0NRT,293.64,1.95,D
45.10411,19.53511,329.77,0.36,0.57,2026-09-24,1051,N,nominal,2.0NRT,287.22,2.64,D
45.09536,19.50432,342.12,0.36,0.57,2026-09-24,1051,N,nominal,2.0NRT,289.07,3.77,D
45.09412,19.49992,340.65,0.36,0.57,2026-09-24,1051,N,nominal,2.0NRT,287.44,3.77,D
45.11287,19.5457,333.58,0.36,0.57,2026-09-24,1051,N,nominal,2.0NRT,287.36,3.32,D
60.68718,17.26261,337.65,0.71,0.75,2026-09-24,0915,N,nominal,2.0NRT,279.54,3.99,D
50.11419,24.44959,334.08,0.5,0.41,2026-09-24,1051,N,nominal,2.0NRT,279.46,7.47,D
57.06007,9.97866,327.6,0.33,0.56,2026-09-24,1056,N,nominal,2.0NRT,288.54,2.39,D
64.35293,7.78027,325.54,0.41,0.45,2026-09-24,1058,N,nominal,2.0NRT,282.29,2.28,D
42.26156,19.29956,336.06,0.63,0.54,2026-09-24,1232,N,nominal,2.0NRT,308.46,10.27,D
35.34802,5.76006,330.09,0.51,0.41,2026-09-24,1229,N,low,2.0NRT,304.9,2.7,D
36.24434,9.13571,342.39,0.39,0.36,2026-09-24,1229,N,nominal,2.0NRT,310.78,6.3,D
36.07385,7.34542,337.72,0.43,0.38,2026-09-24,1229,N,nominal,2.0NRT,311.95,1.88,D
36.39732,9.07689,337.52,0.39,0.36,2026-09-24,1229,N,low,2.0NRT,308.6,4.37,D
36.18497,7.63629,338.8,0.42,0.38,2026-09-24,1229,N,nominal,2.0NRT,310,4.15,D
35.50213,3.80422,337.17,0.42,0.45,2026-09-24,1229,N,nominal,2.0NRT,307.48,1.54,D
36.16679,7.19217,343.63,0.44,0.38,2026-09-24,1229,N,nominal,2.0NRT,310.74,4.29,D
35.5037,3.80476,335.89,0.42,0.45,2026-09-24,1229,N,low,2.0NRT,308.37,1.56,D
37.20041,13.71115,337.38,0.45,0.39,2026-09-24,1229,N,nominal,2.0NRT,302.04,2.94,D
37.20398,13.71042,339.55,0.45,0.39,2026-09-24,1229,N,nominal,2.0NRT,303.87,7.03,D
36.61568,8.82958,335.81,0.39,0.36,2026-09-24,1229,N,low,2.0NRT,308.59,2.83,D
36.72204,9.37463,336.71,0.39,0.36,2026-09-24,1229,N,low,2.0NRT,310.46,2.11,D
37.3661,13.6769,339.8,0.45,0.39,2026-09-24,1229,N,nominal,2.0NRT,299.31,5.31,D
37.4868,14.61314,334.83,0.49,0.4,2026-09-24,1229,N,low,2.0NRT,308.45,2.6,D
37.48774,14.61617,332.86,0.49,0.41,2026-09-24,1229,N,low,2.0NRT,305.46,3.25,D
36.82077,9.56956,335.93,0.39,0.36,2026-09-24,1229,N,low,2.0NRT,308.61,2.25,D
36.82423,9.29226,336.71,0.39,0.36,2026-09-24,1229,N,low,2.0NRT,308.61,4.87,D
36.8876,9.62441,337.25,0.39,0.36,2026-09-24,1229,N,low,2.0NRT,307.89,4.4,D
36.89021,9.61932,338.08,0.39,0.36,2026-09-24,1229,N,low,2.0NRT,309.11,3.89,D
37.48996,13.75031,332.44,0.46,0.39,2026-09-24,1229,N,nominal,2.0NRT,302.04,3.42,D
37.48934,13.7453,335.33,0.46,0.39,2026-09-24,1229,N,nominal,2.0NRT,305.35,4.63,D
37.49927,13.79581,333.31,0.46,0.39,2026-09-24,1229,N,nominal,2.0NRT,302.34,1.51,D
37.49091,13.74759,348.85,0.46,0.39,2026-09-24,1229,N,nominal,2.0NRT,303.22,7.72,D
37.52009,13.86882,339.69,0.46,0.39,2026-09-24,1229,N,nominal,2.0NRT,303.35,2.08,D
37.47142,13.37799,332.72,0.44,0.39,2026-09-24,1229,N,nominal,2.0NRT,297.25,3.11,D
36.93047,9.4454,338.77,0.39,0.36,2026-09-24,1229,N,low,2.0NRT,310.1,3.3,D
37.58929,13.89187,338.6,0.46,0.39,2026-09-24,1229,N,nominal,2.0NRT,305.26,3.33,D
37.58869,13.88693,346.74,0.46,0.39,2026-09-24,1229,N,nominal,2.0NRT,305.7,4.08,D
37.5881,13.882,333.96,0.46,0.39,2026-09-24,1229,N,nominal,2.0NRT,303.86,4.08,D
37.57794,13.79869,333.12,0.46,0.39,2026-09-24,1229,N,low,2.0NRT,306.07,3.55,D
37.58218,13.80327,335.7,0.46,0.39,2026-09-24,1229,N,low,2.0NRT,309.01,6.21,D
37.58577,13.80253,335.18,0.46,0.39,2026-09-24,1229,N,low,2.0NRT,306.5,6.21,D
37.59245,13.8271,336.55,0.46,0.39,2026-09-24,1229,N,nominal,2.0NRT,306.88,3.17,D
37.61411,13.88321,334,0.46,0.39,2026-09-24,1229,N,low,2.0NRT,304.87,5.64,D
37.61346,13.87795,347.75,0.46,0.39,2026-09-24,1229,N,nominal,2.0NRT,307.73,5.64,D
37.60271,13.76101,331.44,0.46,0.39,2026-09-24,1229,N,low,2.0NRT,301.66,2.17,D
37.61394,13.88052,348.68,0.46,0.39,2026-09-24,1229,N,nominal,2.0NRT,307.64,7.85,D
37.60314,13.75836,343.36,0.46,0.39,2026-09-24,1229,N,nominal,2.0NRT,304.19,4.58,D
37.62176,13.8842,335.97,0.46,0.39,2026-09-24,1229,N,low,2.0NRT,307.03,4.62,D
37.62535,13.88334,336.05,0.46,0.39,2026-09-24,1229,N,nominal,2.0NRT,305.87,13.88,D
37.00912,9.30145,343.62,0.39,0.36,2026-09-24,1229,N,nominal,2.0NRT,301.81,4.25,D
37.01241,9.3006,338.9,0.39,0.36,2026-09-24,1229,N,nominal,2.0NRT,300.2,6.88,D
37.07586,9.65566,338.26,0.38,0.36,2026-09-24,1229,N,nominal,2.0NRT,302.91,2.76,D
37.67448,13.9542,340.11,0.47,0.39,2026-09-24,1229,N,nominal,2.0NRT,304.72,5.6,D
37.82145,15.17288,351.34,0.53,0.42,2026-09-24,1229,N,nominal,2.0NRT,305.94,15.62,D
37.07283,9.57166,336.74,0.39,0.36,2026-09-24,1229,N,nominal,2.0NRT,305.63,3.73,D
36.78803,7.69595,333.75,0.41,0.37,2026-09-24,1229,N,nominal,2.0NRT,304.94,1.24,D
38.00913,16.09587,333.5,0.39,0.44,2026-09-24,1229,N,nominal,2.0NRT,299.6,2.43,D
37.82048,13.2135,339.4,0.44,0.38,2026-09-24,1229,N,nominal,2.0NRT,301.57,5.29,D
36.86915,6.98371,340.74,0.43,0.38,2026-09-24,1229,N,nominal,2.0NRT,305.48,5.43,D
37.82754,13.21222,337.23,0.44,0.38,2026-09-24,1229,N,nominal,2.0NRT,302.07,4.98,D
37.8317,13.21649,334.17,0.44,0.38,2026-09-24,1229,N,nominal,2.0NRT,303.23,5.14,D
37.83107,13.21151,346.96,0.44,0.38,2026-09-24,1229,N,nominal,2.0NRT,304.54,4.14,D
37.82981,13.20156,335.41,0.44,0.38,2026-09-24,1229,N,low,2.0NRT,305.89,9.33,D
37.82918,13.19661,356.64,0.44,0.38,2026-09-24,1229,N,nominal,2.0NRT,307.02,9.33,D
37.83521,13.21574,349.13,0.44,0.38,2026-09-24,1229,N,nominal,2.0NRT,304.03,5.14,D
37.83458,13.21076,331.86,0.44,0.38,2026-09-24,1229,N,low,2.0NRT,302.54,4.14,D
36.74587,6.25385,336,0.46,0.39,2026-09-24,1229,N,low,2.0NRT,309.8,9.01,D
37.83747,13.20509,333.99,0.44,0.38,2026-09-24,1229,N,low,2.0NRT,305.5,3.83,D
37.86749,13.24732,343.39,0.44,0.38,2026-09-24,1229,N,nominal,2.0NRT,303.7,3.38,D
37.85667,12.8747,344.35,0.43,0.38,2026-09-24,1229,N,nominal,2.0NRT,303.3,5.03,D
37.86014,12.87394,353.41,0.43,0.38,2026-09-24,1229,N,nominal,2.0NRT,306.41,9.76,D
37.94078,13.28363,332.86,0.44,0.39,2026-09-24,1229,N,nominal,2.0NRT,300.35,4.36,D
37.94017,13.27874,337.62,0.44,0.39,2026-09-24,1229,N,nominal,2.0NRT,302.57,4.36,D
37.9585,12.69199,338.78,0.42,0.38,2026-09-24,1229,N,nominal,2.0NRT,304.9,3.46,D
36.47274,3.82967,332.46,0.4,0.44,2026-09-24,1229,N,low,2.0NRT,305.78,4.45,D
36.71754,4.02691,335.19,0.38,0.44,2026-09-24,1229,N,nominal,2.0NRT,304.42,1.89,D
35.80925,-0.25402,351.81,0.34,0.56,2026-09-24,1229,N,nominal,2.0NRT,303.91,4.03,D
38.93778,16.99308,333.92,0.44,0.46,2026-09-24,1229,N,nominal,2.0NRT,298.98,3.36,D
38.93734,16.98819,330.24,0.44,0.46,2026-09-24,1229,N,nominal,2.0NRT,297.88,1.31,D
34.5476,-5.71145,342.04,0.7,0.75,2026-09-24,1229,N,nominal,2.0NRT,307.09,5.74,D
39.40495,22.05316,367,0.42,0.61,2026-09-24,1229,N,high,2.0NRT,299.11,8.22,D
39.40517,22.05812,332.8,0.42,0.61,2026-09-24,1229,N,nominal,2.0NRT,295.44,6.72,D
39.00544,16.17078,344.08,0.4,0.44,2026-09-24,1229,N,nominal,2.0NRT,301.72,14.34,D
39.1081,17.02791,330.62,0.45,0.47,2026-09-24,1229,N,nominal,2.0NRT,300.03,3.12,D
39.10762,17.02264,340.89,0.45,0.47,2026-09-24,1229,N,nominal,2.0NRT,298.96,3.12,D
39.16758,17.08743,329.39,0.45,0.47,2026-09-24,1229,N,low,2.0NRT,301.45,1.99,D
39.18198,17.10164,342.84,0.45,0.47,2026-09-24,1229,N,nominal,2.0NRT,300.61,6.93,D
39.18876,17.07928,337.49,0.45,0.47,2026-09-24,1229,N,nominal,2.0NRT,303.29,6.16,D
39.20073,17.1151,342.03,0.45,0.47,2026-09-24,1229,N,nominal,2.0NRT,300.44,2.91,D
40.10322,15.52547,337.58,0.39,0.44,2026-09-24,1232,N,nominal,2.0NRT,298.58,4.29,D
40.10723,15.52461,340.35,0.39,0.44,2026-09-24,1232,N,nominal,2.0NRT,297.61,7.2,D
40.62118,19.44953,341.5,0.62,0.54,2026-09-24,1232,N,nominal,2.0NRT,302.15,5.55,D
40.53443,17.49125,332.84,0.49,0.48,2026-09-24,1232,N,low,2.0NRT,303.23,4.66,D
40.53394,17.48543,342.11,0.49,0.48,2026-09-24,1232,N,nominal,2.0NRT,304.08,3.95,D
40.53891,17.49062,336.37,0.49,0.48,2026-09-24,1232,N,nominal,2.0NRT,301.26,4.66,D
40.53843,17.48478,337.3,0.49,0.48,2026-09-24,1232,N,nominal,2.0NRT,302.18,3.95,D
40.53064,17.48496,336.36,0.49,0.48,2026-09-24,1232,N,nominal,2.0NRT,304.9,8.48,D
40.53558,17.49015,341.49,0.49,0.49,2026-09-24,1232,N,nominal,2.0NRT,304.66,8.48,D
40.3807,15.59706,330.68,0.39,0.44,2026-09-24,1232,N,nominal,2.0NRT,300.3,2.16,D
40.78909,19.56202,328.49,0.63,0.54,2026-09-24,1232,N,low,2.0NRT,301.68,4.78,D
40.78796,19.56181,332.88,0.63,0.54,2026-09-24,1232,N,nominal,2.0NRT,302.31,4.23,D
40.74479,16.31314,338.94,0.43,0.46,2026-09-24,1232,N,nominal,2.0NRT,307.43,3.02,D
41.1315,21.43204,367,0.4,0.6,2026-09-24,1232,N,high,2.0NRT,299.76,6.16,D
41.30065,26.59246,351,0.74,0.76,2026-09-24,1232,N,nominal,2.0NRT,297.44,9.63,D
40.85702,16.61516,344.89,0.45,0.47,2026-09-24,1232,N,nominal,2.0NRT,308.23,5.22,D
40.86131,16.6144,346.02,0.45,0.47,2026-09-24,1232,N,nominal,2.0NRT,305.71,5.22,D
41.30269,26.59623,341.55,0.74,0.76,2026-09-24,1232,N,nominal,2.0NRT,296.83,13.54,D
40.85443,15.97621,349.17,0.41,0.45,2026-09-24,1232,N,nominal,2.0NRT,302.76,5.77,D
41.22912,21.4083,335.28,0.4,0.6,2026-09-24,1232,N,nominal,2.0NRT,296.87,2.03,D
40.89124,15.8295,357.28,0.41,0.45,2026-09-24,1232,N,nominal,2.0NRT,301.12,8.87,D
40.93344,16.19044,343.81,0.42,0.46,2026-09-24,1232,N,nominal,2.0NRT,308.59,5.35,D
40.93764,16.18963,342.88,0.42,0.46,2026-09-24,1232,N,nominal,2.0NRT,305.02,5.35,D
40.93718,16.18466,352.17,0.42,0.46,2026-09-24,1232,N,nominal,2.0NRT,307.97,9.11,D
40.93284,15.58066,344.36,0.4,0.44,2026-09-24,1232,N,nominal,2.0NRT,309.67,5.75,D
41.26644,19.67731,334.34,0.32,0.55,2026-09-24,1232,N,nominal,2.0NRT,298.89,1.73,D
40.95665,14.17984,337.61,0.52,0.41,2026-09-24,1232,N,nominal,2.0NRT,304.32,5.77,D
41.10033,15.52713,350.08,0.4,0.44,2026-09-24,1232,N,nominal,2.0NRT,316.93,19.56,D
41.45761,19.79199,367,0.33,0.55,2026-09-24,1232,N,high,2.0NRT,296.29,42.38,D
41.45699,19.78102,367,0.33,0.55,2026-09-24,1232,N,high,2.0NRT,303.58,34.48,D
41.45741,19.78832,340.57,0.33,0.55,2026-09-24,1232,N,nominal,2.0NRT,314.84,42.38,D
41.4572,19.78468,351.33,0.33,0.55,2026-09-24,1232,N,nominal,2.0NRT,317.85,34.48,D
41.46274,19.7913,367,0.33,0.55,2026-09-24,1232,N,high,2.0NRT,301.19,105.16,D
41.46191,19.77667,367,0.33,0.55,2026-09-24,1232,N,high,2.0NRT,304.33,11.8,D
41.4617,19.7729,367,0.33,0.55,2026-09-24,1232,N,high,2.0NRT,299.48,11.8,D
41.46212,19.78032,349.91,0.33,0.55,2026-09-24,1232,N,nominal,2.0NRT,307.7,29.3,D
41.46253,19.78751,208,0.33,0.55,2026-09-24,1232,N,low,2.0NRT,317.28,105.16,D
41.46232,19.78388,208,0.33,0.55,2026-09-24,1232,N,low,2.0NRT,317.45,29.3,D
41.46743,19.78289,325.73,0.33,0.55,2026-09-24,1232,N,nominal,2.0NRT,294.53,29.3,D
41.46723,19.77939,329.67,0.33,0.55,2026-09-24,1232,N,nominal,2.0NRT,294.31,29.3,D
41.4993,19.71024,367,0.33,0.55,2026-09-24,1232,N,high,2.0NRT,305.46,10.9,D
41.49575,19.65095,338.11,0.32,0.55,2026-09-24,1232,N,nominal,2.0NRT,299.67,5.77,D
41.49552,19.647,339.89,0.32,0.55,2026-09-24,1232,N,nominal,2.0NRT,302.02,3.86,D
41.50062,19.64651,340.71,0.32,0.55,2026-09-24,1232,N,nominal,2.0NRT,300.35,3.86,D
41.08836,14.5915,336.47,0.54,0.42,2026-09-24,1232,N,nominal,2.0NRT,302.62,7.87,D
41.52443,19.70001,336.61,0.33,0.55,2026-09-24,1232,N,nominal,2.0NRT,299.62,3.71,D
41.52418,19.69604,339.94,0.33,0.55,2026-09-24,1232,N,nominal,2.0NRT,301.15,3.71,D
41.52394,19.69207,345.33,0.33,0.55,2026-09-24,1232,N,nominal,2.0NRT,301.21,3.85,D
41.53904,19.68664,367,0.32,0.55,2026-09-24,1232,N,high,2.0NRT,303.3,12.13,D
41.54105,19.68554,367,0.33,0.55,2026-09-24,1232,N,high,2.0NRT,303.62,12.27,D
41.11502,14.16614,348.29,0.52,0.41,2026-09-24,1232,N,nominal,2.0NRT,312.36,31.04,D
41.60698,20.32342,332,0.35,0.57,2026-09-24,1232,N,nominal,2.0NRT,295.05,6.2,D
41.11884,14.16544,336.45,0.52,0.41,2026-09-24,1232,N,nominal,2.0NRT,302.97,4.37,D
41.61225,20.32258,350.54,0.35,0.57,2026-09-24,1232,N,nominal,2.0NRT,299.54,6.2,D
41.61205,20.31866,328.98,0.35,0.57,2026-09-24,1232,N,nominal,2.0NRT,296.79,4.29,D
41.61184,20.31487,332.64,0.35,0.57,2026-09-24,1232,N,nominal,2.0NRT,297.28,4.29,D
41.61711,20.31387,367,0.35,0.57,2026-09-24,1232,N,high,2.0NRT,296.11,7.68,D
41.61729,20.31748,344.2,0.35,0.57,2026-09-24,1232,N,nominal,2.0NRT,292.61,7.68,D
41.16142,14.05698,331.49,0.51,0.41,2026-09-24,1232,N,low,2.0NRT,303.84,3.71,D
41.74144,21.29055,367,0.4,0.6,2026-09-24,1232,N,high,2.0NRT,306.43,38.67,D
41.74131,21.28739,351.37,0.4,0.6,2026-09-24,1232,N,nominal,2.0NRT,300.43,26.07,D
41.74709,21.29185,367,0.4,0.6,2026-09-24,1232,N,high,2.0NRT,305.99,147.73,D
41.74683,21.28586,349.06,0.4,0.6,2026-09-24,1232,N,nominal,2.0NRT,289.44,47.77,D
41.663,19.61566,335.8,0.32,0.55,2026-09-24,1232,N,nominal,2.0NRT,295.21,2.66,D
41.74696,21.28894,367,0.4,0.6,2026-09-24,1232,N,low,2.0NRT,326.24,147.73,D
41.43008,15.84647,367,0.41,0.45,2026-09-24,1232,N,high,2.0NRT,300.66,11.45,D
41.54383,15.83528,330,0.41,0.45,2026-09-24,1232,N,nominal,2.0NRT,296.8,1.5,D
41.87411,19.63016,344.94,0.33,0.55,2026-09-24,1232,N,nominal,2.0NRT,300.29,4.33,D
41.87923,19.62964,344.03,0.33,0.55,2026-09-24,1232,N,nominal,2.0NRT,298.77,4.33,D
41.879,19.62564,344.01,0.33,0.55,2026-09-24,1232,N,nominal,2.0NRT,299.61,5.36,D
41.90827,19.59853,328.22,0.32,0.55,2026-09-24,1232,N,low,2.0NRT,298.83,1.76,D
41.91174,19.57021,367,0.32,0.55,2026-09-24,1232,N,high,2.0NRT,300.64,6.13,D
37.2838,-6.36675,339.37,0.64,0.72,2026-09-24,1232,N,nominal,2.0NRT,303.61,5.33,D
41.92432,19.60903,351.74,0.32,0.55,2026-09-24,1232,N,nominal,2.0NRT,300.77,4.46,D
37.7942,-4.84387,367,0.52,0.67,2026-09-24,1232,N,high,2.0NRT,309.75,22.12,D
37.79258,-4.84947,334.71,0.52,0.67,2026-09-24,1232,N,nominal,2.0NRT,307.94,10.01,D
37.28651,-6.36971,339.31,0.63,0.72,2026-09-24,1232,N,nominal,2.0NRT,303.74,4.9,D
41.64497,15.44253,331.35,0.4,0.44,2026-09-24,1232,N,nominal,2.0NRT,299.91,2.05,D
37.79285,-4.84603,367,0.52,0.67,2026-09-24,1232,N,high,2.0NRT,310.45,18.42,D
42.02496,19.5383,347.69,0.32,0.55,2026-09-24,1232,N,nominal,2.0NRT,302.45,5.13,D
37.2737,-6.95115,335.04,0.68,0.74,2026-09-24,1232,N,nominal,2.0NRT,299.76,5.35,D
42.34669,24.62088,367,0.59,0.7,2026-09-24,1232,N,high,2.0NRT,292.8,15.12,D
41.59649,12.94184,329.22,0.47,0.4,2026-09-24,1232,N,low,2.0NRT,300.56,5.58,D
42.34443,24.61886,342.92,0.59,0.7,2026-09-24,1232,N,nominal,2.0NRT,292.89,8.54,D
42.3079,20.7907,367,0.38,0.58,2026-09-24,1232,N,high,2.0NRT,298.19,8.46,D
41.89867,14.96583,333.42,0.57,0.43,2026-09-24,1232,N,nominal,2.0NRT,294.23,3.02,D
42.26107,19.29178,344.27,0.63,0.54,2026-09-24,1232,N,nominal,2.0NRT,305.09,13.02,D
42.26058,19.28402,338.81,0.63,0.54,2026-09-24,1232,N,nominal,2.0NRT,293.93,13.02,D
42.26661,19.29904,341.68,0.63,0.54,2026-09-24,1232,N,nominal,2.0NRT,305.46,10.27,D
42.26612,19.29125,350.98,0.63,0.54,2026-09-24,1232,N,nominal,2.0NRT,304,13.02,D
42.25953,19.28413,338.79,0.63,0.54,2026-09-24,1232,N,nominal,2.0NRT,295.86,7.62,D
42.26547,19.29918,341.22,0.63,0.54,2026-09-24,1232,N,nominal,2.0NRT,306.77,16.58,D
42.26502,19.29136,355.7,0.63,0.54,2026-09-24,1232,N,nominal,2.0NRT,307.2,16.58,D
42.29103,19.13329,331.64,0.62,0.54,2026-09-24,1232,N,nominal,2.0NRT,297.39,5.72,D
42.29056,19.12565,326.41,0.62,0.54,2026-09-24,1232,N,nominal,2.0NRT,295.68,2.13,D
42.29603,19.13276,342.2,0.62,0.54,2026-09-24,1232,N,nominal,2.0NRT,295.59,8.56,D
42.56538,21.10738,340.72,0.39,0.6,2026-09-24,1232,N,nominal,2.0NRT,300.19,8.27,D
42.56429,21.10442,344.15,0.39,0.6,2026-09-24,1232,N,nominal,2.0NRT,301.38,8.44,D
42.53998,19.43795,332.72,0.32,0.55,2026-09-24,1232,N,nominal,2.0NRT,292.19,2.65,D
42.64888,20.88751,346.26,0.38,0.59,2026-09-24,1232,N,nominal,2.0NRT,299.05,4.69,D
42.64839,20.88595,345.85,0.38,0.59,2026-09-24,1232,N,nominal,2.0NRT,299.41,5.58,D
42.6177,18.60223,328.64,0.59,0.53,2026-09-24,1232,N,nominal,2.0NRT,290.72,4.6,D
42.61524,18.60214,329.22,0.59,0.53,2026-09-24,1232,N,nominal,2.0NRT,291.34,4.73,D
42.85091,21.22302,326,0.4,0.6,2026-09-24,1232,N,nominal,2.0NRT,297.82,1.86,D
42.82866,18.8338,327.75,0.61,0.53,2026-09-24,1232,N,nominal,2.0NRT,291.31,9.73,D
42.83409,18.84083,356.25,0.61,0.53,2026-09-24,1232,N,nominal,2.0NRT,295.2,15.44,D
42.83358,18.83277,338.46,0.61,0.53,2026-09-24,1232,N,nominal,2.0NRT,289.96,15.44,D
38.71085,-6.89162,335.14,0.61,0.71,2026-09-24,1232,N,nominal,2.0NRT,307.61,3.26,D
38.70937,-6.88962,334.18,0.61,0.71,2026-09-24,1232,N,low,2.0NRT,307.38,4.66,D
43.82591,25.64475,346.61,0.67,0.74,2026-09-24,1232,N,nominal,2.0NRT,295.85,6.97,D
43.83283,25.64482,367,0.67,0.74,2026-09-24,1232,N,high,2.0NRT,295.11,12.33,D
39.98169,-3.94706,333.11,0.41,0.6,2026-09-24,1232,N,low,2.0NRT,307.03,1.15,D
40.24322,-3.4728,339.57,0.38,0.59,2026-09-24,1232,N,nominal,2.0NRT,306.82,2.88,D
44.2711,20.73771,333.64,0.39,0.59,2026-09-24,1232,N,nominal,2.0NRT,293.59,3.12,D
44.60046,23.08435,336.8,0.51,0.66,2026-09-24,1232,N,nominal,2.0NRT,291.92,4.48,D
44.58946,23.30495,338.52,0.52,0.67,2026-09-24,1232,N,nominal,2.0NRT,284.04,4.64,D
44.5984,23.08178,328.45,0.51,0.66,2026-09-24,1232,N,nominal,2.0NRT,290.47,4.6,D
44.73965,20.10606,331.39,0.36,0.58,2026-09-24,1232,N,nominal,2.0NRT,274.11,8.45,D
44.73903,20.09196,341.58,0.36,0.58,2026-09-24,1232,N,nominal,2.0NRT,274.76,7.59,D
44.73944,20.10136,356.38,0.36,0.58,2026-09-24,1232,N,low,2.0NRT,277.08,9.47,D
44.73924,20.09666,356.49,0.36,0.58,2026-09-24,1232,N,low,2.0NRT,277.05,9.47,D
44.79862,19.98393,330.03,0.36,0.57,2026-09-24,1232,N,nominal,2.0NRT,278.97,2.28,D
44.7984,19.97929,333.35,0.36,0.57,2026-09-24,1232,N,nominal,2.0NRT,280.37,2.28,D
44.79608,19.98113,348.7,0.36,0.57,2026-09-24,1232,N,nominal,2.0NRT,282.47,5.06,D
43.36071,5.916,337.86,0.4,0.37,2026-09-24,1232,N,nominal,2.0NRT,299.13,2.89,D
44.94366,19.98532,331.55,0.36,0.57,2026-09-24,1232,N,nominal,2.0NRT,275.65,5.49,D
42.71755,2.00763,329.61,0.54,0.42,2026-09-24,1232,N,nominal,2.0NRT,272.77,6.04,D
42.71633,2.00186,346.49,0.55,0.42,2026-09-24,1232,N,nominal,2.0NRT,277.45,10.82,D
43.45969,5.53038,336.43,0.41,0.37,2026-09-24,1232,N,nominal,2.0NRT,301.95,1.33,D
45.02121,19.61212,342.96,0.35,0.56,2026-09-24,1232,N,nominal,2.0NRT,274.47,4.72,D
45.02626,19.60715,352.05,0.35,0.56,2026-09-24,1232,N,nominal,2.0NRT,275.65,4.72,D
45.02647,19.61161,356.65,0.35,0.56,2026-09-24,1232,N,low,2.0NRT,275.88,4.72,D
43.57412,5.86229,338.66,0.4,0.37,2026-09-24,1232,N,nominal,2.0NRT,299.26,3.07,D
43.65782,6.18889,337.3,0.4,0.37,2026-09-24,1232,N,nominal,2.0NRT,301.07,3,D
43.6586,6.18558,349.46,0.4,0.37,2026-09-24,1232,N,nominal,2.0NRT,301.84,14.79,D
43.66274,6.18941,336.27,0.4,0.37,2026-09-24,1232,N,nominal,2.0NRT,298.73,14.79,D
43.49796,5.19113,345.13,0.41,0.37,2026-09-24,1232,N,nominal,2.0NRT,298.19,14.25,D
43.44439,4.89705,334.59,0.42,0.38,2026-09-24,1232,N,nominal,2.0NRT,286.78,4.48,D
43.44158,4.8817,330.23,0.42,0.38,2026-09-24,1232,N,nominal,2.0NRT,285.49,2.41,D
43.65709,5.79041,346.41,0.4,0.37,2026-09-24,1232,N,nominal,2.0NRT,294.03,2.38,D
43.58858,4.96436,335.97,0.42,0.38,2026-09-24,1232,N,nominal,2.0NRT,291.28,3.11,D
43.58765,4.95926,345.84,0.42,0.38,2026-09-24,1232,N,nominal,2.0NRT,291.66,4.07,D
43.59196,4.9632,346.41,0.42,0.38,2026-09-24,1232,N,nominal,2.0NRT,292.31,3.11,D
43.77746,5.83064,348.24,0.4,0.37,2026-09-24,1232,N,nominal,2.0NRT,297.76,4.55,D
43.78252,4.66377,332.16,0.42,0.38,2026-09-24,1232,N,nominal,2.0NRT,284.37,1.98,D
43.92299,4.79259,334.17,0.42,0.38,2026-09-24,1232,N,nominal,2.0NRT,278.19,1.82,D
41.32404,-7.6521,367,0.56,0.69,2026-09-24,1232,N,high,2.0NRT,299.73,13.49,D
41.32034,-7.65227,367,0.56,0.69,2026-09-24,1232,N,high,2.0NRT,300.37,9.76,D
41.32251,-7.64548,336.17,0.56,0.69,2026-09-24,1232,N,nominal,2.0NRT,298.76,9.76,D
45.0234,7.61857,338.53,0.38,0.36,2026-09-24,1232,N,nominal,2.0NRT,294.06,23.63,D
45.02266,7.61374,340.8,0.38,0.36,2026-09-24,1232,N,nominal,2.0NRT,293.56,23.63,D
45.02995,7.61658,337.44,0.38,0.36,2026-09-24,1232,N,nominal,2.0NRT,291.05,3.17,D
45.02921,7.61176,345.43,0.38,0.36,2026-09-24,1232,N,nominal,2.0NRT,291.45,3.17,D
41.91502,-7.84491,367,0.55,0.68,2026-09-24,1232,N,high,2.0NRT,303.91,137.68,D
41.91296,-7.85145,367,0.55,0.68,2026-09-24,1232,N,low,2.0NRT,325.52,97.2,D
41.92147,-7.84641,367,0.55,0.68,2026-09-24,1232,N,high,2.0NRT,305.69,137.68,D
41.91683,-7.86116,344.45,0.55,0.68,2026-09-24,1232,N,nominal,2.0NRT,296.67,97.2,D
41.91925,-7.85346,208,0.55,0.68,2026-09-24,1232,N,low,2.0NRT,316.12,97.2,D
43.22195,-5.332,367,0.38,0.59,2026-09-24,1232,N,high,2.0NRT,305.79,14.57,D
43.21996,-5.339,354.86,0.38,0.59,2026-09-24,1232,N,nominal,2.0NRT,303.8,9.73,D
43.52131,-5.72868,331.74,0.39,0.6,2026-09-24,1232,N,low,2.0NRT,302.18,2.4,D
43.52523,-5.73593,334.7,0.39,0.6,2026-09-24,1232,N,nominal,2.0NRT,302.31,1.95,D
43.52238,-5.72748,335.93,0.39,0.59,2026-09-24,1232,N,nominal,2.0NRT,302.14,5.13,D
43.52104,-5.73208,329.58,0.39,0.59,2026-09-24,1232,N,low,2.0NRT,303.61,5.99,D
44.97029,-0.73471,330.51,0.42,0.46,2026-09-24,1232,N,low,2.0NRT,304.09,4.85,D
48.69304,3.20139,329.42,0.41,0.37,2026-09-24,1234,N,nominal,2.0NRT,285.27,2.44,D
49.35705,6.75088,331.89,0.39,0.36,2026-09-24,1234,N,nominal,2.0NRT,283.88,2.48,D
48.98308,1.76077,330.04,0.44,0.38,2026-09-24,1234,N,nominal,2.0NRT,297.23,3.03,D
51.68734,15.9837,338.79,0.54,0.51,2026-09-24,1234,N,nominal,2.0NRT,282.28,5.8,D
50.59967,3.62637,331.31,0.39,0.36,2026-09-24,1234,N,nominal,2.0NRT,285.83,0.99,D
51.3657,6.70778,326.94,0.4,0.37,2026-09-24,1234,N,nominal,2.0NRT,294.96,3.63,D
51.46086,6.73733,328.53,0.4,0.37,2026-09-24,1234,N,nominal,2.0NRT,291.89,2.79,D
51.48515,6.71099,340.63,0.4,0.37,2026-09-24,1234,N,nominal,2.0NRT,295.64,3.07,D
51.48436,6.70532,332.56,0.4,0.37,2026-09-24,1234,N,nominal,2.0NRT,297.86,3.07,D
51.16702,3.81348,334.41,0.39,0.36,2026-09-24,1234,N,nominal,2.0NRT,287.78,2.81,D
51.16613,3.80805,334.07,0.39,0.36,2026-09-24,1234,N,nominal,2.0NRT,288.81,2.81,D
51.17027,3.81213,335.43,0.39,0.36,2026-09-24,1234,N,nominal,2.0NRT,288.37,5.12,D
51.17353,3.81078,341.29,0.39,0.36,2026-09-24,1234,N,nominal,2.0NRT,292.69,5.12,D
51.03217,2.28261,331.34,0.4,0.37,2026-09-24,1234,N,nominal,2.0NRT,282.58,3.23,D
51.02166,-3.515,327.59,0.39,0.44,2026-09-24,1234,N,nominal,2.0NRT,291.46,1.44,D
53.13355,8.69365,337.39,0.45,0.39,2026-09-24,1234,N,nominal,2.0NRT,293.42,6.4,D
53.13201,8.6802,342.46,0.45,0.39,2026-09-24,1234,N,nominal,2.0NRT,290.26,5.67,D
54.75153,20.33334,338.5,0.43,0.62,2026-09-24,1234,N,nominal,2.0NRT,287.38,2.97,D
57.81043,-0.97517,325.27,0.39,0.36,2026-09-24,1236,N,nominal,2.0NRT,280.47,2.44,D
58.35386,0.86546,328.15,0.38,0.36,2026-09-24,1236,N,nominal,2.0NRT,283.67,1.75,D
59.54445,1.53709,325.81,0.39,0.36,2026-09-24,1236,N,nominal,2.0NRT,283.59,1.97,D
65.10912,6.78934,328.31,0.56,0.43,2026-09-24,1238,N,nominal,2.0NRT,282.32,3.35,D
65.11089,6.79468,329.66,0.56,0.43,2026-09-24,1238,N,nominal,2.0NRT,282.01,4.37,D
34.5519,-5.70628,344.16,0.55,0.51,2026-09-24,1410,N,low,2.0NRT,314.87,6.37,D
36.79638,-5.8495,340.97,0.57,0.52,2026-09-24,1412,N,low,2.0NRT,311.18,5.56,D
37.28406,-6.3699,343.55,0.54,0.51,2026-09-24,1412,N,nominal,2.0NRT,311.18,7.71,D
38.72363,-7.01706,343.33,0.52,0.5,2026-09-24,1412,N,nominal,2.0NRT,312.52,5.82,D
38.94051,-5.83109,339.44,0.6,0.53,2026-09-24,1412,N,low,2.0NRT,312.93,5.87,D
38.94119,-5.83119,341.45,0.6,0.53,2026-09-24,1412,N,nominal,2.0NRT,312.86,3.5,D
38.97939,-6.06683,345.14,0.59,0.53,2026-09-24,1412,N,nominal,2.0NRT,311.32,6.09,D
41.60931,-8.07849,347.36,0.49,0.49,2026-09-24,1412,N,nominal,2.0NRT,310.02,8.95,D
41.60886,-8.08403,333.61,0.49,0.49,2026-09-24,1412,N,nominal,2.0NRT,305.99,3.68,D
41.6138,-8.0792,337.99,0.49,0.49,2026-09-24,1412,N,nominal,2.0NRT,302.47,4.83,D
41.61071,-8.08046,354.18,0.49,0.49,2026-09-24,1412,N,nominal,2.0NRT,311.98,13.61,D
41.91373,-7.8456,349.46,0.51,0.49,2026-09-24,1412,N,nominal,2.0NRT,315.43,68.67,D
41.91877,-7.84019,367,0.51,0.49,2026-09-24,1412,N,high,2.0NRT,308.43,27.11,D
41.91826,-7.84671,367,0.51,0.49,2026-09-24,1412,N,high,2.0NRT,331.3,68.67,D
41.91779,-7.85285,354.52,0.51,0.49,2026-09-24,1412,N,low,2.0NRT,333.54,68.67,D
41.92379,-7.83488,349.99,0.51,0.49,2026-09-24,1412,N,nominal,2.0NRT,312.55,240.58,D
41.92232,-7.85398,351.49,0.51,0.49,2026-09-24,1412,N,nominal,2.0NRT,317.47,129.85,D
41.92327,-7.84162,367,0.51,0.49,2026-09-24,1412,N,low,2.0NRT,336.82,240.58,D
41.92277,-7.84811,355.23,0.51,0.49,2026-09-24,1412,N,low,2.0NRT,342.84,129.85,D
41.92829,-7.83649,367,0.51,0.49,2026-09-24,1412,N,high,2.0NRT,374.99,240.58,D
41.92776,-7.84325,367,0.51,0.49,2026-09-24,1412,N,high,2.0NRT,341.52,240.58,D
41.92933,-7.82303,330.68,0.51,0.49,2026-09-24,1412,N,nominal,2.0NRT,297.58,69.64,D
41.92883,-7.82953,356.18,0.51,0.49,2026-09-24,1412,N,nominal,2.0NRT,300.86,69.64,D
41.92728,-7.84942,367,0.51,0.49,2026-09-24,1412,N,low,2.0NRT,354.01,129.85,D
41.93336,-7.83062,339.9,0.51,0.49,2026-09-24,1412,N,nominal,2.0NRT,296.62,36.08,D
41.93282,-7.83762,347.89,0.51,0.49,2026-09-24,1412,N,nominal,2.0NRT,316.24,89.54,D
41.9323,-7.84427,347.52,0.51,0.49,2026-09-24,1412,N,nominal,2.0NRT,315.41,89.54,D
41.93184,-7.85015,339.32,0.51,0.49,2026-09-24,1412,N,nominal,2.0NRT,302.43,14.69,D
42.59062,-2.00754,345.73,0.51,0.66,2026-09-24,1414,N,nominal,2.0NRT,304.12,4.25,D
42.53959,-5.83409,332.26,0.33,0.55,2026-09-24,1414,N,nominal,2.0NRT,304.77,1.77,D
43.21146,-5.21766,367,0.36,0.57,2026-09-24,1414,N,high,2.0NRT,307.13,8.57,D
43.21188,-5.20882,341.57,0.36,0.57,2026-09-24,1414,N,nominal,2.0NRT,305.11,8.78,D
43.2163,-5.33542,342.2,0.35,0.57,2026-09-24,1414,N,nominal,2.0NRT,302.39,2.86,D
43.22221,-5.32342,354.99,0.35,0.57,2026-09-24,1414,N,nominal,2.0NRT,304.13,9.86,D
43.22169,-5.33371,347.47,0.35,0.57,2026-09-24,1414,N,nominal,2.0NRT,313.98,15.16,D
43.22152,-5.33718,355.19,0.35,0.57,2026-09-24,1414,N,nominal,2.0NRT,307.36,7.52,D
43.52688,-5.72964,333.88,0.34,0.56,2026-09-24,1414,N,low,2.0NRT,304.75,3.26,D
46.55492,32.58494,303.26,0.43,0.62,2026-09-24,2305,N,nominal,2.0NRT,281.04,0.51,N
41.26662,31.42622,304.98,0.45,0.63,2026-09-24,2307,N,nominal,2.0NRT,286.16,1.02,N
41.26072,31.42575,303.09,0.45,0.63,2026-09-24,2307,N,nominal,2.0NRT,284.63,1.02,N
41.26052,31.43144,297.71,0.45,0.63,2026-09-24,2307,N,nominal,2.0NRT,282.82,1.02,N
41.25522,31.41417,299.57,0.45,0.63,2026-09-24,2307,N,nominal,2.0NRT,282.95,0.71,N
41.17716,32.63254,298.58,0.39,0.59,2026-09-24,2307,N,nominal,2.0NRT,283.01,0.99,N
41.17694,32.63728,297.5,0.39,0.59,2026-09-24,2307,N,nominal,2.0NRT,281.09,0.99,N
41.17834,32.63681,298.78,0.39,0.59,2026-09-24,2307,N,nominal,2.0NRT,282.55,1.26,N
41.17304,32.63167,295.31,0.39,0.59,2026-09-24,2307,N,nominal,2.0NRT,280.74,1.71,N
41.01957,28.55224,296.72,0.63,0.72,2026-09-24,2307,N,nominal,2.0NRT,283.25,1.29,N
41.01771,28.55403,297.74,0.63,0.72,2026-09-24,2307,N,nominal,2.0NRT,283.04,1.17,N
40.77137,32.35748,299.12,0.4,0.6,2026-09-24,2307,N,nominal,2.0NRT,274.61,0.48,N
40.76829,32.35664,309.96,0.4,0.6,2026-09-24,2307,N,nominal,2.0NRT,273.99,1.12,N
40.75951,29.75749,298.17,0.55,0.68,2026-09-24,2307,N,nominal,2.0NRT,284.56,3.03,N
40.24374,29.92375,296.21,0.53,0.67,2026-09-24,2307,N,nominal,2.0NRT,280.75,0.69,N
40.24149,29.92225,295.88,0.53,0.67,2026-09-24,2307,N,nominal,2.0NRT,280.2,0.89,N
40.08394,32.79921,296.11,0.37,0.58,2026-09-24,2307,N,nominal,2.0NRT,278.46,0.71,N
39.95971,33.14357,301.39,0.36,0.57,2026-09-24,2307,N,nominal,2.0NRT,281.3,0.69,N
39.94632,33.19018,300.79,0.36,0.57,2026-09-24,2307,N,nominal,2.0NRT,282.53,0.93,N
40.05264,28.42526,322.55,0.63,0.72,2026-09-24,2307,N,nominal,2.0NRT,280.8,3.64,N
40.05832,28.42912,309.34,0.63,0.72,2026-09-24,2307,N,nominal,2.0NRT,280.13,1.53,N
40.05154,28.42892,309.32,0.63,0.72,2026-09-24,2307,N,nominal,2.0NRT,280.07,1.17,N
59.53091,34.14203,312.84,0.42,0.61,2026-09-24,2301,N,nominal,2.0NRT,283.95,1.26,N
59.52516,34.14156,314.63,0.42,0.61,2026-09-24,2301,N,nominal,2.0NRT,281.44,1.26,N
38.75063,26.93546,305.8,0.75,0.77,2026-09-24,2307,N,nominal,2.0NRT,284.36,1.21,N
38.75597,26.93879,298.39,0.75,0.77,2026-09-24,2307,N,nominal,2.0NRT,282.97,0.76,N
38.74144,26.94754,298.04,0.75,0.77,2026-09-24,2307,N,nominal,2.0NRT,285.93,1.77,N
37.86249,29.37063,300.74,0.55,0.68,2026-09-24,2307,N,nominal,2.0NRT,283.31,1.55,N
37.86097,29.37035,300.8,0.55,0.68,2026-09-24,2307,N,nominal,2.0NRT,282.81,1.26,N
36.93408,30.64711,300.51,0.46,0.64,2026-09-24,2309,N,nominal,2.0NRT,287.38,0.44,N
36.98855,27.2982,306.23,0.7,0.75,2026-09-24,2309,N,nominal,2.0NRT,287.56,0.61,N
36.26274,33.73012,314.8,0.61,0.54,2026-09-24,2309,N,nominal,2.0NRT,291.55,3.37,N
36.26289,33.73122,311.95,0.61,0.54,2026-09-24,2309,N,nominal,2.0NRT,291.18,1.6,N
65.76936,24.19194,336.07,0.5,0.41,2026-09-25,0041,N,nominal,2.0NRT,281.96,3.23,N
65.76565,24.1898,296.13,0.5,0.41,2026-09-25,0041,N,nominal,2.0NRT,280.51,3.23,N
59.53019,34.14391,325.96,0.44,0.38,2026-09-25,0043,N,nominal,2.0NRT,286.07,3.38,N
59.52226,34.16319,304.68,0.44,0.38,2026-09-25,0043,N,nominal,2.0NRT,285.26,1.35,N
52.84834,29.98943,326.79,0.46,0.39,2026-09-25,0045,N,nominal,2.0NRT,280.44,1.99,N
52.84813,29.98991,324.9,0.46,0.39,2026-09-25,0045,N,nominal,2.0NRT,280.71,3.34,N
53.67809,23.90091,323.76,0.39,0.36,2026-09-25,0045,N,nominal,2.0NRT,283.22,2.41,N
52.72368,27.19997,300.09,0.4,0.37,2026-09-25,0045,N,nominal,2.0NRT,283.21,0.77,N
53.13792,8.67567,307.32,0.4,0.6,2026-09-25,0045,N,nominal,2.0NRT,279.48,1.52,N
53.13779,8.68191,306.42,0.4,0.6,2026-09-25,0045,N,nominal,2.0NRT,279.59,1.52,N
53.13217,8.68147,307.05,0.4,0.6,2026-09-25,0045,N,nominal,2.0NRT,279.39,1.52,N
53.1319,8.69389,301.89,0.4,0.6,2026-09-25,0045,N,nominal,2.0NRT,278.58,2.85,N
52.46439,7.32231,302.69,0.45,0.63,2026-09-25,0045,N,nominal,2.0NRT,275.97,1.83,N
52.35409,9.89052,299.51,0.35,0.57,2026-09-25,0045,N,nominal,2.0NRT,279.34,0.53,N
52.31568,10.25299,299.06,0.34,0.56,2026-09-25,0045,N,nominal,2.0NRT,279.23,0.81,N
48.53217,34.64688,305.85,0.58,0.52,2026-09-25,0045,N,nominal,2.0NRT,280.12,1.33,N
52.16764,10.43066,301.27,0.33,0.55,2026-09-25,0045,N,nominal,2.0NRT,275.72,0.88,N
52.16286,10.42006,306.76,0.33,0.56,2026-09-25,0045,N,nominal,2.0NRT,278.17,1.24,N
52.15826,10.40445,341.75,0.33,0.56,2026-09-25,0045,N,nominal,2.0NRT,276.95,2.78,N
52.15807,10.40946,336.56,0.33,0.56,2026-09-25,0045,N,nominal,2.0NRT,277.07,2.75,N
52.15846,10.39944,296.75,0.33,0.56,2026-09-25,0045,N,nominal,2.0NRT,275.34,2.78,N
52.15307,10.40391,342.43,0.33,0.56,2026-09-25,0045,N,nominal,2.0NRT,277.14,2.78,N
52.15327,10.39891,303.94,0.33,0.56,2026-09-25,0045,N,nominal,2.0NRT,274.74,2.78,N
52.15287,10.40892,295.5,0.33,0.56,2026-09-25,0045,N,nominal,2.0NRT,274.98,2.75,N
51.62143,8.51171,296.02,0.4,0.6,2026-09-25,0045,N,nominal,2.0NRT,279.44,0.65,N
51.50304,6.72708,304.36,0.48,0.64,2026-09-25,0045,N,nominal,2.0NRT,282.4,1.39,N
51.48503,6.71245,331.91,0.48,0.64,2026-09-25,0045,N,nominal,2.0NRT,279.86,5.32,N
51.48516,6.69805,298.56,0.48,0.64,2026-09-25,0045,N,nominal,2.0NRT,277.73,1.34,N
51.48497,6.71951,308.01,0.48,0.64,2026-09-25,0045,N,nominal,2.0NRT,279.11,2.84,N
51.46062,6.74,317.89,0.47,0.64,2026-09-25,0045,N,nominal,2.0NRT,278.42,2.01,N
51.46007,6.74274,310.08,0.47,0.64,2026-09-25,0045,N,nominal,2.0NRT,277.77,1.39,N
51.27108,11.66087,297.78,0.58,0.52,2026-09-25,0045,N,nominal,2.0NRT,280.28,1.18,N
51.36974,6.71117,367,0.48,0.64,2026-09-25,0045,N,high,2.0NRT,281.63,4.82,N
51.3698,6.704,299.31,0.48,0.64,2026-09-25,0045,N,nominal,2.0NRT,278.99,6.75,N
51.3637,6.71099,313.67,0.48,0.64,2026-09-25,0045,N,nominal,2.0NRT,277.52,4.82,N
51.36847,6.71192,367,0.48,0.64,2026-09-25,0045,N,high,2.0NRT,281.54,5.93,N
51.36856,6.70476,308.55,0.48,0.64,2026-09-25,0045,N,nominal,2.0NRT,279.28,5.93,N
51.36243,6.71176,300.17,0.48,0.64,2026-09-25,0045,N,nominal,2.0NRT,277,0.81,N
51.29853,7.01274,297.23,0.46,0.64,2026-09-25,0045,N,nominal,2.0NRT,278.11,0.87,N
51.17302,3.81396,330.28,0.63,0.72,2026-09-25,0045,N,nominal,2.0NRT,272.65,5.95,N
51.16624,3.81408,295.61,0.63,0.72,2026-09-25,0045,N,nominal,2.0NRT,271.98,1.04,N
51.17148,3.81257,319.46,0.63,0.72,2026-09-25,0045,N,nominal,2.0NRT,270.52,2.01,N
51.17159,3.82203,297.45,0.63,0.72,2026-09-25,0045,N,nominal,2.0NRT,275.58,2.01,N
50.56207,13.6179,297.02,0.47,0.48,2026-09-25,0045,N,nominal,2.0NRT,280.63,1.15,N
50.76683,5.67587,300.67,0.52,0.67,2026-09-25,0045,N,nominal,2.0NRT,279.28,1.26,N
50.76341,5.67274,300.29,0.52,0.67,2026-09-25,0045,N,nominal,2.0NRT,277.97,1.31,N
48.4919,26.80703,304.78,0.44,0.39,2026-09-25,0045,N,nominal,2.0NRT,275.15,1.05,N
49.95376,9.76635,301.27,0.34,0.56,2026-09-25,0045,N,nominal,2.0NRT,280.32,0.96,N
49.5005,5.96186,296,0.5,0.66,2026-09-25,0048,N,nominal,2.0NRT,274.57,0.85,N
49.50238,5.95643,304.8,0.5,0.66,2026-09-25,0048,N,nominal,2.0NRT,275.51,2.07,N
49.35728,6.74746,311.92,0.46,0.64,2026-09-25,0048,N,nominal,2.0NRT,279.94,1.69,N
49.32364,6.10059,300.07,0.5,0.66,2026-09-25,0048,N,nominal,2.0NRT,276.63,0.76,N
49.24551,6.84476,303.02,0.46,0.63,2026-09-25,0048,N,nominal,2.0NRT,279.32,0.99,N
48.51249,10.85096,298.89,0.6,0.53,2026-09-25,0048,N,nominal,2.0NRT,276.78,0.97,N
48.51139,10.8529,297.18,0.6,0.53,2026-09-25,0048,N,nominal,2.0NRT,276.27,1.39,N
36.75912,7.3084,304.86,0.35,0.57,2026-09-25,0050,N,nominal,2.0NRT,290.87,0.47,N
47.07049,8.26386,301.92,0.38,0.59,2026-09-25,0048,N,nominal,2.0NRT,275.49,1.34,N
47.07032,8.26877,301.29,0.38,0.59,2026-09-25,0048,N,nominal,2.0NRT,275.43,0.97,N
47.07132,8.26395,296.7,0.38,0.59,2026-09-25,0048,N,nominal,2.0NRT,275.49,0.9,N
47.07113,8.26885,304.53,0.38,0.59,2026-09-25,0048,N,nominal,2.0NRT,275.53,0.9,N
46.2283,13.07605,310.85,0.45,0.47,2026-09-25,0048,N,nominal,2.0NRT,286.86,1.55,N
46.17573,12.74034,296.07,0.46,0.47,2026-09-25,0048,N,nominal,2.0NRT,283.19,0.39,N
46.17664,12.74072,296.47,0.46,0.47,2026-09-25,0048,N,nominal,2.0NRT,283.5,0.68,N
46.07066,13.62558,299.13,0.42,0.45,2026-09-25,0048,N,nominal,2.0NRT,283.3,0.45,N
43.23321,27.59567,297.67,0.39,0.44,2026-09-25,0048,N,nominal,2.0NRT,281.8,0.73,N
45.63741,9.60229,303.45,0.32,0.55,2026-09-25,0048,N,nominal,2.0NRT,289.61,0.74,N
45.52077,11.49668,303.07,0.52,0.5,2026-09-25,0048,N,nominal,2.0NRT,285.4,1.07,N
45.518,11.49689,306.65,0.52,0.5,2026-09-25,0048,N,nominal,2.0NRT,285.56,1.57,N
45.38371,11.94401,299.87,0.5,0.49,2026-09-25,0048,N,nominal,2.0NRT,286.08,0.97,N
45.38325,11.95045,297.89,0.49,0.49,2026-09-25,0048,N,nominal,2.0NRT,286.97,0.81,N
43.90247,23.47854,305.08,0.41,0.37,2026-09-25,0048,N,nominal,2.0NRT,269.59,1.48,N
43.90318,23.48183,311.08,0.41,0.37,2026-09-25,0048,N,nominal,2.0NRT,269.94,1.35,N
45.38303,11.94939,302.21,0.49,0.49,2026-09-25,0048,N,nominal,2.0NRT,287.47,1.75,N
45.45911,10.45871,306.92,0.58,0.52,2026-09-25,0048,N,nominal,2.0NRT,286.83,1.46,N
41.56356,32.43068,296.76,0.36,0.58,2026-09-25,0048,N,nominal,2.0NRT,281.05,0.47,N
45.14459,9.94272,316.55,0.61,0.54,2026-09-25,0048,N,nominal,2.0NRT,287.63,2.45,N
45.23138,5.66607,296.2,0.5,0.66,2026-09-25,0048,N,nominal,2.0NRT,283.79,0.51,N
41.26725,31.42588,297.65,0.33,0.55,2026-09-25,0048,N,nominal,2.0NRT,286.47,0.62,N
41.26236,31.42361,302.03,0.33,0.55,2026-09-25,0048,N,nominal,2.0NRT,285.19,0.62,N
41.26135,31.42737,304.1,0.33,0.55,2026-09-25,0048,N,nominal,2.0NRT,285.47,0.62,N
41.25465,31.41137,301.96,0.33,0.55,2026-09-25,0048,N,nominal,2.0NRT,283.14,0.93,N
41.7961,26.69985,299,0.38,0.44,2026-09-25,0048,N,nominal,2.0NRT,281.77,0.67,N
40.75499,29.7641,307.91,0.57,0.52,2026-09-25,0048,N,nominal,2.0NRT,284.22,1.17,N
40.75687,29.75855,299.74,0.57,0.52,2026-09-25,0048,N,nominal,2.0NRT,285.18,0.9,N
40.75528,29.76492,298.42,0.57,0.52,2026-09-25,0048,N,nominal,2.0NRT,284,0.9,N
41.02145,28.55311,302.65,0.49,0.48,2026-09-25,0048,N,nominal,2.0NRT,283.54,0.91,N
43.65637,11.83445,296.71,0.48,0.48,2026-09-25,0048,N,nominal,2.0NRT,286.43,0.81,N
41.74653,21.28662,308.05,0.39,0.36,2026-09-25,0050,N,nominal,2.0NRT,262.08,2.04,N
42.56992,12.67461,300.64,0.43,0.46,2026-09-25,0050,N,nominal,2.0NRT,287.32,0.93,N
42.71745,1.9924,304.8,0.74,0.76,2026-09-25,0050,N,nominal,2.0NRT,264.43,4.21,N
42.71746,1.99962,304.99,0.74,0.76,2026-09-25,0050,N,nominal,2.0NRT,267.26,4.23,N
41.95076,14.84249,301.39,0.5,0.41,2026-09-25,0050,N,nominal,2.0NRT,285.99,1.05,N
41.95009,14.8485,313.99,0.5,0.41,2026-09-25,0050,N,nominal,2.0NRT,286.52,1.21,N
41.88369,15.20234,322.99,0.49,0.4,2026-09-25,0050,N,nominal,2.0NRT,250.21,1.76,N
41.88435,15.19647,295.08,0.49,0.4,2026-09-25,0050,N,nominal,2.0NRT,256.53,0.8,N
41.87998,15.2016,333.69,0.49,0.4,2026-09-25,0050,N,nominal,2.0NRT,259.27,1.76,N
41.88064,15.19574,309,0.49,0.4,2026-09-25,0050,N,nominal,2.0NRT,267.39,0.8,N
41.88298,15.20172,343.5,0.49,0.4,2026-09-25,0050,N,nominal,2.0NRT,257.65,2.84,N
41.88367,15.19586,299.91,0.49,0.4,2026-09-25,0050,N,nominal,2.0NRT,264.27,2.84,N
41.87927,15.20098,322.05,0.49,0.4,2026-09-25,0050,N,nominal,2.0NRT,265.38,2.84,N
41.87996,15.19514,301.68,0.49,0.4,2026-09-25,0050,N,nominal,2.0NRT,273.59,2.84,N
39.86463,26.24497,319.22,0.4,0.44,2026-09-25,0050,N,nominal,2.0NRT,287.36,2.37,N
38.65709,30.61652,304.61,0.35,0.57,2026-09-25,0050,N,nominal,2.0NRT,278,1.62,N
41.73777,13.00408,298.85,0.4,0.44,2026-09-25,0050,N,nominal,2.0NRT,287.5,1.07,N
39.1146,27.52478,302.24,0.48,0.48,2026-09-25,0050,N,nominal,2.0NRT,282.1,1.03,N
39.0944,27.51096,295.21,0.48,0.48,2026-09-25,0050,N,nominal,2.0NRT,282.52,1.08,N
39.09314,27.5163,302.38,0.48,0.48,2026-09-25,0050,N,nominal,2.0NRT,282.88,0.91,N
40.34717,19.5745,319.8,0.38,0.36,2026-09-25,0050,N,nominal,2.0NRT,284.93,1.79,N
38.75512,26.94007,297.87,0.46,0.47,2026-09-25,0050,N,nominal,2.0NRT,282.84,0.26,N
38.75091,26.93841,308.65,0.46,0.47,2026-09-25,0050,N,nominal,2.0NRT,285.11,1.17,N
38.74433,26.94719,301.7,0.46,0.47,2026-09-25,0050,N,nominal,2.0NRT,286.08,0.87,N
38.74313,26.95246,301.66,0.46,0.47,2026-09-25,0050,N,nominal,2.0NRT,286.92,0.87,N
38.73941,26.92859,299.11,0.46,0.47,2026-09-25,0050,N,nominal,2.0NRT,287.9,0.97,N
38.73589,26.94401,303.03,0.46,0.47,2026-09-25,0050,N,nominal,2.0NRT,288.79,1.35,N
38.73472,26.94913,304.22,0.46,0.47,2026-09-25,0050,N,nominal,2.0NRT,286.85,1.35,N
39.35386,22.98351,303.6,0.45,0.39,2026-09-25,0050,N,nominal,2.0NRT,288.87,0.83,N
38.42802,27.21513,301.11,0.48,0.48,2026-09-25,0050,N,nominal,2.0NRT,287.16,1.38,N
39.16898,22.8395,313.66,0.45,0.39,2026-09-25,0050,N,nominal,2.0NRT,285.09,1.99,N
37.25221,30.44369,302.29,0.38,0.59,2026-09-25,0050,N,nominal,2.0NRT,283.77,1.2,N
38.37476,24.06176,302.49,0.51,0.41,2026-09-25,0050,N,nominal,2.0NRT,286.29,1.39,N
38.12896,23.52609,300.7,0.49,0.4,2026-09-25,0050,N,nominal,2.0NRT,285.75,1,N
38.79414,15.21104,332.49,0.45,0.39,2026-09-25,0050,N,nominal,2.0NRT,286.82,4.38,N
39.21299,8.40528,303.97,0.33,0.55,2026-09-25,0050,N,nominal,2.0NRT,291.42,0.8,N
37.75106,15.03657,295.01,0.45,0.39,2026-09-25,0050,N,nominal,2.0NRT,283.35,1.38,N
37.74986,15.04603,295.67,0.45,0.39,2026-09-25,0050,N,nominal,2.0NRT,285.51,2.33,N
37.74694,15.04025,295.54,0.45,0.39,2026-09-25,0050,N,nominal,2.0NRT,283.62,1.38,N
37.43953,15.03068,317.68,0.45,0.39,2026-09-25,0050,N,nominal,2.0NRT,290.79,1.35,N
37.43598,15.02996,300.71,0.45,0.39,2026-09-25,0050,N,nominal,2.0NRT,289.48,0.64,N
37.20981,15.17044,303.47,0.44,0.38,2026-09-25,0050,N,nominal,2.0NRT,293.04,0.8,N
36.77705,10.2029,303.82,0.49,0.49,2026-09-25,0050,N,nominal,2.0NRT,292.15,0.98,N
36.86741,6.97946,331.18,0.37,0.58,2026-09-25,0050,N,nominal,2.0NRT,292.63,3.32,N
36.87965,6.94267,302.27,0.37,0.58,2026-09-25,0050,N,nominal,2.0NRT,292.09,0.84,N
36.87171,6.98111,310.49,0.37,0.58,2026-09-25,0050,N,nominal,2.0NRT,291.88,1.04,N
36.86629,6.98051,319.8,0.37,0.58,2026-09-25,0050,N,nominal,2.0NRT,291.76,1.92,N
36.76444,7.30896,306.18,0.35,0.57,2026-09-25,0050,N,nominal,2.0NRT,292.04,0.67,N
36.50169,10.02589,301.28,0.5,0.49,2026-09-25,0050,N,nominal,2.0NRT,290.6,0.88,N
36.74895,6.25496,341.56,0.41,0.6,2026-09-25,0050,N,nominal,2.0NRT,292.57,2.47,N
36.74332,6.25444,329.03,0.41,0.6,2026-09-25,0050,N,nominal,2.0NRT,290.94,2.47,N
36.74357,6.2498,305.3,0.41,0.6,2026-09-25,0050,N,nominal,2.0NRT,293.08,2.47,N
36.68044,3.11853,305.52,0.6,0.71,2026-09-25,0050,N,nominal,2.0NRT,291.89,0.55,N
36.15965,10.28632,302.18,0.48,0.48,2026-09-25,0050,N,nominal,2.0NRT,291.72,0.98,N
36.59771,2.87778,300.44,0.62,0.71,2026-09-25,0050,N,nominal,2.0NRT,290.41,0.49,N
36.43049,6.61932,301.37,0.38,0.59,2026-09-25,0050,N,nominal,2.0NRT,288.41,0.68,N
36.4302,6.62404,299.7,0.38,0.59,2026-09-25,0050,N,nominal,2.0NRT,288.25,0.68,N
36.33215,5.48146,298.26,0.44,0.63,2026-09-25,0050,N,nominal,2.0NRT,285.58,0.83,N
36.08782,6.80259,301.94,0.37,0.58,2026-09-25,0050,N,nominal,2.0NRT,287.66,1.34,N
35.77582,9.89018,303.96,0.5,0.49,2026-09-25,0050,N,nominal,2.0NRT,291.61,1.13,N
36.12866,1.24133,303.59,0.76,0.77,2026-09-25,0050,N,nominal,2.0NRT,291.68,1.41,N
36.12717,1.24034,305.58,0.76,0.77,2026-09-25,0052,N,nominal,2.0NRT,291.68,1.79,N
35.70842,4.47447,302.29,0.5,0.66,2026-09-25,0052,N,nominal,2.0NRT,290.42,0.63,N
35.35162,5.75963,303.16,0.42,0.61,2026-09-25,0052,N,nominal,2.0NRT,288.09,1,N
34.98283,5.71409,309.03,0.42,0.61,2026-09-25,0052,N,nominal,2.0NRT,292.61,1.56,N
60.1369,16.19522,296.14,0.44,0.46,2026-09-25,0224,N,nominal,2.0NRT,279.97,0.74,N
57.06015,9.97798,302.99,0.53,0.42,2026-09-25,0226,N,nominal,2.0NRT,282.71,1.17,N
53.87657,9.58534,299.32,0.42,0.45,2026-09-25,0226,N,nominal,2.0NRT,282.22,0.87,N
53.14095,8.68119,322.63,0.41,0.45,2026-09-25,0226,N,nominal,2.0NRT,281.89,1.5,N
53.13708,8.67856,297.29,0.41,0.45,2026-09-25,0226,N,nominal,2.0NRT,279.77,1.5,N
53.13426,8.6901,313.61,0.41,0.45,2026-09-25,0226,N,nominal,2.0NRT,282.09,3.07,N
53.13284,8.69591,312.53,0.41,0.45,2026-09-25,0226,N,nominal,2.0NRT,280.38,1.45,N
53.1318,8.68169,326.82,0.41,0.45,2026-09-25,0226,N,nominal,2.0NRT,280.56,2.47,N
53.12511,8.69062,297.33,0.41,0.45,2026-09-25,0226,N,nominal,2.0NRT,281.81,0.93,N
52.95307,8.23325,301.69,0.4,0.44,2026-09-25,0226,N,nominal,2.0NRT,277.37,0.79,N
52.1637,10.43092,299.06,0.51,0.49,2026-09-25,0226,N,nominal,2.0NRT,279.63,1.1,N
52.16135,10.42105,313.31,0.5,0.49,2026-09-25,0226,N,nominal,2.0NRT,281.97,2.64,N
52.15899,10.41116,316.48,0.5,0.49,2026-09-25,0226,N,nominal,2.0NRT,281,6.19,N
42.7168,2.00174,300.74,0.39,0.44,2026-09-25,0230,N,nominal,2.0NRT,282.03,0.88,N
52.15479,10.40813,338.27,0.5,0.49,2026-09-25,0226,N,nominal,2.0NRT,284.25,6.19,N
52.15665,10.40124,299.02,0.5,0.49,2026-09-25,0226,N,nominal,2.0NRT,281.39,7.96,N
42.71307,1.99925,308.95,0.39,0.44,2026-09-25,0230,N,nominal,2.0NRT,280.06,0.7,N
52.15245,10.39821,297.73,0.5,0.49,2026-09-25,0226,N,nominal,2.0NRT,280.92,2.46,N
43.31757,-3.00541,301.67,0.4,0.37,2026-09-25,0230,N,nominal,2.0NRT,290.09,0.74,N
52.15059,10.40514,315.77,0.5,0.49,2026-09-25,0226,N,nominal,2.0NRT,280.03,1.84,N
43.2056,-2.77213,296.82,0.4,0.37,2026-09-25,0230,N,nominal,2.0NRT,286.75,0.11,N
50.22008,15.80978,308.04,0.47,0.64,2026-09-25,0226,N,nominal,2.0NRT,279.02,1.28,N
43.52865,-5.73243,306.85,0.39,0.36,2026-09-25,0230,N,nominal,2.0NRT,289.76,1.87,N
50.21476,15.80539,308.72,0.47,0.64,2026-09-25,0226,N,nominal,2.0NRT,278.46,1.28,N
43.52794,-5.72768,300.93,0.39,0.36,2026-09-25,0230,N,nominal,2.0NRT,290.3,1.34,N
52.46659,7.32364,306.22,0.57,0.43,2026-09-25,0226,N,nominal,2.0NRT,276.99,1.06,N
43.54024,-5.8336,329.51,0.39,0.36,2026-09-25,0230,N,nominal,2.0NRT,291.92,2.66,N
52.21112,8.05426,296.93,0.41,0.45,2026-09-25,0226,N,nominal,2.0NRT,278.37,0.57,N
43.52534,-5.73337,330.25,0.39,0.36,2026-09-25,0230,N,nominal,2.0NRT,291.64,1.87,N
52.20862,8.04607,308.65,0.41,0.45,2026-09-25,0226,N,nominal,2.0NRT,279.07,1.24,N
43.52464,-5.72861,331.21,0.39,0.36,2026-09-25,0230,N,nominal,2.0NRT,291.27,1.34,N
52.17246,7.89142,300.63,0.41,0.45,2026-09-25,0226,N,nominal,2.0NRT,278.39,0.59,N
50.56025,13.61851,298.61,0.38,0.59,2026-09-25,0228,N,nominal,2.0NRT,280.21,0.62,N
43.53954,-5.82881,301,0.39,0.36,2026-09-25,0230,N,nominal,2.0NRT,289.51,2.66,N
53.63491,-0.24468,314.79,0.38,0.36,2026-09-25,0228,N,nominal,2.0NRT,289.71,2.44,N
43.52606,-5.73812,311.5,0.39,0.36,2026-09-25,0230,N,nominal,2.0NRT,288.57,1.87,N
53.581,-0.61739,307.7,0.38,0.36,2026-09-25,0228,N,nominal,2.0NRT,285.83,1.17,N
43.53838,-5.83162,331.34,0.39,0.36,2026-09-25,0230,N,nominal,2.0NRT,290.31,4.64,N
53.57091,-0.59749,298.95,0.38,0.36,2026-09-25,0228,N,nominal,2.0NRT,284.9,0.65,N
43.52409,-5.73622,338.13,0.39,0.36,2026-09-25,0230,N,nominal,2.0NRT,291.53,3.73,N
53.57001,-0.59179,307.55,0.38,0.36,2026-09-25,0228,N,nominal,2.0NRT,285.13,0.78,N
53.56767,-0.59894,331.06,0.38,0.36,2026-09-25,0228,N,nominal,2.0NRT,286.88,1.79,N
43.52337,-5.73145,300.52,0.39,0.36,2026-09-25,0230,N,nominal,2.0NRT,289.15,3.73,N
53.56676,-0.59324,330.1,0.38,0.36,2026-09-25,0228,N,nominal,2.0NRT,286.58,4.43,N
43.52266,-5.72669,312.79,0.39,0.36,2026-09-25,0230,N,nominal,2.0NRT,288.74,0.85,N
53.56442,-0.60038,315.61,0.38,0.36,2026-09-25,0228,N,nominal,2.0NRT,283.91,1.79,N
43.30916,-4.59638,309.52,0.38,0.36,2026-09-25,0230,N,nominal,2.0NRT,287.58,1.01,N
51.62272,8.50206,296.17,0.44,0.46,2026-09-25,0228,N,nominal,2.0NRT,280.18,0.64,N
52.47306,4.61178,296.21,0.47,0.4,2026-09-25,0228,N,nominal,2.0NRT,276.78,0.6,N
43.03157,-5.56142,325.99,0.39,0.36,2026-09-25,0230,N,nominal,2.0NRT,288.29,2.45,N
51.50238,6.72678,300.35,0.38,0.43,2026-09-25,0228,N,nominal,2.0NRT,286.63,1.38,N
43.02827,-5.56229,327.96,0.39,0.36,2026-09-25,0230,N,nominal,2.0NRT,286.89,2.83,N
51.49488,6.74024,299.02,0.38,0.44,2026-09-25,0228,N,nominal,2.0NRT,280.76,0.71,N
51.48846,6.71226,315.28,0.38,0.43,2026-09-25,0228,N,nominal,2.0NRT,282.97,1.65,N
43.02755,-5.55762,306.74,0.39,0.36,2026-09-25,0230,N,nominal,2.0NRT,285.63,1.1,N
51.48466,6.70996,337.54,0.38,0.43,2026-09-25,0228,N,nominal,2.0NRT,284.47,2.25,N
41.31184,1.66007,306.32,0.41,0.45,2026-09-25,0230,N,nominal,2.0NRT,289.3,1.54,N
51.48217,6.72053,339.09,0.38,0.43,2026-09-25,0228,N,nominal,2.0NRT,282.81,4.84,N
51.4859,6.7047,314.03,0.38,0.43,2026-09-25,0228,N,nominal,2.0NRT,282.7,2.25,N
42.55264,-6.77063,297.66,0.4,0.37,2026-09-25,0230,N,nominal,2.0NRT,285.41,0.52,N
51.48335,6.69718,304.22,0.38,0.43,2026-09-25,0228,N,nominal,2.0NRT,281.8,1.17,N
41.4759,-1.48961,302.86,0.45,0.39,2026-09-25,0230,N,nominal,2.0NRT,288.75,1.05,N
51.48211,6.70242,295.94,0.38,0.43,2026-09-25,0228,N,nominal,2.0NRT,280.58,2.25,N
51.46074,6.7377,322.49,0.38,0.44,2026-09-25,0228,N,nominal,2.0NRT,281.4,1.95,N
42.25609,-7.16698,333.54,0.4,0.37,2026-09-25,0230,N,nominal,2.0NRT,286.06,2.91,N
51.42482,6.73792,320.25,0.39,0.44,2026-09-25,0228,N,nominal,2.0NRT,282.22,2.39,N
42.25273,-7.16781,353.38,0.4,0.37,2026-09-25,0230,N,nominal,2.0NRT,297.29,16.33,N
51.36651,6.70871,341.08,0.39,0.44,2026-09-25,0228,N,nominal,2.0NRT,285.03,3.37,N
42.24871,-7.164,321.24,0.4,0.37,2026-09-25,0230,N,nominal,2.0NRT,284.92,1.99,N
51.36776,6.70344,299.12,0.39,0.44,2026-09-25,0228,N,nominal,2.0NRT,283.02,2.84,N
42.24937,-7.16868,309.06,0.4,0.37,2026-09-25,0230,N,nominal,2.0NRT,284.42,16.33,N
51.36526,6.71399,299.21,0.39,0.44,2026-09-25,0228,N,nominal,2.0NRT,281.09,3.37,N
41.94072,-7.83871,296.42,0.41,0.37,2026-09-25,0230,N,nominal,2.0NRT,285.89,0.8,N
51.87531,4.29392,310.44,0.47,0.4,2026-09-25,0228,N,nominal,2.0NRT,267.98,1.73,N
51.87598,4.29481,314.38,0.47,0.4,2026-09-25,0228,N,nominal,2.0NRT,268.08,1.56,N
41.9394,-7.82899,296.11,0.41,0.37,2026-09-25,0230,N,nominal,2.0NRT,284.42,1.11,N
51.26762,4.32685,296.94,0.48,0.4,2026-09-25,0228,N,nominal,2.0NRT,282.23,1.37,N
41.93799,-7.84448,297.63,0.41,0.37,2026-09-25,0230,N,nominal,2.0NRT,286.25,0.8,N
51.25626,4.34308,295.51,0.48,0.4,2026-09-25,0228,N,nominal,2.0NRT,280.66,0.47,N
41.93731,-7.83951,301.96,0.41,0.37,2026-09-25,0230,N,nominal,2.0NRT,286.5,0.8,N
51.16616,4.33247,303.69,0.49,0.4,2026-09-25,0228,N,nominal,2.0NRT,282.81,1.15,N
41.93665,-7.83464,296.08,0.41,0.37,2026-09-25,0230,N,nominal,2.0NRT,285.18,1.11,N
51.1751,3.80975,330.17,0.47,0.4,2026-09-25,0228,N,nominal,2.0NRT,278.69,4.65,N
41.93526,-7.85033,332.36,0.41,0.37,2026-09-25,0230,N,nominal,2.0NRT,299.84,2.78,N
51.1716,3.80789,336.85,0.47,0.4,2026-09-25,0228,N,nominal,2.0NRT,275.64,4.65,N
41.93457,-7.84526,299.51,0.41,0.37,2026-09-25,0230,N,nominal,2.0NRT,285.14,1,N
51.16891,3.82087,295.89,0.47,0.4,2026-09-25,0228,N,nominal,2.0NRT,273.59,1.75,N
41.93185,-7.85113,320.88,0.41,0.37,2026-09-25,0230,N,nominal,2.0NRT,292.73,2.78,N
41.93254,-7.85624,297.69,0.41,0.37,2026-09-25,0230,N,nominal,2.0NRT,285.54,2.78,N
51.1681,3.80604,321.85,0.47,0.4,2026-09-25,0228,N,nominal,2.0NRT,273.75,3.04,N
41.93117,-7.84608,299.01,0.41,0.37,2026-09-25,0230,N,nominal,2.0NRT,285.75,1,N
51.16675,3.81252,330.02,0.47,0.4,2026-09-25,0228,N,nominal,2.0NRT,273.09,3.32,N
41.9305,-7.84119,299.69,0.41,0.37,2026-09-25,0230,N,nominal,2.0NRT,285.32,1,N
50.76335,5.67106,308.29,0.55,0.43,2026-09-25,0228,N,nominal,2.0NRT,281.28,2.13,N
41.9292,-7.83161,304.17,0.41,0.37,2026-09-25,0230,N,nominal,2.0NRT,286.79,2.56,N
50.57142,5.37205,298.62,0.54,0.42,2026-09-25,0228,N,nominal,2.0NRT,281.67,1.28,N
41.92854,-7.8268,305.64,0.41,0.37,2026-09-25,0230,N,nominal,2.0NRT,283.41,1.38,N
51.04931,2.32251,303.12,0.43,0.38,2026-09-25,0228,N,nominal,2.0NRT,286.23,0.93,N
41.92581,-7.83255,322.04,0.41,0.37,2026-09-25,0230,N,nominal,2.0NRT,283.23,2.94,N
51.04593,2.32083,308.76,0.43,0.38,2026-09-25,0228,N,nominal,2.0NRT,284.76,0.93,N
41.92515,-7.8277,327.87,0.41,0.37,2026-09-25,0230,N,nominal,2.0NRT,281.06,3.42,N
51.04723,2.2954,328.98,0.43,0.38,2026-09-25,0228,N,nominal,2.0NRT,289.46,3.78,N
41.92845,-7.85197,300.22,0.41,0.37,2026-09-25,0230,N,nominal,2.0NRT,286.83,1.07,N
51.04385,2.29373,332,0.43,0.38,2026-09-25,0228,N,nominal,2.0NRT,284.78,3.78,N
41.92506,-7.85295,296.73,0.41,0.37,2026-09-25,0230,N,nominal,2.0NRT,284.68,1.07,N
51.04268,2.29967,320.05,0.43,0.38,2026-09-25,0228,N,nominal,2.0NRT,285.7,3.78,N
41.92242,-7.8335,299.92,0.41,0.37,2026-09-25,0230,N,nominal,2.0NRT,279.4,2.94,N
51.04673,2.29478,328.27,0.43,0.38,2026-09-25,0228,N,nominal,2.0NRT,287.35,3.68,N
51.04559,2.30073,318.62,0.43,0.38,2026-09-25,0228,N,nominal,2.0NRT,283.88,2.69,N
41.92167,-7.85393,299.69,0.41,0.37,2026-09-25,0230,N,nominal,2.0NRT,286.12,0.89,N
51.04336,2.29311,315.75,0.43,0.38,2026-09-25,0228,N,nominal,2.0NRT,284.59,3.68,N
41.91828,-7.85488,295.13,0.41,0.37,2026-09-25,0230,N,nominal,2.0NRT,283.92,0.89,N
51.04221,2.29906,319.37,0.43,0.38,2026-09-25,0228,N,nominal,2.0NRT,285.63,2.69,N
41.69728,-7.2896,329.28,0.4,0.37,2026-09-25,0230,N,nominal,2.0NRT,293.47,6.55,N
51.03883,2.2974,297.03,0.43,0.38,2026-09-25,0228,N,nominal,2.0NRT,281.9,0.47,N
41.69661,-7.2849,324.42,0.4,0.37,2026-09-25,0230,N,nominal,2.0NRT,291.16,6.55,N
51.03321,2.28812,302.47,0.43,0.38,2026-09-25,0228,N,nominal,2.0NRT,282.61,1.09,N
41.14249,-7.86701,347.55,0.41,0.37,2026-09-25,0230,N,nominal,2.0NRT,291.58,6,N
51.03099,2.28051,304.5,0.43,0.38,2026-09-25,0228,N,nominal,2.0NRT,284.85,1.09,N
41.14182,-7.86208,298.17,0.41,0.37,2026-09-25,0230,N,nominal,2.0NRT,286.74,6,N
50.97171,1.89695,298.88,0.42,0.38,2026-09-25,0228,N,nominal,2.0NRT,282.97,0.4,N
41.13909,-7.86769,343.74,0.41,0.37,2026-09-25,0230,N,nominal,2.0NRT,306.23,22.17,N
49.58211,7.60774,302.98,0.46,0.47,2026-09-25,0228,N,nominal,2.0NRT,275.99,0.96,N
41.1384,-7.86267,304.15,0.41,0.37,2026-09-25,0230,N,nominal,2.0NRT,286.39,22.17,N
50.33596,3.49515,295.19,0.47,0.4,2026-09-25,0228,N,nominal,2.0NRT,273.29,0.48,N
41.13568,-7.86839,317.72,0.41,0.37,2026-09-25,0230,N,nominal,2.0NRT,287,22.17,N
51.39933,-3.39614,303.11,0.4,0.37,2026-09-25,0228,N,nominal,2.0NRT,286.43,0.56,N
41.13159,-7.86404,319.4,0.41,0.37,2026-09-25,0230,N,nominal,2.0NRT,290.78,16.95,N
49.35815,6.75003,323.67,0.44,0.46,2026-09-25,0228,N,nominal,2.0NRT,280.72,2.55,N
41.13091,-7.85907,312.82,0.41,0.37,2026-09-25,0230,N,nominal,2.0NRT,291.69,1.81,N
49.50364,5.95976,297.8,0.4,0.44,2026-09-25,0228,N,nominal,2.0NRT,278.86,1.31,N
41.12819,-7.86473,350.89,0.41,0.37,2026-09-25,0230,N,nominal,2.0NRT,314.92,16.95,N
50.83469,-1.374,301.04,0.38,0.36,2026-09-25,0228,N,nominal,2.0NRT,289.64,1.3,N
41.12751,-7.85973,327.4,0.41,0.37,2026-09-25,0230,N,nominal,2.0NRT,291.46,1.81,N
50.82969,-1.36458,301.93,0.38,0.36,2026-09-25,0228,N,nominal,2.0NRT,289.39,1.67,N
41.12888,-7.86985,296.81,0.41,0.37,2026-09-25,0230,N,nominal,2.0NRT,286.29,16.95,N
48.59826,7.82481,305.31,0.5,0.49,2026-09-25,0228,N,nominal,2.0NRT,281.47,1.7,N
41.12479,-7.86547,297.34,0.41,0.37,2026-09-25,0230,N,nominal,2.0NRT,285.58,0.95,N
48.76912,4.56709,295.32,0.56,0.43,2026-09-25,0228,N,nominal,2.0NRT,282.81,0.74,N
40.2467,-3.47501,320.73,0.41,0.37,2026-09-25,0230,N,nominal,2.0NRT,292.63,1.86,N
49.47691,0.53568,304.32,0.41,0.37,2026-09-25,0228,N,nominal,2.0NRT,287.33,1.14,N
40.24332,-3.47604,310.2,0.41,0.37,2026-09-25,0230,N,nominal,2.0NRT,290.87,1.34,N
46.06563,13.62943,299.21,0.53,0.67,2026-09-25,0228,N,nominal,2.0NRT,283.43,0.96,N
36.50157,10.0263,298.46,0.71,0.75,2026-09-25,0232,N,nominal,2.0NRT,288.13,2.03,N
48.98316,1.76176,322.83,0.44,0.39,2026-09-25,0228,N,nominal,2.0NRT,286.26,2.61,N
39.15736,-0.59265,306.8,0.53,0.42,2026-09-25,0232,N,nominal,2.0NRT,290.9,0.73,N
48.38823,2.98598,295.04,0.5,0.41,2026-09-25,0228,N,nominal,2.0NRT,283.37,0.75,N
36.87063,6.98503,308.26,0.48,0.65,2026-09-25,0232,N,nominal,2.0NRT,291.25,0.94,N
36.86827,6.98334,304.39,0.48,0.65,2026-09-25,0232,N,nominal,2.0NRT,291.46,1.21,N
47.06912,8.2651,298.68,0.58,0.52,2026-09-25,0228,N,nominal,2.0NRT,267.37,1.4,N
36.76233,7.3079,309.39,0.51,0.66,2026-09-25,0232,N,nominal,2.0NRT,291.07,1.16,N
47.17275,7.56343,299.67,0.54,0.51,2026-09-25,0228,N,nominal,2.0NRT,275.3,1.25,N
36.74937,6.25352,310.35,0.45,0.63,2026-09-25,0232,N,nominal,2.0NRT,290.67,2.5,N
45.50928,10.24352,296.27,0.39,0.6,2026-09-25,0228,N,nominal,2.0NRT,282.31,0.47,N
36.74799,6.2584,315.07,0.45,0.63,2026-09-25,0232,N,nominal,2.0NRT,289.99,1.85,N
48.10654,-1.03431,298.07,0.4,0.37,2026-09-25,0228,N,nominal,2.0NRT,286.81,0.53,N
36.74869,6.25793,325.28,0.45,0.63,2026-09-25,0232,N,nominal,2.0NRT,291,2.55,N
45.68071,9.46501,301.62,0.36,0.57,2026-09-25,0228,N,nominal,2.0NRT,285.08,1.25,N
36.74314,6.25548,310.4,0.45,0.63,2026-09-25,0232,N,nominal,2.0NRT,290.33,2.16,N
45.14497,9.94189,316.2,0.39,0.59,2026-09-25,0228,N,nominal,2.0NRT,284.64,1.68,N
36.43154,6.62614,298.23,0.48,0.64,2026-09-25,0232,N,nominal,2.0NRT,287.58,0.82,N
47.51883,-1.04341,295.5,0.4,0.37,2026-09-25,0228,N,nominal,2.0NRT,284.39,0.38,N
36.42989,6.62197,309.86,0.48,0.64,2026-09-25,0232,N,nominal,2.0NRT,289.32,1.13,N
43.3644,12.54388,295.47,0.58,0.7,2026-09-25,0228,N,nominal,2.0NRT,284.45,0.62,N
38.68048,-4.06132,306,0.41,0.37,2026-09-25,0232,N,nominal,2.0NRT,291.38,0.67,N
43.36279,12.54499,295.63,0.58,0.7,2026-09-25,0228,N,nominal,2.0NRT,284.16,0.78,N
38.92309,-5.76351,305.19,0.39,0.36,2026-09-25,0232,N,nominal,2.0NRT,291.46,0.62,N
43.44743,4.8945,311.66,0.51,0.5,2026-09-25,0230,N,nominal,2.0NRT,269.15,1.29,N
38.9198,-5.7644,303.73,0.39,0.36,2026-09-25,0232,N,nominal,2.0NRT,292,0.62,N
43.44589,4.90062,298.35,0.51,0.5,2026-09-25,0230,N,nominal,2.0NRT,268.18,1.29,N
36.3351,5.48173,313.77,0.42,0.61,2026-09-25,0232,N,nominal,2.0NRT,288.27,1.85,N
43.44152,4.89853,299.86,0.51,0.5,2026-09-25,0230,N,nominal,2.0NRT,267.63,1.29,N
38.79934,-6.54241,299.78,0.38,0.36,2026-09-25,0232,N,nominal,2.0NRT,285.29,0.47,N
43.43868,4.89036,315.56,0.51,0.5,2026-09-25,0230,N,nominal,2.0NRT,266.67,3,N
36.68189,3.12168,302.52,0.62,0.54,2026-09-25,0232,N,nominal,2.0NRT,292.01,1.73,N
43.02303,3.0303,299.81,0.43,0.46,2026-09-25,0230,N,nominal,2.0NRT,288.24,0.52,N
36.67854,3.00808,302.78,0.61,0.53,2026-09-25,0232,N,nominal,2.0NRT,290.93,0.89,N
38.92099,-9.00946,320.91,0.42,0.38,2026-09-25,0232,N,nominal,2.0NRT,294.17,2.14,N
38.37886,-6.48264,304.03,0.38,0.36,2026-09-25,0232,N,nominal,2.0NRT,291.48,0.65,N
36.18001,3.75032,304.64,0.34,0.56,2026-09-25,0232,N,nominal,2.0NRT,288.26,0.95,N
35.87787,4.44901,299.34,0.38,0.59,2026-09-25,0232,N,nominal,2.0NRT,289.1,0.9,N
37.83381,-4.55561,311.49,0.41,0.37,2026-09-25,0232,N,nominal,2.0NRT,290.09,0.81,N
35.35064,5.76423,301.79,0.46,0.64,2026-09-25,0232,N,nominal,2.0NRT,286.99,0.9,N
36.96652,-1.90568,306.39,0.51,0.41,2026-09-25,0232,N,nominal,2.0NRT,293.1,1.62,N
36.14348,1.19505,303.61,0.5,0.49,2026-09-25,0232,N,nominal,2.0NRT,288.74,0.95,N
36.141,1.19902,311,0.5,0.49,2026-09-25,0232,N,nominal,2.0NRT,289.43,1.54,N
36.12653,1.24119,314.16,0.51,0.49,2026-09-25,0232,N,nominal,2.0NRT,292.59,3.08,N
34.9803,5.71632,307.86,0.47,0.64,2026-09-25,0232,N,nominal,2.0NRT,291.2,1,N
37.39369,-5.12393,306.77,0.4,0.37,2026-09-25,0232,N,nominal,2.0NRT,289.98,1.21,N
37.39292,-5.11948,318.56,0.4,0.37,2026-09-25,0232,N,nominal,2.0NRT,290.51,1.49,N
37.95147,-8.79785,300.95,0.41,0.37,2026-09-25,0232,N,nominal,2.0NRT,284.76,0.64,N
37.28618,-6.36868,332.59,0.39,0.36,2026-09-25,0232,N,nominal,2.0NRT,289.67,3.08,N
37.19516,-6.86398,302.67,0.38,0.36,2026-09-25,0232,N,nominal,2.0NRT,289.57,0.33,N
37.39446,-8.41522,337.24,0.4,0.37,2026-09-25,0232,N,nominal,2.0NRT,300.61,21.65,N
37.39511,-8.41965,304.18,0.4,0.37,2026-09-25,0232,N,nominal,2.0NRT,289.37,1.38,N
37.39382,-8.41078,303.3,0.4,0.37,2026-09-25,0232,N,nominal,2.0NRT,289.01,21.65,N
37.39047,-8.41154,312.01,0.4,0.37,2026-09-25,0232,N,nominal,2.0NRT,290.45,2.04,N
37.38571,-8.42641,299.68,0.4,0.37,2026-09-25,0232,N,nominal,2.0NRT,286.11,0.7,N
37.38506,-8.42196,307.15,0.4,0.37,2026-09-25,0232,N,nominal,2.0NRT,288.1,0.7,N
37.38377,-8.41304,301.98,0.4,0.37,2026-09-25,0232,N,nominal,2.0NRT,289.57,1.38,N
37.37977,-8.40935,304.65,0.4,0.37,2026-09-25,0232,N,nominal,2.0NRT,291.2,0.82,N
35.80267,-0.21158,302.88,0.43,0.46,2026-09-25,0232,N,nominal,2.0NRT,292.27,0.73,N
35.77017,-0.26514,308.65,0.43,0.46,2026-09-25,0232,N,nominal,2.0NRT,296.08,2.01,N
36.83679,-6.30534,317.03,0.39,0.36,2026-09-25,0232,N,nominal,2.0NRT,288.11,0.74,N
36.73852,-5.92141,302.09,0.39,0.36,2026-09-25,0232,N,nominal,2.0NRT,288.72,0.7,N
36.73521,-5.92227,323.73,0.39,0.36,2026-09-25,0232,N,nominal,2.0NRT,289.68,2.44,N
36.73448,-5.91793,331.71,0.39,0.36,2026-09-25,0232,N,nominal,2.0NRT,289.54,2.44,N
35.45947,-0.39738,305.04,0.43,0.46,2026-09-25,0232,N,nominal,2.0NRT,288.9,1.4,N
35.56817,-0.93786,303.92,0.4,0.44,2026-09-25,0232,N,nominal,2.0NRT,290.03,0.98,N
35.31105,-1.34317,305.45,0.39,0.44,2026-09-25,0232,N,nominal,2.0NRT,292.75,0.85,N
35.60213,-5.43281,303.52,0.4,0.37,2026-09-25,0232,N,nominal,2.0NRT,291.84,0.73,N
34.59539,-2.34899,301.85,0.54,0.42,2026-09-25,0232,N,nominal,2.0NRT,288.27,1.06,N
66.31055,14.17002,295.54,0.41,0.37,2026-09-25,0221,N,nominal,2.0NRT,269.53,0.75,N
53.6313,-0.24147,301.08,0.74,0.76,2026-09-25,0406,N,nominal,2.0NRT,284.14,2.43,N
53.567,-0.60147,296.68,0.72,0.76,2026-09-25,0406,N,nominal,2.0NRT,281.99,1.83,N
34.97398,-5.15222,340.42,0.5,0.41,2026-09-25,1353,N,nominal,2.0NRT,310.13,7.87,D
34.97777,-5.15257,351.3,0.5,0.41,2026-09-25,1353,N,nominal,2.0NRT,317.41,38.04,D
35.18111,-6.12807,338.71,0.46,0.39,2026-09-25,1353,N,nominal,2.0NRT,306.2,3.27,D
35.80672,-0.25364,336.08,0.62,0.54,2026-09-25,1353,N,nominal,2.0NRT,305.42,3.09,D
36.31048,6.73371,341.03,0.77,0.77,2026-09-25,1353,N,nominal,2.0NRT,295.24,8.61,D
36.31094,6.73299,343.17,0.77,0.77,2026-09-25,1353,N,nominal,2.0NRT,295.47,12.88,D
36.6947,-5.83659,336.66,0.49,0.4,2026-09-25,1353,N,low,2.0NRT,311.57,2.42,D
36.69617,-5.83351,337.3,0.49,0.4,2026-09-25,1353,N,low,2.0NRT,309.47,5.14,D
36.79422,-5.8397,348.35,0.49,0.4,2026-09-25,1353,N,nominal,2.0NRT,316.45,7.8,D
36.7986,-5.83481,343.29,0.49,0.4,2026-09-25,1353,N,low,2.0NRT,316.08,4.98,D
36.80233,-5.83546,341.21,0.49,0.4,2026-09-25,1353,N,low,2.0NRT,315.03,4.98,D
36.79466,-5.84146,346.92,0.49,0.4,2026-09-25,1353,N,nominal,2.0NRT,316.2,7.97,D
37.28607,-6.36928,341.14,0.47,0.4,2026-09-25,1353,N,nominal,2.0NRT,315.45,4.15,D
37.44505,-5.40474,340.98,0.52,0.42,2026-09-25,1353,N,low,2.0NRT,314.55,4.08,D
38.92049,-6.6406,339.37,0.48,0.4,2026-09-25,1353,N,nominal,2.0NRT,314.32,7.93,D
40.7364,0.63565,339.2,0.39,0.59,2026-09-25,1355,N,nominal,2.0NRT,303.01,3.3,D
40.89687,-3.05279,342.66,0.5,0.49,2026-09-25,1355,N,nominal,2.0NRT,311.28,7.85,D
40.89719,-3.05521,346.49,0.5,0.49,2026-09-25,1355,N,nominal,2.0NRT,309.43,6.81,D
41.63973,-8.72752,342.08,0.43,0.38,2026-09-25,1353,N,nominal,2.0NRT,307.43,29.67,D
42.89914,1.51322,346.41,0.45,0.63,2026-09-25,1353,N,nominal,2.0NRT,300.1,8.8,D
43.56258,3.51137,336.05,0.57,0.69,2026-09-25,1353,N,nominal,2.0NRT,299.5,6.63,D
43.52263,-5.72564,339.62,0.39,0.44,2026-09-25,1353,N,nominal,2.0NRT,297.29,4.03,D
43.52623,-5.73127,352.17,0.39,0.44,2026-09-25,1353,N,nominal,2.0NRT,299.4,15.92,D
45.0693,0.80107,341.54,0.42,0.61,2026-09-25,1353,N,nominal,2.0NRT,300.1,3.64,D
46.90792,-0.32547,339.5,0.38,0.59,2026-09-25,1355,N,nominal,2.0NRT,305.36,3.03,D
48.20751,-1.16592,350.85,0.36,0.57,2026-09-25,1355,N,nominal,2.0NRT,304.11,4.02,D
51.0429,2.29465,326.74,0.53,0.67,2026-09-25,1355,N,nominal,2.0NRT,295.72,5.46,D
51.03288,2.28656,328.65,0.53,0.67,2026-09-25,1355,N,nominal,2.0NRT,296.83,4.17,D
51.16734,3.81071,339.3,0.62,0.71,2026-09-25,1355,N,nominal,2.0NRT,296.7,7.3,D
51.1692,3.81524,352.78,0.62,0.71,2026-09-25,1355,N,nominal,2.0NRT,295.82,13.18,D
36.79883,34.9591,338.41,0.53,0.42,2026-09-25,1030,N,nominal,2.0NRT,303.14,4.44,D
36.86067,34.76433,332.2,0.54,0.42,2026-09-25,1030,N,nominal,2.0NRT,301.83,3.47,D
37.60972,31.85375,346.25,0.48,0.48,2026-09-25,1030,N,nominal,2.0NRT,299.69,7.11,D
38.95169,34.61291,334.61,0.5,0.41,2026-09-25,1030,N,nominal,2.0NRT,301.28,5.11,D
38.36658,31.76761,334.62,0.47,0.48,2026-09-25,1030,N,nominal,2.0NRT,300.2,3.61,D
38.37081,31.76601,335.7,0.47,0.48,2026-09-25,1030,N,nominal,2.0NRT,298.15,3.61,D
38.43526,31.54412,330.37,0.48,0.48,2026-09-25,1030,N,nominal,2.0NRT,297.17,3.39,D
38.90698,33.50166,345.42,0.56,0.43,2026-09-25,1030,N,nominal,2.0NRT,296.63,16.94,D
38.07375,29.74778,342.3,0.6,0.53,2026-09-25,1030,N,nominal,2.0NRT,303.04,12.49,D
38.07154,29.74785,346.45,0.6,0.53,2026-09-25,1030,N,nominal,2.0NRT,304.14,10,D
38.36194,29.40489,340.83,0.62,0.54,2026-09-25,1030,N,nominal,2.0NRT,302.49,4.74,D
38.43737,29.42652,337.58,0.61,0.54,2026-09-25,1030,N,nominal,2.0NRT,306.98,3.89,D
39.03552,31.88043,332.18,0.45,0.47,2026-09-25,1030,N,nominal,2.0NRT,301.31,2.82,D
38.44869,29.42984,343.36,0.61,0.54,2026-09-25,1030,N,nominal,2.0NRT,302.88,7.05,D
39.04081,31.88388,341.14,0.44,0.46,2026-09-25,1030,N,nominal,2.0NRT,301.72,6.29,D
39.04201,31.60827,342.12,0.46,0.47,2026-09-25,1030,N,nominal,2.0NRT,298.7,6.36,D
39.58677,33.88063,332.53,0.53,0.42,2026-09-25,1030,N,nominal,2.0NRT,298.16,8.15,D
39.58552,33.87456,330.3,0.53,0.42,2026-09-25,1030,N,nominal,2.0NRT,297.28,8.15,D
39.10938,31.65851,334.88,0.45,0.47,2026-09-25,1030,N,nominal,2.0NRT,294.25,4.64,D
39.10987,31.54043,334.64,0.46,0.47,2026-09-25,1030,N,nominal,2.0NRT,299.65,2.33,D
39.48189,32.01141,334.68,0.43,0.46,2026-09-25,1030,N,nominal,2.0NRT,301.22,2.15,D
39.48172,32.00843,337.14,0.43,0.46,2026-09-25,1030,N,nominal,2.0NRT,300.67,2.74,D
40.2478,34.26522,329.99,0.49,0.41,2026-09-25,1032,N,nominal,2.0NRT,297.24,3.88,D
39.8205,31.91717,339.34,0.43,0.46,2026-09-25,1032,N,nominal,2.0NRT,305.52,4.56,D
40.38418,34.09804,338.16,0.5,0.41,2026-09-25,1032,N,nominal,2.0NRT,293.87,3.48,D
40.41332,33.97014,338.29,0.5,0.41,2026-09-25,1032,N,nominal,2.0NRT,301.61,4.64,D
40.41216,33.96437,335.02,0.5,0.41,2026-09-25,1032,N,nominal,2.0NRT,298.74,4.64,D
40.411,33.95859,335.22,0.5,0.41,2026-09-25,1032,N,nominal,2.0NRT,298.91,3.68,D
40.417,33.96889,333.56,0.5,0.41,2026-09-25,1032,N,nominal,2.0NRT,297.9,4.64,D
40.41584,33.96311,340.58,0.5,0.41,2026-09-25,1032,N,nominal,2.0NRT,298.16,4.64,D
40.47432,34.15851,340.49,0.49,0.41,2026-09-25,1032,N,nominal,2.0NRT,300.06,5.36,D
39.10695,27.20151,334.4,0.38,0.59,2026-09-25,1032,N,nominal,2.0NRT,297.19,2.66,D
48.5201,34.63319,344.18,0.39,0.36,2026-09-25,1034,N,nominal,2.0NRT,292.1,7.83,D
48.27557,14.33676,329.39,0.73,0.76,2026-09-25,1034,N,nominal,2.0NRT,289.54,7.07,D
53.45731,33.90929,331.45,0.38,0.36,2026-09-25,1034,N,nominal,2.0NRT,282.42,3.74,D
53.43686,33.46933,329.76,0.38,0.36,2026-09-25,1034,N,nominal,2.0NRT,286.89,5.44,D
35.81026,-0.25634,338.11,0.6,0.7,2026-09-25,1212,N,nominal,2.0NRT,301.17,7.81,D
41.41819,27.542,326.76,0.47,0.64,2026-09-25,1212,N,nominal,2.0NRT,276.86,3.52,D
40.6171,16.76123,345.79,0.43,0.38,2026-09-25,1212,N,nominal,2.0NRT,301.69,12.74,D
40.61744,16.7591,346.85,0.43,0.38,2026-09-25,1212,N,nominal,2.0NRT,300.61,8.81,D
39.56343,8.83645,335.15,0.51,0.41,2026-09-25,1212,N,nominal,2.0NRT,301.35,7.91,D
39.56713,8.83524,335.87,0.51,0.41,2026-09-25,1212,N,nominal,2.0NRT,301.42,7.91,D
39.63358,8.93052,333.38,0.5,0.41,2026-09-25,1212,N,nominal,2.0NRT,298.13,1.81,D
41.20063,15.93411,333.81,0.41,0.37,2026-09-25,1212,N,nominal,2.0NRT,297.86,3.62,D
41.22327,15.02831,328.46,0.39,0.37,2026-09-25,1212,N,nominal,2.0NRT,303.24,2.52,D
41.45193,13.53934,348.92,0.38,0.36,2026-09-25,1212,N,nominal,2.0NRT,310.11,14.48,D
41.45522,13.53845,345.24,0.38,0.36,2026-09-25,1212,N,nominal,2.0NRT,300.47,4.97,D
41.45451,13.53389,331.56,0.38,0.36,2026-09-25,1212,N,nominal,2.0NRT,297.9,4.97,D
42.13662,12.28806,333.44,0.39,0.36,2026-09-25,1212,N,nominal,2.0NRT,304.53,0.87,D
42.39046,11.59735,335.53,0.39,0.36,2026-09-25,1212,N,nominal,2.0NRT,305.1,2.67,D
42.39535,11.60578,345.98,0.39,0.36,2026-09-25,1212,N,nominal,2.0NRT,304.04,3.38,D
42.51301,11.84383,344.03,0.39,0.36,2026-09-25,1212,N,nominal,2.0NRT,299.98,2.9,D
42.51073,11.72614,344.12,0.39,0.36,2026-09-25,1212,N,nominal,2.0NRT,303.29,2.72,D
43.37687,10.45159,347.29,0.4,0.37,2026-09-25,1214,N,nominal,2.0NRT,300.69,7.63,D
41.0978,-3.41318,332.89,0.6,0.71,2026-09-25,1214,N,nominal,2.0NRT,301.66,3.88,D
42.71169,1.99755,344.01,0.6,0.53,2026-09-25,1214,N,nominal,2.0NRT,302.49,18.3,D
43.43752,4.89151,331.67,0.42,0.45,2026-09-25,1214,N,nominal,2.0NRT,297.89,5.38,D
43.44788,4.89817,337.99,0.42,0.45,2026-09-25,1214,N,nominal,2.0NRT,295.29,5.74,D
41.1731,-3.68903,346.79,0.62,0.71,2026-09-25,1214,N,nominal,2.0NRT,306.96,6.56,D
44.75686,10.78569,337.54,0.39,0.36,2026-09-25,1214,N,nominal,2.0NRT,299.12,4.25,D
43.62771,4.88216,337.53,0.42,0.45,2026-09-25,1214,N,nominal,2.0NRT,293.62,4.68,D
45.33514,11.47681,345.97,0.38,0.36,2026-09-25,1214,N,nominal,2.0NRT,298.55,4.97,D
45.60216,12.47642,328.34,0.39,0.36,2026-09-25,1214,N,nominal,2.0NRT,299.07,0.79,D
45.39295,10.43188,334.81,0.39,0.36,2026-09-25,1214,N,nominal,2.0NRT,295.13,4.69,D
43.02575,-5.55696,340.36,0.66,0.73,2026-09-25,1214,N,nominal,2.0NRT,293.59,7.14,D
43.02808,-5.56011,339.54,0.66,0.73,2026-09-25,1214,N,nominal,2.0NRT,294.25,7.49,D
43.02636,-5.56514,335.72,0.66,0.73,2026-09-25,1214,N,nominal,2.0NRT,294.44,7.49,D
46.54814,6.51456,332.39,0.47,0.4,2026-09-25,1214,N,nominal,2.0NRT,295.04,1.34,D
46.78947,6.59172,332.61,0.47,0.39,2026-09-25,1214,N,nominal,2.0NRT,298.33,3.7,D
46.78828,6.58575,331.95,0.47,0.39,2026-09-25,1214,N,nominal,2.0NRT,296.94,2.35,D
47.17413,7.56406,337.22,0.43,0.38,2026-09-25,1214,N,nominal,2.0NRT,301.42,4.17,D
48.2741,14.34269,334.03,0.43,0.38,2026-09-25,1214,N,nominal,2.0NRT,302.2,4.92,D
48.27756,14.34173,335.8,0.43,0.38,2026-09-25,1214,N,nominal,2.0NRT,298.37,4.92,D
48.27684,14.33598,334.66,0.43,0.38,2026-09-25,1214,N,nominal,2.0NRT,299.89,4.92,D
48.28306,14.32833,345.97,0.43,0.38,2026-09-25,1214,N,nominal,2.0NRT,298.51,6.91,D
47.87115,9.78429,328.88,0.39,0.36,2026-09-25,1214,N,nominal,2.0NRT,296.08,0.77,D
48.51165,10.85685,326.34,0.38,0.36,2026-09-25,1214,N,nominal,2.0NRT,298.82,1.54,D
48.51086,10.85172,325.27,0.38,0.36,2026-09-25,1214,N,nominal,2.0NRT,297.48,1.54,D
48.54717,10.38191,339.23,0.38,0.36,2026-09-25,1214,N,nominal,2.0NRT,296.8,5.25,D
48.54636,10.37678,343.15,0.38,0.36,2026-09-25,1214,N,nominal,2.0NRT,295.4,5.25,D
48.47795,9.22446,339.8,0.39,0.36,2026-09-25,1214,N,nominal,2.0NRT,296.29,4.02,D
48.59944,7.82404,328.49,0.41,0.37,2026-09-25,1214,N,nominal,2.0NRT,297.79,1.72,D
48.29823,4.0994,333.32,0.53,0.42,2026-09-25,1214,N,nominal,2.0NRT,299.37,3.77,D
49.77438,11.8188,330.89,0.39,0.36,2026-09-25,1214,N,nominal,2.0NRT,292.44,2.76,D
49.3496,6.74783,339.25,0.42,0.38,2026-09-25,1214,N,nominal,2.0NRT,301.4,4.61,D
49.35743,6.75054,337.54,0.42,0.38,2026-09-25,1214,N,nominal,2.0NRT,303.25,4.85,D
47.33074,-2.08634,367,0.34,0.56,2026-09-25,1214,N,high,2.0NRT,305.12,12.8,D
47.32786,-2.08362,348.62,0.34,0.56,2026-09-25,1214,N,nominal,2.0NRT,303.34,5.79,D
47.33268,-2.08656,367,0.34,0.56,2026-09-25,1214,N,high,2.0NRT,301.27,5.79,D
49.50568,5.95961,340.64,0.44,0.39,2026-09-25,1217,N,nominal,2.0NRT,299.75,25.21,D
49.77242,6.84975,332.68,0.42,0.38,2026-09-25,1217,N,nominal,2.0NRT,296.76,6.72,D
50.90704,6.75545,328.4,0.41,0.37,2026-09-25,1217,N,nominal,2.0NRT,293.3,1.8,D
51.36707,6.70952,346.18,0.41,0.37,2026-09-25,1217,N,nominal,2.0NRT,299.92,10.45,D
51.51821,6.97446,343.06,0.4,0.37,2026-09-25,1217,N,nominal,2.0NRT,297.39,4.63,D
51.4805,6.72281,334.3,0.4,0.37,2026-09-25,1217,N,nominal,2.0NRT,297.69,2.74,D
51.4838,6.7213,342.02,0.4,0.37,2026-09-25,1217,N,nominal,2.0NRT,299.04,4.09,D
51.48608,6.71411,328.02,0.4,0.37,2026-09-25,1217,N,low,2.0NRT,301.15,4.09,D
51.48506,6.70843,333.27,0.4,0.37,2026-09-25,1217,N,nominal,2.0NRT,300.45,4.29,D
51.48404,6.70275,338.49,0.4,0.37,2026-09-25,1217,N,nominal,2.0NRT,305.97,4.29,D
51.11691,4.48913,331.25,0.46,0.39,2026-09-25,1217,N,nominal,2.0NRT,294.82,1.65,D
51.42904,6.05274,325.15,0.42,0.37,2026-09-25,1217,N,nominal,2.0NRT,297.03,1.07,D
52.15269,10.40038,344.17,0.39,0.36,2026-09-25,1217,N,nominal,2.0NRT,296.9,5.37,D
52.15679,10.40475,342.08,0.39,0.36,2026-09-25,1217,N,nominal,2.0NRT,293.12,5.37,D
51.39857,5.73516,332.98,0.42,0.38,2026-09-25,1217,N,nominal,2.0NRT,296.46,3.55,D
50.90443,3.28372,330.59,0.5,0.41,2026-09-25,1217,N,nominal,2.0NRT,299.29,69.19,D
51.07265,3.87622,340.88,0.48,0.4,2026-09-25,1217,N,nominal,2.0NRT,297.88,6.86,D
51.00747,3.5181,333.23,0.49,0.4,2026-09-25,1217,N,nominal,2.0NRT,296.58,2.75,D
51.09034,3.81601,327.02,0.48,0.4,2026-09-25,1217,N,nominal,2.0NRT,297.64,2.34,D
51.08618,3.79617,331.37,0.48,0.4,2026-09-25,1217,N,nominal,2.0NRT,297.77,2.01,D
51.1212,3.85107,332.66,0.48,0.4,2026-09-25,1217,N,nominal,2.0NRT,296.05,5.31,D
51.03139,3.33124,333.23,0.5,0.41,2026-09-25,1217,N,nominal,2.0NRT,296.49,2.87,D
51.16789,3.81191,327.27,0.48,0.4,2026-09-25,1217,N,low,2.0NRT,299.28,4.91,D
51.17142,3.81004,349.18,0.48,0.4,2026-09-25,1217,N,nominal,2.0NRT,301.24,4.91,D
51.17495,3.80818,345.22,0.48,0.4,2026-09-25,1217,N,nominal,2.0NRT,302.84,7.68,D
51.16969,3.80963,328.72,0.48,0.4,2026-09-25,1217,N,low,2.0NRT,300.15,5.74,D
51.17461,3.81438,328.57,0.48,0.4,2026-09-25,1217,N,nominal,2.0NRT,297.5,3.43,D
51.17322,3.80778,349.02,0.48,0.4,2026-09-25,1217,N,nominal,2.0NRT,302.97,5.74,D
51.22485,3.40752,330.81,0.49,0.4,2026-09-25,1217,N,nominal,2.0NRT,295.91,1.46,D
51.15011,3.04169,335.74,0.51,0.41,2026-09-25,1217,N,nominal,2.0NRT,297.43,2.63,D
51.02973,2.2712,329.81,0.54,0.42,2026-09-25,1217,N,nominal,2.0NRT,297.54,3.61,D
51.04374,2.29662,346.76,0.54,0.42,2026-09-25,1217,N,nominal,2.0NRT,301.16,8.73,D
52.2081,8.04766,329.68,0.39,0.36,2026-09-25,1217,N,nominal,2.0NRT,298.37,2.75,D
51.69797,5.14348,334.2,0.43,0.38,2026-09-25,1217,N,nominal,2.0NRT,295.35,3.94,D
51.53014,4.16611,331.36,0.46,0.39,2026-09-25,1217,N,nominal,2.0NRT,293.71,2.13,D
51.79846,5.21867,335.31,0.43,0.38,2026-09-25,1217,N,nominal,2.0NRT,295.93,14.74,D
53.13305,8.69073,332.58,0.38,0.36,2026-09-25,1217,N,nominal,2.0NRT,297.17,3.72,D
53.13455,8.67806,330.93,0.38,0.36,2026-09-25,1217,N,nominal,2.0NRT,294.9,5.4,D
57.06129,9.9771,328.49,0.41,0.37,2026-09-25,1217,N,nominal,2.0NRT,292.1,2.29,D
34.6561,5.86009,330.88,0.61,0.53,2026-09-25,1210,N,low,2.0NRT,305.78,2.37,D
35.84658,9.13901,333.98,0.38,0.44,2026-09-25,1212,N,low,2.0NRT,306.81,2.22,D
38.40675,31.57698,330.51,0.74,0.76,2026-09-25,1212,N,nominal,2.0NRT,291.5,3.83,D
38.46525,31.47151,339.16,0.73,0.76,2026-09-25,1212,N,nominal,2.0NRT,294.59,5.11,D
36.24831,9.11458,335.64,0.57,0.43,2026-09-25,1212,N,low,2.0NRT,306.65,2.78,D
36.25859,9.14438,330.48,0.57,0.43,2026-09-25,1212,N,low,2.0NRT,305.29,3.96,D
36.29255,9.08763,337.19,0.57,0.43,2026-09-25,1212,N,nominal,2.0NRT,306.21,14.84,D
36.29147,9.09292,335.21,0.57,0.43,2026-09-25,1212,N,nominal,2.0NRT,301.7,5.13,D
36.29533,9.09151,334.77,0.57,0.43,2026-09-25,1212,N,nominal,2.0NRT,303.72,5.13,D
36.36352,9.22077,333.04,0.56,0.43,2026-09-25,1212,N,low,2.0NRT,303.32,4.45,D
36.70239,10.79453,333.15,0.47,0.4,2026-09-25,1212,N,nominal,2.0NRT,304.07,2.35,D
36.70141,10.78935,330.71,0.47,0.4,2026-09-25,1212,N,nominal,2.0NRT,303.13,2.35,D
36.17443,7.2322,342.71,0.47,0.48,2026-09-25,1212,N,nominal,2.0NRT,306.3,6.01,D
36.17324,7.22688,342.32,0.47,0.48,2026-09-25,1212,N,nominal,2.0NRT,305.17,6.01,D
36.60785,9.23793,331.39,0.55,0.43,2026-09-25,1212,N,nominal,2.0NRT,299.17,4.95,D
36.23071,7.19459,331.47,0.47,0.48,2026-09-25,1212,N,low,2.0NRT,303.96,3.36,D
36.58461,8.7133,343.74,0.39,0.44,2026-09-25,1212,N,nominal,2.0NRT,306.65,21.61,D
36.58857,8.71211,344.89,0.39,0.44,2026-09-25,1212,N,nominal,2.0NRT,306.03,21.61,D
36.58763,8.70765,348.48,0.39,0.44,2026-09-25,1212,N,nominal,2.0NRT,302.2,12.6,D
36.75138,9.40138,342.69,0.54,0.42,2026-09-25,1212,N,nominal,2.0NRT,306.29,7.5,D
36.23053,6.69081,340.86,0.5,0.49,2026-09-25,1212,N,nominal,2.0NRT,300.09,2.73,D
36.89349,9.48155,331.02,0.53,0.42,2026-09-25,1212,N,nominal,2.0NRT,303.3,5.94,D
37.09062,9.97947,335.54,0.5,0.41,2026-09-25,1212,N,nominal,2.0NRT,304.37,2.1,D
36.87004,6.98302,342.69,0.47,0.48,2026-09-25,1212,N,nominal,2.0NRT,301.34,9.14,D
36.74669,6.2569,345.34,0.52,0.5,2026-09-25,1212,N,nominal,2.0NRT,294.84,8.87,D
36.28743,3.19265,355.39,0.38,0.59,2026-09-25,1212,N,nominal,2.0NRT,307.26,6.36,D
40.01348,31.91386,356.3,0.78,0.78,2026-09-25,1212,N,nominal,2.0NRT,297.29,11.5,D
40.0141,31.91539,353.2,0.78,0.78,2026-09-25,1212,N,nominal,2.0NRT,296.79,13.56,D
40.15511,29.88307,325.25,0.61,0.71,2026-09-25,1212,N,nominal,2.0NRT,290.59,3.08,D
36.73619,3.85104,332.26,0.35,0.56,2026-09-25,1212,N,low,2.0NRT,304.21,6.49,D
36.73535,3.84768,335.08,0.35,0.56,2026-09-25,1212,N,nominal,2.0NRT,303.66,4.68,D
36.73685,3.8486,352.59,0.35,0.56,2026-09-25,1212,N,nominal,2.0NRT,303.65,4.1,D
35.81048,-0.25455,339.01,0.6,0.7,2026-09-25,1212,N,nominal,2.0NRT,301.89,2.67,D
59.53429,34.14557,310.58,0.62,0.71,2026-09-25,2244,N,nominal,2.0NRT,280.77,1.71,N
59.52757,34.14627,303.73,0.62,0.71,2026-09-25,2244,N,nominal,2.0NRT,278.88,1.71,N
53.44348,34.41773,309.99,0.61,0.71,2026-09-25,2246,N,nominal,2.0NRT,280.08,2.39,N
53.44117,34.4146,313.92,0.61,0.71,2026-09-25,2246,N,nominal,2.0NRT,278.1,2.62,N
45.26003,31.67047,331.58,0.78,0.78,2026-09-25,2248,N,nominal,2.0NRT,286.14,5.5,N
45.26035,31.66572,323.59,0.78,0.78,2026-09-25,2248,N,nominal,2.0NRT,285.61,4.45,N
41.26261,31.42534,295.79,0.79,0.78,2026-09-25,2250,N,nominal,2.0NRT,268.33,1.38,N
39.94397,33.19178,298.73,0.63,0.72,2026-09-25,2250,N,nominal,2.0NRT,280.65,1.63,N
36.87147,34.76096,303.31,0.5,0.66,2026-09-25,2250,N,nominal,2.0NRT,290.16,1.33,N
36.26266,33.72512,300.59,0.56,0.69,2026-09-25,2250,N,nominal,2.0NRT,288.98,1.73,N
36.26245,33.73132,304.68,0.56,0.69,2026-09-25,2250,N,nominal,2.0NRT,289.46,1.04,N
60.75636,28.66891,323.69,0.44,0.38,2026-09-26,0024,N,nominal,2.0NRT,280.11,2.49,N
59.53069,34.14391,321.48,0.39,0.36,2026-09-26,0024,N,nominal,2.0NRT,284.13,1.73,N
59.5275,34.14183,302.22,0.39,0.36,2026-09-26,0024,N,nominal,2.0NRT,279.67,1.73,N
59.52306,34.16813,301.31,0.39,0.36,2026-09-26,0024,N,nominal,2.0NRT,284,0.5,N
54.18819,28.49891,305.32,0.39,0.36,2026-09-26,0026,N,nominal,2.0NRT,271,0.99,N
53.5872,31.95122,297.86,0.4,0.37,2026-09-26,0026,N,nominal,2.0NRT,280.84,0.61,N
53.52206,9.89631,321.71,0.56,0.69,2026-09-26,0026,N,nominal,2.0NRT,281.91,3.56,N
53.52216,9.90523,296.9,0.56,0.69,2026-09-26,0026,N,nominal,2.0NRT,280.79,1.88,N
53.51089,10.03351,299.05,0.55,0.68,2026-09-26,0026,N,nominal,2.0NRT,281.38,0.86,N
53.13899,8.67008,300.75,0.63,0.72,2026-09-26,0028,N,nominal,2.0NRT,281.09,3.99,N
53.13918,8.68004,297.63,0.63,0.72,2026-09-26,0028,N,nominal,2.0NRT,282.39,1.7,N
53.13242,8.68028,310.05,0.63,0.72,2026-09-26,0028,N,nominal,2.0NRT,282.5,1.7,N
53.1326,8.69022,300.03,0.63,0.72,2026-09-26,0028,N,nominal,2.0NRT,282.22,1.7,N
52.17195,14.62646,367,0.35,0.57,2026-09-26,0028,N,high,2.0NRT,284.19,11.44,N
52.21019,8.04098,297.28,0.67,0.73,2026-09-26,0028,N,nominal,2.0NRT,281.39,0.78,N
52.16078,14.64128,343.9,0.35,0.57,2026-09-26,0028,N,nominal,2.0NRT,280.24,1.92,N
52.16059,14.64655,296.27,0.35,0.57,2026-09-26,0028,N,nominal,2.0NRT,279.99,1.92,N
52.16114,10.40635,295.25,0.53,0.67,2026-09-26,0028,N,nominal,2.0NRT,280.34,2.35,N
52.16117,10.41446,308.81,0.53,0.67,2026-09-26,0028,N,nominal,2.0NRT,282.16,2.5,N
52.15895,10.39269,296.63,0.53,0.67,2026-09-26,0028,N,nominal,2.0NRT,283.83,1.48,N
52.15895,10.40077,301.6,0.53,0.67,2026-09-26,0028,N,nominal,2.0NRT,281.91,1.48,N
52.15895,10.40886,308.63,0.53,0.67,2026-09-26,0028,N,nominal,2.0NRT,281.24,1.88,N
52.15895,10.41698,299.76,0.53,0.67,2026-09-26,0028,N,nominal,2.0NRT,279.84,1.88,N
52.15263,10.40081,338.36,0.53,0.67,2026-09-26,0028,N,nominal,2.0NRT,282.29,7.01,N
51.68721,15.98048,311.38,0.61,0.53,2026-09-26,0028,N,nominal,2.0NRT,280.06,3.28,N
51.48824,6.71041,296.69,0.76,0.77,2026-09-26,0028,N,nominal,2.0NRT,284.22,2.3,N
51.48097,6.71085,306.14,0.76,0.77,2026-09-26,0028,N,nominal,2.0NRT,283.33,1.46,N
51.48136,6.72228,295.1,0.76,0.77,2026-09-26,0028,N,nominal,2.0NRT,283.04,1.46,N
51.48741,6.70539,308.45,0.76,0.77,2026-09-26,0028,N,nominal,2.0NRT,285.15,2.68,N
51.48015,6.70587,301.41,0.76,0.77,2026-09-26,0028,N,nominal,2.0NRT,283.55,1.45,N
51.4805,6.71734,305.21,0.76,0.77,2026-09-26,0028,N,nominal,2.0NRT,283.43,1.45,N
51.36379,6.70483,318.26,0.76,0.77,2026-09-26,0028,N,nominal,2.0NRT,284.43,3,N
51.26977,11.65996,303.29,0.47,0.64,2026-09-26,0028,N,nominal,2.0NRT,280.22,0.83,N
50.49131,19.46909,311.14,0.42,0.45,2026-09-26,0028,N,nominal,2.0NRT,277.74,1.69,N
50.53251,17.97562,295.96,0.49,0.49,2026-09-26,0028,N,nominal,2.0NRT,279.79,1.28,N
50.33643,19.28847,303.76,0.43,0.46,2026-09-26,0028,N,nominal,2.0NRT,273.64,1.35,N
50.41511,18.13886,298.74,0.48,0.48,2026-09-26,0028,N,nominal,2.0NRT,280.69,2.3,N
49.72727,19.46316,305.68,0.42,0.45,2026-09-26,0028,N,nominal,2.0NRT,276.99,0.9,N
49.68396,18.66136,306.15,0.45,0.47,2026-09-26,0028,N,nominal,2.0NRT,279.8,0.9,N
49.67964,18.66055,300.03,0.45,0.47,2026-09-26,0028,N,nominal,2.0NRT,279.26,0.9,N
49.67912,18.66112,302.26,0.45,0.47,2026-09-26,0028,N,nominal,2.0NRT,278.99,2.55,N
49.35755,6.7425,295.29,0.76,0.77,2026-09-26,0028,N,nominal,2.0NRT,281.11,1.02,N
48.58553,22.24519,297.59,0.48,0.4,2026-09-26,0028,N,nominal,2.0NRT,280.33,0.36,N
48.58333,22.24444,306.37,0.47,0.4,2026-09-26,0028,N,nominal,2.0NRT,280.85,1.08,N
48.612,21.2,297.18,0.52,0.41,2026-09-26,0028,N,nominal,2.0NRT,282.27,1.72,N
48.45945,17.19171,295.38,0.51,0.49,2026-09-26,0028,N,nominal,2.0NRT,272.69,1.11,N
48.27812,14.33743,328.46,0.34,0.56,2026-09-26,0028,N,nominal,2.0NRT,284.48,2.56,N
48.27772,14.3468,296.13,0.34,0.56,2026-09-26,0028,N,nominal,2.0NRT,282.26,0.69,N
48.27289,14.33691,332.69,0.34,0.56,2026-09-26,0028,N,nominal,2.0NRT,282.93,1.43,N
48.27269,14.34158,302.65,0.34,0.56,2026-09-26,0028,N,nominal,2.0NRT,280.06,1.43,N
48.26766,14.33634,308.03,0.34,0.56,2026-09-26,0028,N,nominal,2.0NRT,280.27,1.43,N
48.26263,14.33105,296.36,0.34,0.56,2026-09-26,0028,N,nominal,2.0NRT,280.85,0.63,N
46.4333,30.09669,300.99,0.43,0.38,2026-09-26,0028,N,nominal,2.0NRT,279.25,1.03,N
46.43225,30.10217,307.26,0.43,0.38,2026-09-26,0028,N,nominal,2.0NRT,279.54,1.03,N
44.77388,33.86295,303.72,0.42,0.45,2026-09-26,0028,N,nominal,2.0NRT,282.23,0.94,N
45.25713,31.67266,331.45,0.5,0.41,2026-09-26,0028,N,nominal,2.0NRT,278.53,5.2,N
45.35578,30.9043,318.27,0.47,0.4,2026-09-26,0028,N,nominal,2.0NRT,278.93,1.53,N
45.12381,25.41756,305.84,0.39,0.36,2026-09-26,0028,N,nominal,2.0NRT,277.88,1.34,N
46.22762,13.07229,303.07,0.38,0.58,2026-09-26,0028,N,nominal,2.0NRT,282.64,1.48,N
46.22766,13.07227,300.32,0.38,0.58,2026-09-26,0028,N,nominal,2.0NRT,282.27,1.31,N
46.22744,13.07734,297.74,0.38,0.58,2026-09-26,0028,N,nominal,2.0NRT,283.21,1.06,N
46.07077,13.62618,303.85,0.35,0.57,2026-09-26,0028,N,nominal,2.0NRT,281.49,0.83,N
45.52139,11.49278,295.82,0.44,0.63,2026-09-26,0030,N,nominal,2.0NRT,282.12,1.1,N
45.52122,11.49866,297.31,0.44,0.63,2026-09-26,0030,N,nominal,2.0NRT,282.59,0.73,N
45.47809,10.20846,303.93,0.51,0.66,2026-09-26,0030,N,nominal,2.0NRT,284.21,0.93,N
45.48064,10.20778,297.63,0.51,0.66,2026-09-26,0030,N,nominal,2.0NRT,283.85,1.1,N
45.37994,11.94386,298.87,0.42,0.61,2026-09-26,0030,N,nominal,2.0NRT,282.73,0.52,N
41.56532,32.43067,306.21,0.43,0.46,2026-09-26,0030,N,nominal,2.0NRT,282.47,1.21,N
41.17595,32.6328,305.93,0.45,0.47,2026-09-26,0030,N,nominal,2.0NRT,281.97,1.6,N
43.49843,16.60679,337.62,0.48,0.48,2026-09-26,0030,N,nominal,2.0NRT,287.18,3.99,N
43.49896,16.59997,309.78,0.48,0.48,2026-09-26,0030,N,nominal,2.0NRT,285.62,3.89,N
41.26454,31.42529,308.13,0.39,0.44,2026-09-26,0030,N,nominal,2.0NRT,290.45,2.09,N
41.26514,31.42377,306.81,0.39,0.44,2026-09-26,0030,N,nominal,2.0NRT,288.6,1.22,N
41.26415,31.42832,299.71,0.39,0.44,2026-09-26,0030,N,nominal,2.0NRT,289.32,1.22,N
41.25435,31.41458,324.74,0.39,0.44,2026-09-26,0030,N,nominal,2.0NRT,285.37,2.5,N
43.65933,11.83673,300.37,0.42,0.61,2026-09-26,0030,N,nominal,2.0NRT,282.44,0.68,N
64.66379,21.2812,300.32,0.49,0.4,2026-09-26,0204,N,nominal,2.0NRT,277.8,1.3,N
59.52693,34.14394,300.83,0.54,0.68,2026-09-26,0204,N,nominal,2.0NRT,278.66,1.79,N
59.52842,34.14762,309.22,0.54,0.68,2026-09-26,0204,N,nominal,2.0NRT,279.85,1.89,N
40.24637,-3.47537,326.55,0.41,0.37,2026-09-26,0211,N,nominal,2.0NRT,294.37,1.51,N
40.24297,-3.47618,304.91,0.41,0.37,2026-09-26,0211,N,nominal,2.0NRT,290.39,1.51,N
39.6649,-0.24722,301.81,0.39,0.36,2026-09-26,0211,N,nominal,2.0NRT,291.42,0.68,N
36.86928,6.98321,317.13,0.55,0.51,2026-09-26,0211,N,nominal,2.0NRT,290.88,2.25,N
36.76015,7.31008,307.12,0.57,0.52,2026-09-26,0211,N,nominal,2.0NRT,289.86,1.71,N
36.74759,6.25498,333.41,0.5,0.49,2026-09-26,0211,N,nominal,2.0NRT,291.08,5.41,N
36.74662,6.25363,336.53,0.5,0.49,2026-09-26,0211,N,nominal,2.0NRT,291.8,5.56,N
38.96459,-6.80939,308.09,0.52,0.41,2026-09-26,0211,N,nominal,2.0NRT,288.56,1.58,N
38.95695,-6.81083,299.8,0.52,0.41,2026-09-26,0211,N,nominal,2.0NRT,287.04,0.76,N
38.95314,-6.81155,303.43,0.52,0.41,2026-09-26,0211,N,nominal,2.0NRT,287.59,0.76,N
36.43193,6.62588,296.45,0.54,0.51,2026-09-26,0211,N,nominal,2.0NRT,285.94,1.15,N
36.42956,6.62288,305.81,0.54,0.51,2026-09-26,0211,N,nominal,2.0NRT,287,1.34,N
36.48312,6.22849,315.02,0.51,0.49,2026-09-26,0211,N,nominal,2.0NRT,286.74,2.21,N
36.33228,5.48277,305.86,0.47,0.48,2026-09-26,0211,N,nominal,2.0NRT,284.63,1.13,N
38.30635,-6.05794,300.8,0.47,0.4,2026-09-26,0211,N,nominal,2.0NRT,287.64,0.56,N
36.75106,3.08023,305.81,0.53,0.42,2026-09-26,0211,N,nominal,2.0NRT,292.72,1.59,N
36.62996,3.23456,307.51,0.54,0.42,2026-09-26,0211,N,nominal,2.0NRT,291.89,0.75,N
36.59862,2.87785,302.27,0.52,0.42,2026-09-26,0211,N,nominal,2.0NRT,290.67,0.64,N
35.233,8.17167,299.19,0.35,0.56,2026-09-26,0211,N,nominal,2.0NRT,282.84,1.05,N
36.1802,3.74909,317.79,0.39,0.44,2026-09-26,0211,N,nominal,2.0NRT,287.93,1.96,N
37.59531,-5.08321,301.03,0.43,0.38,2026-09-26,0211,N,nominal,2.0NRT,289.8,0.35,N
35.87701,4.44876,298.61,0.43,0.46,2026-09-26,0211,N,nominal,2.0NRT,286.81,0.36,N
36.13873,2.93133,296.87,0.53,0.42,2026-09-26,0211,N,nominal,2.0NRT,285.33,0.23,N
36.14124,2.93131,295.5,0.53,0.42,2026-09-26,0211,N,nominal,2.0NRT,285.09,0.39,N
35.70696,4.47754,307.11,0.43,0.46,2026-09-26,0211,N,nominal,2.0NRT,287.98,0.81,N
35.7078,4.47582,306.54,0.43,0.46,2026-09-26,0211,N,nominal,2.0NRT,287.96,0.83,N
35.35004,5.76124,313.56,0.51,0.49,2026-09-26,0211,N,nominal,2.0NRT,286.94,2.03,N
36.20458,1.33418,300.73,0.46,0.39,2026-09-26,0213,N,nominal,2.0NRT,289.37,0.44,N
36.12782,1.24114,312.27,0.45,0.39,2026-09-26,0213,N,nominal,2.0NRT,293.53,1.88,N
37.28467,-6.36763,295.03,0.48,0.4,2026-09-26,0213,N,nominal,2.0NRT,278.11,0.51,N
35.09624,5.65034,301.43,0.51,0.49,2026-09-26,0213,N,nominal,2.0NRT,290.5,1.68,N
34.98038,5.7144,310.18,0.52,0.5,2026-09-26,0213,N,nominal,2.0NRT,294.08,1.77,N
34.98114,5.71386,310.33,0.52,0.5,2026-09-26,0213,N,nominal,2.0NRT,293.69,1.85,N
35.78371,0.54203,302.88,0.43,0.38,2026-09-26,0213,N,nominal,2.0NRT,292.34,0.73,N
35.81456,-0.26969,327.82,0.41,0.37,2026-09-26,0213,N,nominal,2.0NRT,293.83,1.97,N
35.81135,-0.25165,330.42,0.41,0.37,2026-09-26,0213,N,nominal,2.0NRT,293.68,1.96,N
35.81215,-0.25617,312.95,0.41,0.37,2026-09-26,0213,N,nominal,2.0NRT,293.37,1.96,N
35.80878,-0.25712,327.9,0.41,0.37,2026-09-26,0213,N,nominal,2.0NRT,294.74,4.17,N
35.80797,-0.2526,330.39,0.41,0.37,2026-09-26,0213,N,nominal,2.0NRT,294.48,4.17,N
35.81119,-0.27064,311.52,0.41,0.37,2026-09-26,0213,N,nominal,2.0NRT,293.37,1.19,N
35.80636,-0.24359,310.42,0.41,0.37,2026-09-26,0213,N,nominal,2.0NRT,294.38,1.9,N
35.77076,-0.26276,311.23,0.41,0.37,2026-09-26,0213,N,nominal,2.0NRT,295,1.42,N
35.76863,-0.26545,323.06,0.41,0.37,2026-09-26,0213,N,nominal,2.0NRT,296.3,3.03,N
35.53433,-0.27635,305.43,0.41,0.37,2026-09-26,0213,N,nominal,2.0NRT,292.89,1.41,N
35.56657,-0.93958,312.18,0.4,0.37,2026-09-26,0213,N,nominal,2.0NRT,292.12,1.09,N
35.45986,-0.39395,315.98,0.41,0.37,2026-09-26,0213,N,nominal,2.0NRT,292.9,1.89,N
36.17764,-5.42194,302.63,0.43,0.38,2026-09-26,0213,N,nominal,2.0NRT,291.5,1.05,N
35.31204,-1.34256,306.47,0.39,0.36,2026-09-26,0213,N,nominal,2.0NRT,292.31,0.92,N
34.8009,0.33112,299.95,0.44,0.38,2026-09-26,0213,N,nominal,2.0NRT,283.96,0.63,N
35.60062,-5.43147,304.37,0.42,0.38,2026-09-26,0213,N,nominal,2.0NRT,292.9,0.53,N
34.5962,-2.34859,307.91,0.39,0.36,2026-09-26,0213,N,nominal,2.0NRT,289.55,1.1,N
34.97972,-5.15738,302.05,0.41,0.37,2026-09-26,0213,N,nominal,2.0NRT,291.04,0.47,N
34.97401,-5.16687,314,0.41,0.37,2026-09-26,0213,N,nominal,2.0NRT,288.88,1.08,N
34.97184,-5.17653,302.05,0.41,0.37,2026-09-26,0213,N,nominal,2.0NRT,291.81,1.38,N
34.97119,-5.17186,306.68,0.41,0.37,2026-09-26,0213,N,nominal,2.0NRT,289.73,1.32,N
34.96997,-5.16308,300.58,0.41,0.37,2026-09-26,0213,N,nominal,2.0NRT,288.95,3.24,N
34.96845,-5.17746,323.63,0.41,0.37,2026-09-26,0213,N,nominal,2.0NRT,294.88,1.38,N
34.96653,-5.1636,340.16,0.41,0.37,2026-09-26,0213,N,nominal,2.0NRT,291.18,3.24,N
34.9691,-5.18216,307.18,0.41,0.37,2026-09-26,0213,N,nominal,2.0NRT,293.45,1.38,N
34.9678,-5.17272,319.41,0.41,0.37,2026-09-26,0213,N,nominal,2.0NRT,292.04,1.32,N
34.96441,-5.17366,343.49,0.41,0.37,2026-09-26,0213,N,nominal,2.0NRT,299,8.58,N
34.96375,-5.16889,332.12,0.41,0.37,2026-09-26,0213,N,nominal,2.0NRT,292.85,8.58,N
34.9631,-5.16416,330.1,0.41,0.37,2026-09-26,0213,N,nominal,2.0NRT,290.49,4.29,N
34.96103,-5.17463,345.58,0.41,0.37,2026-09-26,0213,N,nominal,2.0NRT,296.18,8.58,N
34.96035,-5.16976,367,0.41,0.37,2026-09-26,0213,N,high,2.0NRT,299.92,8.58,N
40.94648,31.39597,296.08,0.4,0.44,2026-09-26,0030,N,nominal,2.0NRT,283.18,0.48,N
40.75619,31.78295,297.3,0.42,0.45,2026-09-26,0030,N,nominal,2.0NRT,280.79,1.06,N
41.02016,28.55726,315.67,0.46,0.39,2026-09-26,0030,N,nominal,2.0NRT,287.83,1.4,N
40.75742,29.76231,304.69,0.51,0.41,2026-09-26,0030,N,nominal,2.0NRT,283.91,0.98,N
40.78324,29.60001,300.42,0.5,0.41,2026-09-26,0030,N,nominal,2.0NRT,283.7,0.85,N
40.74878,29.76563,305.59,0.51,0.41,2026-09-26,0030,N,nominal,2.0NRT,283.75,1.39,N
42.26439,19.29736,303.19,0.52,0.42,2026-09-26,0030,N,nominal,2.0NRT,285.43,1.34,N
42.26371,19.30373,298.88,0.52,0.42,2026-09-26,0030,N,nominal,2.0NRT,281.73,1.34,N
42.56974,12.6722,295.82,0.37,0.58,2026-09-26,0030,N,nominal,2.0NRT,284.47,0.94,N
42.56952,12.67717,297.94,0.37,0.58,2026-09-26,0030,N,nominal,2.0NRT,285.17,0.54,N
34.03697,-4.7762,305.74,0.4,0.37,2026-09-26,0213,N,nominal,2.0NRT,291.5,0.64,N
42.57348,12.67587,304.9,0.37,0.58,2026-09-26,0030,N,nominal,2.0NRT,284.68,0.94,N
40.44682,27.13377,307.54,0.42,0.38,2026-09-26,0030,N,nominal,2.0NRT,288.95,1.62,N
41.54865,19.72239,295.43,0.49,0.41,2026-09-26,0030,N,nominal,2.0NRT,283.77,0.68,N
40.44165,27.14234,299.84,0.42,0.38,2026-09-26,0030,N,nominal,2.0NRT,285.84,0.48,N
39.39528,30.88191,299.77,0.41,0.45,2026-09-26,0030,N,nominal,2.0NRT,276.42,0.85,N
41.73709,13.00319,296.9,0.35,0.57,2026-09-26,0030,N,nominal,2.0NRT,286.24,0.53,N
39.48533,30.04323,296.51,0.55,0.43,2026-09-26,0030,N,nominal,2.0NRT,280.57,1.31,N
41.37583,15.23867,296.44,0.53,0.5,2026-09-26,0030,N,nominal,2.0NRT,282.87,0.51,N
41.44382,14.00848,322.19,0.62,0.54,2026-09-26,0030,N,nominal,2.0NRT,285.76,3.79,N
41.4443,14.00058,295.34,0.62,0.54,2026-09-26,0030,N,nominal,2.0NRT,285.21,1.84,N
41.44407,14.00977,321.9,0.62,0.54,2026-09-26,0030,N,nominal,2.0NRT,285.85,2.26,N
41.44456,14.00239,295.95,0.62,0.54,2026-09-26,0030,N,nominal,2.0NRT,285.28,2.26,N
39.86454,26.2459,323.5,0.4,0.37,2026-09-26,0030,N,nominal,2.0NRT,286.2,1.46,N
39.86536,26.24121,297.37,0.4,0.37,2026-09-26,0030,N,nominal,2.0NRT,282.93,1.46,N
38.65779,30.61872,307.68,0.41,0.45,2026-09-26,0030,N,nominal,2.0NRT,282.73,1.79,N
39.16923,27.62854,298.19,0.45,0.39,2026-09-26,0030,N,nominal,2.0NRT,285.23,0.81,N
39.16827,27.63361,295.96,0.45,0.39,2026-09-26,0030,N,nominal,2.0NRT,285.35,0.4,N
39.18274,27.49864,298.08,0.44,0.39,2026-09-26,0030,N,nominal,2.0NRT,286.47,0.63,N
39.11581,27.5194,300.84,0.45,0.39,2026-09-26,0030,N,nominal,2.0NRT,284.96,0.85,N
39.11485,27.52439,305.79,0.45,0.39,2026-09-26,0030,N,nominal,2.0NRT,283.79,0.85,N
39.09484,27.51275,298.39,0.45,0.39,2026-09-26,0030,N,nominal,2.0NRT,285.22,1.33,N
39.09238,27.50629,299.62,0.45,0.39,2026-09-26,0030,N,nominal,2.0NRT,283.94,0.82,N
39.09138,27.51152,306.86,0.45,0.39,2026-09-26,0030,N,nominal,2.0NRT,285.61,1.33,N
40.52005,17.20585,307.49,0.41,0.45,2026-09-26,0030,N,nominal,2.0NRT,286.83,1.53,N
40.51957,17.21082,304.74,0.41,0.45,2026-09-26,0030,N,nominal,2.0NRT,287.72,1.53,N
38.74794,26.94825,311.73,0.43,0.38,2026-09-26,0030,N,nominal,2.0NRT,287.16,1.46,N
38.74358,26.95212,306.65,0.43,0.38,2026-09-26,0030,N,nominal,2.0NRT,287.97,1.46,N
38.74176,26.96195,300.01,0.43,0.38,2026-09-26,0030,N,nominal,2.0NRT,287.07,0.82,N
38.74013,26.95106,307.99,0.43,0.38,2026-09-26,0030,N,nominal,2.0NRT,288.42,1.71,N
38.73759,26.94508,328.33,0.43,0.38,2026-09-26,0030,N,nominal,2.0NRT,291.95,1.71,N
38.74032,26.93035,305.1,0.43,0.38,2026-09-26,0030,N,nominal,2.0NRT,289.65,0.97,N
38.73668,26.94996,306.4,0.43,0.38,2026-09-26,0030,N,nominal,2.0NRT,288.06,1.71,N
37.89851,30.4922,295.05,0.42,0.45,2026-09-26,0030,N,nominal,2.0NRT,281.17,0.68,N
36.86874,34.7626,307.22,0.37,0.58,2026-09-26,0030,N,nominal,2.0NRT,291.31,1.24,N
38.42648,27.2179,311.05,0.45,0.39,2026-09-26,0030,N,nominal,2.0NRT,284.77,1.58,N
37.25469,30.4426,304.14,0.43,0.46,2026-09-26,0033,N,nominal,2.0NRT,284.71,1.19,N
38.37455,24.06365,300.31,0.38,0.36,2026-09-26,0033,N,nominal,2.0NRT,285.39,0.64,N
36.26154,33.72805,299.85,0.33,0.56,2026-09-26,0033,N,nominal,2.0NRT,278.99,0.63,N
36.26426,33.73066,300.18,0.33,0.56,2026-09-26,0033,N,nominal,2.0NRT,280.23,0.46,N
38.13117,23.5256,302.95,0.38,0.36,2026-09-26,0033,N,nominal,2.0NRT,287.18,1.28,N
38.12788,23.52476,308.01,0.38,0.36,2026-09-26,0033,N,nominal,2.0NRT,285.23,1.6,N
38.79742,15.20769,313.05,0.5,0.49,2026-09-26,0033,N,nominal,2.0NRT,287.26,3.67,N
38.7927,15.20907,333.65,0.5,0.49,2026-09-26,0033,N,nominal,2.0NRT,285.77,3.67,N
39.08037,9.01821,300.35,0.54,0.68,2026-09-26,0033,N,nominal,2.0NRT,284.24,1.17,N
36.19825,29.84249,320.74,0.42,0.45,2026-09-26,0033,N,nominal,2.0NRT,291.61,2.18,N
37.74485,15.06312,298.45,0.5,0.49,2026-09-26,0033,N,nominal,2.0NRT,287.62,1.93,N
36.77978,10.19972,300.15,0.45,0.63,2026-09-26,0033,N,nominal,2.0NRT,286.9,0.46,N
36.86971,6.97622,330.01,0.68,0.74,2026-09-26,0033,N,nominal,2.0NRT,289.67,4.44,N
36.87119,6.97567,325.79,0.68,0.74,2026-09-26,0033,N,nominal,2.0NRT,289,4.53,N
36.75989,7.30481,305.73,0.65,0.73,2026-09-26,0033,N,nominal,2.0NRT,288.55,1.45,N
36.75889,7.30633,304.65,0.65,0.73,2026-09-26,0033,N,nominal,2.0NRT,288.22,1.73,N
36.58873,10.31644,298.36,0.44,0.62,2026-09-26,0033,N,nominal,2.0NRT,288.13,0.55,N
36.08382,6.80377,298.72,0.69,0.74,2026-09-26,0033,N,nominal,2.0NRT,283.88,1.39,N
35.7752,9.89101,300.31,0.46,0.63,2026-09-26,0033,N,nominal,2.0NRT,285.4,0.73,N
35.34863,5.76125,303.88,0.77,0.78,2026-09-26,0033,N,nominal,2.0NRT,286.56,1.53,N
35.34787,5.764,298.87,0.77,0.78,2026-09-26,0033,N,nominal,2.0NRT,285.94,0.76,N
35.23411,8.17162,297.64,0.57,0.69,2026-09-26,0033,N,nominal,2.0NRT,283.44,1.12,N
35.09394,5.64618,297.7,0.78,0.78,2026-09-26,0033,N,nominal,2.0NRT,284.17,1.77,N
34.98282,5.71231,308.55,0.77,0.78,2026-09-26,0033,N,nominal,2.0NRT,291.74,2,N
53.63326,-0.24263,308.03,0.52,0.66,2026-09-26,0347,N,nominal,2.0NRT,284.14,2.2,N
59.54684,1.53586,306.87,0.34,0.56,2026-09-26,0347,N,nominal,2.0NRT,281.07,1.14,N
53.5823,-0.62037,297.22,0.5,0.66,2026-09-26,0347,N,nominal,2.0NRT,280.07,1.36,N
64.35831,-21.78175,308.46,0.48,0.4,2026-09-26,0347,N,nominal,2.0NRT,277.12,1.59,N
53.56717,-0.59875,304.45,0.5,0.66,2026-09-26,0347,N,nominal,2.0NRT,280.57,2.52,N
51.39886,-3.39541,296.26,0.48,0.65,2026-09-26,0349,N,nominal,2.0NRT,279.93,1.05,N
51.39672,-3.39533,300.85,0.48,0.65,2026-09-26,0349,N,nominal,2.0NRT,280.38,0.94,N
51.68384,-5.02863,299.58,0.41,0.61,2026-09-26,0349,N,nominal,2.0NRT,285.18,0.5,N
59.54536,1.53199,308.62,0.46,0.39,2026-09-26,0206,N,nominal,2.0NRT,282.7,1.01,N
58.4778,1.26165,297.72,0.46,0.39,2026-09-26,0206,N,nominal,2.0NRT,283.85,0.47,N
58.35354,0.86591,330.66,0.47,0.39,2026-09-26,0206,N,nominal,2.0NRT,286.05,6.18,N
57.81464,-0.97793,323.84,0.52,0.41,2026-09-26,0209,N,nominal,2.0NRT,282.98,1.97,N
57.81084,-0.97923,296.85,0.52,0.41,2026-09-26,0209,N,nominal,2.0NRT,282.51,1.97,N
57.01219,1.8354,297.07,0.43,0.38,2026-09-26,0209,N,nominal,2.0NRT,285.13,0.43,N
50.7105,25.54049,295.42,0.69,0.74,2026-09-26,0209,N,nominal,2.0NRT,275.57,0.93,N
50.70324,25.53936,296.09,0.69,0.74,2026-09-26,0209,N,nominal,2.0NRT,275.26,1.2,N
56.01049,-3.66957,298.63,0.4,0.44,2026-09-26,0209,N,nominal,2.0NRT,281,0.66,N
53.51265,10.04021,303.72,0.47,0.4,2026-09-26,0209,N,nominal,2.0NRT,282.68,1.12,N
52.48853,13.83765,297.91,0.44,0.46,2026-09-26,0209,N,nominal,2.0NRT,279.74,0.71,N
52.17159,14.63028,306.21,0.48,0.48,2026-09-26,0209,N,nominal,2.0NRT,279.67,1.55,N
52.15806,14.64435,303.15,0.48,0.48,2026-09-26,0209,N,nominal,2.0NRT,279.87,1.05,N
51.68766,15.98042,320.42,0.56,0.51,2026-09-26,0209,N,nominal,2.0NRT,280.26,3.65,N
50.49411,19.45855,298.23,0.42,0.61,2026-09-26,0209,N,nominal,2.0NRT,278.69,0.77,N
52.40117,12.50084,310.98,0.4,0.44,2026-09-26,0209,N,nominal,2.0NRT,281.78,1.93,N
53.13232,8.68178,308.03,0.44,0.38,2026-09-26,0209,N,nominal,2.0NRT,281.6,2.03,N
53.12766,8.68622,295.51,0.44,0.38,2026-09-26,0209,N,nominal,2.0NRT,284.42,1.07,N
53.12427,8.68435,297.33,0.44,0.38,2026-09-26,0209,N,nominal,2.0NRT,280.87,1.07,N
50.4164,18.14315,295.38,0.37,0.58,2026-09-26,0209,N,nominal,2.0NRT,281.61,0.39,N
54.72433,-5.76942,299.91,0.46,0.47,2026-09-26,0209,N,nominal,2.0NRT,281.98,0.72,N
52.35407,9.88993,295.88,0.49,0.4,2026-09-26,0209,N,nominal,2.0NRT,280.71,0.78,N
52.16202,10.41849,317.74,0.51,0.41,2026-09-26,0209,N,nominal,2.0NRT,283.34,2.69,N
52.16,10.40923,312.32,0.51,0.41,2026-09-26,0209,N,nominal,2.0NRT,281.22,4.17,N
52.15639,10.40709,344.55,0.51,0.41,2026-09-26,0209,N,nominal,2.0NRT,284.76,4.17,N
52.15278,10.40497,328.16,0.51,0.41,2026-09-26,0209,N,nominal,2.0NRT,281.15,2.17,N
52.15438,10.39783,315.78,0.51,0.41,2026-09-26,0209,N,nominal,2.0NRT,284.3,2.86,N
52.15077,10.39569,304.99,0.51,0.41,2026-09-26,0209,N,nominal,2.0NRT,279.3,2.86,N
52.14917,10.40285,305.34,0.51,0.41,2026-09-26,0209,N,nominal,2.0NRT,277.94,2.17,N
52.46666,7.32008,323.04,0.42,0.38,2026-09-26,0209,N,nominal,2.0NRT,281.9,2.29,N
53.63535,-0.24548,299.84,0.44,0.39,2026-09-26,0209,N,nominal,2.0NRT,272.33,0.86,N
53.58244,-0.61998,306.97,0.45,0.39,2026-09-26,0209,N,nominal,2.0NRT,265.69,1.13,N
48.61787,21.18301,300.19,0.56,0.69,2026-09-26,0209,N,nominal,2.0NRT,277.75,2.56,N
53.56862,-0.59624,310.09,0.45,0.39,2026-09-26,0209,N,nominal,2.0NRT,267.57,1.33,N
53.56507,-0.59743,300.16,0.45,0.39,2026-09-26,0209,N,nominal,2.0NRT,267.27,0.66,N
52.20869,8.04801,304.57,0.44,0.38,2026-09-26,0209,N,nominal,2.0NRT,282.5,1.05,N
48.62081,21.18835,300.56,0.56,0.69,2026-09-26,0209,N,nominal,2.0NRT,277.16,1.14,N
48.60935,21.17922,298.21,0.56,0.69,2026-09-26,0209,N,nominal,2.0NRT,279.19,1.98,N
51.36255,10.48205,296.56,0.53,0.42,2026-09-26,0209,N,nominal,2.0NRT,280.99,0.77,N
52.49448,4.61117,326.04,0.39,0.36,2026-09-26,0209,N,nominal,2.0NRT,286.18,1.84,N
52.49356,4.61674,296.48,0.39,0.36,2026-09-26,0209,N,nominal,2.0NRT,285.43,0.63,N
52.49263,4.62231,305.93,0.39,0.36,2026-09-26,0209,N,nominal,2.0NRT,286.23,0.63,N
52.49124,4.60972,309.77,0.39,0.36,2026-09-26,0209,N,nominal,2.0NRT,285.01,1.25,N
52.4866,4.59569,314.13,0.39,0.36,2026-09-26,0209,N,nominal,2.0NRT,285.24,1.24,N
52.48567,4.60125,298.11,0.39,0.36,2026-09-26,0209,N,nominal,2.0NRT,285.33,0.58,N
52.48428,4.58867,328.04,0.39,0.36,2026-09-26,0209,N,nominal,2.0NRT,286.04,1.24,N
52.48521,4.58311,308.2,0.39,0.36,2026-09-26,0209,N,nominal,2.0NRT,285.22,2.03,N
52.48336,4.59424,310.85,0.39,0.36,2026-09-26,0209,N,nominal,2.0NRT,286.42,1.24,N
52.48257,4.58733,328.51,0.39,0.36,2026-09-26,0209,N,nominal,2.0NRT,285.81,3.46,N
52.48164,4.5929,307.71,0.39,0.36,2026-09-26,0209,N,nominal,2.0NRT,285.96,0.67,N
52.47747,4.59702,298.48,0.39,0.36,2026-09-26,0209,N,nominal,2.0NRT,286.49,0.67,N
52.47469,4.61372,301.13,0.39,0.36,2026-09-26,0209,N,nominal,2.0NRT,287.58,0.57,N
52.47608,4.58443,309.93,0.39,0.36,2026-09-26,0209,N,nominal,2.0NRT,288.36,1.09,N
53.33847,-1.75046,298,0.48,0.4,2026-09-26,0209,N,nominal,2.0NRT,279.37,1.05,N
51.62415,8.50295,297.42,0.46,0.39,2026-09-26,0209,N,nominal,2.0NRT,282.18,1.19,N
51.5928,8.3381,295.67,0.45,0.39,2026-09-26,0209,N,nominal,2.0NRT,281.5,1.48,N
51.51953,6.96846,327.67,0.42,0.38,2026-09-26,0209,N,nominal,2.0NRT,283.2,2.89,N
51.51838,6.97438,325.29,0.42,0.38,2026-09-26,0209,N,nominal,2.0NRT,281.88,2.89,N
51.5038,6.73537,297.79,0.42,0.37,2026-09-26,0209,N,nominal,2.0NRT,285.64,0.71,N
51.50157,6.72793,305.71,0.42,0.37,2026-09-26,0209,N,nominal,2.0NRT,288.68,1.55,N
51.49601,6.73795,297,0.42,0.37,2026-09-26,0209,N,nominal,2.0NRT,284.56,0.91,N
51.48599,6.73307,301.36,0.42,0.37,2026-09-26,0209,N,nominal,2.0NRT,285.16,0.87,N
51.4871,6.70807,311.64,0.42,0.37,2026-09-26,0209,N,nominal,2.0NRT,286.39,3.26,N
51.48598,6.71391,299.18,0.42,0.37,2026-09-26,0209,N,nominal,2.0NRT,284.86,4.02,N
51.48487,6.71976,304.91,0.42,0.37,2026-09-26,0209,N,nominal,2.0NRT,284.84,4.02,N
51.48487,6.70062,324.49,0.42,0.37,2026-09-26,0209,N,nominal,2.0NRT,285.35,3.26,N
51.48376,6.70645,341.06,0.42,0.37,2026-09-26,0209,N,nominal,2.0NRT,288.92,3.26,N
51.48154,6.71813,345.59,0.42,0.37,2026-09-26,0209,N,nominal,2.0NRT,286.9,4.02,N
51.9412,4.1073,296.76,0.38,0.36,2026-09-26,0209,N,nominal,2.0NRT,285.01,0.56,N
51.48264,6.69318,301.9,0.42,0.37,2026-09-26,0209,N,nominal,2.0NRT,284.17,0.54,N
51.4626,6.7408,301.21,0.42,0.38,2026-09-26,0209,N,nominal,2.0NRT,284.51,0.62,N
51.46148,6.74664,299.62,0.42,0.38,2026-09-26,0209,N,nominal,2.0NRT,285.02,0.62,N
51.88445,4.36553,297.14,0.39,0.36,2026-09-26,0209,N,nominal,2.0NRT,283.42,0.85,N
51.45926,6.73917,295.21,0.42,0.38,2026-09-26,0209,N,nominal,2.0NRT,283.92,0.2,N
51.87505,4.29659,297.86,0.39,0.36,2026-09-26,0209,N,nominal,2.0NRT,281.95,1.28,N
51.42562,6.73529,309.86,0.42,0.38,2026-09-26,0209,N,nominal,2.0NRT,284.49,1.02,N
51.36879,6.70758,321.21,0.42,0.38,2026-09-26,0209,N,nominal,2.0NRT,288.46,2.65,N
51.36545,6.70595,321.38,0.42,0.38,2026-09-26,0209,N,nominal,2.0NRT,285.49,2.65,N
51.36434,6.71178,306.5,0.42,0.38,2026-09-26,0209,N,nominal,2.0NRT,285.84,1.15,N
51.69438,4.59938,296.15,0.39,0.36,2026-09-26,0209,N,nominal,2.0NRT,283.57,0.53,N
52.98687,-7.23568,300.55,0.51,0.49,2026-09-26,0209,N,nominal,2.0NRT,280.47,0.98,N
51.26798,4.32707,298.08,0.39,0.36,2026-09-26,0209,N,nominal,2.0NRT,284.41,0.46,N
51.25544,4.33921,298.4,0.39,0.36,2026-09-26,0209,N,nominal,2.0NRT,284.12,1.02,N
52.64109,-8.69069,296.06,0.58,0.52,2026-09-26,0209,N,nominal,2.0NRT,281.97,0.66,N
51.18623,4.32513,296.35,0.39,0.36,2026-09-26,0209,N,nominal,2.0NRT,285.77,0.39,N
51.16718,4.33445,297.99,0.39,0.36,2026-09-26,0209,N,nominal,2.0NRT,285.48,0.86,N
50.27031,8.99412,301.61,0.5,0.41,2026-09-26,0209,N,nominal,2.0NRT,277.99,1.23,N
49.77064,11.02338,298.56,0.41,0.45,2026-09-26,0209,N,nominal,2.0NRT,279,0.74,N
51.17606,3.80861,334.49,0.39,0.36,2026-09-26,0209,N,nominal,2.0NRT,286.94,2.17,N
51.17517,3.81403,303.13,0.39,0.36,2026-09-26,0209,N,nominal,2.0NRT,284.34,2.17,N
51.17281,3.80726,367,0.39,0.36,2026-09-26,0209,N,high,2.0NRT,290.38,3.72,N
51.17192,3.81267,310.29,0.39,0.36,2026-09-26,0209,N,nominal,2.0NRT,283.8,3.72,N
51.16867,3.81131,322.43,0.39,0.36,2026-09-26,0209,N,nominal,2.0NRT,284.2,3.72,N
51.16956,3.8059,319.7,0.39,0.36,2026-09-26,0209,N,nominal,2.0NRT,285.49,3.72,N
51.16777,3.81673,306.83,0.39,0.36,2026-09-26,0209,N,nominal,2.0NRT,282.54,1.59,N
51.1663,3.80454,319.29,0.39,0.36,2026-09-26,0209,N,nominal,2.0NRT,282.49,2.11,N
50.76379,5.66903,315.62,0.41,0.37,2026-09-26,0209,N,nominal,2.0NRT,284.97,1.62,N
50.03076,8.25962,297.23,0.48,0.4,2026-09-26,0209,N,nominal,2.0NRT,281.01,0.35,N
50.57225,5.36859,304.85,0.4,0.37,2026-09-26,0209,N,nominal,2.0NRT,286.34,1.28,N
50.94021,3.16833,305.72,0.38,0.36,2026-09-26,0209,N,nominal,2.0NRT,282.42,1.03,N
51.04814,2.3221,316.12,0.39,0.36,2026-09-26,0209,N,nominal,2.0NRT,276.39,1.49,N
51.04487,2.32085,297.42,0.39,0.36,2026-09-26,0209,N,nominal,2.0NRT,275.6,0.66,N
51.0449,2.29786,304.35,0.39,0.36,2026-09-26,0209,N,nominal,2.0NRT,266.99,0.48,N
51.03591,2.28867,298.22,0.39,0.36,2026-09-26,0209,N,nominal,2.0NRT,267.92,0.74,N
51.03508,2.2941,309.85,0.39,0.36,2026-09-26,0209,N,nominal,2.0NRT,269.16,0.89,N
51.03264,2.28742,304.38,0.39,0.36,2026-09-26,0209,N,nominal,2.0NRT,268.13,0.74,N
48.278,14.33924,336.95,0.61,0.53,2026-09-26,0209,N,nominal,2.0NRT,283.33,3.97,N
48.27583,14.34705,302.17,0.61,0.53,2026-09-26,0209,N,nominal,2.0NRT,280.41,3.97,N
48.2734,14.3363,324.99,0.61,0.53,2026-09-26,0209,N,nominal,2.0NRT,281.34,4.25,N
48.27555,14.32853,306.64,0.61,0.53,2026-09-26,0209,N,nominal,2.0NRT,282.53,2.35,N
51.68366,-5.02905,302.98,0.4,0.44,2026-09-26,0209,N,nominal,2.0NRT,288.33,1.35,N
50.47122,3.99155,301.72,0.39,0.36,2026-09-26,0209,N,nominal,2.0NRT,284.61,0.8,N
51.39832,-3.39619,298.79,0.52,0.42,2026-09-26,0209,N,nominal,2.0NRT,276.83,0.7,N
50.40205,3.56204,297.02,0.39,0.36,2026-09-26,0209,N,nominal,2.0NRT,284.09,0.41,N
50.33784,3.49413,311.02,0.39,0.36,2026-09-26,0209,N,nominal,2.0NRT,286.28,1.45,N
49.3594,6.74711,327.76,0.45,0.39,2026-09-26,0211,N,nominal,2.0NRT,281.81,3.02,N
49.35595,6.74552,305.49,0.45,0.39,2026-09-26,0211,N,nominal,2.0NRT,281.91,1.84,N
49.50669,5.95767,303.49,0.42,0.38,2026-09-26,0211,N,nominal,2.0NRT,281.52,0.87,N
49.50332,5.95614,301.43,0.42,0.38,2026-09-26,0211,N,nominal,2.0NRT,281.45,1.08,N
49.24707,6.84436,297.1,0.45,0.39,2026-09-26,0211,N,nominal,2.0NRT,280.47,1.26,N
49.31846,6.14476,296.8,0.43,0.38,2026-09-26,0211,N,nominal,2.0NRT,279.87,0.46,N
48.36756,9.73719,295.74,0.39,0.44,2026-09-26,0211,N,nominal,2.0NRT,277.89,0.7,N
48.59859,7.82153,316.63,0.49,0.41,2026-09-26,0211,N,nominal,2.0NRT,285.12,2.3,N
48.69232,6.9651,302.6,0.46,0.39,2026-09-26,0211,N,nominal,2.0NRT,280.82,0.83,N
48.71523,5.68373,297.86,0.43,0.38,2026-09-26,0211,N,nominal,2.0NRT,278.92,0.86,N
49.47806,0.5346,301.16,0.4,0.37,2026-09-26,0211,N,nominal,2.0NRT,280.75,0.55,N
48.98563,1.76078,302.06,0.38,0.36,2026-09-26,0211,N,nominal,2.0NRT,287.21,0.89,N
48.98236,1.7596,314.11,0.38,0.36,2026-09-26,0211,N,nominal,2.0NRT,287.63,0.89,N
48.51537,4.18068,328.23,0.4,0.37,2026-09-26,0211,N,nominal,2.0NRT,280.86,2.93,N
46.06852,13.62326,296.01,0.33,0.55,2026-09-26,0211,N,nominal,2.0NRT,280.52,0.64,N
48.38636,2.98227,317.14,0.39,0.36,2026-09-26,0211,N,nominal,2.0NRT,287.6,1.86,N
47.0717,8.26366,318.28,0.55,0.43,2026-09-26,0211,N,nominal,2.0NRT,281.99,2.31,N
47.17598,7.56288,317.81,0.52,0.41,2026-09-26,0211,N,nominal,2.0NRT,282.87,1.94,N
47.17232,7.56113,310.77,0.52,0.41,2026-09-26,0211,N,nominal,2.0NRT,281.28,1.94,N
47.67447,3.54772,296.68,0.4,0.37,2026-09-26,0211,N,nominal,2.0NRT,285.57,0.35,N
48.10856,-1.03679,302.38,0.41,0.37,2026-09-26,0211,N,nominal,2.0NRT,286.81,1.06,N
45.38445,11.94583,302.44,0.58,0.52,2026-09-26,0211,N,nominal,2.0NRT,284.05,1.8,N
45.38257,11.95293,297.02,0.58,0.52,2026-09-26,0211,N,nominal,2.0NRT,284.27,1.19,N
45.46204,10.45814,338.27,0.5,0.49,2026-09-26,0211,N,nominal,2.0NRT,286.21,5.59,N
45.45773,10.45603,313.6,0.5,0.49,2026-09-26,0211,N,nominal,2.0NRT,284.1,1.79,N
45.46104,10.45623,344.41,0.5,0.49,2026-09-26,0211,N,nominal,2.0NRT,286.19,8.38,N
43.50053,16.6054,295.23,0.53,0.67,2026-09-26,0211,N,nominal,2.0NRT,282.28,0.62,N
43.54043,16.43898,297.96,0.52,0.67,2026-09-26,0211,N,nominal,2.0NRT,286.05,1.29,N
43.54145,16.44123,298.71,0.52,0.67,2026-09-26,0211,N,nominal,2.0NRT,285.03,1.07,N
45.14434,9.94214,327.46,0.48,0.48,2026-09-26,0211,N,nominal,2.0NRT,284.26,4.1,N
43.3659,12.54667,297.66,0.35,0.57,2026-09-26,0211,N,nominal,2.0NRT,283.55,0.96,N
42.85799,13.11686,305.46,0.39,0.59,2026-09-26,0211,N,nominal,2.0NRT,274.83,0.31,N
41.44693,14.00185,299.82,0.47,0.64,2026-09-26,0211,N,nominal,2.0NRT,284.56,0.63,N
43.4485,4.89544,314.66,0.48,0.4,2026-09-26,0211,N,nominal,2.0NRT,289.38,1.8,N
43.44373,4.89988,307.23,0.48,0.4,2026-09-26,0211,N,nominal,2.0NRT,287.6,2.21,N
43.4483,4.83907,298.94,0.48,0.4,2026-09-26,0211,N,nominal,2.0NRT,288.75,1.18,N
43.44713,4.84485,298.97,0.48,0.4,2026-09-26,0211,N,nominal,2.0NRT,288.49,1.24,N
43.44007,4.87968,302.38,0.48,0.4,2026-09-26,0211,N,nominal,2.0NRT,289.72,2.46,N
43.43772,4.89129,311.61,0.48,0.4,2026-09-26,0211,N,nominal,2.0NRT,290.31,1.74,N
43.43648,4.87829,326.01,0.48,0.4,2026-09-26,0211,N,nominal,2.0NRT,289.36,2.46,N
43.43295,4.89573,311.84,0.48,0.4,2026-09-26,0211,N,nominal,2.0NRT,289.99,1.74,N
39.01709,17.15086,299.62,0.77,0.78,2026-09-26,0211,N,nominal,2.0NRT,284.16,1.02,N
42.71313,1.99989,308.1,0.41,0.37,2026-09-26,0211,N,nominal,2.0NRT,284.07,1.55,N
38.79189,15.21817,313.03,0.64,0.72,2026-09-26,0213,N,nominal,2.0NRT,285.11,1.93,N
42.99129,-5.8409,319.3,0.52,0.42,2026-09-26,0213,N,nominal,2.0NRT,282.19,3.24,N
42.99065,-5.83495,311.84,0.52,0.42,2026-09-26,0213,N,nominal,2.0NRT,282.14,2.48,N
41.56836,1.65316,320.39,0.41,0.37,2026-09-26,0213,N,nominal,2.0NRT,288.47,2.1,N
41.45625,1.98125,302.15,0.42,0.37,2026-09-26,0213,N,nominal,2.0NRT,290.72,0.87,N
42.55218,-6.76555,298.31,0.56,0.43,2026-09-26,0213,N,nominal,2.0NRT,283.32,0.5,N
41.31246,1.66281,313.32,0.41,0.37,2026-09-26,0213,N,nominal,2.0NRT,292.62,1.48,N
39.45616,8.86346,299.42,0.59,0.53,2026-09-26,0213,N,nominal,2.0NRT,285.55,0.77,N
41.4756,-1.48512,304.95,0.39,0.36,2026-09-26,0213,N,nominal,2.0NRT,289.01,0.53,N
40.57797,0.54108,304.17,0.39,0.37,2026-09-26,0213,N,nominal,2.0NRT,292.6,0.79,N
37.59401,31.82241,325.07,0.43,0.62,2026-09-26,1013,N,nominal,2.0NRT,293.66,1.48,D
37.60706,31.78168,326.46,0.43,0.62,2026-09-26,1013,N,nominal,2.0NRT,295.52,2.49,D
37.69038,31.7971,332.66,0.43,0.62,2026-09-26,1013,N,nominal,2.0NRT,283.53,6.46,D
37.68912,31.79247,326.74,0.43,0.62,2026-09-26,1013,N,nominal,2.0NRT,283.8,3.81,D
37.69225,31.79528,338.92,0.42,0.61,2026-09-26,1013,N,nominal,2.0NRT,284.43,3.21,D
37.70764,31.76313,332.07,0.43,0.62,2026-09-26,1013,N,nominal,2.0NRT,291.23,2.7,D
37.75906,31.75107,330.11,0.43,0.62,2026-09-26,1013,N,nominal,2.0NRT,287.41,4.38,D
37.76966,31.76758,341.12,0.42,0.61,2026-09-26,1013,N,nominal,2.0NRT,286.82,6.6,D
38.07288,32.83281,330.03,0.37,0.58,2026-09-26,1013,N,nominal,2.0NRT,280.24,2.86,D
37.75753,31.63445,326.25,0.43,0.62,2026-09-26,1013,N,nominal,2.0NRT,274.97,3.18,D
37.79423,31.74642,344.5,0.43,0.62,2026-09-26,1013,N,nominal,2.0NRT,296.2,8.16,D
37.79073,31.74404,345.5,0.42,0.61,2026-09-26,1013,N,nominal,2.0NRT,297.4,6.21,D
38.26149,33.40347,335.52,0.34,0.56,2026-09-26,1013,N,nominal,2.0NRT,293.91,1.54,D
37.90404,31.59608,325.4,0.43,0.62,2026-09-26,1013,N,nominal,2.0NRT,280.68,2.43,D
39.1171,34.43326,337.62,0.57,0.52,2026-09-26,1011,N,nominal,2.0NRT,297.3,3.58,D
38.63023,32.42259,351.91,0.37,0.58,2026-09-26,1011,N,nominal,2.0NRT,288.49,5.87,D
38.6354,32.42044,348.71,0.37,0.58,2026-09-26,1011,N,nominal,2.0NRT,285.52,5.87,D
38.66581,32.37111,327.69,0.37,0.58,2026-09-26,1011,N,nominal,2.0NRT,291.36,2.42,D
38.67097,32.36888,326.88,0.37,0.58,2026-09-26,1011,N,nominal,2.0NRT,289.13,2.45,D
38.606,32.10702,367,0.39,0.59,2026-09-26,1011,N,high,2.0NRT,294.25,9.05,D
39.32597,34.81076,332.45,0.54,0.51,2026-09-26,1011,N,nominal,2.0NRT,297.98,3.26,D
39.36871,34.94756,339.83,0.53,0.5,2026-09-26,1011,N,nominal,2.0NRT,300.88,5.9,D
38.63212,32.00885,325,0.39,0.59,2026-09-26,1011,N,nominal,2.0NRT,290.89,2.95,D
39.00161,33.25969,346.13,0.33,0.55,2026-09-26,1011,N,nominal,2.0NRT,283.7,3.76,D
38.71666,31.99518,327.14,0.39,0.59,2026-09-26,1011,N,nominal,2.0NRT,286.21,1.76,D
38.7219,31.99291,326.82,0.39,0.59,2026-09-26,1011,N,nominal,2.0NRT,285.06,1.76,D
38.80615,32.22011,335.28,0.38,0.59,2026-09-26,1011,N,nominal,2.0NRT,287.19,1.8,D
39.24401,33.37197,342.92,0.32,0.55,2026-09-26,1011,N,nominal,2.0NRT,296.73,5.17,D
39.24308,33.36843,353.19,0.32,0.55,2026-09-26,1011,N,nominal,2.0NRT,295.9,3.24,D
39.24217,33.3649,329.46,0.32,0.55,2026-09-26,1011,N,nominal,2.0NRT,292.77,3.24,D
39.35471,33.63757,330.25,0.62,0.54,2026-09-26,1011,N,nominal,2.0NRT,294.92,1.71,D
39.52015,33.99223,329.9,0.59,0.53,2026-09-26,1011,N,nominal,2.0NRT,288.76,5.44,D
39.5048,33.82861,329.28,0.6,0.53,2026-09-26,1011,N,nominal,2.0NRT,297.41,3.91,D
39.53791,33.43619,342.37,0.63,0.54,2026-09-26,1011,N,nominal,2.0NRT,299.28,8.06,D
39.7679,33.94471,340.63,0.58,0.52,2026-09-26,1011,N,nominal,2.0NRT,299.96,2.76,D
40.16935,34.97592,331.46,0.51,0.49,2026-09-26,1011,N,nominal,2.0NRT,298.21,5.3,D
40.16797,34.97005,335.28,0.51,0.49,2026-09-26,1011,N,nominal,2.0NRT,297.44,3.83,D
40.54705,34.14113,344.39,0.55,0.51,2026-09-26,1011,N,nominal,2.0NRT,309.03,18.3,D
40.54987,34.14499,342.45,0.54,0.51,2026-09-26,1011,N,nominal,2.0NRT,307.92,14.18,D
40.54832,34.13874,339.28,0.55,0.51,2026-09-26,1011,N,nominal,2.0NRT,306.09,9.44,D
40.58509,34.20689,350.55,0.54,0.51,2026-09-26,1011,N,nominal,2.0NRT,302.21,7.48,D
40.28028,27.77511,325.89,0.57,0.69,2026-09-26,1011,N,nominal,2.0NRT,293.42,3.51,D
41.45822,27.69769,327.82,0.53,0.67,2026-09-26,1013,N,nominal,2.0NRT,293.57,3.02,D
41.45668,27.69912,330.61,0.53,0.67,2026-09-26,1013,N,nominal,2.0NRT,293.48,3.3,D
45.25549,31.67559,338.01,0.54,0.51,2026-09-26,1013,N,nominal,2.0NRT,291.32,3.75,D
45.25994,31.67333,338.87,0.54,0.51,2026-09-26,1013,N,nominal,2.0NRT,290.09,4.83,D
47.52284,30.80152,326.34,0.51,0.49,2026-09-26,1013,N,nominal,2.0NRT,286.57,4.15,D
47.52716,30.79914,336.26,0.51,0.49,2026-09-26,1013,N,nominal,2.0NRT,284.03,4.15,D
46.73386,23.73992,335.96,0.54,0.68,2026-09-26,1013,N,nominal,2.0NRT,289.72,3.99,D
45.74236,20.73866,353.99,0.77,0.78,2026-09-26,1013,N,nominal,2.0NRT,290.91,10.11,D
45.7488,20.73377,336.07,0.77,0.78,2026-09-26,1013,N,nominal,2.0NRT,289.08,6.55,D
45.74545,20.73767,367,0.77,0.77,2026-09-26,1013,N,high,2.0NRT,291.27,18.06,D
50.52563,29.61388,330.96,0.47,0.48,2026-09-26,1015,N,nominal,2.0NRT,287.9,2.74,D
52.15331,33.96252,328.73,0.46,0.39,2026-09-26,1015,N,nominal,2.0NRT,290.31,3.98,D
52.15677,33.96066,329.68,0.46,0.39,2026-09-26,1015,N,nominal,2.0NRT,289.83,5.03,D
52.35611,34.1025,339.92,0.45,0.39,2026-09-26,1015,N,nominal,2.0NRT,290.96,7.43,D
52.35955,34.10066,335.18,0.45,0.39,2026-09-26,1015,N,nominal,2.0NRT,290.29,7.43,D
52.61838,34.38824,325.63,0.44,0.38,2026-09-26,1015,N,nominal,2.0NRT,287.3,2.63,D
53.42488,34.02618,326.62,0.44,0.38,2026-09-26,1015,N,nominal,2.0NRT,287.46,3.88,D
53.42362,34.01983,330.19,0.44,0.38,2026-09-26,1015,N,nominal,2.0NRT,289.28,4.6,D
51.68693,15.98395,326.09,0.7,0.75,2026-09-26,1015,N,nominal,2.0NRT,290.96,5.3,D
54.7542,20.33322,326.24,0.38,0.59,2026-09-26,1015,N,nominal,2.0NRT,278.12,2.02,D
37.64544,31.81487,356.57,0.42,0.61,2026-09-26,1151,N,nominal,2.0NRT,275.95,13.05,D
37.64569,31.82005,356.78,0.42,0.61,2026-09-26,1151,N,low,2.0NRT,276.9,13.05,D
37.7581,31.75418,344.85,0.41,0.61,2026-09-26,1151,N,nominal,2.0NRT,277.87,4.47,D
37.75786,31.74941,334.14,0.41,0.61,2026-09-26,1151,N,nominal,2.0NRT,278.96,4.47,D
37.78643,31.75197,354.59,0.41,0.61,2026-09-26,1151,N,nominal,2.0NRT,275.05,9.2,D
37.80215,31.72684,328.65,0.41,0.61,2026-09-26,1151,N,nominal,2.0NRT,275.64,7.41,D
37.80241,31.7316,356.93,0.41,0.61,2026-09-26,1151,N,low,2.0NRT,281.15,7.41,D
37.80806,31.73112,338.9,0.41,0.61,2026-09-26,1151,N,nominal,2.0NRT,277.3,6.38,D
37.87515,31.55255,332.14,0.4,0.6,2026-09-26,1151,N,nominal,2.0NRT,271.21,3.38,D
37.90368,31.77165,325.87,0.42,0.61,2026-09-26,1151,N,nominal,2.0NRT,282.16,1.97,D
38.34734,31.70672,335.51,0.42,0.61,2026-09-26,1151,N,nominal,2.0NRT,288.62,6.46,D
38.34921,31.70696,334.11,0.42,0.61,2026-09-26,1151,N,nominal,2.0NRT,288.91,6.63,D
38.66612,32.04045,330.71,0.44,0.62,2026-09-26,1151,N,nominal,2.0NRT,280.3,3.19,D
38.6663,32.04297,331.31,0.44,0.62,2026-09-26,1151,N,nominal,2.0NRT,280.07,4.03,D
38.76579,32.18141,336.02,0.44,0.63,2026-09-26,1151,N,nominal,2.0NRT,274.82,4.03,D
39.04189,31.88297,326.17,0.43,0.62,2026-09-26,1151,N,nominal,2.0NRT,291.77,1.35,D
34.09691,3.30642,336.5,0.77,0.77,2026-09-26,1151,N,nominal,2.0NRT,306.46,6.45,D
39.05799,31.85671,367,0.43,0.62,2026-09-26,1151,N,high,2.0NRT,290.83,19.09,D
39.0586,31.85401,367,0.43,0.62,2026-09-26,1151,N,high,2.0NRT,290.11,16.48,D
39.05881,31.85912,337.07,0.43,0.62,2026-09-26,1151,N,nominal,2.0NRT,286.16,15.07,D
34.09369,3.30779,337.01,0.77,0.77,2026-09-26,1151,N,nominal,2.0NRT,305.16,3.12,D
39.09515,31.63881,346.76,0.42,0.61,2026-09-26,1151,N,nominal,2.0NRT,286.62,4.29,D
37.10703,14.10679,334.44,0.53,0.42,2026-09-26,1151,N,nominal,2.0NRT,295.03,7.04,D
37.10831,14.10557,335.35,0.53,0.42,2026-09-26,1151,N,nominal,2.0NRT,297.78,7.76,D
37.26295,14.29554,329.63,0.52,0.42,2026-09-26,1151,N,nominal,2.0NRT,299.2,2.73,D
37.26096,14.29412,330.24,0.52,0.42,2026-09-26,1151,N,nominal,2.0NRT,298.49,2.97,D
37.4444,14.89993,334.55,0.49,0.4,2026-09-26,1151,N,nominal,2.0NRT,299.4,7.1,D
37.44335,14.89451,340.7,0.49,0.4,2026-09-26,1151,N,nominal,2.0NRT,301.57,7.1,D
39.36728,29.94106,329.83,0.34,0.56,2026-09-26,1151,N,nominal,2.0NRT,291.61,2.44,D
37.34957,14.0895,337.18,0.53,0.42,2026-09-26,1151,N,nominal,2.0NRT,303.06,6.41,D
39.47783,29.77213,336.54,0.33,0.56,2026-09-26,1151,N,nominal,2.0NRT,291.56,3.32,D
37.43196,13.97503,330.95,0.53,0.42,2026-09-26,1151,N,nominal,2.0NRT,299.55,3.04,D
37.49541,13.60958,336.82,0.55,0.43,2026-09-26,1151,N,nominal,2.0NRT,300.83,5.94,D
37.59595,13.94129,338.97,0.53,0.42,2026-09-26,1151,N,nominal,2.0NRT,303.54,14.25,D
36.08549,6.91649,337.74,0.44,0.62,2026-09-26,1151,N,low,2.0NRT,308.84,3.64,D
36.08701,6.91759,342.12,0.44,0.62,2026-09-26,1151,N,nominal,2.0NRT,308.68,4.19,D
36.09123,6.91056,333.97,0.44,0.62,2026-09-26,1151,N,low,2.0NRT,307.88,2.37,D
37.77531,13.78063,346.09,0.54,0.42,2026-09-26,1151,N,nominal,2.0NRT,302.85,13.11,D
37.59116,12.85641,341.97,0.4,0.44,2026-09-26,1151,N,nominal,2.0NRT,302.42,4.59,D
37.69736,13.11596,333.78,0.39,0.44,2026-09-26,1151,N,nominal,2.0NRT,301.64,3.74,D
37.69641,13.11153,334.28,0.39,0.44,2026-09-26,1151,N,nominal,2.0NRT,300.54,2.44,D
36.99749,9.86743,351.19,0.58,0.52,2026-09-26,1151,N,nominal,2.0NRT,303.32,25.16,D
36.84304,9.21957,330.68,0.32,0.54,2026-09-26,1151,N,nominal,2.0NRT,293.77,3.41,D
36.84216,9.21605,339.01,0.32,0.55,2026-09-26,1151,N,nominal,2.0NRT,295.47,3.7,D
36.93998,9.52628,340.92,0.61,0.54,2026-09-26,1151,N,nominal,2.0NRT,297.69,7.4,D
36.34162,7.17495,337.77,0.42,0.61,2026-09-26,1151,N,nominal,2.0NRT,302.94,1.98,D
36.97661,9.48397,338.51,0.61,0.54,2026-09-26,1151,N,nominal,2.0NRT,300.44,8.5,D
36.97324,9.48407,330.58,0.61,0.54,2026-09-26,1151,N,nominal,2.0NRT,298.82,3.38,D
40.11576,28.06545,328.74,0.55,0.51,2026-09-26,1151,N,nominal,2.0NRT,294.42,6.02,D
40.11526,28.05893,341.22,0.55,0.51,2026-09-26,1151,N,nominal,2.0NRT,296.23,6.02,D
40.12101,28.07154,345.33,0.55,0.51,2026-09-26,1151,N,nominal,2.0NRT,295.66,4.68,D
40.11644,28.06399,339.82,0.55,0.51,2026-09-26,1151,N,nominal,2.0NRT,294.8,5.55,D
40.11597,28.05746,339.9,0.55,0.51,2026-09-26,1151,N,nominal,2.0NRT,295.33,5.21,D
40.12165,28.07005,341.93,0.55,0.51,2026-09-26,1151,N,nominal,2.0NRT,295.57,5.55,D
40.21822,27.8141,351.35,0.53,0.5,2026-09-26,1151,N,nominal,2.0NRT,299.04,7.78,D
40.22706,27.80607,341.95,0.53,0.5,2026-09-26,1151,N,nominal,2.0NRT,298.36,8.71,D
40.28371,27.80602,339.02,0.53,0.5,2026-09-26,1151,N,nominal,2.0NRT,298.52,5.4,D
40.29281,27.86282,338.53,0.54,0.51,2026-09-26,1151,N,nominal,2.0NRT,298.56,7.79,D
40.29231,27.85627,340.51,0.54,0.51,2026-09-26,1151,N,nominal,2.0NRT,298.89,6.03,D
40.28841,27.80567,332.65,0.53,0.5,2026-09-26,1151,N,nominal,2.0NRT,298.7,3.55,D
40.29309,27.80512,337.41,0.53,0.5,2026-09-26,1151,N,nominal,2.0NRT,300.05,3.55,D
40.29035,27.80401,335.72,0.53,0.5,2026-09-26,1151,N,nominal,2.0NRT,298.41,7.74,D
36.86579,6.97918,331.95,0.42,0.61,2026-09-26,1151,N,nominal,2.0NRT,298.91,4.72,D
36.86885,6.97901,347.38,0.42,0.61,2026-09-26,1151,N,nominal,2.0NRT,298.95,5.17,D
40.44641,27.13163,331.16,0.49,0.49,2026-09-26,1151,N,nominal,2.0NRT,298.77,2.75,D
41.17884,28.28236,338.73,0.58,0.52,2026-09-26,1151,N,nominal,2.0NRT,296.29,5.99,D
41.18193,28.28097,331.23,0.58,0.52,2026-09-26,1151,N,nominal,2.0NRT,294.74,6.09,D
40.36219,18.27699,332.77,0.38,0.36,2026-09-26,1153,N,nominal,2.0NRT,295.95,3.54,D
40.37948,15.12571,333.09,0.44,0.38,2026-09-26,1153,N,nominal,2.0NRT,289.46,3.13,D
40.73628,16.50016,327.87,0.4,0.37,2026-09-26,1153,N,nominal,2.0NRT,297.84,4.88,D
40.74041,16.50388,328.88,0.4,0.37,2026-09-26,1153,N,nominal,2.0NRT,298.43,4.88,D
40.73961,16.49917,346.04,0.4,0.37,2026-09-26,1153,N,nominal,2.0NRT,301.08,4.88,D
39.44578,9.00984,338.09,0.56,0.52,2026-09-26,1153,N,nominal,2.0NRT,299.62,5.78,D
39.51665,9.01075,343.46,0.56,0.52,2026-09-26,1153,N,nominal,2.0NRT,303.4,15.05,D
39.51722,9.00893,356.53,0.56,0.52,2026-09-26,1153,N,nominal,2.0NRT,303.37,16.55,D
41.07816,15.32836,341.1,0.42,0.38,2026-09-26,1153,N,nominal,2.0NRT,296.86,5.32,D
41.29007,16.04648,328.98,0.4,0.37,2026-09-26,1153,N,nominal,2.0NRT,298.19,1.14,D
41.06419,14.22582,332.18,0.46,0.39,2026-09-26,1153,N,nominal,2.0NRT,304.05,1.85,D
41.4577,15.7925,339.06,0.41,0.37,2026-09-26,1153,N,nominal,2.0NRT,301.55,5.69,D
41.45685,15.78768,344.07,0.41,0.37,2026-09-26,1153,N,nominal,2.0NRT,302.41,5.69,D
41.46021,15.78663,349.62,0.41,0.37,2026-09-26,1153,N,nominal,2.0NRT,304.84,13.66,D
41.45937,15.78182,334.66,0.41,0.37,2026-09-26,1153,N,nominal,2.0NRT,303.69,3.8,D
41.45598,15.76253,349.59,0.41,0.37,2026-09-26,1153,N,nominal,2.0NRT,301.17,3.34,D
41.46496,15.63207,350.42,0.41,0.37,2026-09-26,1153,N,nominal,2.0NRT,300.11,6.65,D
41.4641,15.62721,357.06,0.41,0.37,2026-09-26,1153,N,low,2.0NRT,299.27,8.46,D
41.46748,15.62615,343.28,0.41,0.37,2026-09-26,1153,N,nominal,2.0NRT,298.92,3.52,D
41.47115,15.61181,342.13,0.41,0.37,2026-09-26,1153,N,nominal,2.0NRT,298.3,3.71,D
41.47538,15.61561,347.13,0.41,0.37,2026-09-26,1153,N,nominal,2.0NRT,298.7,3.54,D
41.47452,15.61076,347.69,0.41,0.37,2026-09-26,1153,N,nominal,2.0NRT,298.19,3.54,D
41.51224,15.80299,333.22,0.41,0.37,2026-09-26,1153,N,nominal,2.0NRT,297.97,2.52,D
41.51139,15.79818,335.75,0.41,0.37,2026-09-26,1153,N,nominal,2.0NRT,299.88,2.46,D
41.47876,15.61456,342.67,0.41,0.37,2026-09-26,1153,N,nominal,2.0NRT,297.01,3.54,D
41.47865,15.59406,338.15,0.41,0.37,2026-09-26,1153,N,nominal,2.0NRT,298.78,2.52,D
41.55703,15.57451,335.1,0.41,0.37,2026-09-26,1153,N,nominal,2.0NRT,300.14,3.18,D
41.29085,13.9213,326.83,0.46,0.39,2026-09-26,1153,N,low,2.0NRT,297.71,3.75,D
41.29212,13.90844,333.8,0.47,0.39,2026-09-26,1153,N,nominal,2.0NRT,302.05,3.96,D
41.44809,14.00997,347.33,0.46,0.39,2026-09-26,1153,N,nominal,2.0NRT,298.65,6.43,D
41.72982,15.49342,330.58,0.41,0.37,2026-09-26,1153,N,low,2.0NRT,303.86,11.79,D
41.73405,15.49724,332.78,0.41,0.37,2026-09-26,1153,N,nominal,2.0NRT,300.09,11.79,D
41.73318,15.49235,344.63,0.41,0.37,2026-09-26,1153,N,nominal,2.0NRT,306.01,11.79,D
40.31318,8.61688,336.92,0.56,0.52,2026-09-26,1153,N,nominal,2.0NRT,303.5,5.95,D
40.31418,8.61668,340.44,0.56,0.52,2026-09-26,1153,N,nominal,2.0NRT,302.92,7.3,D
41.59174,14.1252,333,0.45,0.39,2026-09-26,1153,N,nominal,2.0NRT,301.47,3.56,D
42.12209,12.51851,339.35,0.51,0.41,2026-09-26,1153,N,nominal,2.0NRT,299.73,10.51,D
43.34134,17.72628,336.57,0.38,0.36,2026-09-26,1153,N,nominal,2.0NRT,296.67,4.36,D
43.34532,17.73001,356.4,0.38,0.36,2026-09-26,1153,N,nominal,2.0NRT,295.65,4.36,D
43.34461,17.72533,338.96,0.38,0.36,2026-09-26,1153,N,nominal,2.0NRT,296.23,4.36,D
43.34732,17.72613,337.32,0.38,0.36,2026-09-26,1153,N,nominal,2.0NRT,296.45,3.26,D
44.4462,27.10051,325.75,0.54,0.51,2026-09-26,1153,N,nominal,2.0NRT,273.73,3.44,D
44.50002,22.73476,326.14,0.51,0.41,2026-09-26,1153,N,nominal,2.0NRT,290.14,3.7,D
44.50383,22.73402,329.14,0.51,0.41,2026-09-26,1153,N,nominal,2.0NRT,291.39,3.7,D
45.25571,31.67495,347.15,0.46,0.64,2026-09-26,1153,N,nominal,2.0NRT,284.67,5.87,D
44.61454,20.72423,330.95,0.44,0.38,2026-09-26,1153,N,nominal,2.0NRT,292.59,2.06,D
44.09588,16.80154,340.66,0.38,0.36,2026-09-26,1153,N,nominal,2.0NRT,292.19,3.17,D
44.0945,15.34423,336.45,0.4,0.37,2026-09-26,1153,N,nominal,2.0NRT,296.32,3.07,D
44.88301,19.88259,332.17,0.42,0.38,2026-09-26,1153,N,nominal,2.0NRT,300.07,4.19,D
45.06895,21.13389,328.64,0.46,0.39,2026-09-26,1153,N,nominal,2.0NRT,297.37,2.1,D
44.93372,19.97376,343.23,0.42,0.38,2026-09-26,1153,N,nominal,2.0NRT,301,7.38,D
45.03323,20.13405,336.75,0.43,0.38,2026-09-26,1153,N,nominal,2.0NRT,301.28,3.97,D
45.03669,20.13318,335.4,0.43,0.38,2026-09-26,1153,N,nominal,2.0NRT,300.94,3.96,D
45.04015,20.13231,335.06,0.43,0.38,2026-09-26,1153,N,nominal,2.0NRT,297.46,3.96,D
44.99656,19.4399,336.99,0.41,0.37,2026-09-26,1153,N,nominal,2.0NRT,299.24,2.97,D
45.39993,20.66428,338.14,0.44,0.39,2026-09-26,1153,N,nominal,2.0NRT,300.8,6.96,D
45.4168,20.68361,333.89,0.45,0.39,2026-09-26,1153,N,nominal,2.0NRT,301.89,4.24,D
45.41612,20.67792,336.63,0.44,0.39,2026-09-26,1153,N,nominal,2.0NRT,302.08,4.24,D
45.58066,20.60777,334.36,0.44,0.39,2026-09-26,1153,N,nominal,2.0NRT,301.62,3.1,D
45.57913,20.60611,331.19,0.44,0.39,2026-09-26,1153,N,low,2.0NRT,301.41,2.22,D
46.45716,34.30025,346.8,0.62,0.72,2026-09-26,1153,N,nominal,2.0NRT,284.12,6.56,D
46.46389,34.30032,349.07,0.62,0.72,2026-09-26,1153,N,nominal,2.0NRT,284.57,10.57,D
45.65586,20.48818,356.86,0.44,0.38,2026-09-26,1153,N,nominal,2.0NRT,304.54,38.93,D
45.65518,20.48253,330.71,0.44,0.38,2026-09-26,1153,N,nominal,2.0NRT,294.83,6.18,D
46.4589,34.29897,348.37,0.62,0.72,2026-09-26,1153,N,nominal,2.0NRT,284.31,7.04,D
46.46563,34.29899,352.31,0.62,0.72,2026-09-26,1153,N,nominal,2.0NRT,285.26,7.04,D
45.21907,16.99146,332.02,0.38,0.36,2026-09-26,1153,N,nominal,2.0NRT,290.8,2.51,D
45.74475,20.72913,343.88,0.45,0.39,2026-09-26,1153,N,nominal,2.0NRT,301.48,8.14,D
45.74966,20.73985,340.48,0.45,0.39,2026-09-26,1153,N,nominal,2.0NRT,302.16,4.44,D
45.30599,16.00328,333.56,0.39,0.36,2026-09-26,1153,N,nominal,2.0NRT,292.61,3.18,D
43.44493,4.89823,338.57,0.35,0.57,2026-09-26,1153,N,nominal,2.0NRT,300.87,3.77,D
43.44032,4.88158,338.62,0.35,0.57,2026-09-26,1153,N,nominal,2.0NRT,299.01,3.52,D
42.70771,1.99828,333.79,0.5,0.66,2026-09-26,1153,N,nominal,2.0NRT,279.44,4.24,D
42.70587,1.99236,337.76,0.5,0.66,2026-09-26,1153,N,nominal,2.0NRT,277.3,4.24,D
42.71421,1.99774,325.44,0.5,0.66,2026-09-26,1153,N,nominal,2.0NRT,277.14,4.24,D
42.71278,1.9931,326.22,0.5,0.66,2026-09-26,1153,N,nominal,2.0NRT,274.85,4.24,D
45.30113,11.13157,335.28,0.5,0.41,2026-09-26,1153,N,nominal,2.0NRT,296.99,2.89,D
45.49971,11.74889,338.2,0.48,0.4,2026-09-26,1155,N,nominal,2.0NRT,295.24,6.78,D
45.14592,9.93918,331.05,0.56,0.43,2026-09-26,1155,N,nominal,2.0NRT,296.67,2.92,D
45.51937,11.50125,332.64,0.48,0.4,2026-09-26,1155,N,nominal,2.0NRT,301.19,3.41,D
45.85064,12.51223,343.33,0.44,0.39,2026-09-26,1155,N,nominal,2.0NRT,299.49,4.72,D
45.84954,12.51061,345.29,0.44,0.39,2026-09-26,1155,N,nominal,2.0NRT,298.44,4.58,D
46.8298,18.29282,336.21,0.4,0.37,2026-09-26,1155,N,nominal,2.0NRT,299.64,3.41,D
45.47818,10.2131,334.69,0.54,0.42,2026-09-26,1155,N,nominal,2.0NRT,299.84,5.83,D
47.45589,23.24523,326.3,0.39,0.44,2026-09-26,1155,N,nominal,2.0NRT,295.4,2.9,D
46.09175,12.05863,329.53,0.45,0.39,2026-09-26,1155,N,nominal,2.0NRT,295.64,1.85,D
45.75705,8.99849,336.38,0.4,0.44,2026-09-26,1155,N,nominal,2.0NRT,294.09,2.75,D
45.92643,4.48242,330.15,0.62,0.54,2026-09-26,1155,N,low,2.0NRT,302.41,8.52,D
45.92932,4.47322,334.85,0.62,0.54,2026-09-26,1155,N,nominal,2.0NRT,296.57,8.52,D
47.07067,8.26553,335.74,0.4,0.44,2026-09-26,1155,N,nominal,2.0NRT,299.03,2.39,D
48.27443,14.34236,335.92,0.39,0.36,2026-09-26,1155,N,nominal,2.0NRT,303.41,6.52,D
48.27358,14.33721,330.19,0.39,0.36,2026-09-26,1155,N,low,2.0NRT,303.66,5.98,D
48.27771,14.34114,330.9,0.39,0.36,2026-09-26,1155,N,nominal,2.0NRT,299.06,4.28,D
48.27685,14.33599,337.82,0.39,0.36,2026-09-26,1155,N,nominal,2.0NRT,300.46,5.04,D
47.07034,8.26828,342.29,0.4,0.44,2026-09-26,1155,N,nominal,2.0NRT,301.63,4.24,D
48.28253,14.3284,351.29,0.39,0.36,2026-09-26,1155,N,nominal,2.0NRT,299.13,7.37,D
48.10877,12.52728,325.15,0.42,0.37,2026-09-26,1155,N,nominal,2.0NRT,295.13,1.61,D
48.76269,12.89443,330.81,0.4,0.37,2026-09-26,1155,N,nominal,2.0NRT,295.18,3.62,D
48.78252,12.84597,333.55,0.4,0.37,2026-09-26,1155,N,nominal,2.0NRT,295.6,1.38,D
48.78249,12.84374,325.39,0.4,0.37,2026-09-26,1155,N,nominal,2.0NRT,295.2,0.9,D
49.67877,18.66366,330.65,0.43,0.38,2026-09-26,1155,N,nominal,2.0NRT,294.54,2.81,D
48.80074,12.76686,329.1,0.41,0.37,2026-09-26,1155,N,nominal,2.0NRT,296.68,2.16,D
48.79977,12.76146,343.22,0.41,0.37,2026-09-26,1155,N,nominal,2.0NRT,296.19,1.66,D
48.80405,12.7655,351.99,0.41,0.37,2026-09-26,1155,N,nominal,2.0NRT,296.6,6.34,D
48.80309,12.7601,342.9,0.41,0.37,2026-09-26,1155,N,nominal,2.0NRT,295.42,4.97,D
48.80834,12.76954,342.41,0.41,0.37,2026-09-26,1155,N,nominal,2.0NRT,296.05,6.34,D
48.80737,12.76414,355.8,0.41,0.37,2026-09-26,1155,N,nominal,2.0NRT,296.92,6.34,D
48.80544,12.75334,355.72,0.41,0.37,2026-09-26,1155,N,nominal,2.0NRT,297.07,4.97,D
48.8064,12.75874,356.5,0.41,0.37,2026-09-26,1155,N,low,2.0NRT,297.05,4.97,D
48.81166,12.76818,338.78,0.41,0.37,2026-09-26,1155,N,nominal,2.0NRT,295.25,6.9,D
48.80972,12.75738,355.68,0.41,0.37,2026-09-26,1155,N,low,2.0NRT,297.55,19.81,D
48.86317,12.64002,345.94,0.41,0.37,2026-09-26,1155,N,nominal,2.0NRT,297.27,2.93,D
48.85839,12.5544,342.71,0.41,0.37,2026-09-26,1155,N,nominal,2.0NRT,297.07,5.07,D
48.86171,12.55301,340.39,0.41,0.37,2026-09-26,1155,N,nominal,2.0NRT,298.31,4.72,D
48.88288,12.59099,326.9,0.41,0.37,2026-09-26,1155,N,nominal,2.0NRT,296.07,1.07,D
50.335,19.28719,334.88,0.45,0.39,2026-09-26,1155,N,nominal,2.0NRT,297.91,3.67,D
49.33183,12.21564,336.56,0.41,0.37,2026-09-26,1155,N,nominal,2.0NRT,297.13,2.76,D
49.68356,12.0891,329.77,0.41,0.37,2026-09-26,1155,N,nominal,2.0NRT,295.21,2.5,D
50.14274,11.53212,332.4,0.42,0.37,2026-09-26,1155,N,nominal,2.0NRT,297.21,2.96,D
52.15901,31.99107,336.69,0.51,0.66,2026-09-26,1155,N,nominal,2.0NRT,284.98,4.52,D
52.15679,31.98726,336.52,0.51,0.66,2026-09-26,1155,N,nominal,2.0NRT,287.18,4.4,D
49.35606,6.75101,328.37,0.4,0.45,2026-09-26,1155,N,low,2.0NRT,299.09,4.37,D
51.6857,15.98175,328,0.4,0.37,2026-09-26,1155,N,nominal,2.0NRT,298.1,15.02,D
51.68902,15.98057,342.59,0.4,0.37,2026-09-26,1155,N,nominal,2.0NRT,302.72,15.02,D
51.68982,15.9783,334.93,0.4,0.37,2026-09-26,1155,N,nominal,2.0NRT,296.1,5.5,D
51.04709,11.62974,336.39,0.41,0.37,2026-09-26,1155,N,nominal,2.0NRT,291.85,3.09,D
51.6863,14.42282,328.52,0.38,0.36,2026-09-26,1155,N,nominal,2.0NRT,296.04,1.49,D
51.51326,12.10903,348.24,0.4,0.37,2026-09-26,1155,N,nominal,2.0NRT,296.89,4.13,D
51.51229,12.10346,335.01,0.4,0.37,2026-09-26,1155,N,nominal,2.0NRT,296.5,4.13,D
52.17198,14.62728,336.86,0.39,0.36,2026-09-26,1155,N,nominal,2.0NRT,288,3.45,D
51.17217,3.81431,330.48,0.47,0.48,2026-09-26,1155,N,nominal,2.0NRT,284.54,7.26,D
54.75369,20.33577,325.41,0.55,0.43,2026-09-26,1157,N,nominal,2.0NRT,287.98,3.28,D
53.13416,8.6837,326.37,0.44,0.38,2026-09-26,1157,N,nominal,2.0NRT,292.14,2.98,D
53.13289,8.67733,331.58,0.44,0.38,2026-09-26,1157,N,nominal,2.0NRT,291.15,2.98,D
52.47851,4.58739,328.23,0.41,0.45,2026-09-26,1157,N,nominal,2.0NRT,293.65,3.85,D
52.48375,4.59059,331.19,0.41,0.45,2026-09-26,1157,N,nominal,2.0NRT,294.46,2.94,D
52.49308,4.61071,335.41,0.4,0.45,2026-09-26,1157,N,nominal,2.0NRT,292.96,5.61,D
55.03445,9.20798,336.28,0.41,0.37,2026-09-26,1157,N,nominal,2.0NRT,291.42,2.47,D
53.56833,-0.58948,331.38,0.58,0.52,2026-09-26,1157,N,nominal,2.0NRT,291.8,3.22,D
57.19337,-3.15107,343.7,0.54,0.51,2026-09-26,1157,N,nominal,2.0NRT,284.15,7.02,D
57.19193,-3.14786,338.09,0.54,0.51,2026-09-26,1157,N,nominal,2.0NRT,284.17,5.07,D
57.81272,-0.97831,328.9,0.44,0.46,2026-09-26,1157,N,nominal,2.0NRT,284.18,2.74,D
58.84155,2.24967,341.15,0.5,0.41,2026-09-26,1157,N,nominal,2.0NRT,284.37,8.95,D
58.92156,2.20143,330.82,0.5,0.41,2026-09-26,1157,N,nominal,2.0NRT,284.97,7.73,D
58.92043,2.19526,328.68,0.5,0.41,2026-09-26,1157,N,nominal,2.0NRT,284.75,3.85,D
34.04502,-4.51792,340.52,0.38,0.36,2026-09-26,1331,N,nominal,2.0NRT,309.19,3.98,D
34.26855,-3.9286,346.56,0.39,0.36,2026-09-26,1331,N,nominal,2.0NRT,316.98,3.9,D
34.26793,-3.93282,345.33,0.39,0.36,2026-09-26,1331,N,nominal,2.0NRT,314.86,3.93,D
34.27248,-3.92512,339.74,0.39,0.36,2026-09-26,1331,N,low,2.0NRT,314.63,2.52,D
35.19014,1.28435,344.28,0.41,0.45,2026-09-26,1331,N,nominal,2.0NRT,315.06,5.38,D
35.69717,6.38022,354.8,0.4,0.6,2026-09-26,1331,N,nominal,2.0NRT,309.22,5.49,D
35.70274,6.3798,348.26,0.4,0.6,2026-09-26,1331,N,nominal,2.0NRT,308.63,4.7,D
35.19669,-0.75121,355.69,0.49,0.4,2026-09-26,1333,N,nominal,2.0NRT,319.84,6.84,D
35.2004,-0.75183,342.7,0.49,0.4,2026-09-26,1333,N,low,2.0NRT,313.15,6.84,D
34.95574,-5.17305,367,0.38,0.36,2026-09-26,1333,N,high,2.0NRT,318.53,14.01,D
34.95766,-5.16052,336.56,0.38,0.36,2026-09-26,1333,N,low,2.0NRT,307.48,4.88,D
34.95701,-5.1647,353.29,0.38,0.36,2026-09-26,1333,N,low,2.0NRT,330.92,45.38,D
34.95638,-5.16887,367,0.38,0.36,2026-09-26,1333,N,low,2.0NRT,337.17,45.38,D
34.96077,-5.1599,332.88,0.38,0.36,2026-09-26,1333,N,nominal,2.0NRT,301.66,6.5,D
34.96012,-5.16407,353.21,0.38,0.36,2026-09-26,1333,N,nominal,2.0NRT,320.5,13.46,D
34.95947,-5.16824,345.16,0.38,0.36,2026-09-26,1333,N,low,2.0NRT,316.75,13.46,D
34.95816,-5.17659,345.25,0.38,0.36,2026-09-26,1333,N,nominal,2.0NRT,320.04,55.03,D
34.96474,-5.17808,339.25,0.38,0.36,2026-09-26,1333,N,nominal,2.0NRT,306.94,6.76,D
34.96803,-5.17882,351.05,0.38,0.36,2026-09-26,1333,N,nominal,2.0NRT,313.08,6.76,D
34.96738,-5.183,332.8,0.38,0.36,2026-09-26,1333,N,low,2.0NRT,307.38,2.86,D
34.97132,-5.17957,342.79,0.38,0.36,2026-09-26,1333,N,nominal,2.0NRT,304.77,5.01,D
36.29453,6.99482,341.69,0.43,0.62,2026-09-26,1333,N,nominal,2.0NRT,305.32,3.75,D
35.81017,-0.25362,338.95,0.52,0.42,2026-09-26,1333,N,nominal,2.0NRT,306.54,3.86,D
36.46003,7.72408,336.3,0.48,0.65,2026-09-26,1333,N,nominal,2.0NRT,300.22,5.27,D
36.46152,7.72493,345.25,0.48,0.65,2026-09-26,1333,N,nominal,2.0NRT,299.18,7.54,D
36.7439,6.25536,355.11,0.4,0.6,2026-09-26,1333,N,nominal,2.0NRT,299.16,6.56,D
36.86892,6.98362,338.42,0.44,0.62,2026-09-26,1333,N,nominal,2.0NRT,297.3,4.76,D
36.97378,9.62988,335.47,0.61,0.71,2026-09-26,1333,N,nominal,2.0NRT,295.6,2.95,D
37.23438,-5.42071,344.11,0.38,0.36,2026-09-26,1333,N,nominal,2.0NRT,312.15,2.02,D
37.14909,-6.49099,335.63,0.39,0.36,2026-09-26,1333,N,low,2.0NRT,310.48,2.09,D
37.15308,-6.4875,335.14,0.39,0.36,2026-09-26,1333,N,low,2.0NRT,308.87,1.51,D
38.33972,-5.62698,340.22,0.39,0.36,2026-09-26,1333,N,nominal,2.0NRT,295.65,5.84,D
39.08509,-8.95126,336.92,0.41,0.37,2026-09-26,1333,N,nominal,2.0NRT,306.23,4.81,D
42.71243,1.99982,330.36,0.54,0.51,2026-09-26,1333,N,nominal,2.0NRT,282.15,4.38,D
42.98125,-5.80828,333.03,0.4,0.37,2026-09-26,1336,N,low,2.0NRT,303.82,30.6,D
42.98059,-5.81305,331.85,0.4,0.37,2026-09-26,1336,N,nominal,2.0NRT,294.18,4.36,D
42.99189,-5.83147,335.99,0.4,0.37,2026-09-26,1336,N,nominal,2.0NRT,302.16,5.76,D
42.99268,-5.83372,333.35,0.4,0.37,2026-09-26,1336,N,nominal,2.0NRT,296.49,1.93,D
43.52674,-5.7276,331.56,0.4,0.37,2026-09-26,1336,N,nominal,2.0NRT,298.29,2.05,D
43.54053,-5.83109,340.4,0.4,0.37,2026-09-26,1336,N,nominal,2.0NRT,299.8,3.91,D
45.9281,4.47776,340.81,0.38,0.59,2026-09-26,1336,N,nominal,2.0NRT,304.14,6.15,D
45.92786,4.4722,330.81,0.38,0.59,2026-09-26,1336,N,nominal,2.0NRT,299.37,4.04,D
45.92773,4.47315,342.29,0.38,0.59,2026-09-26,1336,N,nominal,2.0NRT,301.03,3.85,D
45.93319,4.47212,338.46,0.38,0.59,2026-09-26,1336,N,nominal,2.0NRT,296.07,3.85,D
52.4912,4.6132,332.79,0.42,0.61,2026-09-26,1338,N,nominal,2.0NRT,286.17,4.46,D
52.49183,4.6113,333.28,0.42,0.61,2026-09-26,1338,N,nominal,2.0NRT,285.94,3.85,D
52.96132,-2.42955,325.29,0.43,0.46,2026-09-26,1338,N,nominal,2.0NRT,289.55,2.24,D
53.56539,-0.59649,345.78,0.52,0.5,2026-09-26,1338,N,nominal,2.0NRT,296.8,10.32,D
58.35315,0.86814,332.27,0.32,0.55,2026-09-26,1340,N,nominal,2.0NRT,283.24,4.14,D
58.35298,0.86243,342.22,0.32,0.55,2026-09-26,1340,N,nominal,2.0NRT,283.7,3.43,D
36.75034,3.08365,309.41,0.39,0.36,2026-09-27,0154,N,nominal,2.0NRT,294.06,1.19,N
37.89184,31.78654,305.03,0.45,0.39,2026-09-27,0011,N,nominal,2.0NRT,282.18,0.99,N
36.33384,5.48156,301.92,0.43,0.38,2026-09-27,0154,N,nominal,2.0NRT,288.51,0.8,N
36.74704,3.08281,315.21,0.39,0.36,2026-09-27,0154,N,nominal,2.0NRT,292.4,1.12,N
36.63071,3.2342,308.4,0.39,0.36,2026-09-27,0154,N,nominal,2.0NRT,293.23,0.81,N
36.17873,5.57146,300.62,0.44,0.38,2026-09-27,0154,N,nominal,2.0NRT,286.54,0.61,N
36.59866,3.1367,307.97,0.39,0.36,2026-09-27,0154,N,nominal,2.0NRT,292.2,0.75,N
36.59637,2.87792,311.81,0.38,0.36,2026-09-27,0154,N,nominal,2.0NRT,291.19,0.97,N
36.50583,2.86963,300.99,0.39,0.36,2026-09-27,0154,N,nominal,2.0NRT,290.96,0.3,N
34.84131,10.81206,300.5,0.54,0.51,2026-09-27,0154,N,nominal,2.0NRT,289.75,0.78,N
35.23191,8.17071,302.65,0.39,0.44,2026-09-27,0154,N,nominal,2.0NRT,284.93,1.33,N
36.1398,2.92753,311.31,0.39,0.36,2026-09-27,0154,N,nominal,2.0NRT,287.38,0.95,N
35.8783,4.44741,315.07,0.41,0.37,2026-09-27,0154,N,nominal,2.0NRT,292.3,1.62,N
36.8709,34.76286,302.34,0.41,0.45,2026-09-27,0011,N,nominal,2.0NRT,289.7,0.71,N
35.70781,4.47481,315.88,0.41,0.37,2026-09-27,0154,N,nominal,2.0NRT,292.05,1.05,N
65.56509,22.22114,327.62,0.41,0.37,2026-09-27,0145,N,nominal,2.0NRT,279.14,1.46,N
38.79431,15.19389,331.25,0.45,0.63,2026-09-27,0011,N,nominal,2.0NRT,286.97,4.9,N
36.12836,1.24194,302.32,0.39,0.36,2026-09-27,0154,N,nominal,2.0NRT,281.39,0.73,N
65.56993,22.19686,297.73,0.41,0.37,2026-09-27,0145,N,nominal,2.0NRT,277.19,1.27,N
35.34935,5.76343,316.05,0.46,0.39,2026-09-27,0154,N,nominal,2.0NRT,289.99,1.39,N
38.79373,15.20917,332.74,0.45,0.63,2026-09-27,0011,N,nominal,2.0NRT,283.26,1.58,N
65.56671,22.21303,298.52,0.41,0.37,2026-09-27,0145,N,nominal,2.0NRT,277.64,1.46,N
38.79715,15.19393,330.46,0.45,0.63,2026-09-27,0011,N,nominal,2.0NRT,289.7,4.07,N
36.65078,-5.09938,304.65,0.46,0.47,2026-09-27,0154,N,nominal,2.0NRT,269.63,5.21,N
65.56198,22.2175,347.09,0.41,0.37,2026-09-27,0145,N,nominal,2.0NRT,280.6,7.4,N
36.64642,-5.10002,347.06,0.46,0.47,2026-09-27,0154,N,nominal,2.0NRT,277.33,5.21,N
38.79658,15.20631,326.45,0.45,0.63,2026-09-27,0011,N,nominal,2.0NRT,285.37,4.07,N
65.55389,22.25798,328.74,0.41,0.37,2026-09-27,0145,N,nominal,2.0NRT,278.3,1.34,N
36.26109,33.73053,301.53,0.57,0.43,2026-09-27,0011,N,nominal,2.0NRT,288.54,1,N
65.55078,22.25435,304.99,0.41,0.37,2026-09-27,0145,N,nominal,2.0NRT,276.08,1.34,N
36.6469,-5.1053,316.03,0.46,0.47,2026-09-27,0154,N,nominal,2.0NRT,273.06,5.21,N
36.26344,33.73112,308.24,0.57,0.43,2026-09-27,0011,N,nominal,2.0NRT,289.74,1.56,N
36.64594,-5.09477,315.97,0.46,0.47,2026-09-27,0154,N,nominal,2.0NRT,273.12,2.09,N
64.66348,21.28253,319.97,0.41,0.37,2026-09-27,0145,N,nominal,2.0NRT,281.64,2.33,N
37.86462,12.89645,300.22,0.59,0.7,2026-09-27,0011,N,nominal,2.0NRT,283.92,0.81,N
36.64544,-5.0892,309.71,0.46,0.47,2026-09-27,0154,N,nominal,2.0NRT,270.86,2.09,N
63.00636,23.16342,299.23,0.47,0.4,2026-09-27,0145,N,nominal,2.0NRT,278.31,0.91,N
34.72512,33.31738,305.39,0.39,0.44,2026-09-27,0011,N,nominal,2.0NRT,290.73,0.85,N
36.6437,-5.11882,323.35,0.46,0.47,2026-09-27,0154,N,nominal,2.0NRT,272.39,1.97,N
64.35424,7.77793,295.57,0.49,0.4,2026-09-27,0145,N,nominal,2.0NRT,282.4,0.6,N
36.64312,-5.11236,295.11,0.46,0.47,2026-09-27,0154,N,nominal,2.0NRT,271.8,1.97,N
60.29815,25.52153,332.79,0.43,0.46,2026-09-27,0145,N,nominal,2.0NRT,282.38,2.98,N
60.2976,25.52324,329.22,0.43,0.46,2026-09-27,0145,N,nominal,2.0NRT,281.95,3.07,N
36.64211,-5.10115,312.12,0.46,0.47,2026-09-27,0154,N,nominal,2.0NRT,272.15,2.63,N
63.31712,9.13773,295.25,0.45,0.39,2026-09-27,0145,N,nominal,2.0NRT,282.52,0.77,N
36.64162,-5.09582,312.12,0.46,0.47,2026-09-27,0154,N,nominal,2.0NRT,270.31,1.85,N
63.31609,9.1468,297.52,0.45,0.39,2026-09-27,0145,N,nominal,2.0NRT,279.75,0.77,N
36.64109,-5.08997,305.72,0.46,0.47,2026-09-27,0154,N,nominal,2.0NRT,268.36,1.85,N
60.61212,16.79663,298.26,0.4,0.37,2026-09-27,0145,N,nominal,2.0NRT,278.46,1.06,N
57.70997,18.80613,302.36,0.49,0.4,2026-09-27,0147,N,nominal,2.0NRT,283.27,1.61,N
36.63882,-5.11381,323.72,0.46,0.47,2026-09-27,0154,N,nominal,2.0NRT,272.52,1.97,N
57.70871,18.80735,303.49,0.49,0.41,2026-09-27,0147,N,nominal,2.0NRT,283.66,1.56,N
36.63831,-5.10807,338.08,0.46,0.47,2026-09-27,0154,N,nominal,2.0NRT,272.8,2.63,N
59.54789,1.53539,300.36,0.42,0.46,2026-09-27,0147,N,nominal,2.0NRT,283.07,0.76,N
59.54368,1.5342,304.4,0.42,0.46,2026-09-27,0147,N,nominal,2.0NRT,282.87,0.76,N
36.63935,-5.11973,304.41,0.46,0.47,2026-09-27,0154,N,nominal,2.0NRT,272.07,1.97,N
58.34485,11.42338,300.31,0.38,0.36,2026-09-27,0147,N,nominal,2.0NRT,284.68,0.69,N
36.63781,-5.10251,305.84,0.46,0.47,2026-09-27,0154,N,nominal,2.0NRT,271.5,2.63,N
36.63731,-5.09709,314.44,0.46,0.47,2026-09-27,0154,N,nominal,2.0NRT,270.07,1.85,N
36.63675,-5.09082,315.37,0.46,0.47,2026-09-27,0154,N,nominal,2.0NRT,269.2,1.85,N
36.63399,-5.10922,341.45,0.46,0.47,2026-09-27,0154,N,nominal,2.0NRT,269.89,12.05,N
36.63347,-5.10345,347.61,0.46,0.47,2026-09-27,0154,N,nominal,2.0NRT,279.57,12.05,N
36.63295,-5.09773,345.09,0.46,0.47,2026-09-27,0154,N,nominal,2.0NRT,274.14,6.38,N
36.63451,-5.11501,313.64,0.46,0.47,2026-09-27,0154,N,nominal,2.0NRT,270.8,3.91,N
36.63241,-5.09164,295.64,0.46,0.47,2026-09-27,0154,N,nominal,2.0NRT,267.04,6.38,N
36.62913,-5.10434,316.49,0.46,0.47,2026-09-27,0154,N,nominal,2.0NRT,265.1,12.05,N
36.62862,-5.09867,308.36,0.46,0.47,2026-09-27,0154,N,nominal,2.0NRT,266.3,6.38,N
36.64345,-5.11523,324.91,0.46,0.47,2026-09-27,0154,N,nominal,2.0NRT,272.52,3.03,N
36.64232,-5.10357,295.51,0.46,0.47,2026-09-27,0154,N,nominal,2.0NRT,272.32,1.83,N
36.6418,-5.09832,318.86,0.46,0.47,2026-09-27,0154,N,nominal,2.0NRT,271.13,1.83,N
36.64126,-5.09273,310.12,0.46,0.47,2026-09-27,0154,N,nominal,2.0NRT,270.06,2.38,N
36.01818,0.12477,304.22,0.41,0.37,2026-09-27,0154,N,nominal,2.0NRT,284.18,0.79,N
36.63858,-5.11064,338.33,0.46,0.47,2026-09-27,0154,N,nominal,2.0NRT,273.28,3.03,N
36.63694,-5.09373,320.93,0.46,0.47,2026-09-27,0154,N,nominal,2.0NRT,269.57,2.38,N
36.63915,-5.11648,315.42,0.46,0.47,2026-09-27,0154,N,nominal,2.0NRT,272.35,3.03,N
36.63803,-5.105,312.28,0.46,0.47,2026-09-27,0154,N,nominal,2.0NRT,271.4,1.83,N
36.63751,-5.09957,309.97,0.46,0.47,2026-09-27,0154,N,nominal,2.0NRT,270.14,1.83,N
36.63427,-5.11182,343.77,0.46,0.47,2026-09-27,0154,N,nominal,2.0NRT,268.66,3.58,N
36.63372,-5.10604,330.76,0.46,0.47,2026-09-27,0154,N,nominal,2.0NRT,268.86,11.04,N
36.63316,-5.10034,355.26,0.46,0.47,2026-09-27,0154,N,nominal,2.0NRT,281.45,11.04,N
36.6326,-5.09453,321.65,0.46,0.47,2026-09-27,0154,N,nominal,2.0NRT,268.45,4.2,N
36.63483,-5.11757,296.28,0.46,0.47,2026-09-27,0154,N,nominal,2.0NRT,269.26,3.58,N
36.62939,-5.10705,299.87,0.46,0.47,2026-09-27,0154,N,nominal,2.0NRT,263.93,11.04,N
36.62883,-5.1012,313.91,0.46,0.47,2026-09-27,0154,N,nominal,2.0NRT,264.72,11.04,N
35.09533,5.6461,310.49,0.45,0.39,2026-09-27,0154,N,nominal,2.0NRT,293.02,1.11,N
34.97975,5.71669,315.91,0.46,0.39,2026-09-27,0154,N,nominal,2.0NRT,295.27,1.74,N
35.81553,-0.27353,331.11,0.42,0.37,2026-09-27,0154,N,nominal,2.0NRT,283.41,2.51,N
35.82246,-0.32399,297.95,0.42,0.37,2026-09-27,0154,N,nominal,2.0NRT,282.3,0.39,N
35.8149,-0.26895,316.47,0.42,0.37,2026-09-27,0154,N,nominal,2.0NRT,281.79,3.1,N
35.80957,-0.25587,328.76,0.42,0.37,2026-09-27,0154,N,nominal,2.0NRT,280,2.09,N
35.8121,-0.27422,301.27,0.42,0.37,2026-09-27,0154,N,nominal,2.0NRT,280.27,2.51,N
35.80895,-0.25132,298.93,0.41,0.37,2026-09-27,0154,N,nominal,2.0NRT,278.01,1.15,N
35.80424,-0.2428,305.16,0.41,0.37,2026-09-27,0154,N,nominal,2.0NRT,277.21,0.74,N
35.76959,-0.22149,328.94,0.41,0.37,2026-09-27,0154,N,nominal,2.0NRT,284.72,3.1,N
35.45881,-0.39587,311.25,0.42,0.37,2026-09-27,0154,N,nominal,2.0NRT,284.77,1.49,N
35.31162,-1.34375,307.13,0.44,0.39,2026-09-27,0154,N,nominal,2.0NRT,292.68,0.95,N
34.4381,2.05782,308.17,0.38,0.36,2026-09-27,0154,N,nominal,2.0NRT,287.75,1.29,N
34.96552,-5.17957,303.06,0.44,0.46,2026-09-27,0154,N,nominal,2.0NRT,283.29,1.64,N
34.9596,-5.16324,315.66,0.44,0.46,2026-09-27,0154,N,nominal,2.0NRT,279.58,1.98,N
34.95658,-5.17717,325.89,0.44,0.46,2026-09-27,0154,N,nominal,2.0NRT,278.25,1.79,N
34.95597,-5.17074,297.76,0.44,0.46,2026-09-27,0154,N,nominal,2.0NRT,276.31,1.79,N
34.9554,-5.16474,295.72,0.44,0.46,2026-09-27,0154,N,nominal,2.0NRT,276.08,0.69,N
34.95178,-5.17245,310.14,0.44,0.46,2026-09-27,0154,N,nominal,2.0NRT,276.55,1.79,N
34.95121,-5.16644,303.1,0.44,0.46,2026-09-27,0154,N,nominal,2.0NRT,277.04,0.69,N
34.59746,-2.34842,302.48,0.48,0.4,2026-09-27,0154,N,nominal,2.0NRT,283.18,0.81,N
63.00734,23.16994,332.84,0.6,0.53,2026-09-27,0007,N,nominal,2.0NRT,278.75,2.84,N
58.83705,2.55556,318.5,0.39,0.44,2026-09-27,0147,N,nominal,2.0NRT,283.44,1.28,N
57.06204,9.98011,318.48,0.39,0.36,2026-09-27,0147,N,nominal,2.0NRT,285.15,1.28,N
57.81481,-0.97672,317.11,0.5,0.49,2026-09-27,0147,N,nominal,2.0NRT,283.72,1.67,N
57.81027,-0.97768,302.75,0.5,0.49,2026-09-27,0147,N,nominal,2.0NRT,283.19,1.67,N
57.8148,-0.97638,316.97,0.5,0.49,2026-09-27,0147,N,nominal,2.0NRT,283.48,1.92,N
53.2608,24.446,295.78,0.34,0.56,2026-09-27,0147,N,nominal,2.0NRT,279.91,0.47,N
50.52827,30.90035,367,0.73,0.76,2026-09-27,0147,N,high,2.0NRT,283.3,15.91,N
50.5325,30.8993,300.47,0.73,0.76,2026-09-27,0147,N,nominal,2.0NRT,277.17,7.73,N
50.52878,30.90864,301.17,0.73,0.76,2026-09-27,0147,N,nominal,2.0NRT,277.75,5.78,N
50.52646,30.89322,334.86,0.73,0.76,2026-09-27,0147,N,nominal,2.0NRT,277.53,7.73,N
50.52275,30.9025,323.66,0.73,0.76,2026-09-27,0147,N,nominal,2.0NRT,276.91,5.78,N
52.58206,19.67176,305.98,0.48,0.48,2026-09-27,0147,N,nominal,2.0NRT,282.69,1.21,N
53.52169,9.90892,295.68,0.39,0.36,2026-09-27,0149,N,nominal,2.0NRT,276.45,0.87,N
53.5194,9.90171,322.04,0.39,0.36,2026-09-27,0149,N,nominal,2.0NRT,275.16,2.49,N
52.48965,13.83754,298.64,0.46,0.39,2026-09-27,0149,N,nominal,2.0NRT,280.98,0.62,N
53.13895,8.68013,309.66,0.38,0.36,2026-09-27,0149,N,nominal,2.0NRT,283.81,1.04,N
53.13571,8.67872,303.51,0.38,0.36,2026-09-27,0149,N,nominal,2.0NRT,282.89,1.04,N
53.13393,8.69001,299.01,0.38,0.36,2026-09-27,0149,N,nominal,2.0NRT,282.5,0.95,N
53.13351,8.67697,315.75,0.38,0.36,2026-09-27,0149,N,nominal,2.0NRT,282.99,1.88,N
53.13262,8.68261,307.16,0.38,0.36,2026-09-27,0149,N,nominal,2.0NRT,281.9,1.33,N
53.13026,8.67555,323.7,0.38,0.36,2026-09-27,0149,N,nominal,2.0NRT,283.38,1.88,N
53.12701,8.67414,322.86,0.38,0.36,2026-09-27,0149,N,nominal,2.0NRT,283.43,2.49,N
53.12523,8.68542,304.66,0.38,0.36,2026-09-27,0149,N,nominal,2.0NRT,283.25,1.15,N
51.68579,15.98085,313.47,0.56,0.43,2026-09-27,0149,N,nominal,2.0NRT,266.85,2.36,N
48.97364,24.70971,301.53,0.49,0.65,2026-09-27,0149,N,nominal,2.0NRT,278.66,1.15,N
51.18233,16.11649,337.42,0.39,0.44,2026-09-27,0149,N,nominal,2.0NRT,278.57,4.89,N
51.08726,16.27785,295.83,0.39,0.44,2026-09-27,0149,N,nominal,2.0NRT,273.65,0.89,N
53.63467,-0.25125,295.06,0.42,0.45,2026-09-27,0149,N,nominal,2.0NRT,282.29,1.03,N
53.63415,-0.24479,312.62,0.42,0.45,2026-09-27,0149,N,nominal,2.0NRT,283.33,1.95,N
53.57203,-0.61286,314.02,0.44,0.46,2026-09-27,0149,N,nominal,2.0NRT,282.62,1.81,N
53.56678,-0.60043,322.53,0.44,0.46,2026-09-27,0149,N,nominal,2.0NRT,284.33,3.51,N
53.56628,-0.59365,300.72,0.43,0.46,2026-09-27,0149,N,nominal,2.0NRT,282.34,1.29,N
53.56998,-0.61471,296.03,0.44,0.46,2026-09-27,0149,N,nominal,2.0NRT,280.83,1.47,N
53.56894,-0.60137,315.69,0.43,0.46,2026-09-27,0149,N,nominal,2.0NRT,282.98,1.36,N
53.56841,-0.59463,309.6,0.43,0.46,2026-09-27,0149,N,nominal,2.0NRT,283.4,1.36,N
53.56415,-0.59556,295.84,0.43,0.46,2026-09-27,0149,N,nominal,2.0NRT,281.61,1.36,N
52.46641,7.3187,300,0.39,0.36,2026-09-27,0149,N,nominal,2.0NRT,284.24,0.58,N
52.21007,8.04385,303.9,0.38,0.36,2026-09-27,0149,N,nominal,2.0NRT,281.98,1.09,N
52.20921,8.04939,299.83,0.38,0.36,2026-09-27,0149,N,nominal,2.0NRT,283.9,1.04,N
52.4921,4.61111,345.26,0.43,0.38,2026-09-27,0149,N,nominal,2.0NRT,283.82,7.27,N
52.48595,4.6025,299.02,0.43,0.38,2026-09-27,0149,N,nominal,2.0NRT,280.83,0.84,N
52.48327,4.59505,325.83,0.43,0.38,2026-09-27,0149,N,nominal,2.0NRT,282.51,1.34,N
52.48486,4.5824,297.7,0.43,0.38,2026-09-27,0149,N,nominal,2.0NRT,280.36,0.92,N
52.48406,4.58874,308.99,0.43,0.38,2026-09-27,0149,N,nominal,2.0NRT,281.32,0.92,N
52.48059,4.58757,296.9,0.43,0.38,2026-09-27,0149,N,nominal,2.0NRT,280.81,0.92,N
52.4798,4.59389,302.17,0.43,0.38,2026-09-27,0149,N,nominal,2.0NRT,281.46,1.34,N
52.47712,4.5864,333.34,0.43,0.38,2026-09-27,0149,N,nominal,2.0NRT,283.27,7,N
52.47398,4.61159,300.97,0.43,0.38,2026-09-27,0149,N,nominal,2.0NRT,284.34,0.94,N
50.00727,17.446,339.9,0.47,0.47,2026-09-27,0149,N,nominal,2.0NRT,265.21,5.11,N
50.00315,17.44352,357.34,0.47,0.47,2026-09-27,0149,N,nominal,2.0NRT,266.16,11.62,N
50.00261,17.44356,342.53,0.47,0.47,2026-09-27,0149,N,nominal,2.0NRT,264.98,7.46,N
51.85847,8.03037,304.86,0.38,0.36,2026-09-27,0149,N,nominal,2.0NRT,283.03,0.83,N
48.60764,21.17688,335.73,0.36,0.58,2026-09-27,0149,N,nominal,2.0NRT,282.51,2.29,N
48.60624,21.1815,303.52,0.36,0.58,2026-09-27,0149,N,nominal,2.0NRT,280.07,2.29,N
48.60986,21.19739,302.6,0.36,0.58,2026-09-27,0149,N,nominal,2.0NRT,281.54,1.8,N
48.60909,21.18006,335.83,0.36,0.58,2026-09-27,0149,N,nominal,2.0NRT,283.27,3.48,N
48.60417,21.17675,317.48,0.36,0.58,2026-09-27,0149,N,nominal,2.0NRT,278.36,1.95,N
51.48779,6.71106,300.54,0.39,0.36,2026-09-27,0149,N,nominal,2.0NRT,277.73,1.31,N
51.48531,6.70427,321.97,0.39,0.36,2026-09-27,0149,N,nominal,2.0NRT,278.37,2.04,N
51.48288,6.72091,342.46,0.39,0.36,2026-09-27,0149,N,nominal,2.0NRT,282.14,9.79,N
51.48368,6.71537,297.34,0.39,0.36,2026-09-27,0149,N,nominal,2.0NRT,277.79,1.31,N
51.48202,6.70302,306.02,0.39,0.36,2026-09-27,0149,N,nominal,2.0NRT,275.18,0.77,N
51.47958,6.71967,319.86,0.39,0.36,2026-09-27,0149,N,nominal,2.0NRT,275.68,2.3,N
51.46235,6.74244,300.78,0.39,0.36,2026-09-27,0149,N,nominal,2.0NRT,277.75,0.65,N
51.45988,6.73564,303.99,0.39,0.36,2026-09-27,0149,N,nominal,2.0NRT,277.54,0.65,N
51.42632,6.73949,304.98,0.39,0.36,2026-09-27,0149,N,nominal,2.0NRT,279.86,0.87,N
51.36874,6.70611,332.25,0.39,0.36,2026-09-27,0149,N,nominal,2.0NRT,282.44,1.81,N
51.36793,6.71164,295.68,0.39,0.36,2026-09-27,0149,N,nominal,2.0NRT,281.8,1.81,N
51.36545,6.70487,330.26,0.39,0.36,2026-09-27,0149,N,nominal,2.0NRT,282.75,2.87,N
51.36464,6.7104,300.58,0.39,0.36,2026-09-27,0149,N,nominal,2.0NRT,281.98,2.87,N
51.29784,7.00912,295.61,0.39,0.36,2026-09-27,0149,N,nominal,2.0NRT,276.04,0.43,N
51.17149,3.80963,322.88,0.44,0.38,2026-09-27,0149,N,nominal,2.0NRT,263.66,4.61,N
48.45655,17.19169,301.98,0.5,0.49,2026-09-27,0149,N,nominal,2.0NRT,284.19,1.34,N
48.45518,17.19138,296.15,0.5,0.49,2026-09-27,0149,N,nominal,2.0NRT,283.23,1.4,N
51.04077,2.29328,297.76,0.48,0.4,2026-09-27,0149,N,nominal,2.0NRT,281.72,1.27,N
51.04,2.30015,306.58,0.48,0.4,2026-09-27,0149,N,nominal,2.0NRT,281.27,1.27,N
51.03354,2.25582,299.51,0.48,0.4,2026-09-27,0149,N,nominal,2.0NRT,280.23,0.86,N
51.03126,2.27648,315.6,0.48,0.4,2026-09-27,0149,N,nominal,2.0NRT,280.51,1.81,N
51.0305,2.28336,305.64,0.48,0.4,2026-09-27,0149,N,nominal,2.0NRT,279.1,1.81,N
50.60231,3.48536,295.46,0.44,0.38,2026-09-27,0149,N,nominal,2.0NRT,282.66,0.73,N
50.48797,4.19762,297.46,0.42,0.38,2026-09-27,0149,N,nominal,2.0NRT,277.88,0.67,N
50.47178,3.98814,297.69,0.43,0.38,2026-09-27,0149,N,nominal,2.0NRT,279.35,0.83,N
50.40955,4.41689,302.24,0.42,0.37,2026-09-27,0149,N,nominal,2.0NRT,278.76,0.77,N
50.40219,3.56483,313.46,0.44,0.38,2026-09-27,0149,N,nominal,2.0NRT,283.28,0.73,N
50.32854,3.49046,296.96,0.44,0.38,2026-09-27,0149,N,nominal,2.0NRT,283.45,0.74,N
45.12258,25.41654,302,0.71,0.75,2026-09-27,0149,N,nominal,2.0NRT,278.25,1.33,N
53.69856,18.91771,295.85,0.38,0.58,2026-09-27,0007,N,nominal,2.0NRT,283.71,0.5,N
51.89328,29.34307,320.26,0.44,0.38,2026-09-27,0007,N,nominal,2.0NRT,281.01,1.47,N
45.95345,22.8681,297.81,0.52,0.67,2026-09-27,0149,N,nominal,2.0NRT,278.54,0.66,N
52.58253,19.66578,303.62,0.34,0.56,2026-09-27,0007,N,nominal,2.0NRT,282.41,0.87,N
48.27767,14.34776,307.04,0.39,0.44,2026-09-27,0149,N,nominal,2.0NRT,283.65,1.62,N
48.27617,14.33567,340.94,0.39,0.44,2026-09-27,0149,N,nominal,2.0NRT,286.43,2.76,N
48.27734,14.33064,297.86,0.39,0.44,2026-09-27,0149,N,nominal,2.0NRT,282.94,2.76,N
48.275,14.34071,316.14,0.39,0.44,2026-09-27,0149,N,nominal,2.0NRT,283.86,1.62,N
48.27465,14.32362,321.01,0.39,0.44,2026-09-27,0149,N,nominal,2.0NRT,282.59,1.61,N
48.26077,14.32769,307.08,0.39,0.44,2026-09-27,0149,N,nominal,2.0NRT,280.87,1.68,N
48.25959,14.33271,301.85,0.39,0.44,2026-09-27,0149,N,nominal,2.0NRT,280.97,1.04,N
49.21505,7.75323,302.26,0.39,0.36,2026-09-27,0149,N,nominal,2.0NRT,283.96,0.45,N
51.686,15.97704,295.74,0.49,0.65,2026-09-27,0007,N,nominal,2.0NRT,267.71,0.94,N
49.35929,6.74698,313.21,0.38,0.36,2026-09-27,0149,N,nominal,2.0NRT,279.28,1.17,N
49.35847,6.7522,305.25,0.38,0.36,2026-09-27,0149,N,nominal,2.0NRT,279.86,1.17,N
50.53482,17.97694,306.91,0.4,0.6,2026-09-27,0007,N,nominal,2.0NRT,280.85,1.29,N
49.35602,6.74579,311.33,0.38,0.36,2026-09-27,0149,N,nominal,2.0NRT,280.62,1.17,N
50.0053,17.4411,367,0.42,0.61,2026-09-27,0007,N,high,2.0NRT,276.67,6.68,N
49.01697,8.6133,298.41,0.39,0.36,2026-09-27,0149,N,nominal,2.0NRT,282.56,0.77,N
50.00517,17.447,331.2,0.42,0.61,2026-09-27,0007,N,nominal,2.0NRT,273.61,6.68,N
48.50983,10.85099,298.47,0.44,0.38,2026-09-27,0149,N,nominal,2.0NRT,278.63,0.99,N
48.5985,7.82375,325.52,0.39,0.36,2026-09-27,0149,N,nominal,2.0NRT,284.51,1.28,N
47.82053,34.96258,306.86,0.42,0.37,2026-09-27,0009,N,nominal,2.0NRT,281.12,1.21,N
48.59938,7.81858,295.72,0.39,0.36,2026-09-27,0149,N,nominal,2.0NRT,284.92,1.75,N
48.97458,24.70762,305.04,0.39,0.44,2026-09-27,0009,N,nominal,2.0NRT,280.65,1.73,N
48.69095,6.9668,307.75,0.38,0.36,2026-09-27,0149,N,nominal,2.0NRT,282.94,1.09,N
48.74781,26.60141,299.05,0.49,0.4,2026-09-27,0009,N,nominal,2.0NRT,281.24,0.87,N
48.22713,8.77655,296.27,0.4,0.37,2026-09-27,0149,N,nominal,2.0NRT,281.63,0.67,N
48.71593,5.67967,295.78,0.39,0.36,2026-09-27,0149,N,nominal,2.0NRT,280.39,0.61,N
48.60704,21.18071,302.83,0.55,0.51,2026-09-27,0009,N,nominal,2.0NRT,280.69,2.08,N
48.97477,2.16201,296.47,0.46,0.39,2026-09-27,0149,N,nominal,2.0NRT,284.66,0.43,N
45.46076,19.53425,306.65,0.39,0.59,2026-09-27,0149,N,nominal,2.0NRT,279.33,0.79,N
48.45778,17.18768,295.18,0.42,0.61,2026-09-27,0009,N,nominal,2.0NRT,282.24,0.92,N
45.45566,19.53121,296.32,0.39,0.59,2026-09-27,0149,N,nominal,2.0NRT,278.68,0.79,N
46.4289,34.47162,301.03,0.42,0.38,2026-09-27,0009,N,nominal,2.0NRT,274.89,0.59,N
45.07282,19.53817,296.97,0.4,0.6,2026-09-27,0149,N,nominal,2.0NRT,279.59,0.47,N
48.27837,14.3314,299.38,0.56,0.69,2026-09-27,0009,N,nominal,2.0NRT,269.26,2.77,N
45.07235,19.53962,295.41,0.4,0.6,2026-09-27,0149,N,nominal,2.0NRT,279.79,0.68,N
48.27835,14.33927,299.45,0.56,0.69,2026-09-27,0009,N,nominal,2.0NRT,268.45,2.18,N
48.38723,2.97957,314.34,0.43,0.38,2026-09-27,0149,N,nominal,2.0NRT,286.22,1.46,N
48.25895,14.33102,296.25,0.56,0.69,2026-09-27,0009,N,nominal,2.0NRT,280.44,2.15,N
48.38783,2.97938,309.47,0.43,0.38,2026-09-27,0149,N,nominal,2.0NRT,286.1,1.11,N
48.27842,14.33373,305.84,0.56,0.69,2026-09-27,0009,N,nominal,2.0NRT,270.2,1.37,N
46.06844,13.62381,300.24,0.41,0.45,2026-09-27,0149,N,nominal,2.0NRT,284.83,0.77,N
48.27195,14.3337,296.98,0.56,0.69,2026-09-27,0009,N,nominal,2.0NRT,272.15,1.37,N
47.07131,8.264,312.45,0.4,0.37,2026-09-27,0149,N,nominal,2.0NRT,282.44,1.22,N
46.58463,32.73987,315.89,0.39,0.36,2026-09-27,0009,N,nominal,2.0NRT,280.25,1.56,N
47.07037,8.2692,299.94,0.4,0.37,2026-09-27,0149,N,nominal,2.0NRT,282.75,0.85,N
47.06799,8.26274,296.68,0.4,0.37,2026-09-27,0149,N,nominal,2.0NRT,281.41,0.76,N
46.36103,33.22448,305.04,0.4,0.37,2026-09-27,0009,N,nominal,2.0NRT,281.98,0.94,N
47.17675,7.56255,295.24,0.39,0.36,2026-09-27,0149,N,nominal,2.0NRT,281.91,0.96,N
47.17347,7.56134,314.27,0.39,0.36,2026-09-27,0149,N,nominal,2.0NRT,282.98,0.96,N
46.16522,32.9073,305.82,0.4,0.37,2026-09-27,0009,N,nominal,2.0NRT,278.32,0.95,N
44.96465,14.12199,298.99,0.46,0.47,2026-09-27,0152,N,nominal,2.0NRT,288.38,0.88,N
45.51937,11.49824,318.76,0.52,0.41,2026-09-27,0152,N,nominal,2.0NRT,286.43,2.36,N
45.52045,11.49874,308.22,0.52,0.41,2026-09-27,0152,N,nominal,2.0NRT,285.29,1.17,N
45.51678,11.49707,304.44,0.52,0.41,2026-09-27,0152,N,nominal,2.0NRT,283.6,1.17,N
45.38268,11.95,298.96,0.54,0.42,2026-09-27,0152,N,nominal,2.0NRT,287.43,0.89,N
47.03563,22.32948,300.89,0.47,0.48,2026-09-27,0009,N,nominal,2.0NRT,282.3,0.84,N
45.37892,11.94835,296.03,0.54,0.42,2026-09-27,0152,N,nominal,2.0NRT,285.79,0.89,N
46.04894,27.12786,299.33,0.44,0.39,2026-09-27,0009,N,nominal,2.0NRT,282.01,0.62,N
45.68352,9.46564,300.75,0.44,0.38,2026-09-27,0152,N,nominal,2.0NRT,286.21,0.81,N
45.25845,31.67271,338.7,0.39,0.36,2026-09-27,0009,N,nominal,2.0NRT,280.8,8.15,N
45.50996,10.24777,311.68,0.47,0.4,2026-09-27,0152,N,nominal,2.0NRT,288.27,2.7,N
45.25764,31.67758,295.4,0.39,0.36,2026-09-27,0009,N,nominal,2.0NRT,276.51,0.48,N
45.4598,10.4566,302.69,0.48,0.4,2026-09-27,0152,N,nominal,2.0NRT,287.62,1.19,N
44.77428,33.86039,298.31,0.42,0.38,2026-09-27,0009,N,nominal,2.0NRT,280.13,0.79,N
45.78172,8.6815,298.39,0.42,0.38,2026-09-27,0152,N,nominal,2.0NRT,285.99,0.63,N
45.95018,25.28418,299.55,0.51,0.41,2026-09-27,0009,N,nominal,2.0NRT,280.29,1.12,N
45.47931,10.21009,330.4,0.47,0.39,2026-09-27,0152,N,nominal,2.0NRT,289.3,16.78,N
45.95354,22.86746,298.38,0.43,0.46,2026-09-27,0009,N,nominal,2.0NRT,280.17,0.69,N
45.47813,10.21591,302.39,0.47,0.39,2026-09-27,0152,N,nominal,2.0NRT,284.3,5.32,N
46.06851,13.6249,305.92,0.6,0.7,2026-09-27,0009,N,nominal,2.0NRT,284.65,1.58,N
45.43316,8.79433,295.4,0.42,0.38,2026-09-27,0152,N,nominal,2.0NRT,284.86,0.5,N
46.07164,13.62909,296.21,0.6,0.7,2026-09-27,0009,N,nominal,2.0NRT,284.03,0.55,N
45.14735,9.94087,325.28,0.46,0.39,2026-09-27,0152,N,nominal,2.0NRT,288.69,3.41,N
44.95186,19.53344,299.96,0.61,0.53,2026-09-27,0009,N,nominal,2.0NRT,279.25,1.14,N
45.14383,9.93947,327.89,0.46,0.39,2026-09-27,0152,N,nominal,2.0NRT,285.1,3.36,N
44.52638,18.52476,295.04,0.34,0.56,2026-09-27,0009,N,nominal,2.0NRT,281.1,0.53,N
45.22998,5.66645,296.49,0.38,0.36,2026-09-27,0152,N,nominal,2.0NRT,286.44,0.64,N
43.54119,16.4404,302.09,0.42,0.61,2026-09-27,0009,N,nominal,2.0NRT,287.6,1.31,N
44.57962,8.94668,298.7,0.44,0.38,2026-09-27,0152,N,nominal,2.0NRT,282.63,0.5,N
43.54093,16.44073,302.22,0.42,0.61,2026-09-27,0009,N,nominal,2.0NRT,287.83,1.04,N
44.57617,8.94542,296.04,0.44,0.38,2026-09-27,0152,N,nominal,2.0NRT,284.05,0.5,N
41.25456,31.41303,300.46,0.4,0.37,2026-09-27,0009,N,nominal,2.0NRT,260.4,0.57,N
41.01974,28.55779,295.97,0.39,0.36,2026-09-27,0011,N,nominal,2.0NRT,271.83,1.23,N
43.3643,12.54666,307.41,0.42,0.45,2026-09-27,0152,N,nominal,2.0NRT,284.79,1.44,N
44.57239,4.12922,309.07,0.39,0.36,2026-09-27,0152,N,nominal,2.0NRT,288.23,1.44,N
44.56981,4.12339,317.46,0.39,0.36,2026-09-27,0152,N,nominal,2.0NRT,285.97,1.42,N
44.56909,4.12826,316.31,0.39,0.36,2026-09-27,0152,N,nominal,2.0NRT,288.66,1.44,N
44.56652,4.1223,328.91,0.39,0.36,2026-09-27,0152,N,nominal,2.0NRT,289.69,8.51,N
44.5658,4.12717,324.76,0.39,0.36,2026-09-27,0152,N,nominal,2.0NRT,289.39,5.32,N
40.81007,27.25289,300.05,0.4,0.37,2026-09-27,0011,N,nominal,2.0NRT,273.85,1.47,N
42.57045,12.67515,296.87,0.45,0.47,2026-09-27,0152,N,nominal,2.0NRT,285.3,0.61,N
42.56334,12.66658,296.53,0.45,0.47,2026-09-27,0152,N,nominal,2.0NRT,284.95,0.79,N
41.46245,15.71375,315.65,0.33,0.55,2026-09-27,0152,N,nominal,2.0NRT,283.99,1.58,N
40.99993,17.14051,299.81,0.4,0.6,2026-09-27,0152,N,nominal,2.0NRT,283.36,0.48,N
43.68819,4.51177,304.81,0.38,0.36,2026-09-27,0152,N,nominal,2.0NRT,287.6,0.71,N
40.58764,18.03547,308.89,0.46,0.63,2026-09-27,0152,N,nominal,2.0NRT,287.39,1.2,N
40.58901,18.03563,303.79,0.46,0.63,2026-09-27,0152,N,nominal,2.0NRT,287.54,1.1,N
43.44687,4.89874,317.14,0.38,0.36,2026-09-27,0152,N,nominal,2.0NRT,290.19,1.89,N
43.44359,4.89775,323.57,0.38,0.36,2026-09-27,0152,N,nominal,2.0NRT,289.61,1.89,N
43.44257,4.88266,322.09,0.38,0.36,2026-09-27,0152,N,nominal,2.0NRT,290.89,2.25,N
43.43853,4.88637,301.05,0.38,0.36,2026-09-27,0152,N,nominal,2.0NRT,290.52,1.15,N
43.43778,4.89107,313.26,0.38,0.36,2026-09-27,0152,N,nominal,2.0NRT,290.49,1.15,N
43.43375,4.89478,302.07,0.38,0.36,2026-09-27,0152,N,nominal,2.0NRT,288.8,1.2,N
40.95201,15.66807,296.05,0.34,0.56,2026-09-27,0152,N,nominal,2.0NRT,283.33,0.51,N
40.50853,17.21099,309.42,0.42,0.61,2026-09-27,0152,N,nominal,2.0NRT,286.12,1.22,N
40.50563,17.20847,304.99,0.42,0.61,2026-09-27,0152,N,nominal,2.0NRT,286.17,1.1,N
41.46161,15.71087,305.13,0.44,0.63,2026-09-27,0011,N,nominal,2.0NRT,283.96,0.77,N
41.46139,15.71634,299.4,0.44,0.63,2026-09-27,0011,N,nominal,2.0NRT,283.88,0.77,N
40.50292,17.21805,304.61,0.42,0.61,2026-09-27,0152,N,nominal,2.0NRT,287.99,1.48,N
42.9068,1.50018,336,0.42,0.38,2026-09-27,0152,N,nominal,2.0NRT,297.79,4.06,N
42.90611,1.50541,299.63,0.42,0.38,2026-09-27,0152,N,nominal,2.0NRT,287.22,4.06,N
42.90334,1.49934,353.7,0.42,0.38,2026-09-27,0152,N,nominal,2.0NRT,294.38,7.64,N
42.90266,1.50455,311.9,0.42,0.38,2026-09-27,0152,N,nominal,2.0NRT,289.8,7.64,N
42.71673,2.00795,299.92,0.41,0.37,2026-09-27,0152,N,nominal,2.0NRT,286.31,1.08,N
42.71121,1.99694,302.93,0.41,0.37,2026-09-27,0152,N,nominal,2.0NRT,286.1,0.75,N
42.69823,1.76389,305.63,0.42,0.37,2026-09-27,0152,N,nominal,2.0NRT,283.87,1.06,N
43.07882,-1.84519,310.29,0.56,0.43,2026-09-27,0152,N,nominal,2.0NRT,288.38,1.51,N
42.60309,-1.76269,297.35,0.55,0.43,2026-09-27,0152,N,nominal,2.0NRT,286.6,0.34,N
40.34286,8.81768,300.51,0.5,0.41,2026-09-27,0152,N,nominal,2.0NRT,285.04,1.05,N
38.79625,15.21258,330.31,0.37,0.58,2026-09-27,0152,N,nominal,2.0NRT,286.7,1.86,N
38.79519,15.21648,327.59,0.37,0.58,2026-09-27,0152,N,nominal,2.0NRT,284.96,1.86,N
38.79129,15.20971,306.52,0.37,0.58,2026-09-27,0152,N,nominal,2.0NRT,282.85,1.86,N
38.79053,15.21248,317.32,0.37,0.58,2026-09-27,0152,N,nominal,2.0NRT,282.41,1.86,N
38.79333,15.21072,326.24,0.37,0.58,2026-09-27,0152,N,nominal,2.0NRT,284.51,3.9,N
38.79242,15.21412,348.26,0.37,0.58,2026-09-27,0152,N,nominal,2.0NRT,286.88,3.9,N
40.29448,8.60981,295.96,0.5,0.41,2026-09-27,0152,N,nominal,2.0NRT,285.81,0.66,N
41.31287,1.6653,300.38,0.41,0.37,2026-09-27,0152,N,nominal,2.0NRT,289.85,0.52,N
41.66616,-8.07634,322.95,0.37,0.58,2026-09-27,0152,N,nominal,2.0NRT,250.03,4.41,N
41.66595,-8.07233,344.22,0.37,0.58,2026-09-27,0152,N,nominal,2.0NRT,250.04,4.41,N
40.57568,0.5411,309.5,0.43,0.38,2026-09-27,0152,N,nominal,2.0NRT,292.41,1.12,N
39.08063,9.01911,306.39,0.54,0.42,2026-09-27,0152,N,nominal,2.0NRT,294.22,1.44,N
37.86797,12.89968,308.85,0.59,0.53,2026-09-27,0152,N,nominal,2.0NRT,285.24,1.32,N
37.8633,12.89764,299.76,0.59,0.53,2026-09-27,0152,N,nominal,2.0NRT,284.39,1.32,N
36.90421,14.72574,295.74,0.39,0.59,2026-09-27,0154,N,nominal,2.0NRT,285.35,0.3,N
36.90331,14.72608,296.87,0.39,0.59,2026-09-27,0154,N,nominal,2.0NRT,285.42,0.46,N
36.58867,10.31752,300.83,0.47,0.48,2026-09-27,0154,N,nominal,2.0NRT,289.11,1.43,N
38.37685,-0.54348,302.7,0.45,0.39,2026-09-27,0154,N,nominal,2.0NRT,287.39,1.03,N
36.87617,6.94425,309.41,0.48,0.4,2026-09-27,0154,N,nominal,2.0NRT,291.2,1.58,N
36.86883,6.98136,305.32,0.48,0.4,2026-09-27,0154,N,nominal,2.0NRT,292.09,1.54,N
36.76007,7.31039,308.92,0.5,0.41,2026-09-27,0154,N,nominal,2.0NRT,290.25,1.67,N
36.76017,7.30939,309.83,0.5,0.41,2026-09-27,0154,N,nominal,2.0NRT,290.05,1.31,N
36.7485,6.25547,309.21,0.45,0.39,2026-09-27,0154,N,nominal,2.0NRT,290.9,5.6,N
36.74497,6.25442,345.21,0.45,0.39,2026-09-27,0154,N,nominal,2.0NRT,291.95,5.6,N
40.58563,18.03329,312.15,0.33,0.55,2026-09-27,0011,N,nominal,2.0NRT,287.23,1.04,N
51.04615,2.29947,367,0.54,0.68,2026-09-27,0330,N,high,2.0NRT,279.14,6.82,N
51.03816,2.30135,299.97,0.54,0.68,2026-09-27,0330,N,nominal,2.0NRT,278.94,1.22,N
51.03514,2.28938,303.1,0.54,0.68,2026-09-27,0330,N,nominal,2.0NRT,280.57,1.22,N
51.03213,2.27742,298.43,0.54,0.68,2026-09-27,0330,N,nominal,2.0NRT,279.91,1.8,N
48.98313,1.76067,301.78,0.61,0.71,2026-09-27,0330,N,nominal,2.0NRT,282.61,0.59,N
43.07818,-1.8498,301.33,0.69,0.74,2026-09-27,0332,N,nominal,2.0NRT,285.34,3.4,N
43.07729,-1.84679,305.84,0.69,0.74,2026-09-27,0332,N,nominal,2.0NRT,285.23,1.71,N
42.97869,-5.80447,332.26,0.46,0.64,2026-09-27,0332,N,nominal,2.0NRT,262.47,6,N
36.63811,-5.09062,329.89,0.76,0.77,2026-09-27,0334,N,nominal,2.0NRT,270.95,6.11,N
36.64684,-5.1174,296.32,0.76,0.77,2026-09-27,0334,N,nominal,2.0NRT,273.49,0.94,N
36.64506,-5.11194,301.8,0.76,0.77,2026-09-27,0334,N,nominal,2.0NRT,267.7,0.94,N
36.64014,-5.09683,315.51,0.76,0.77,2026-09-27,0334,N,nominal,2.0NRT,268.93,6.91,N
36.63749,-5.11267,336.77,0.76,0.77,2026-09-27,0334,N,nominal,2.0NRT,267.75,4.72,N
36.6396,-5.11916,307.96,0.76,0.77,2026-09-27,0334,N,nominal,2.0NRT,266.92,4.72,N
36.63523,-5.10573,315.49,0.76,0.77,2026-09-27,0334,N,nominal,2.0NRT,272.9,5.36,N
36.63302,-5.09898,315.96,0.76,0.77,2026-09-27,0334,N,nominal,2.0NRT,274.96,5.36,N
36.63102,-5.09284,301.06,0.76,0.77,2026-09-27,0334,N,nominal,2.0NRT,270.77,3.15,N
36.63007,-5.11388,295.07,0.76,0.77,2026-09-27,0334,N,nominal,2.0NRT,269.38,4.72,N
65.56472,22.22489,319.44,0.42,0.61,2026-09-27,0325,N,nominal,2.0NRT,279.58,1.57,N
65.56173,22.23114,304.71,0.42,0.61,2026-09-27,0325,N,nominal,2.0NRT,278.58,1.57,N
64.66325,21.28416,310.05,0.45,0.63,2026-09-27,0325,N,nominal,2.0NRT,278.06,1.18,N
64.66469,21.2825,299.46,0.45,0.63,2026-09-27,0325,N,nominal,2.0NRT,276.56,1.97,N
57.06068,9.97781,316.67,0.55,0.68,2026-09-27,0328,N,nominal,2.0NRT,283.52,2.45,N
57.06216,9.98552,301.09,0.55,0.68,2026-09-27,0328,N,nominal,2.0NRT,281.45,1.95,N
59.54663,1.53448,311.24,0.5,0.49,2026-09-27,0328,N,nominal,2.0NRT,282.23,1.72,N
58.35484,0.86612,337.85,0.52,0.5,2026-09-27,0328,N,nominal,2.0NRT,284.74,4.93,N
58.35526,0.87063,311.16,0.52,0.5,2026-09-27,0328,N,nominal,2.0NRT,283.89,2.28,N
58.35119,0.86628,327.62,0.52,0.5,2026-09-27,0328,N,nominal,2.0NRT,283.83,2.19,N
58.35352,0.85828,300.62,0.52,0.5,2026-09-27,0328,N,nominal,2.0NRT,283.66,2.19,N
57.81291,-0.9755,333.66,0.48,0.48,2026-09-27,0328,N,nominal,2.0NRT,283.81,3.39,N
52.49268,4.61599,308.97,0.57,0.69,2026-09-27,0330,N,nominal,2.0NRT,275.72,1.58,N
52.48449,4.59709,298.2,0.57,0.69,2026-09-27,0330,N,nominal,2.0NRT,273.67,1.49,N
52.47895,4.59145,301.3,0.57,0.69,2026-09-27,0330,N,nominal,2.0NRT,271.68,1.28,N
51.17537,3.81585,320.76,0.6,0.71,2026-09-27,0330,N,nominal,2.0NRT,273.15,5.27,N
51.1726,3.80267,295.57,0.6,0.71,2026-09-27,0330,N,nominal,2.0NRT,276.05,2.81,N
51.16967,3.81039,313.37,0.6,0.71,2026-09-27,0330,N,nominal,2.0NRT,271.83,2.81,N
51.16673,3.81815,305.41,0.6,0.71,2026-09-27,0330,N,nominal,2.0NRT,268.5,2.11,N
64.6463,24.42431,327.59,0.59,0.7,2026-09-27,0820,N,nominal,2.0NRT,283,4.82,D
65.76962,24.19003,325.89,0.52,0.67,2026-09-27,0822,N,nominal,2.0NRT,282.64,2.87,D
39.46988,33.66536,342.78,0.53,0.67,2026-09-27,0954,N,nominal,2.0NRT,287.96,10.06,D
39.46805,33.65924,335.09,0.53,0.67,2026-09-27,0954,N,nominal,2.0NRT,286.66,7.44,D
39.42894,33.5566,339.54,0.54,0.68,2026-09-27,0954,N,nominal,2.0NRT,282.44,4.33,D
39.4684,33.66359,356.07,0.53,0.67,2026-09-27,0954,N,nominal,2.0NRT,289.67,13.5,D
40.54725,34.29461,329.03,0.46,0.64,2026-09-27,0954,N,nominal,2.0NRT,286.88,1.84,D
40.55671,34.19941,332.5,0.46,0.64,2026-09-27,0954,N,nominal,2.0NRT,293.77,3.68,D
40.558,34.09517,325.9,0.47,0.64,2026-09-27,0954,N,nominal,2.0NRT,292.28,2.36,D
44.20835,28.43587,342.01,0.66,0.73,2026-09-27,0956,N,nominal,2.0NRT,294.24,8.19,D
45.26061,31.67498,325.34,0.44,0.62,2026-09-27,0956,N,nominal,2.0NRT,284.25,7.46,D
45.259,31.66966,330.46,0.44,0.62,2026-09-27,0956,N,nominal,2.0NRT,284.61,5.85,D
44.20472,28.4382,334.38,0.66,0.73,2026-09-27,0956,N,nominal,2.0NRT,293.81,7.37,D
46.19887,32.42259,341.46,0.38,0.59,2026-09-27,0956,N,nominal,2.0NRT,287.37,6.55,D
45.46849,29.58653,367,0.53,0.67,2026-09-27,0956,N,high,2.0NRT,291.29,17.01,D
45.64681,29.5047,367,0.53,0.67,2026-09-27,0956,N,high,2.0NRT,294.46,11.15,D
45.53147,29.02935,344.01,0.56,0.69,2026-09-27,0956,N,nominal,2.0NRT,292.72,6.81,D
46.39256,29.81554,339.02,0.49,0.65,2026-09-27,0956,N,nominal,2.0NRT,288.06,5.48,D
46.39346,29.81215,340.47,0.49,0.65,2026-09-27,0956,N,nominal,2.0NRT,291.12,4.89,D
47.55667,32.95732,367,0.33,0.55,2026-09-27,0956,N,high,2.0NRT,294.51,2.85,D
47.55552,32.95325,325.45,0.33,0.55,2026-09-27,0956,N,nominal,2.0NRT,292.67,2.85,D
50.50705,29.64346,343,0.36,0.58,2026-09-27,0956,N,nominal,2.0NRT,288.97,4.69,D
50.5056,29.63871,350,0.36,0.58,2026-09-27,0956,N,nominal,2.0NRT,289.49,4.69,D
51.94563,34.06194,335.75,0.44,0.46,2026-09-27,0956,N,nominal,2.0NRT,291.45,2.47,D
52.40408,34.28119,333.09,0.42,0.45,2026-09-27,0956,N,nominal,2.0NRT,288.04,3.26,D
52.34926,32.5917,325.25,0.49,0.49,2026-09-27,0956,N,nominal,2.0NRT,289.63,2.81,D
53.6794,33.25708,338.32,0.42,0.46,2026-09-27,0958,N,nominal,2.0NRT,287.93,8.75,D
59.4397,29.29884,327.63,0.39,0.44,2026-09-27,0958,N,nominal,2.0NRT,284.77,2.47,D
60.29897,25.52319,338.59,0.46,0.47,2026-09-27,1000,N,nominal,2.0NRT,290.72,4.52,D
37.10501,33.11129,342.18,0.53,0.5,2026-09-27,1132,N,nominal,2.0NRT,299.63,7.9,D
38.20648,32.43413,355.47,0.5,0.49,2026-09-27,1134,N,nominal,2.0NRT,290.01,15.88,D
38.46095,32.91441,342.9,0.53,0.5,2026-09-27,1134,N,nominal,2.0NRT,297.23,6.5,D
38.86278,34.03832,340.7,0.62,0.54,2026-09-27,1134,N,nominal,2.0NRT,298.43,7.74,D
39.05496,33.27591,341.79,0.57,0.52,2026-09-27,1134,N,nominal,2.0NRT,293.39,13.12,D
39.05445,33.26917,341.77,0.57,0.52,2026-09-27,1134,N,nominal,2.0NRT,295.61,11.15,D
39.24564,33.83524,342.72,0.61,0.53,2026-09-27,1134,N,nominal,2.0NRT,300.32,9.6,D
39.24577,33.83404,345.28,0.61,0.53,2026-09-27,1134,N,nominal,2.0NRT,300.19,9.92,D
39.32657,34.81537,335.63,0.34,0.56,2026-09-27,1134,N,nominal,2.0NRT,293.37,2.89,D
39.33181,34.81476,350.38,0.34,0.56,2026-09-27,1134,N,nominal,2.0NRT,292.86,2.89,D
39.364,34.91415,337.5,0.35,0.57,2026-09-27,1134,N,nominal,2.0NRT,294.55,5.76,D
39.37429,34.90897,333.51,0.35,0.57,2026-09-27,1134,N,nominal,2.0NRT,295.42,2.57,D
39.37405,34.90491,337.48,0.35,0.57,2026-09-27,1134,N,nominal,2.0NRT,295.64,2.57,D
39.31798,33.65342,341.64,0.6,0.53,2026-09-27,1134,N,nominal,2.0NRT,299.33,10.32,D
39.31981,33.65403,341.42,0.6,0.53,2026-09-27,1134,N,nominal,2.0NRT,297.59,9.76,D
39.31938,33.64747,340.95,0.6,0.53,2026-09-27,1134,N,nominal,2.0NRT,297.06,9.76,D
39.35592,33.32092,342.19,0.57,0.52,2026-09-27,1134,N,nominal,2.0NRT,297.79,10.09,D
39.36074,33.32034,340.27,0.57,0.52,2026-09-27,1134,N,nominal,2.0NRT,296.87,10.09,D
39.36027,33.31375,346.1,0.57,0.52,2026-09-27,1134,N,nominal,2.0NRT,297.88,10.09,D
39.41606,33.54543,339.28,0.59,0.53,2026-09-27,1134,N,nominal,2.0NRT,293.79,6.79,D
39.42197,33.55898,338.55,0.59,0.53,2026-09-27,1134,N,nominal,2.0NRT,296.56,12.56,D
39.41776,33.54362,343.7,0.59,0.53,2026-09-27,1134,N,nominal,2.0NRT,295,11.99,D
39.42358,33.55719,342.27,0.59,0.53,2026-09-27,1134,N,nominal,2.0NRT,295.87,8.37,D
39.53178,33.8359,331.68,0.61,0.54,2026-09-27,1134,N,nominal,2.0NRT,297.86,9.05,D
39.53128,33.82862,335.37,0.61,0.54,2026-09-27,1134,N,nominal,2.0NRT,295.82,4.33,D
39.56013,33.81147,332.89,0.61,0.54,2026-09-27,1134,N,nominal,2.0NRT,296.68,4.7,D
38.10675,21.63632,335.13,0.41,0.37,2026-09-27,1134,N,nominal,2.0NRT,300.32,2.01,D
39.56064,33.8111,332.49,0.61,0.54,2026-09-27,1134,N,nominal,2.0NRT,296.84,5.47,D
39.59633,33.82101,340.91,0.61,0.54,2026-09-27,1134,N,nominal,2.0NRT,297.26,13.69,D
39.59584,33.81359,342.77,0.61,0.54,2026-09-27,1134,N,nominal,2.0NRT,299.16,17.21,D
39.49129,32.31135,337.16,0.51,0.49,2026-09-27,1134,N,nominal,2.0NRT,298.69,7.96,D
37.47674,14.74777,330.61,0.56,0.52,2026-09-27,1134,N,low,2.0NRT,304.65,2.18,D
40.38038,33.91988,336.96,0.63,0.54,2026-09-27,1134,N,nominal,2.0NRT,292.06,4.44,D
40.40656,34.25116,329.58,0.33,0.55,2026-09-27,1134,N,nominal,2.0NRT,288.06,1.76,D
37.54109,14.51107,346.38,0.58,0.52,2026-09-27,1134,N,nominal,2.0NRT,305.28,6.49,D
37.46519,13.60454,343.5,0.32,0.55,2026-09-27,1134,N,nominal,2.0NRT,296.15,3.2,D
37.81973,14.70192,330.8,0.55,0.51,2026-09-27,1134,N,nominal,2.0NRT,297.11,5.81,D
37.61964,13.88241,339.93,0.62,0.54,2026-09-27,1134,N,nominal,2.0NRT,302.87,11.08,D
36.25885,8.82252,333.01,0.61,0.71,2026-09-27,1134,N,nominal,2.0NRT,302.03,4.69,D
37.53626,13.34535,348.45,0.33,0.55,2026-09-27,1134,N,nominal,2.0NRT,299.7,4.89,D
36.50581,9.23077,337.51,0.57,0.69,2026-09-27,1134,N,nominal,2.0NRT,298.23,6.37,D
36.50702,9.22806,337.83,0.57,0.69,2026-09-27,1134,N,nominal,2.0NRT,297.81,7.6,D
38.54452,16.55873,332.03,0.43,0.46,2026-09-27,1134,N,nominal,2.0NRT,299.98,1.6,D
36.66213,9.18669,334.29,0.57,0.69,2026-09-27,1134,N,nominal,2.0NRT,299.63,4.19,D
36.97688,10.05935,367,0.51,0.66,2026-09-27,1134,N,high,2.0NRT,293.65,14.99,D
36.97126,10.05886,336.45,0.51,0.66,2026-09-27,1134,N,nominal,2.0NRT,289.75,3.9,D
36.97713,10.05647,367,0.51,0.66,2026-09-27,1134,N,high,2.0NRT,293.03,10.12,D
36.87564,9.57316,337.22,0.54,0.68,2026-09-27,1134,N,nominal,2.0NRT,294.81,12.9,D
36.87397,9.56746,356.36,0.54,0.68,2026-09-27,1134,N,nominal,2.0NRT,293.59,10.9,D
37.73838,12.63881,367,0.36,0.57,2026-09-27,1134,N,high,2.0NRT,304.1,6.03,D
37.93964,13.40129,332.95,0.32,0.55,2026-09-27,1134,N,nominal,2.0NRT,297.85,3.76,D
37.74347,12.63682,341.91,0.36,0.57,2026-09-27,1134,N,nominal,2.0NRT,300.94,6.03,D
37.79733,12.77994,335.06,0.35,0.57,2026-09-27,1134,N,nominal,2.0NRT,301.49,2.09,D
38.66278,16.17795,339.93,0.45,0.47,2026-09-27,1134,N,nominal,2.0NRT,297.56,10.3,D
38.66164,16.17293,338.57,0.45,0.47,2026-09-27,1134,N,nominal,2.0NRT,295.59,4.73,D
38.66585,16.17157,341.71,0.45,0.47,2026-09-27,1134,N,nominal,2.0NRT,296.68,4.73,D
37.04753,9.73207,332.08,0.52,0.67,2026-09-27,1134,N,nominal,2.0NRT,299.13,3.93,D
36.89037,9.19807,331.64,0.56,0.69,2026-09-27,1134,N,nominal,2.0NRT,297.21,3.6,D
38.80016,16.47306,326.21,0.43,0.46,2026-09-27,1134,N,nominal,2.0NRT,300.68,1.95,D
38.95756,16.94339,332.48,0.4,0.44,2026-09-27,1134,N,nominal,2.0NRT,299.32,2.47,D
37.22444,9.68204,331.68,0.52,0.67,2026-09-27,1134,N,nominal,2.0NRT,298.55,2.94,D
36.8655,6.97645,346.6,0.73,0.76,2026-09-27,1134,N,nominal,2.0NRT,296.27,9.09,D
36.87761,6.94246,342.66,0.73,0.76,2026-09-27,1134,N,nominal,2.0NRT,293.83,9.22,D
41.29921,26.61108,332.35,0.44,0.39,2026-09-27,1134,N,nominal,2.0NRT,292.59,3.76,D
41.57065,27.01354,328.34,0.46,0.39,2026-09-27,1134,N,nominal,2.0NRT,291.26,1.6,D
40.83124,19.75555,329.42,0.43,0.38,2026-09-27,1134,N,nominal,2.0NRT,300.02,1.8,D
40.52969,18.07004,331.82,0.5,0.41,2026-09-27,1134,N,nominal,2.0NRT,299.39,2.57,D
40.8315,19.4622,331.31,0.44,0.39,2026-09-27,1134,N,nominal,2.0NRT,300.54,2.83,D
40.31744,16.77355,336.74,0.39,0.44,2026-09-27,1134,N,nominal,2.0NRT,297.42,2.37,D
40.50086,17.61511,335.38,0.53,0.42,2026-09-27,1134,N,nominal,2.0NRT,300.52,3.53,D
40.52934,17.69604,330.92,0.52,0.42,2026-09-27,1134,N,nominal,2.0NRT,300.02,1.55,D
40.50217,17.61377,333.36,0.53,0.42,2026-09-27,1134,N,nominal,2.0NRT,300.04,3.33,D
42.21463,25.74606,333.05,0.43,0.38,2026-09-27,1134,N,nominal,2.0NRT,301.32,6.65,D
42.36948,26.06809,350.16,0.44,0.38,2026-09-27,1134,N,nominal,2.0NRT,303.47,9.37,D
40.87102,16.55007,337.67,0.38,0.44,2026-09-27,1134,N,nominal,2.0NRT,298.95,2.37,D
41.68587,19.6037,331.4,0.43,0.38,2026-09-27,1134,N,nominal,2.0NRT,300.11,2.3,D
41.45983,15.82887,329.44,0.4,0.44,2026-09-27,1134,N,low,2.0NRT,300.95,3.27,D
41.54146,15.82773,340.15,0.4,0.44,2026-09-27,1134,N,nominal,2.0NRT,302.16,4.57,D
41.65203,14.96671,349.41,0.44,0.46,2026-09-27,1134,N,nominal,2.0NRT,296.46,11.75,D
42.89284,21.2488,325.32,0.39,0.36,2026-09-27,1134,N,nominal,2.0NRT,295.95,2.13,D
41.91135,15.30295,330.56,0.42,0.45,2026-09-27,1134,N,nominal,2.0NRT,300.5,2.45,D
44.05494,27.71604,336.13,0.52,0.41,2026-09-27,1134,N,nominal,2.0NRT,297.09,8.28,D
43.95438,24.49477,328.79,0.41,0.37,2026-09-27,1134,N,low,2.0NRT,300.17,3.86,D
43.795,23.25086,334.36,0.39,0.36,2026-09-27,1134,N,nominal,2.0NRT,298.35,3.18,D
43.79665,23.24747,329.19,0.39,0.36,2026-09-27,1134,N,nominal,2.0NRT,296.85,3.86,D
44.17597,24.85934,336.01,0.42,0.38,2026-09-27,1134,N,nominal,2.0NRT,297.55,1.81,D
44.06394,23.45581,349.25,0.39,0.36,2026-09-27,1136,N,nominal,2.0NRT,308.52,6.75,D
44.06726,23.45491,335.66,0.39,0.36,2026-09-27,1136,N,nominal,2.0NRT,304.19,6.75,D
44.06658,23.45004,347.84,0.39,0.36,2026-09-27,1136,N,nominal,2.0NRT,303.64,6.75,D
44.06852,23.4394,340.62,0.39,0.36,2026-09-27,1136,N,nominal,2.0NRT,303.93,8.24,D
44.06864,23.22257,332.53,0.39,0.36,2026-09-27,1136,N,low,2.0NRT,305.12,4,D
44.06794,23.21774,347.86,0.39,0.36,2026-09-27,1136,N,nominal,2.0NRT,305.59,4,D
44.07195,23.22166,339.32,0.39,0.36,2026-09-27,1136,N,nominal,2.0NRT,304.79,3.58,D
44.55179,26.56396,335.05,0.48,0.4,2026-09-27,1136,N,nominal,2.0NRT,296.04,16.31,D
44.32391,24.28477,337.76,0.41,0.37,2026-09-27,1136,N,nominal,2.0NRT,295.46,2.35,D
44.28446,23.73958,332.19,0.4,0.37,2026-09-27,1136,N,nominal,2.0NRT,297.25,3.2,D
44.19968,22.95913,350.67,0.39,0.36,2026-09-27,1136,N,nominal,2.0NRT,302.93,7.77,D
64.64737,24.42987,335.92,0.53,0.42,2026-09-27,1000,N,nominal,2.0NRT,288.27,6.94,D
44.20368,22.96302,337.97,0.39,0.36,2026-09-27,1136,N,nominal,2.0NRT,303.84,6.26,D
64.64337,24.42667,328.71,0.53,0.42,2026-09-27,1000,N,nominal,2.0NRT,286.79,3.21,D
44.20298,22.9582,338.29,0.39,0.36,2026-09-27,1136,N,nominal,2.0NRT,303.78,20.61,D
44.27526,22.66417,330.91,0.39,0.36,2026-09-27,1136,N,nominal,2.0NRT,303.05,1.88,D
44.34584,22.72409,331.08,0.39,0.36,2026-09-27,1136,N,low,2.0NRT,304.07,2.44,D
65.7663,24.1931,342.69,0.5,0.41,2026-09-27,1000,N,nominal,2.0NRT,287.5,4.65,D
44.35804,22.69052,336.64,0.39,0.36,2026-09-27,1136,N,nominal,2.0NRT,300.37,5.6,D
65.76955,24.18839,334.84,0.5,0.41,2026-09-27,1000,N,nominal,2.0NRT,284.55,4.65,D
44.19553,21.04918,346.47,0.39,0.36,2026-09-27,1136,N,nominal,2.0NRT,298.12,3.1,D
45.45495,29.56274,354.72,0.43,0.46,2026-09-27,1136,N,nominal,2.0NRT,294.07,27.79,D
45.46062,29.5788,344.16,0.43,0.46,2026-09-27,1136,N,nominal,2.0NRT,295.53,14.22,D
45.46015,29.57322,352.11,0.43,0.46,2026-09-27,1136,N,nominal,2.0NRT,291.92,14.22,D
45.45967,29.56764,352.22,0.43,0.46,2026-09-27,1136,N,nominal,2.0NRT,295.39,27.79,D
45.45919,29.56206,353.01,0.43,0.46,2026-09-27,1136,N,nominal,2.0NRT,290.37,27.79,D
45.46439,29.57252,367,0.43,0.46,2026-09-27,1136,N,high,2.0NRT,298.41,24.92,D
45.46582,29.58928,338.36,0.43,0.46,2026-09-27,1136,N,nominal,2.0NRT,291.76,10.11,D
45.46535,29.58369,348.24,0.43,0.46,2026-09-27,1136,N,nominal,2.0NRT,294.64,10.11,D
45.46487,29.5781,347.88,0.43,0.46,2026-09-27,1136,N,nominal,2.0NRT,293.11,24.92,D
45.46391,29.56694,352.11,0.43,0.46,2026-09-27,1136,N,nominal,2.0NRT,291.05,13.95,D
45.33117,28.03993,330.16,0.55,0.43,2026-09-27,1136,N,nominal,2.0NRT,293.75,7.94,D
44.55545,21.02011,329.81,0.39,0.36,2026-09-27,1136,N,nominal,2.0NRT,298.59,1.51,D
44.58986,21.1908,332.47,0.39,0.36,2026-09-27,1136,N,nominal,2.0NRT,300.83,3.6,D
44.56123,21.01323,335.57,0.39,0.36,2026-09-27,1136,N,nominal,2.0NRT,300.08,3.45,D
44.59313,21.18977,333.71,0.39,0.36,2026-09-27,1136,N,nominal,2.0NRT,299.54,6.28,D
44.86399,22.81018,327.22,0.39,0.36,2026-09-27,1136,N,low,2.0NRT,298.32,1.43,D
45.03061,21.25833,334.75,0.38,0.36,2026-09-27,1136,N,nominal,2.0NRT,301.58,1.87,D
44.92022,20.03544,352.07,0.39,0.36,2026-09-27,1136,N,nominal,2.0NRT,301.89,7.16,D
44.82991,19.48822,336.52,0.4,0.37,2026-09-27,1136,N,nominal,2.0NRT,296.53,1.58,D
45.03122,20.41926,330.06,0.39,0.36,2026-09-27,1136,N,low,2.0NRT,301.05,2,D
45.03041,20.41438,331.8,0.39,0.36,2026-09-27,1136,N,nominal,2.0NRT,301.59,2.47,D
45.1577,20.83368,340.51,0.39,0.36,2026-09-27,1136,N,nominal,2.0NRT,302.78,3.8,D
45.16176,20.83747,333.08,0.39,0.36,2026-09-27,1136,N,nominal,2.0NRT,302.84,2.35,D
45.08149,20.08468,335.85,0.39,0.36,2026-09-27,1136,N,nominal,2.0NRT,304.11,3,D
44.95243,19.31733,343.27,0.4,0.37,2026-09-27,1136,N,nominal,2.0NRT,310.31,29.13,D
44.95576,19.31617,339.57,0.4,0.37,2026-09-27,1136,N,nominal,2.0NRT,296.38,19.19,D
45.06644,19.75021,335.64,0.4,0.37,2026-09-27,1136,N,nominal,2.0NRT,302.89,3.5,D
45.24656,20.81229,343.69,0.39,0.36,2026-09-27,1136,N,nominal,2.0NRT,299.27,2.85,D
45.2514,20.82093,339.17,0.39,0.36,2026-09-27,1136,N,nominal,2.0NRT,300.42,3.34,D
45.25062,20.81608,356.66,0.39,0.36,2026-09-27,1136,N,nominal,2.0NRT,303.71,7.06,D
45.25467,20.81988,333.35,0.39,0.36,2026-09-27,1136,N,nominal,2.0NRT,301.74,3.34,D
45.25389,20.81502,344.06,0.39,0.36,2026-09-27,1136,N,nominal,2.0NRT,298.59,7.06,D
45.01773,19.32662,347.51,0.4,0.37,2026-09-27,1136,N,nominal,2.0NRT,304.37,6.39,D
45.07188,19.53411,346.92,0.4,0.37,2026-09-27,1136,N,nominal,2.0NRT,302.28,9.22,D
45.0836,19.54073,335.97,0.4,0.37,2026-09-27,1136,N,nominal,2.0NRT,296.54,2.1,D
45.20284,19.6344,333.09,0.4,0.37,2026-09-27,1136,N,nominal,2.0NRT,299.24,6.63,D
45.02786,17.98413,327.63,0.43,0.38,2026-09-27,1136,N,nominal,2.0NRT,294,1.79,D
45.45033,20.01462,339.94,0.39,0.36,2026-09-27,1136,N,nominal,2.0NRT,303.88,4.32,D
45.82277,21.86576,350.94,0.39,0.36,2026-09-27,1136,N,nominal,2.0NRT,302.88,4.62,D
45.82605,21.86475,337.16,0.39,0.36,2026-09-27,1136,N,nominal,2.0NRT,302.09,4.62,D
45.44859,19.4007,337.45,0.4,0.37,2026-09-27,1136,N,nominal,2.0NRT,304.69,7.94,D
45.75568,20.68869,343.07,0.39,0.36,2026-09-27,1136,N,nominal,2.0NRT,298.96,4.46,D
46.0358,18.9278,337.74,0.4,0.37,2026-09-27,1136,N,nominal,2.0NRT,289.1,1.95,D
45.71158,12.30519,337.22,0.46,0.47,2026-09-27,1136,N,nominal,2.0NRT,295.82,3.03,D
45.68363,12.17092,344.07,0.47,0.48,2026-09-27,1136,N,nominal,2.0NRT,296.23,8.03,D
45.51721,11.49817,328.67,0.51,0.49,2026-09-27,1136,N,nominal,2.0NRT,300.04,4.83,D
45.68782,12.16888,356.68,0.47,0.48,2026-09-27,1136,N,low,2.0NRT,299.4,8.03,D
43.69115,4.5152,325.69,0.59,0.7,2026-09-27,1136,N,nominal,2.0NRT,295.56,4.83,D
45.4612,10.45661,333.52,0.57,0.52,2026-09-27,1136,N,nominal,2.0NRT,298.83,5.35,D
45.50998,10.24723,341.68,0.58,0.52,2026-09-27,1136,N,nominal,2.0NRT,299.59,7.69,D
45.50861,10.24686,344.55,0.58,0.52,2026-09-27,1136,N,nominal,2.0NRT,299.6,6.57,D
48.97492,24.7137,327,0.46,0.39,2026-09-27,1136,N,nominal,2.0NRT,300.14,2.81,D
48.4761,20.75752,327.37,0.38,0.36,2026-09-27,1136,N,nominal,2.0NRT,291.45,1.83,D
48.60591,21.17801,329.75,0.39,0.36,2026-09-27,1136,N,nominal,2.0NRT,288.04,3.15,D
50.12604,26.73598,333.85,0.56,0.43,2026-09-27,1136,N,nominal,2.0NRT,293.45,5.96,D
48.27453,14.3371,336.1,0.5,0.41,2026-09-27,1136,N,nominal,2.0NRT,297.51,6.12,D
50.12381,26.73622,339.16,0.56,0.43,2026-09-27,1136,N,nominal,2.0NRT,291.32,3.65,D
47.06889,8.26944,337.06,0.32,0.54,2026-09-27,1136,N,nominal,2.0NRT,298.47,2.41,D
50.00438,17.44749,328.25,0.4,0.37,2026-09-27,1138,N,nominal,2.0NRT,297.64,18.38,D
50.33789,19.29035,330.84,0.38,0.36,2026-09-27,1138,N,nominal,2.0NRT,294.32,2.84,D
50.50238,17.32635,345.38,0.4,0.37,2026-09-27,1138,N,nominal,2.0NRT,292.72,3.04,D
50.59731,17.50036,357.17,0.39,0.36,2026-09-27,1138,N,low,2.0NRT,295.52,5.1,D
50.60057,17.49897,349.51,0.39,0.36,2026-09-27,1138,N,nominal,2.0NRT,294.68,5.1,D
50.84226,16.22496,342.47,0.41,0.37,2026-09-27,1138,N,nominal,2.0NRT,294.21,5.22,D
50.95347,16.52568,342.82,0.4,0.37,2026-09-27,1138,N,nominal,2.0NRT,295.31,2.69,D
51.20135,16.43454,338.47,0.4,0.37,2026-09-27,1138,N,nominal,2.0NRT,292.25,1.28,D
51.24261,16.20575,338.38,0.41,0.37,2026-09-27,1138,N,nominal,2.0NRT,294.12,3.66,D
51.24363,16.21142,356.74,0.41,0.37,2026-09-27,1138,N,low,2.0NRT,295.16,3.66,D
51.24717,16.19138,340.89,0.41,0.37,2026-09-27,1138,N,nominal,2.0NRT,293.5,1.83,D
51.27755,16.30012,346.21,0.4,0.37,2026-09-27,1138,N,nominal,2.0NRT,295.44,4.28,D
51.25813,16.19249,354.8,0.41,0.37,2026-09-27,1138,N,nominal,2.0NRT,295.08,11.8,D
49.1779,7.10574,354.42,0.62,0.54,2026-09-27,1138,N,nominal,2.0NRT,296.24,10.15,D
51.28797,16.33821,341.18,0.4,0.37,2026-09-27,1138,N,nominal,2.0NRT,294.92,2.37,D
51.26246,16.19665,335.52,0.41,0.37,2026-09-27,1138,N,nominal,2.0NRT,292.46,2.82,D
51.26143,16.19095,356.78,0.41,0.37,2026-09-27,1138,N,low,2.0NRT,295.72,11.8,D
51.26577,16.19513,355.1,0.41,0.37,2026-09-27,1138,N,nominal,2.0NRT,295.11,22.28,D
51.25029,16.10968,338.37,0.41,0.37,2026-09-27,1138,N,nominal,2.0NRT,293.68,9.08,D
51.24925,16.10398,356.44,0.41,0.37,2026-09-27,1138,N,nominal,2.0NRT,295.06,9.08,D
51.26474,16.18944,356.18,0.41,0.37,2026-09-27,1138,N,low,2.0NRT,296.45,16.37,D
51.25587,16.10091,345.16,0.41,0.37,2026-09-27,1138,N,nominal,2.0NRT,295.64,3.71,D
51.40899,16.39677,354.66,0.4,0.37,2026-09-27,1138,N,nominal,2.0NRT,297.06,10.17,D
51.35014,16.03045,356.71,0.41,0.37,2026-09-27,1138,N,low,2.0NRT,295.74,9.11,D
51.35553,16.04033,345.78,0.41,0.37,2026-09-27,1138,N,nominal,2.0NRT,296.06,17.93,D
51.35345,16.0289,352.83,0.41,0.37,2026-09-27,1138,N,nominal,2.0NRT,299.18,26.79,D
51.35884,16.03878,345.74,0.41,0.37,2026-09-27,1138,N,nominal,2.0NRT,296.75,17.93,D
51.3578,16.03306,346.43,0.41,0.37,2026-09-27,1138,N,nominal,2.0NRT,296.72,17.93,D
51.40907,16.2376,348.14,0.4,0.37,2026-09-27,1138,N,nominal,2.0NRT,295.3,8.54,D
51.37975,16.03522,341.8,0.41,0.37,2026-09-27,1138,N,nominal,2.0NRT,291.51,7.94,D
51.38513,16.04511,350.94,0.41,0.37,2026-09-27,1138,N,nominal,2.0NRT,296.35,10.09,D
51.38801,16.04193,346.36,0.41,0.37,2026-09-27,1138,N,nominal,2.0NRT,294.16,2.95,D
51.41604,16.09707,338.68,0.41,0.37,2026-09-27,1138,N,nominal,2.0NRT,293.56,3.23,D
51.42965,16.05355,338.85,0.41,0.37,2026-09-27,1138,N,nominal,2.0NRT,293.29,1.68,D
51.51898,16.27102,340.9,0.4,0.37,2026-09-27,1138,N,nominal,2.0NRT,295.11,6.96,D
51.52126,16.26385,339.07,0.4,0.37,2026-09-27,1138,N,nominal,2.0NRT,294.5,2.75,D
51.48364,16.03463,340.79,0.41,0.37,2026-09-27,1138,N,nominal,2.0NRT,293.79,3.33,D
49.358,6.7471,328.74,0.63,0.54,2026-09-27,1138,N,nominal,2.0NRT,297.74,6.2,D
51.55522,16.23451,346.76,0.4,0.37,2026-09-27,1138,N,nominal,2.0NRT,295.5,3.06,D
49.35823,6.74973,328.1,0.63,0.54,2026-09-27,1138,N,nominal,2.0NRT,298.35,4.86,D
51.55788,15.89295,343.82,0.41,0.37,2026-09-27,1138,N,nominal,2.0NRT,297.12,3,D
51.6581,16.12944,346.45,0.4,0.37,2026-09-27,1138,N,nominal,2.0NRT,296.22,5.94,D
51.66346,16.13929,345.22,0.4,0.37,2026-09-27,1138,N,nominal,2.0NRT,296.08,3.96,D
51.6614,16.1279,346.53,0.4,0.37,2026-09-27,1138,N,nominal,2.0NRT,295.17,5.18,D
51.57651,15.6439,336.92,0.41,0.37,2026-09-27,1138,N,nominal,2.0NRT,292.63,5.21,D
51.57544,15.63811,346.15,0.41,0.37,2026-09-27,1138,N,nominal,2.0NRT,295.42,7.53,D
51.58209,15.63495,346.58,0.41,0.37,2026-09-27,1138,N,nominal,2.0NRT,295.8,3.32,D
51.58542,15.63336,353.42,0.41,0.37,2026-09-27,1138,N,nominal,2.0NRT,295.7,3.69,D
51.58434,15.62757,340.8,0.41,0.37,2026-09-27,1138,N,nominal,2.0NRT,295.54,3.69,D
51.70076,16.12809,346.2,0.4,0.37,2026-09-27,1138,N,nominal,2.0NRT,295.53,20.97,D
51.7061,16.13796,342.43,0.4,0.37,2026-09-27,1138,N,nominal,2.0NRT,295.32,30.95,D
51.70508,16.13225,337.79,0.4,0.37,2026-09-27,1138,N,nominal,2.0NRT,296.57,30.95,D
51.70201,16.11515,335.89,0.4,0.37,2026-09-27,1138,N,nominal,2.0NRT,298.6,20.55,D
51.68825,15.97908,331.79,0.41,0.37,2026-09-27,1138,N,nominal,2.0NRT,297.83,5.38,D
51.77938,16.34773,347.71,0.4,0.37,2026-09-27,1138,N,nominal,2.0NRT,297.06,4.05,D
51.77837,16.34208,342.54,0.4,0.37,2026-09-27,1138,N,nominal,2.0NRT,296.15,2.85,D
51.78267,16.34622,348.12,0.4,0.37,2026-09-27,1138,N,nominal,2.0NRT,295.89,11.32,D
51.73753,16.01593,341,0.41,0.37,2026-09-27,1138,N,nominal,2.0NRT,296.22,2.85,D
51.75345,16.06431,351.9,0.4,0.37,2026-09-27,1138,N,nominal,2.0NRT,295.33,50.74,D
51.75242,16.0586,355.78,0.4,0.37,2026-09-27,1138,N,nominal,2.0NRT,296.92,10.31,D
51.75985,16.07991,343.31,0.4,0.37,2026-09-27,1138,N,nominal,2.0NRT,294.28,2.16,D
51.75572,16.05707,345.07,0.4,0.37,2026-09-27,1138,N,nominal,2.0NRT,296.93,10.31,D
51.7652,16.08977,346.41,0.4,0.37,2026-09-27,1138,N,nominal,2.0NRT,296.91,27.23,D
51.76851,16.08824,355.99,0.4,0.37,2026-09-27,1138,N,nominal,2.0NRT,297.06,27.23,D
51.76748,16.08253,352.43,0.4,0.37,2026-09-27,1138,N,nominal,2.0NRT,299.11,27.23,D
51.76645,16.07683,339.23,0.4,0.37,2026-09-27,1138,N,nominal,2.0NRT,299.18,58.52,D
51.76871,16.06958,344.81,0.4,0.37,2026-09-27,1138,N,nominal,2.0NRT,299.68,28.56,D
51.76768,16.06387,342.17,0.4,0.37,2026-09-27,1138,N,nominal,2.0NRT,297.01,8.57,D
51.80721,16.22443,344.08,0.4,0.37,2026-09-27,1138,N,nominal,2.0NRT,297.75,3.3,D
51.87442,16.58465,349.21,0.4,0.37,2026-09-27,1138,N,nominal,2.0NRT,296.38,4.14,D
51.879,16.5704,336.3,0.4,0.37,2026-09-27,1138,N,nominal,2.0NRT,295.95,2.83,D
51.77812,15.90355,341.49,0.41,0.37,2026-09-27,1138,N,nominal,2.0NRT,293.8,1.94,D
51.70748,15.45868,339.71,0.42,0.37,2026-09-27,1138,N,nominal,2.0NRT,296.55,5.47,D
51.75069,15.6343,338.26,0.41,0.37,2026-09-27,1138,N,nominal,2.0NRT,294.33,2.78,D
51.74963,15.62851,341.68,0.41,0.37,2026-09-27,1138,N,nominal,2.0NRT,295.54,2.78,D
51.86365,16.07891,343.14,0.4,0.37,2026-09-27,1138,N,nominal,2.0NRT,293.98,2.65,D
51.86694,16.07736,352.2,0.4,0.37,2026-09-27,1138,N,nominal,2.0NRT,295.35,11.82,D
51.8152,15.57633,348.78,0.41,0.37,2026-09-27,1138,N,nominal,2.0NRT,295.49,3.11,D
51.96032,16.00139,339.74,0.4,0.37,2026-09-27,1138,N,nominal,2.0NRT,295.42,4.05,D
52.09507,16.15297,345.91,0.4,0.37,2026-09-27,1138,N,nominal,2.0NRT,295.92,4.39,D
52.10821,16.14681,338.31,0.4,0.37,2026-09-27,1138,N,nominal,2.0NRT,294.67,7.13,D
52.12009,16.1536,342.46,0.4,0.37,2026-09-27,1138,N,nominal,2.0NRT,296.98,4.87,D
52.12439,16.15777,343.4,0.4,0.37,2026-09-27,1138,N,nominal,2.0NRT,297.79,14.05,D
52.12338,16.15206,341.69,0.4,0.37,2026-09-27,1138,N,nominal,2.0NRT,298.3,14.05,D
52.12666,16.15052,329.29,0.4,0.37,2026-09-27,1138,N,nominal,2.0NRT,297.19,14.05,D
52.07384,15.65792,335.43,0.41,0.37,2026-09-27,1138,N,nominal,2.0NRT,293.35,1.45,D
52.07714,15.65631,344.41,0.41,0.37,2026-09-27,1138,N,nominal,2.0NRT,293.21,2.17,D
52.22857,16.32236,340.47,0.4,0.37,2026-09-27,1138,N,nominal,2.0NRT,295.59,3.87,D
52.19072,15.51536,353.61,0.41,0.37,2026-09-27,1138,N,nominal,2.0NRT,296.03,9.2,D
52.19403,15.51375,335.26,0.41,0.37,2026-09-27,1138,N,nominal,2.0NRT,295.59,5.33,D
52.1951,15.51959,356.9,0.41,0.37,2026-09-27,1138,N,low,2.0NRT,296.31,5.33,D
52.25996,15.8159,351.17,0.4,0.37,2026-09-27,1138,N,nominal,2.0NRT,295.02,5.14,D
52.2643,15.82008,338.45,0.4,0.37,2026-09-27,1138,N,nominal,2.0NRT,296.53,3.17,D
52.28992,15.49065,351.79,0.41,0.37,2026-09-27,1138,N,nominal,2.0NRT,296.7,4.65,D
52.28885,15.48481,337.52,0.41,0.37,2026-09-27,1138,N,nominal,2.0NRT,294.61,4.65,D
52.29324,15.48906,348.67,0.41,0.37,2026-09-27,1138,N,nominal,2.0NRT,295.7,6.97,D
52.29216,15.48322,328.19,0.41,0.37,2026-09-27,1138,N,nominal,2.0NRT,295.79,6.97,D
52.45721,15.56038,335.12,0.41,0.37,2026-09-27,1138,N,nominal,2.0NRT,294.26,2.25,D
52.52316,15.78684,345.3,0.4,0.37,2026-09-27,1138,N,nominal,2.0NRT,293.79,2.64,D
52.58551,15.95697,343.12,0.4,0.37,2026-09-27,1138,N,nominal,2.0NRT,293.17,1.69,D
52.41318,14.93843,338.52,0.42,0.37,2026-09-27,1138,N,nominal,2.0NRT,295.34,4.97,D
52.42097,14.94103,325.24,0.42,0.37,2026-09-27,1138,N,low,2.0NRT,295.41,2.01,D
52.69164,16.295,340.31,0.39,0.37,2026-09-27,1138,N,nominal,2.0NRT,293.81,2.12,D
52.56015,15.45735,336.26,0.41,0.37,2026-09-27,1138,N,nominal,2.0NRT,294.15,1.56,D
52.56346,15.45573,335.33,0.41,0.37,2026-09-27,1138,N,nominal,2.0NRT,293.31,1.56,D
52.64088,15.46681,345.57,0.41,0.37,2026-09-27,1138,N,nominal,2.0NRT,295.07,16.79,D
52.64195,15.47265,356.29,0.41,0.37,2026-09-27,1138,N,low,2.0NRT,296.52,16.79,D
52.86578,16.58027,339.5,0.39,0.36,2026-09-27,1138,N,nominal,2.0NRT,295.28,2.82,D
52.70271,15.39174,351.86,0.41,0.37,2026-09-27,1138,N,nominal,2.0NRT,295.23,5.24,D
52.70165,15.38588,353.68,0.41,0.37,2026-09-27,1138,N,nominal,2.0NRT,295.1,5.24,D
52.72467,15.43616,335.43,0.41,0.37,2026-09-27,1138,N,nominal,2.0NRT,296.33,1.86,D
52.8378,15.66585,336.16,0.4,0.37,2026-09-27,1138,N,nominal,2.0NRT,292.43,1.36,D
52.54269,13.53377,343.7,0.45,0.39,2026-09-27,1138,N,nominal,2.0NRT,292.64,3.49,D
52.92337,15.5222,342.21,0.4,0.37,2026-09-27,1138,N,nominal,2.0NRT,293.61,2.44,D
52.92666,15.52058,336.86,0.4,0.37,2026-09-27,1138,N,nominal,2.0NRT,293.29,2.38,D
52.9005,14.81002,335.41,0.41,0.37,2026-09-27,1138,N,nominal,2.0NRT,291.75,2.17,D
53.09015,15.51213,345.24,0.4,0.37,2026-09-27,1138,N,nominal,2.0NRT,294.89,3.85,D
53.14674,15.36924,345.11,0.4,0.37,2026-09-27,1138,N,nominal,2.0NRT,297,2.23,D
52.15172,10.40466,336.42,0.57,0.43,2026-09-27,1138,N,nominal,2.0NRT,300.81,6.6,D
52.15549,10.40235,334.03,0.57,0.43,2026-09-27,1138,N,nominal,2.0NRT,297.83,8.24,D
53.12984,14.42323,335.36,0.42,0.38,2026-09-27,1138,N,nominal,2.0NRT,292.99,1.37,D
51.36751,6.70884,339.96,0.55,0.51,2026-09-27,1138,N,nominal,2.0NRT,288.19,6.6,D
53.27691,14.95926,340.74,0.41,0.37,2026-09-27,1138,N,nominal,2.0NRT,293.18,7.94,D
53.33839,15.08161,349.3,0.41,0.37,2026-09-27,1138,N,nominal,2.0NRT,295.14,4.79,D
53.33731,15.07567,336.56,0.41,0.37,2026-09-27,1138,N,nominal,2.0NRT,293.51,4.79,D
53.26305,14.55789,339.35,0.42,0.37,2026-09-27,1138,N,nominal,2.0NRT,294.44,2.77,D
53.3628,14.93938,336.12,0.41,0.37,2026-09-27,1138,N,nominal,2.0NRT,293.81,7.13,D
53.51239,15.06909,335.93,0.4,0.37,2026-09-27,1138,N,nominal,2.0NRT,292.31,6.55,D
53.54593,14.92004,336.89,0.41,0.37,2026-09-27,1138,N,nominal,2.0NRT,292.84,2.17,D
53.75426,15.43779,338.15,0.4,0.37,2026-09-27,1138,N,nominal,2.0NRT,291.23,1.9,D
53.75008,14.89706,335.84,0.4,0.37,2026-09-27,1138,N,nominal,2.0NRT,291.5,2.39,D
53.8231,15.00253,337.91,0.4,0.37,2026-09-27,1138,N,nominal,2.0NRT,291.08,8.64,D
51.16696,3.81515,338.52,0.36,0.57,2026-09-27,1138,N,nominal,2.0NRT,291.88,5.75,D
51.1718,3.81144,367,0.36,0.57,2026-09-27,1138,N,high,2.0NRT,294.67,5.75,D
51.17663,3.8077,326.99,0.36,0.57,2026-09-27,1138,N,nominal,2.0NRT,292.55,3.62,D
51.16531,3.81333,336.14,0.36,0.57,2026-09-27,1138,N,nominal,2.0NRT,291.83,3.44,D
51.17016,3.80964,332.96,0.36,0.57,2026-09-27,1138,N,nominal,2.0NRT,292.85,3.44,D
51.17647,3.8107,339.17,0.36,0.57,2026-09-27,1138,N,nominal,2.0NRT,292.89,6.18,D
51.175,3.80592,340.85,0.36,0.57,2026-09-27,1138,N,nominal,2.0NRT,292.43,4.1,D
54.75454,20.33066,329.83,0.41,0.37,2026-09-27,1138,N,nominal,2.0NRT,292.94,1.98,D
53.12893,8.74999,337.15,0.41,0.45,2026-09-27,1138,N,nominal,2.0NRT,290.74,2.27,D
53.13308,8.69322,338.23,0.41,0.45,2026-09-27,1138,N,nominal,2.0NRT,295.07,4.01,D
53.13411,8.67896,342.17,0.41,0.45,2026-09-27,1138,N,nominal,2.0NRT,294.77,10.51,D
58.35813,12.38069,327.31,0.4,0.37,2026-09-27,1140,N,nominal,2.0NRT,289.06,2.32,D
60.29998,25.52725,339.37,0.44,0.46,2026-09-27,1140,N,nominal,2.0NRT,291.79,10.65,D
58.27807,6.8934,331.52,0.52,0.41,2026-09-27,1140,N,nominal,2.0NRT,289.79,4.06,D
64.66393,21.2825,331.31,0.56,0.43,2026-09-27,1140,N,nominal,2.0NRT,288.02,5.54,D
65.77031,24.18596,335.7,0.46,0.47,2026-09-27,1140,N,nominal,2.0NRT,285.89,4.76,D
34.98149,5.71485,336.1,0.39,0.44,2026-09-27,1314,N,nominal,2.0NRT,307.19,2.66,D
36.16241,8.35364,339.19,0.56,0.51,2026-09-27,1314,N,nominal,2.0NRT,303.14,5.16,D
35.24316,0.20991,340.83,0.39,0.36,2026-09-27,1314,N,low,2.0NRT,314.43,1.69,D
36.35429,9.02042,343.62,0.61,0.53,2026-09-27,1314,N,nominal,2.0NRT,300.65,14.29,D
35.51629,1.0525,353.69,0.4,0.37,2026-09-27,1314,N,nominal,2.0NRT,318.15,9.63,D
35.51964,1.0518,346.38,0.4,0.37,2026-09-27,1314,N,nominal,2.0NRT,313.7,9.63,D
35.51903,1.04748,344.38,0.4,0.37,2026-09-27,1314,N,nominal,2.0NRT,315.87,9.63,D
36.35491,9.01952,340.12,0.61,0.54,2026-09-27,1314,N,nominal,2.0NRT,298.88,5.99,D
36.22287,7.2004,342.94,0.48,0.48,2026-09-27,1314,N,nominal,2.0NRT,306.06,2.97,D
36.29203,7.11595,356.02,0.48,0.48,2026-09-27,1314,N,nominal,2.0NRT,309.87,12.9,D
36.29644,7.11504,353.14,0.48,0.48,2026-09-27,1314,N,nominal,2.0NRT,308.09,8.96,D
36.28704,6.82166,338.55,0.46,0.47,2026-09-27,1314,N,nominal,2.0NRT,307.78,4.87,D
36.28653,6.81914,343.58,0.46,0.47,2026-09-27,1314,N,nominal,2.0NRT,308.46,4.3,D
36.37066,7.48126,335.53,0.5,0.49,2026-09-27,1314,N,nominal,2.0NRT,306.3,2.71,D
36.58002,10.05007,337.72,0.35,0.57,2026-09-27,1314,N,nominal,2.0NRT,297.02,1.82,D
34.83871,-4.66331,343.57,0.48,0.4,2026-09-27,1314,N,nominal,2.0NRT,302.9,5.78,D
36.47581,6.66245,335.55,0.45,0.47,2026-09-27,1314,N,low,2.0NRT,306.73,3.58,D
36.47662,6.6658,337.89,0.46,0.47,2026-09-27,1314,N,low,2.0NRT,308.91,6.46,D
36.72919,9.58744,355.32,0.33,0.55,2026-09-27,1314,N,nominal,2.0NRT,303.64,5.98,D
36.8444,10.96921,334.24,0.4,0.6,2026-09-27,1314,N,nominal,2.0NRT,297.47,2.87,D
36.8167,9.5041,341.64,0.33,0.55,2026-09-27,1314,N,nominal,2.0NRT,304.73,2.79,D
36.82181,9.5034,338.73,0.33,0.55,2026-09-27,1314,N,nominal,2.0NRT,303.43,2.79,D
36.82153,9.49937,347.64,0.33,0.55,2026-09-27,1314,N,nominal,2.0NRT,303.5,2.79,D
36.8188,9.50396,353.08,0.33,0.55,2026-09-27,1314,N,nominal,2.0NRT,306.51,2.87,D
36.81854,9.49994,339.76,0.33,0.55,2026-09-27,1314,N,nominal,2.0NRT,303.8,2.87,D
36.82365,9.49916,336.47,0.33,0.55,2026-09-27,1314,N,nominal,2.0NRT,301.33,2.87,D
36.3076,3.61963,332.19,0.48,0.4,2026-09-27,1314,N,nominal,2.0NRT,296.56,3.03,D
35.80697,-0.25408,353.16,0.38,0.36,2026-09-27,1314,N,nominal,2.0NRT,311.48,13.2,D
36.87991,9.56712,332.5,0.33,0.55,2026-09-27,1314,N,low,2.0NRT,303.55,1.82,D
35.81026,-0.25483,343.91,0.38,0.36,2026-09-27,1314,N,nominal,2.0NRT,308.09,13.2,D
35.81493,-0.26901,342.1,0.38,0.36,2026-09-27,1314,N,nominal,2.0NRT,308.42,3.29,D
36.68755,6.51478,349.84,0.45,0.47,2026-09-27,1314,N,nominal,2.0NRT,301.53,7.43,D
36.68886,6.51646,340.15,0.45,0.47,2026-09-27,1314,N,nominal,2.0NRT,299.91,5.1,D
36.68843,6.51172,330.69,0.45,0.47,2026-09-27,1314,N,nominal,2.0NRT,299.53,5.1,D
36.92653,9.23501,335.17,0.32,0.54,2026-09-27,1314,N,nominal,2.0NRT,292.2,3.28,D
36.974,9.63796,340.04,0.34,0.56,2026-09-27,1314,N,nominal,2.0NRT,304.15,2.59,D
37.02374,9.60306,335.9,0.33,0.56,2026-09-27,1314,N,nominal,2.0NRT,302.29,3.05,D
36.74716,6.2561,355.82,0.44,0.46,2026-09-27,1314,N,nominal,2.0NRT,311.42,11.43,D
37.02507,9.60319,335.98,0.33,0.56,2026-09-27,1314,N,nominal,2.0NRT,302.43,4.03,D
37.24657,13.8566,338.34,0.58,0.69,2026-09-27,1314,N,nominal,2.0NRT,294.42,4.64,D
36.86774,6.98505,352.52,0.48,0.48,2026-09-27,1314,N,nominal,2.0NRT,304.51,7.41,D
37.39075,13.31568,367,0.54,0.68,2026-09-27,1314,N,high,2.0NRT,301.57,21.65,D
37.39706,13.31478,367,0.54,0.68,2026-09-27,1314,N,high,2.0NRT,295.43,21.65,D
37.58894,12.87786,342.25,0.51,0.66,2026-09-27,1314,N,nominal,2.0NRT,297.8,7.8,D
37.70238,12.65086,340.21,0.5,0.66,2026-09-27,1314,N,nominal,2.0NRT,300.14,4.63,D
37.87589,12.68701,349.93,0.5,0.66,2026-09-27,1314,N,nominal,2.0NRT,297.97,4.24,D
37.89093,12.92669,351.73,0.52,0.67,2026-09-27,1314,N,nominal,2.0NRT,296.56,5.03,D
37.94552,12.73058,340.05,0.51,0.66,2026-09-27,1314,N,nominal,2.0NRT,301.5,3.12,D
36.64083,-5.08682,330.98,0.47,0.4,2026-09-27,1314,N,nominal,2.0NRT,281.09,81.86,D
36.64544,-5.08251,330.62,0.47,0.4,2026-09-27,1314,N,nominal,2.0NRT,276.69,81.86,D
36.64335,-5.09352,342.41,0.47,0.4,2026-09-27,1314,N,nominal,2.0NRT,288.03,16.96,D
36.64798,-5.08914,355.39,0.47,0.4,2026-09-27,1314,N,nominal,2.0NRT,280.28,39.86,D
36.64695,-5.09453,337.48,0.47,0.4,2026-09-27,1314,N,nominal,2.0NRT,284.36,7.59,D
36.64746,-5.11184,331.52,0.48,0.4,2026-09-27,1314,N,nominal,2.0NRT,283.37,4.85,D
36.66129,-5.09892,332.45,0.47,0.4,2026-09-27,1314,N,nominal,2.0NRT,283.48,12.49,D
36.66029,-5.10422,338.68,0.47,0.4,2026-09-27,1314,N,nominal,2.0NRT,292.25,12.49,D
36.66488,-5.1,344.62,0.47,0.4,2026-09-27,1314,N,nominal,2.0NRT,288.82,12.49,D
36.66388,-5.10531,353.22,0.47,0.4,2026-09-27,1314,N,nominal,2.0NRT,295.82,12.49,D
36.66847,-5.10108,336.91,0.47,0.4,2026-09-27,1314,N,nominal,2.0NRT,302.92,41.33,D
36.66747,-5.10641,345.68,0.47,0.4,2026-09-27,1314,N,nominal,2.0NRT,296.69,41.33,D
36.67205,-5.10221,348.92,0.47,0.4,2026-09-27,1314,N,nominal,2.0NRT,290.78,41.33,D
36.67105,-5.10751,332.19,0.47,0.4,2026-09-27,1314,N,nominal,2.0NRT,291.92,41.33,D
36.66439,-5.10239,354.89,0.47,0.4,2026-09-27,1314,N,nominal,2.0NRT,299.77,44.25,D
36.66336,-5.10769,344.19,0.47,0.4,2026-09-27,1314,N,nominal,2.0NRT,290.5,7.4,D
36.66902,-5.09811,334.16,0.47,0.4,2026-09-27,1314,N,nominal,2.0NRT,284.44,44.25,D
36.66797,-5.10349,339.99,0.47,0.4,2026-09-27,1314,N,nominal,2.0NRT,311.48,44.25,D
36.66695,-5.10877,338.75,0.47,0.4,2026-09-27,1314,N,nominal,2.0NRT,286.98,7.4,D
36.67155,-5.1046,343.85,0.47,0.4,2026-09-27,1314,N,nominal,2.0NRT,297.09,63.62,D
39.37093,8.94099,348.87,0.32,0.55,2026-09-27,1316,N,nominal,2.0NRT,300.38,3.14,D
39.37069,8.9372,337.22,0.32,0.55,2026-09-27,1316,N,nominal,2.0NRT,300.2,3.14,D
38.34481,-5.63853,339.41,0.47,0.4,2026-09-27,1316,N,low,2.0NRT,312.29,5.7,D
41.09061,15.46418,337.05,0.73,0.76,2026-09-27,1316,N,nominal,2.0NRT,291.1,8.23,D
41.40834,15.10022,329.29,0.7,0.75,2026-09-27,1316,N,nominal,2.0NRT,293.57,6.84,D
41.41298,15.1002,339.58,0.71,0.75,2026-09-27,1316,N,nominal,2.0NRT,292.06,6.5,D
39.69119,-8.93764,340.55,0.41,0.45,2026-09-27,1316,N,nominal,2.0NRT,294.32,8.33,D
42.7086,1.99904,353.04,0.49,0.4,2026-09-27,1316,N,nominal,2.0NRT,300.08,30.2,D
42.7079,1.99283,344.71,0.49,0.4,2026-09-27,1316,N,nominal,2.0NRT,296.98,13.17,D
42.7115,1.99126,341.83,0.49,0.4,2026-09-27,1316,N,nominal,2.0NRT,285.29,13.17,D
42.6972,1.76686,347.22,0.48,0.4,2026-09-27,1316,N,nominal,2.0NRT,280.64,17.75,D
42.70082,1.76582,348.01,0.48,0.4,2026-09-27,1316,N,nominal,2.0NRT,283.19,17.75,D
42.70012,1.75976,346.53,0.48,0.4,2026-09-27,1316,N,nominal,2.0NRT,281.77,17.75,D
42.89786,1.5164,334.08,0.47,0.4,2026-09-27,1316,N,nominal,2.0NRT,300.94,6.4,D
42.90007,1.50359,331.18,0.47,0.4,2026-09-27,1316,N,nominal,2.0NRT,300.9,7.96,D
42.89741,1.51457,338.38,0.47,0.4,2026-09-27,1316,N,nominal,2.0NRT,301.94,5.58,D
42.90326,1.50049,349.61,0.47,0.4,2026-09-27,1316,N,nominal,2.0NRT,312.02,14.46,D
42.90262,1.49491,352.5,0.47,0.4,2026-09-27,1316,N,nominal,2.0NRT,299.61,14.46,D
42.90623,1.49398,331.64,0.47,0.4,2026-09-27,1316,N,nominal,2.0NRT,293.64,6.46,D
43.44704,4.89802,334.83,0.44,0.46,2026-09-27,1316,N,nominal,2.0NRT,300.34,5.34,D
43.21788,2.31305,332.92,0.51,0.41,2026-09-27,1316,N,nominal,2.0NRT,298.26,14.7,D
43.21722,2.30676,355.98,0.51,0.41,2026-09-27,1316,N,nominal,2.0NRT,303.78,14.7,D
43.21656,2.30048,352.56,0.51,0.41,2026-09-27,1316,N,nominal,2.0NRT,302.99,10.47,D
43.2159,2.29421,337.75,0.51,0.41,2026-09-27,1316,N,nominal,2.0NRT,298.22,10.47,D
43.21967,2.2935,335.39,0.51,0.41,2026-09-27,1316,N,nominal,2.0NRT,296.05,10.47,D
43.69228,4.51706,367,0.43,0.46,2026-09-27,1316,N,high,2.0NRT,304.14,43.78,D
43.69181,4.5117,334.84,0.43,0.46,2026-09-27,1316,N,nominal,2.0NRT,302.23,8.16,D
43.69651,4.51638,344.34,0.43,0.46,2026-09-27,1316,N,nominal,2.0NRT,317.17,43.78,D
44.75328,8.43242,346.85,0.34,0.56,2026-09-27,1316,N,nominal,2.0NRT,296.24,4.31,D
44.93867,10.57385,338.23,0.44,0.62,2026-09-27,1316,N,nominal,2.0NRT,298.96,2.03,D
45.14457,9.94142,331.94,0.41,0.6,2026-09-27,1316,N,nominal,2.0NRT,298.82,1.67,D
45.32555,8.56787,343.47,0.35,0.57,2026-09-27,1316,N,nominal,2.0NRT,294.36,3.48,D
45.58435,9.20384,339.89,0.38,0.58,2026-09-27,1316,N,nominal,2.0NRT,295.33,3.22,D
45.55289,8.07676,341.25,0.33,0.55,2026-09-27,1316,N,nominal,2.0NRT,294.39,1.65,D
45.55427,8.07773,339.42,0.33,0.55,2026-09-27,1316,N,nominal,2.0NRT,292.92,1.5,D
47.0716,8.26736,326.37,0.35,0.57,2026-09-27,1318,N,nominal,2.0NRT,299.27,1.99,D
48.27655,14.33917,326.97,0.68,0.74,2026-09-27,1318,N,nominal,2.0NRT,291.48,8.86,D
51.04428,2.29515,340.92,0.41,0.45,2026-09-27,1318,N,nominal,2.0NRT,292.39,2.17,D
51.171,3.80725,334.79,0.48,0.48,2026-09-27,1318,N,nominal,2.0NRT,277.95,5.03,D
51.36529,6.70713,331.1,0.32,0.55,2026-09-27,1318,N,nominal,2.0NRT,296.9,1.65,D
51.36826,6.70829,339.57,0.32,0.55,2026-09-27,1318,N,nominal,2.0NRT,296.89,2.51,D
51.46167,6.74132,327.62,0.32,0.55,2026-09-27,1318,N,nominal,2.0NRT,296.34,3.79,D
51.46146,6.73662,325.97,0.32,0.55,2026-09-27,1318,N,nominal,2.0NRT,295.66,1.86,D
51.4812,6.72043,367,0.32,0.55,2026-09-27,1318,N,high,2.0NRT,298.11,6.12,D
51.48347,6.72295,340.58,0.32,0.55,2026-09-27,1318,N,nominal,2.0NRT,297.45,5.14,D
51.48328,6.71822,338.5,0.32,0.55,2026-09-27,1318,N,nominal,2.0NRT,297.2,4.84,D
51.4827,6.70404,339.46,0.32,0.55,2026-09-27,1318,N,nominal,2.0NRT,299.72,4.55,D
52.153,10.40176,331.79,0.47,0.64,2026-09-27,1318,N,nominal,2.0NRT,286.7,4.45,D
52.49397,4.61563,335.41,0.53,0.5,2026-09-27,1318,N,nominal,2.0NRT,294.09,6.56,D
65.76993,24.18814,319.66,0.4,0.6,2026-09-27,2346,N,nominal,2.0NRT,277.5,1.85,N
65.56057,22.22377,332.76,0.46,0.63,2026-09-27,2346,N,nominal,2.0NRT,276.62,2.81,N
65.56046,22.21361,299.54,0.46,0.63,2026-09-27,2346,N,nominal,2.0NRT,275.95,2.61,N
65.56067,22.23394,303.15,0.46,0.63,2026-09-27,2346,N,nominal,2.0NRT,275.76,2.81,N
64.66199,21.28025,318.01,0.49,0.65,2026-09-27,2346,N,nominal,2.0NRT,277.41,2.61,N
64.66311,21.27678,319.63,0.49,0.65,2026-09-27,2346,N,nominal,2.0NRT,276.84,2.74,N
60.2978,25.51668,296.99,0.35,0.57,2026-09-27,2346,N,nominal,2.0NRT,281.69,0.77,N
60.29766,25.52318,302.77,0.35,0.57,2026-09-27,2346,N,nominal,2.0NRT,281.91,0.66,N
60.30014,25.51883,307.33,0.35,0.57,2026-09-27,2346,N,nominal,2.0NRT,281.56,1.02,N
59.52894,34.14682,321.04,0.53,0.42,2026-09-27,2346,N,nominal,2.0NRT,282.89,3.81,N
59.52335,34.16447,295.83,0.53,0.42,2026-09-27,2346,N,nominal,2.0NRT,281.44,0.85,N
59.38619,28.46148,313.64,0.54,0.51,2026-09-27,2348,N,nominal,2.0NRT,280.44,1.96,N
59.0623,28.13467,298.41,0.55,0.51,2026-09-27,2348,N,nominal,2.0NRT,278.28,1.26,N
59.06287,28.13869,301.67,0.55,0.51,2026-09-27,2348,N,nominal,2.0NRT,278.73,1.16,N
53.44199,34.41715,319.67,0.45,0.39,2026-09-27,2348,N,nominal,2.0NRT,283.25,2.83,N
53.39389,32.01204,302.13,0.53,0.42,2026-09-27,2348,N,nominal,2.0NRT,283.05,1.28,N
52.80454,32.22446,299.97,0.51,0.41,2026-09-27,2350,N,nominal,2.0NRT,280.21,0.89,N
52.36836,33.33493,301.95,0.47,0.39,2026-09-27,2350,N,nominal,2.0NRT,277.3,1.33,N
52.3693,33.33587,308.23,0.47,0.39,2026-09-27,2350,N,nominal,2.0NRT,277.28,1.51,N
52.58526,19.66518,304.83,0.55,0.68,2026-09-27,2350,N,nominal,2.0NRT,283.25,1.15,N
52.58412,19.65901,301.01,0.55,0.68,2026-09-27,2350,N,nominal,2.0NRT,283.08,0.73,N
52.58414,19.66744,296.35,0.55,0.68,2026-09-27,2350,N,nominal,2.0NRT,282.65,0.73,N
51.89308,29.3429,324.17,0.42,0.46,2026-09-27,2350,N,nominal,2.0NRT,281.97,1.61,N
51.89359,29.33661,301.18,0.42,0.46,2026-09-27,2350,N,nominal,2.0NRT,281.8,1.61,N
51.88938,29.33569,303.21,0.42,0.46,2026-09-27,2350,N,nominal,2.0NRT,281.83,1.08,N
51.68746,15.97682,299.83,0.77,0.78,2026-09-27,2350,N,nominal,2.0NRT,282.35,1.8,N
50.92769,21.67607,295,0.44,0.63,2026-09-27,2350,N,nominal,2.0NRT,281.48,0.58,N
50.54406,26.26139,306.37,0.55,0.51,2026-09-27,2350,N,nominal,2.0NRT,282.05,1.95,N
50.41566,18.13917,300.18,0.63,0.72,2026-09-27,2350,N,nominal,2.0NRT,283.7,1.93,N
50.41451,18.13557,296.75,0.63,0.72,2026-09-27,2350,N,nominal,2.0NRT,283.28,1.5,N
50.34193,19.33265,299.53,0.56,0.69,2026-09-27,2350,N,nominal,2.0NRT,283.05,1.39,N
50.33536,19.28223,304.54,0.56,0.69,2026-09-27,2350,N,nominal,2.0NRT,284.04,2.09,N
50.33538,19.29046,295.44,0.56,0.69,2026-09-27,2350,N,nominal,2.0NRT,282.4,1.25,N
49.68168,18.65057,300.17,0.59,0.7,2026-09-27,2350,N,nominal,2.0NRT,282.78,1.52,N
49.68175,18.65908,304.27,0.59,0.7,2026-09-27,2350,N,nominal,2.0NRT,282.79,1.52,N
49.67775,18.65815,310.15,0.59,0.7,2026-09-27,2350,N,nominal,2.0NRT,281.58,2.23,N
48.97442,24.70808,304.25,0.63,0.54,2026-09-27,2350,N,nominal,2.0NRT,281.16,2.1,N
48.61831,21.18423,317.19,0.45,0.63,2026-09-27,2350,N,nominal,2.0NRT,282.85,1.96,N
48.61515,21.18478,319.94,0.45,0.63,2026-09-27,2350,N,nominal,2.0NRT,284.17,3.96,N
48.60936,21.17801,296.4,0.45,0.63,2026-09-27,2350,N,nominal,2.0NRT,283.74,1.92,N
48.60344,21.17761,296.99,0.45,0.63,2026-09-27,2350,N,nominal,2.0NRT,281.74,1.11,N
47.78706,29.01743,298.64,0.39,0.44,2026-09-27,2350,N,nominal,2.0NRT,281.63,0.5,N
47.78411,29.01538,296.7,0.39,0.44,2026-09-27,2350,N,nominal,2.0NRT,281.37,0.61,N
47.28021,30.45163,299.13,0.51,0.41,2026-09-27,2350,N,nominal,2.0NRT,279.91,0.78,N
47.27641,30.45075,295.01,0.51,0.41,2026-09-27,2350,N,nominal,2.0NRT,280.18,0.78,N
46.89827,26.02801,295.29,0.52,0.5,2026-09-27,2350,N,nominal,2.0NRT,279.42,0.69,N
47.03836,22.32776,295.51,0.39,0.6,2026-09-27,2350,N,nominal,2.0NRT,282.24,0.71,N
45.20955,29.02482,313.37,0.55,0.43,2026-09-27,2352,N,nominal,2.0NRT,271.03,2.34,N
45.2056,29.02402,324.19,0.55,0.43,2026-09-27,2352,N,nominal,2.0NRT,275.42,4.11,N
44.88493,22.43057,316.24,0.38,0.58,2026-09-27,2352,N,nominal,2.0NRT,284.3,1.74,N
44.87975,22.42348,325.78,0.38,0.58,2026-09-27,2352,N,nominal,2.0NRT,284.64,3.54,N
44.87928,22.43481,307.5,0.38,0.58,2026-09-27,2352,N,nominal,2.0NRT,283.16,1.74,N
42.7179,24.16888,297.77,0.59,0.53,2026-09-27,2352,N,nominal,2.0NRT,275.79,1.06,N
41.62911,27.68462,297.58,0.38,0.44,2026-09-27,2352,N,nominal,2.0NRT,280.94,0.34,N
39.69509,34.67529,296.49,0.39,0.36,2026-09-27,2352,N,nominal,2.0NRT,284.6,0.67,N
41.08271,15.555,299.76,0.79,0.78,2026-09-27,2352,N,nominal,2.0NRT,280.42,0.55,N
41.0831,15.55388,299.57,0.79,0.78,2026-09-27,2352,N,nominal,2.0NRT,280.18,1.12,N
40.51493,17.2075,298.54,0.65,0.73,2026-09-27,2352,N,nominal,2.0NRT,287.06,0.81,N
39.86549,26.24543,312.21,0.43,0.46,2026-09-27,2352,N,nominal,2.0NRT,283.85,1.04,N
39.14629,26.11046,297.34,0.43,0.46,2026-09-27,2352,N,nominal,2.0NRT,285.23,0.85,N
35.22141,33.81219,300.28,0.4,0.37,2026-09-27,2354,N,nominal,2.0NRT,289.95,0.26,N
65.76785,24.18791,345.35,0.39,0.36,2026-09-28,0126,N,nominal,2.0NRT,283.91,8.24,N
65.76645,24.19581,296.84,0.39,0.36,2026-09-28,0126,N,nominal,2.0NRT,281.49,1.97,N
65.56293,22.21546,337.29,0.38,0.36,2026-09-28,0126,N,nominal,2.0NRT,282.24,2.49,N
65.56165,22.22335,336.97,0.38,0.36,2026-09-28,0126,N,nominal,2.0NRT,280.33,2.49,N
65.55853,22.22039,298.95,0.38,0.36,2026-09-28,0126,N,nominal,2.0NRT,276.92,2.49,N
63.70015,22.71321,295.48,0.39,0.36,2026-09-28,0126,N,nominal,2.0NRT,280.64,0.41,N
59.54486,29.19395,335.56,0.42,0.45,2026-09-28,0128,N,nominal,2.0NRT,277.9,3.85,N
59.54306,29.20066,302.38,0.42,0.45,2026-09-28,0128,N,nominal,2.0NRT,279.84,2.53,N
60.29852,25.51933,301.14,0.48,0.4,2026-09-28,0128,N,nominal,2.0NRT,281.36,0.74,N
59.38419,28.45956,323.1,0.4,0.45,2026-09-28,0128,N,nominal,2.0NRT,280.72,2.43,N
59.06358,28.13554,296.79,0.41,0.45,2026-09-28,0128,N,nominal,2.0NRT,278.23,0.51,N
59.06145,28.13533,296.83,0.41,0.45,2026-09-28,0128,N,nominal,2.0NRT,278.07,0.82,N
60.61062,16.79298,329.29,0.39,0.36,2026-09-28,0128,N,nominal,2.0NRT,279.03,2.23,N
61.58667,1.54587,314.34,0.32,0.54,2026-09-28,0128,N,nominal,2.0NRT,281.5,3.67,N
61.58158,1.54515,367,0.32,0.54,2026-09-28,0128,N,high,2.0NRT,283.3,3.67,N
61.58175,1.53896,314.8,0.32,0.54,2026-09-28,0128,N,nominal,2.0NRT,280.76,3.67,N
61.5814,1.55134,302.7,0.32,0.54,2026-09-28,0128,N,nominal,2.0NRT,281.44,2.23,N
61.58498,1.54095,336.27,0.32,0.54,2026-09-28,0128,N,nominal,2.0NRT,281.77,4.09,N
61.58478,1.54714,367,0.32,0.54,2026-09-28,0128,N,high,2.0NRT,283.7,2.59,N
61.58459,1.55332,301.11,0.32,0.54,2026-09-28,0128,N,nominal,2.0NRT,281.65,2.59,N
61.57989,1.54025,296.45,0.32,0.54,2026-09-28,0128,N,nominal,2.0NRT,280.42,4.09,N
61.57969,1.54643,299.89,0.32,0.54,2026-09-28,0128,N,nominal,2.0NRT,281.43,2.59,N
57.70757,18.80344,304.75,0.4,0.37,2026-09-28,0128,N,nominal,2.0NRT,284.28,1.25,N
53.44591,34.41707,295.33,0.51,0.66,2026-09-28,0128,N,nominal,2.0NRT,278.16,2.26,N
53.44041,34.41533,303.51,0.51,0.66,2026-09-28,0128,N,nominal,2.0NRT,277.61,1.36,N
55.09525,21.79907,303.7,0.5,0.41,2026-09-28,0130,N,nominal,2.0NRT,280.33,0.96,N
52.84615,29.98933,309.11,0.38,0.59,2026-09-28,0130,N,nominal,2.0NRT,280.26,1.04,N
51.89568,29.34357,297.85,0.39,0.59,2026-09-28,0130,N,nominal,2.0NRT,279.95,0.44,N
51.89481,29.34243,314.72,0.39,0.59,2026-09-28,0130,N,nominal,2.0NRT,280.99,1.67,N
51.88988,29.33836,311.76,0.39,0.59,2026-09-28,0130,N,nominal,2.0NRT,280.53,1.67,N
53.26161,24.44715,296.07,0.46,0.47,2026-09-28,0130,N,nominal,2.0NRT,280.15,0.73,N
55.6528,11.10172,295.18,0.42,0.38,2026-09-28,0130,N,nominal,2.0NRT,271.54,0.49,N
55.28315,11.5231,312.98,0.41,0.37,2026-09-28,0130,N,nominal,2.0NRT,280.46,1.51,N
52.5872,19.69719,295.39,0.49,0.4,2026-09-28,0130,N,nominal,2.0NRT,282.06,0.7,N
52.58108,19.67002,307.46,0.49,0.4,2026-09-28,0130,N,nominal,2.0NRT,282.88,1.78,N
52.29748,20.92114,297.47,0.55,0.42,2026-09-28,0130,N,nominal,2.0NRT,282.6,1.21,N
50.54217,26.26122,306.83,0.33,0.55,2026-09-28,0130,N,nominal,2.0NRT,281.97,1.89,N
51.13954,23.55104,298.56,0.49,0.48,2026-09-28,0130,N,nominal,2.0NRT,280.33,0.87,N
51.13754,23.55072,297.48,0.49,0.48,2026-09-28,0130,N,nominal,2.0NRT,280.63,1.13,N
53.51223,10.03833,324.9,0.42,0.38,2026-09-28,0130,N,nominal,2.0NRT,287.34,1.26,N
53.50879,10.0371,297.43,0.42,0.38,2026-09-28,0130,N,nominal,2.0NRT,283.39,1.26,N
50.93011,21.67221,296.4,0.42,0.45,2026-09-28,0130,N,nominal,2.0NRT,281.79,0.97,N
50.92873,21.67785,301.41,0.42,0.45,2026-09-28,0130,N,nominal,2.0NRT,281.99,0.97,N
52.4895,13.84148,295.36,0.38,0.36,2026-09-28,0130,N,nominal,2.0NRT,282.97,0.49,N
53.12836,8.67339,318.47,0.45,0.39,2026-09-28,0130,N,nominal,2.0NRT,278.3,2.69,N
52.1703,14.62447,314.13,0.39,0.36,2026-09-28,0130,N,nominal,2.0NRT,281.74,1.35,N
52.39934,12.49487,312.22,0.39,0.36,2026-09-28,0130,N,nominal,2.0NRT,278.41,0.98,N
50.8054,20.53203,311.01,0.38,0.43,2026-09-28,0130,N,nominal,2.0NRT,282.34,1.4,N
51.10259,18.94107,298.56,0.5,0.41,2026-09-28,0130,N,nominal,2.0NRT,281.91,1.07,N
51.68994,15.979,297.55,0.41,0.37,2026-09-28,0130,N,nominal,2.0NRT,280.38,0.36,N
51.68771,15.97759,322.86,0.41,0.37,2026-09-28,0130,N,nominal,2.0NRT,283.58,1.65,N
51.68664,15.98337,308.93,0.41,0.37,2026-09-28,0130,N,nominal,2.0NRT,283.14,1.65,N
51.68332,15.98175,309.28,0.41,0.37,2026-09-28,0130,N,nominal,2.0NRT,282.06,1.22,N
51.68117,15.99331,302.12,0.41,0.37,2026-09-28,0130,N,nominal,2.0NRT,283.64,0.93,N
50.79722,19.18036,301.6,0.52,0.41,2026-09-28,0130,N,nominal,2.0NRT,279.27,0.64,N
52.31735,10.2489,300.6,0.41,0.37,2026-09-28,0130,N,nominal,2.0NRT,281.4,0.45,N
52.30741,10.2704,296.53,0.41,0.37,2026-09-28,0130,N,nominal,2.0NRT,280.09,0.64,N
52.35369,9.88923,299.74,0.42,0.37,2026-09-28,0130,N,nominal,2.0NRT,282.81,0.9,N
48.74805,26.60502,299.99,0.38,0.59,2026-09-28,0130,N,nominal,2.0NRT,281.85,1.01,N
51.23772,16.41827,326.59,0.42,0.38,2026-09-28,0130,N,nominal,2.0NRT,281.12,1.89,N
52.16341,10.42898,300.49,0.41,0.37,2026-09-28,0130,N,nominal,2.0NRT,281.21,1.05,N
52.16163,10.41597,333.3,0.41,0.37,2026-09-28,0130,N,nominal,2.0NRT,286.1,2.8,N
52.16063,10.39706,301.55,0.41,0.37,2026-09-28,0130,N,nominal,2.0NRT,284.07,1.05,N
52.15826,10.41477,313.09,0.41,0.37,2026-09-28,0130,N,nominal,2.0NRT,283.03,2.8,N
52.15648,10.40177,328.94,0.41,0.37,2026-09-28,0130,N,nominal,2.0NRT,285.88,5.64,N
52.15569,10.40767,331.53,0.41,0.37,2026-09-28,0130,N,nominal,2.0NRT,284.33,5.04,N
52.1531,10.40057,340.79,0.41,0.37,2026-09-28,0130,N,nominal,2.0NRT,286.01,5.64,N
52.14974,10.39937,332.83,0.41,0.37,2026-09-28,0130,N,nominal,2.0NRT,282.55,3.89,N
50.4914,19.46855,303.96,0.54,0.42,2026-09-28,0130,N,nominal,2.0NRT,281.85,0.87,N
51.18096,16.11505,333.12,0.42,0.38,2026-09-28,0130,N,nominal,2.0NRT,285.34,19.31,N
50.49089,19.45228,296.53,0.53,0.42,2026-09-28,0130,N,nominal,2.0NRT,282.23,1.78,N
48.97466,24.71038,299.46,0.63,0.54,2026-09-28,0130,N,nominal,2.0NRT,280.86,1.82,N
50.34101,19.33843,300.52,0.53,0.42,2026-09-28,0130,N,nominal,2.0NRT,285.28,1.85,N
50.34702,19.29353,296.55,0.53,0.42,2026-09-28,0130,N,nominal,2.0NRT,283.26,0.72,N
50.33963,19.28955,298.91,0.53,0.42,2026-09-28,0130,N,nominal,2.0NRT,282.86,1.35,N
50.33593,19.28755,328.96,0.53,0.42,2026-09-28,0130,N,nominal,2.0NRT,288.33,2.98,N
50.33223,19.28557,301.02,0.53,0.42,2026-09-28,0130,N,nominal,2.0NRT,282.09,2.98,N
50.34607,19.29444,297.55,0.53,0.42,2026-09-28,0130,N,nominal,2.0NRT,283.39,0.83,N
50.33868,19.29045,303.68,0.53,0.42,2026-09-28,0130,N,nominal,2.0NRT,283.49,2.37,N
50.33498,19.28846,320.24,0.53,0.42,2026-09-28,0130,N,nominal,2.0NRT,286.17,2.37,N
50.33657,19.28126,314,0.53,0.42,2026-09-28,0130,N,nominal,2.0NRT,286.03,2.22,N
48.97442,24.7135,301.11,0.63,0.54,2026-09-28,0130,N,nominal,2.0NRT,280.99,1.03,N
52.20842,8.04635,328.5,0.46,0.39,2026-09-28,0130,N,nominal,2.0NRT,281.1,3.41,N
52.20765,8.05312,300.49,0.46,0.39,2026-09-28,0130,N,nominal,2.0NRT,280.69,1.23,N
52.49326,4.60838,320.48,0.41,0.45,2026-09-28,0130,N,nominal,2.0NRT,275.82,3.66,N
52.49276,4.61444,337.54,0.41,0.45,2026-09-28,0130,N,nominal,2.0NRT,278.7,3.45,N
52.48236,4.58735,302.66,0.41,0.45,2026-09-28,0130,N,nominal,2.0NRT,272.71,1.02,N
52.48186,4.59346,303.74,0.41,0.45,2026-09-28,0130,N,nominal,2.0NRT,274.42,1.02,N
50.53428,17.97947,301.87,0.48,0.4,2026-09-28,0130,N,nominal,2.0NRT,283.38,0.79,N
50.41483,18.14163,332.74,0.49,0.4,2026-09-28,0130,N,nominal,2.0NRT,284.62,4.67,N
51.85704,8.03007,299.4,0.46,0.39,2026-09-28,0130,N,nominal,2.0NRT,285.24,0.91,N
51.27105,11.66333,297.45,0.39,0.36,2026-09-28,0130,N,nominal,2.0NRT,281.89,0.64,N
51.26777,11.66208,297.66,0.39,0.36,2026-09-28,0130,N,nominal,2.0NRT,281.08,0.64,N
51.6174,8.51064,301.62,0.44,0.39,2026-09-28,0130,N,nominal,2.0NRT,283.86,1.05,N
50.00527,17.44289,308.58,0.47,0.4,2026-09-28,0130,N,nominal,2.0NRT,277.21,1.06,N
49.68893,18.65266,297.31,0.52,0.42,2026-09-28,0130,N,nominal,2.0NRT,282.3,0.71,N
49.69039,18.65406,298.54,0.52,0.42,2026-09-28,0130,N,nominal,2.0NRT,282.33,1.05,N
49.68001,18.6641,327.79,0.52,0.42,2026-09-28,0130,N,nominal,2.0NRT,283.61,4.04,N
50.4882,14.04558,295.81,0.39,0.36,2026-09-28,0130,N,nominal,2.0NRT,281.49,0.62,N
51.48522,6.70365,314.23,0.5,0.41,2026-09-28,0130,N,nominal,2.0NRT,275.56,1.96,N
51.48445,6.71088,312.77,0.5,0.41,2026-09-28,0130,N,nominal,2.0NRT,269.23,1.06,N
51.48369,6.71807,299.04,0.5,0.41,2026-09-28,0130,N,nominal,2.0NRT,267.34,1.06,N
51.48224,6.69538,299.16,0.5,0.41,2026-09-28,0130,N,nominal,2.0NRT,276.69,1.96,N
51.46193,6.74182,299.56,0.5,0.41,2026-09-28,0130,N,nominal,2.0NRT,274.86,1.25,N
51.37021,6.70288,296.7,0.5,0.41,2026-09-28,0132,N,nominal,2.0NRT,278.67,2.07,N
51.3657,6.70908,321.47,0.5,0.41,2026-09-28,0132,N,nominal,2.0NRT,283.89,2.07,N
51.36647,6.70188,318.5,0.5,0.41,2026-09-28,0132,N,nominal,2.0NRT,280.01,2.07,N
50.65317,11.43509,297.57,0.39,0.36,2026-09-28,0132,N,nominal,2.0NRT,283.64,0.45,N
48.61984,21.19439,296.09,0.46,0.47,2026-09-28,0132,N,nominal,2.0NRT,281.5,1.16,N
48.6172,21.18605,304.58,0.46,0.47,2026-09-28,0132,N,nominal,2.0NRT,282.87,1.16,N
48.61009,21.19572,302.71,0.46,0.47,2026-09-28,0132,N,nominal,2.0NRT,284.01,1.67,N
48.60894,21.18139,300.81,0.46,0.47,2026-09-28,0132,N,nominal,2.0NRT,283.71,2.38,N
48.60481,21.17906,338,0.46,0.47,2026-09-28,0132,N,nominal,2.0NRT,283.83,5.78,N
50.56937,5.36798,295.65,0.54,0.42,2026-09-28,0132,N,nominal,2.0NRT,282.19,0.65,N
50.57051,5.37008,297.4,0.54,0.42,2026-09-28,0132,N,nominal,2.0NRT,282.22,0.94,N
49.77034,11.0225,299.17,0.39,0.36,2026-09-28,0132,N,nominal,2.0NRT,283.08,0.71,N
50.03231,8.25738,296.69,0.43,0.38,2026-09-28,0132,N,nominal,2.0NRT,285.21,0.57,N
45.21359,29.02473,305.97,0.63,0.72,2026-09-28,0132,N,nominal,2.0NRT,280.42,1.91,N
45.20755,29.02047,336.98,0.63,0.72,2026-09-28,0132,N,nominal,2.0NRT,281.41,5.96,N
45.20493,29.02796,321.29,0.63,0.72,2026-09-28,0132,N,nominal,2.0NRT,280.74,5.96,N
48.45577,17.19229,304.83,0.49,0.4,2026-09-28,0132,N,nominal,2.0NRT,286.2,1.62,N
48.28025,14.33541,295.81,0.41,0.37,2026-09-28,0132,N,nominal,2.0NRT,285.71,1.93,N
48.27924,14.34084,311.78,0.41,0.37,2026-09-28,0132,N,nominal,2.0NRT,283.44,1.93,N
48.2759,14.33945,342.02,0.41,0.37,2026-09-28,0132,N,nominal,2.0NRT,287.83,1.93,N
48.27691,14.33401,312.59,0.41,0.37,2026-09-28,0132,N,nominal,2.0NRT,284.78,1.93,N
48.27255,14.33805,324.48,0.41,0.37,2026-09-28,0132,N,nominal,2.0NRT,283.59,2.94,N
48.27457,14.32718,303.95,0.41,0.37,2026-09-28,0132,N,nominal,2.0NRT,286.65,0.88,N
48.26019,14.32704,303.35,0.41,0.37,2026-09-28,0132,N,nominal,2.0NRT,282.42,1.13,N
49.35752,6.74512,308.97,0.47,0.4,2026-09-28,0132,N,nominal,2.0NRT,280.39,1.43,N
49.3568,6.75164,306.85,0.47,0.4,2026-09-28,0132,N,nominal,2.0NRT,281.09,1.43,N
49.35835,6.75123,314.66,0.47,0.4,2026-09-28,0132,N,nominal,2.0NRT,281.23,1.22,N
49.35257,6.73622,331.7,0.47,0.4,2026-09-28,0132,N,nominal,2.0NRT,281.16,4.64,N
49.34893,6.73526,303.39,0.47,0.4,2026-09-28,0132,N,nominal,2.0NRT,281.13,1.42,N
49.34818,6.7418,316.93,0.47,0.4,2026-09-28,0132,N,nominal,2.0NRT,278.06,1.42,N
49.34742,6.74834,296.18,0.47,0.4,2026-09-28,0132,N,nominal,2.0NRT,277.77,0.86,N
48.65406,10.16152,295.19,0.39,0.36,2026-09-28,0132,N,nominal,2.0NRT,282.23,0.4,N
48.51286,10.85173,303.7,0.39,0.36,2026-09-28,0132,N,nominal,2.0NRT,282.03,0.92,N
48.50959,10.8506,313.75,0.39,0.36,2026-09-28,0132,N,nominal,2.0NRT,280.57,0.92,N
48.18558,12.84162,298.14,0.39,0.36,2026-09-28,0132,N,nominal,2.0NRT,283.22,0.5,N
43.80626,28.20926,328.8,0.64,0.72,2026-09-28,0132,N,nominal,2.0NRT,280.8,5.52,N
43.8112,28.20624,307.67,0.64,0.72,2026-09-28,0132,N,nominal,2.0NRT,280.6,2.21,N
43.80859,28.2139,304.21,0.64,0.72,2026-09-28,0132,N,nominal,2.0NRT,280.74,3.34,N
43.80507,28.20211,297.5,0.64,0.72,2026-09-28,0132,N,nominal,2.0NRT,280.06,2.21,N
47.79006,12.18228,307.69,0.39,0.36,2026-09-28,0132,N,nominal,2.0NRT,283.64,0.71,N
46.73588,15.57173,295.18,0.47,0.39,2026-09-28,0132,N,nominal,2.0NRT,281.06,0.78,N
44.88289,22.43041,330.78,0.33,0.55,2026-09-28,0132,N,nominal,2.0NRT,284.68,4.64,N
44.88219,22.43293,334.09,0.33,0.55,2026-09-28,0132,N,nominal,2.0NRT,285.74,2.15,N
44.87749,22.42984,297.91,0.33,0.55,2026-09-28,0132,N,nominal,2.0NRT,282.43,2.15,N
45.55946,19.68327,301.75,0.48,0.48,2026-09-28,0132,N,nominal,2.0NRT,280.29,0.94,N
45.03449,21.27148,305.78,0.58,0.52,2026-09-28,0132,N,nominal,2.0NRT,277.9,1.3,N
45.02991,21.26907,305.98,0.58,0.52,2026-09-28,0132,N,nominal,2.0NRT,277.98,1.64,N
44.59793,20.97449,295.55,0.58,0.52,2026-09-28,0132,N,nominal,2.0NRT,280.81,0.93,N
47.17444,7.56401,329.78,0.43,0.38,2026-09-28,0132,N,nominal,2.0NRT,285.7,2.99,N
47.071,8.26784,321.14,0.41,0.37,2026-09-28,0132,N,nominal,2.0NRT,285.77,1.31,N
47.06761,8.26686,311.56,0.41,0.37,2026-09-28,0132,N,nominal,2.0NRT,284.58,1.31,N
46.06699,13.62688,303.62,0.42,0.38,2026-09-28,0132,N,nominal,2.0NRT,285.19,1.13,N
46.17673,12.73708,301.2,0.4,0.37,2026-09-28,0132,N,nominal,2.0NRT,285.36,0.54,N
46.00473,13.25217,298.87,0.41,0.37,2026-09-28,0132,N,nominal,2.0NRT,288.27,0.9,N
43.9101,21.51154,298.55,0.32,0.55,2026-09-28,0132,N,nominal,2.0NRT,280.67,0.59,N
45.51696,11.49893,312.58,0.39,0.36,2026-09-28,0132,N,nominal,2.0NRT,285.12,0.93,N
45.38022,11.9489,310.74,0.39,0.37,2026-09-28,0132,N,nominal,2.0NRT,288.42,1.66,N
45.68205,9.46352,303.01,0.39,0.36,2026-09-28,0132,N,nominal,2.0NRT,286.85,0.89,N
45.51484,10.34382,299.36,0.38,0.36,2026-09-28,0132,N,nominal,2.0NRT,287.89,0.47,N
45.51092,10.24283,328.08,0.38,0.36,2026-09-28,0132,N,nominal,2.0NRT,287.8,2.37,N
45.51014,10.24769,299.2,0.38,0.36,2026-09-28,0132,N,nominal,2.0NRT,288.27,2.37,N
45.50764,10.24178,313.27,0.38,0.36,2026-09-28,0132,N,nominal,2.0NRT,285.31,2.37,N
45.45969,10.45625,347.05,0.38,0.36,2026-09-28,0132,N,nominal,2.0NRT,292.01,7.69,N
45.43378,8.79348,300.46,0.39,0.36,2026-09-28,0132,N,nominal,2.0NRT,286.37,1.37,N
41.07688,27.0912,296.79,0.7,0.75,2026-09-28,0132,N,nominal,2.0NRT,280.75,0.85,N
45.14494,9.94358,331.91,0.38,0.36,2026-09-28,0132,N,nominal,2.0NRT,291.9,5.98,N
45.1457,9.93874,302.22,0.38,0.36,2026-09-28,0132,N,nominal,2.0NRT,287.02,3.08,N
43.5394,16.44088,298.61,0.38,0.43,2026-09-28,0132,N,nominal,2.0NRT,286.14,0.4,N
44.37799,8.29484,296.19,0.39,0.36,2026-09-28,0132,N,nominal,2.0NRT,285.04,0.27,N
43.36559,12.54395,303.39,0.42,0.38,2026-09-28,0132,N,nominal,2.0NRT,283.84,1.19,N
41.5469,19.72523,296.74,0.61,0.53,2026-09-28,0132,N,nominal,2.0NRT,285.69,0.54,N
41.50239,19.74683,296.54,0.61,0.54,2026-09-28,0132,N,nominal,2.0NRT,284.45,0.79,N
43.23603,11.83434,298.59,0.41,0.37,2026-09-28,0132,N,nominal,2.0NRT,283.53,0.88,N
43.23514,11.83927,303.09,0.41,0.37,2026-09-28,0132,N,nominal,2.0NRT,283.96,0.88,N
43.79517,7.37329,302.01,0.4,0.37,2026-09-28,0132,N,nominal,2.0NRT,288.31,1,N
42.57129,12.67374,308.95,0.43,0.38,2026-09-28,0134,N,nominal,2.0NRT,286.34,0.67,N
43.45316,5.46255,298.82,0.45,0.39,2026-09-28,0134,N,nominal,2.0NRT,287.73,0.67,N
43.44637,4.89539,341.19,0.47,0.4,2026-09-28,0134,N,nominal,2.0NRT,291.37,4.93,N
43.44569,4.90125,317.52,0.47,0.4,2026-09-28,0134,N,nominal,2.0NRT,289.91,4.93,N
43.44768,4.89387,328.64,0.47,0.4,2026-09-28,0134,N,nominal,2.0NRT,290.15,4.71,N
43.44698,4.89973,315.15,0.47,0.4,2026-09-28,0134,N,nominal,2.0NRT,290.14,2.71,N
43.44332,4.89892,320.39,0.47,0.4,2026-09-28,0134,N,nominal,2.0NRT,289.8,1.7,N
43.44037,4.89226,301.85,0.47,0.4,2026-09-28,0134,N,nominal,2.0NRT,290.72,1.63,N
43.4381,4.87972,333.36,0.47,0.4,2026-09-28,0134,N,nominal,2.0NRT,291.82,4.85,N
43.43671,4.89145,305.91,0.47,0.4,2026-09-28,0134,N,nominal,2.0NRT,290.58,1.67,N
43.43237,4.89649,312.74,0.47,0.4,2026-09-28,0134,N,nominal,2.0NRT,290.62,1.31,N
43.42941,4.88983,305.54,0.47,0.4,2026-09-28,0134,N,nominal,2.0NRT,290.72,1.15,N
40.62761,18.00295,301.57,0.53,0.5,2026-09-28,0134,N,nominal,2.0NRT,288.86,0.51,N
40.53725,17.37192,310.73,0.5,0.49,2026-09-28,0134,N,nominal,2.0NRT,287.16,1.28,N
42.00941,9.39228,300.25,0.38,0.36,2026-09-28,0134,N,nominal,2.0NRT,286.35,0.38,N
42.90411,1.48763,327.95,0.44,0.46,2026-09-28,0134,N,nominal,2.0NRT,262.73,2.18,N
42.90315,1.49826,339.74,0.43,0.46,2026-09-28,0134,N,nominal,2.0NRT,264.76,3.61,N
42.90461,1.48195,296.96,0.44,0.46,2026-09-28,0134,N,nominal,2.0NRT,258.23,2.18,N
42.90364,1.49286,309.83,0.43,0.46,2026-09-28,0134,N,nominal,2.0NRT,260.73,3.61,N
42.8995,1.49083,320.35,0.43,0.46,2026-09-28,0134,N,nominal,2.0NRT,260.28,3.61,N
42.89902,1.49622,327.59,0.43,0.46,2026-09-28,0134,N,nominal,2.0NRT,261.44,3.61,N
42.89999,1.48528,311.54,0.44,0.46,2026-09-28,0134,N,nominal,2.0NRT,258.67,2.18,N
42.89854,1.50157,296.46,0.43,0.46,2026-09-28,0134,N,nominal,2.0NRT,260.9,0.6,N
42.70915,1.99626,333.67,0.41,0.45,2026-09-28,0134,N,nominal,2.0NRT,275.54,2.62,N
42.70876,2.00046,321.77,0.41,0.45,2026-09-28,0134,N,nominal,2.0NRT,271.74,2.62,N
42.70959,1.99158,305.39,0.41,0.45,2026-09-28,0134,N,nominal,2.0NRT,269.09,2.12,N
42.70513,1.99426,320.52,0.41,0.45,2026-09-28,0134,N,nominal,2.0NRT,268.74,2.62,N
42.7047,1.9988,296.31,0.41,0.45,2026-09-28,0134,N,nominal,2.0NRT,267.96,2.62,N
42.70464,1.76626,304.04,0.42,0.45,2026-09-28,0134,N,nominal,2.0NRT,276.18,1.44,N
42.70046,1.76551,327.8,0.42,0.45,2026-09-28,0134,N,nominal,2.0NRT,281.65,1.44,N
42.7044,1.76502,308.88,0.42,0.45,2026-09-28,0134,N,nominal,2.0NRT,275.7,1.08,N
42.70021,1.76428,320.76,0.42,0.45,2026-09-28,0134,N,nominal,2.0NRT,281.45,2.05,N
42.69649,1.75871,304.79,0.42,0.45,2026-09-28,0134,N,nominal,2.0NRT,277.47,2.05,N
42.69604,1.7634,311.56,0.42,0.45,2026-09-28,0134,N,nominal,2.0NRT,281.11,2.05,N
42.69227,1.75834,311.13,0.42,0.45,2026-09-28,0134,N,nominal,2.0NRT,273.91,2.08,N
42.69183,1.76298,318.89,0.42,0.45,2026-09-28,0134,N,nominal,2.0NRT,277.06,2.08,N
41.31288,1.66336,304.67,0.41,0.45,2026-09-28,0134,N,nominal,2.0NRT,288.76,0.58,N
38.79451,15.21529,312.33,0.43,0.46,2026-09-28,0134,N,nominal,2.0NRT,284.78,0.88,N
39.6172,8.59954,312.43,0.38,0.36,2026-09-28,0134,N,nominal,2.0NRT,288.65,0.78,N
39.21275,8.40675,304.39,0.38,0.36,2026-09-28,0134,N,nominal,2.0NRT,293.22,0.43,N
39.08083,9.01905,310.99,0.39,0.36,2026-09-28,0134,N,nominal,2.0NRT,296.87,2.14,N
37.7476,15.04193,296.55,0.44,0.46,2026-09-28,0134,N,nominal,2.0NRT,285.05,1.76,N
37.74342,15.06064,298.77,0.44,0.46,2026-09-28,0134,N,nominal,2.0NRT,286.48,1.83,N
40.24679,-3.47348,297.06,0.37,0.58,2026-09-28,0134,N,nominal,2.0NRT,271.19,0.95,N
40.24536,-3.47459,310.34,0.37,0.58,2026-09-28,0134,N,nominal,2.0NRT,271.93,1.14,N
40.08694,-4.01659,314.95,0.39,0.59,2026-09-28,0134,N,nominal,2.0NRT,257.69,1.48,N
39.66266,-0.24898,299.09,0.49,0.48,2026-09-28,0134,N,nominal,2.0NRT,283.35,0.98,N
37.2122,15.16922,302.55,0.46,0.47,2026-09-28,0134,N,nominal,2.0NRT,291.69,1.5,N
36.98095,14.36937,307.13,0.42,0.45,2026-09-28,0134,N,nominal,2.0NRT,286.93,0.98,N
36.77509,10.20261,301.37,0.43,0.38,2026-09-28,0134,N,nominal,2.0NRT,290.89,0.67,N
36.5902,10.31757,306.24,0.43,0.38,2026-09-28,0134,N,nominal,2.0NRT,290.32,1,N
36.50169,10.02677,301.96,0.42,0.38,2026-09-28,0134,N,nominal,2.0NRT,290.12,0.67,N
36.87872,6.94779,321.28,0.38,0.36,2026-09-28,0134,N,nominal,2.0NRT,292.72,0.95,N
36.87609,6.94271,303.5,0.38,0.36,2026-09-28,0134,N,nominal,2.0NRT,292.17,2.09,N
36.87542,6.947,316.12,0.38,0.36,2026-09-28,0134,N,nominal,2.0NRT,291.75,0.95,N
36.8694,6.98561,302.94,0.38,0.36,2026-09-28,0134,N,nominal,2.0NRT,291.96,0.81,N
36.86745,6.97623,305.63,0.38,0.36,2026-09-28,0134,N,nominal,2.0NRT,295.05,1.14,N
36.76021,7.30995,312.19,0.38,0.36,2026-09-28,0134,N,nominal,2.0NRT,291.02,0.84,N
36.17442,9.93486,297.23,0.43,0.38,2026-09-28,0134,N,nominal,2.0NRT,284.76,0.22,N
36.74692,6.25561,330.15,0.39,0.36,2026-09-28,0134,N,nominal,2.0NRT,295.05,3.17,N
36.74425,6.2505,308.77,0.39,0.36,2026-09-28,0134,N,nominal,2.0NRT,296.03,3.17,N
36.42982,6.62197,309.57,0.39,0.36,2026-09-28,0134,N,nominal,2.0NRT,290.36,1.12,N
35.77468,9.8919,307.01,0.43,0.38,2026-09-28,0134,N,nominal,2.0NRT,291.9,0.74,N
36.74863,3.07953,316.87,0.47,0.4,2026-09-28,0134,N,nominal,2.0NRT,293.64,1.25,N
36.51856,4.44876,302.24,0.42,0.38,2026-09-28,0134,N,nominal,2.0NRT,289.37,0.89,N
36.68008,3.1206,304.02,0.47,0.4,2026-09-28,0134,N,nominal,2.0NRT,290.7,0.52,N
36.14975,6.87941,302.9,0.38,0.36,2026-09-28,0134,N,nominal,2.0NRT,285.4,0.57,N
36.3332,5.48331,299.94,0.4,0.37,2026-09-28,0134,N,nominal,2.0NRT,288.73,0.44,N
36.62983,3.23371,306.44,0.46,0.39,2026-09-28,0134,N,nominal,2.0NRT,288.67,0.83,N
36.59722,3.13634,308.19,0.47,0.4,2026-09-28,0134,N,nominal,2.0NRT,291.04,1.31,N
36.59439,2.87983,301.62,0.48,0.4,2026-09-28,0134,N,nominal,2.0NRT,290.48,0.91,N
36.59618,2.8788,308.48,0.48,0.4,2026-09-28,0134,N,nominal,2.0NRT,291.78,0.87,N
36.17712,5.5734,299.29,0.4,0.37,2026-09-28,0134,N,nominal,2.0NRT,287.04,0.75,N
36.08624,4.61241,312.61,0.41,0.37,2026-09-28,0137,N,nominal,2.0NRT,288.23,1.05,N
35.86572,6.0294,300.26,0.39,0.36,2026-09-28,0137,N,nominal,2.0NRT,285.27,0.23,N
35.55028,6.86771,298.99,0.38,0.36,2026-09-28,0137,N,nominal,2.0NRT,287.44,0.76,N
35.8785,4.44998,302.72,0.42,0.37,2026-09-28,0137,N,nominal,2.0NRT,290.15,0.47,N
35.23094,8.17113,318.02,0.39,0.36,2026-09-28,0137,N,nominal,2.0NRT,285.83,1.54,N
36.12972,1.23958,300.39,0.56,0.43,2026-09-28,0137,N,nominal,2.0NRT,282.07,1.83,N
35.70864,4.47507,313.53,0.42,0.37,2026-09-28,0137,N,nominal,2.0NRT,292.37,1.3,N
35.35025,5.76342,304.49,0.39,0.36,2026-09-28,0137,N,nominal,2.0NRT,287.9,0.69,N
35.34692,5.76269,313.43,0.39,0.36,2026-09-28,0137,N,nominal,2.0NRT,288.27,0.69,N
34.98256,5.71404,316.42,0.39,0.36,2026-09-28,0137,N,nominal,2.0NRT,294.6,1.02,N
34.98192,5.71829,304.34,0.39,0.36,2026-09-28,0137,N,nominal,2.0NRT,293.8,1.02,N
34.43836,2.06073,298.76,0.49,0.41,2026-09-28,0137,N,nominal,2.0NRT,286.98,0.58,N
34.43803,2.05967,303.95,0.49,0.41,2026-09-28,0137,N,nominal,2.0NRT,287.99,0.86,N
64.66563,21.28919,316.71,0.36,0.57,2026-09-28,0306,N,nominal,2.0NRT,272.29,1.12,N
64.66174,21.28048,304.43,0.36,0.57,2026-09-28,0306,N,nominal,2.0NRT,271.1,1.12,N
60.29508,25.5289,303.74,0.74,0.76,2026-09-28,0308,N,nominal,2.0NRT,278.93,1.28,N
61.58684,1.54579,299.65,0.48,0.4,2026-09-28,0308,N,nominal,2.0NRT,282.85,1.45,N
61.58491,1.55414,298.5,0.48,0.4,2026-09-28,0308,N,nominal,2.0NRT,282.65,1.45,N
61.58347,1.54238,325.04,0.48,0.4,2026-09-28,0308,N,nominal,2.0NRT,283.12,1.45,N
61.58155,1.55073,321.76,0.48,0.4,2026-09-28,0308,N,nominal,2.0NRT,283.23,1.45,N
53.14027,8.67972,300.95,0.51,0.66,2026-09-28,0310,N,nominal,2.0NRT,271.58,1,N
53.13529,8.69338,309.39,0.51,0.66,2026-09-28,0310,N,nominal,2.0NRT,274.63,2.15,N
53.12713,8.67573,308.87,0.51,0.66,2026-09-28,0310,N,nominal,2.0NRT,272.42,2.17,N
52.16355,10.41335,301.33,0.64,0.72,2026-09-28,0310,N,nominal,2.0NRT,279.66,2.08,N
52.16032,10.4215,303.27,0.64,0.72,2026-09-28,0310,N,nominal,2.0NRT,280.25,2.08,N
52.16109,10.39909,295.19,0.64,0.72,2026-09-28,0310,N,nominal,2.0NRT,280.04,2.28,N
52.15784,10.4073,309.22,0.64,0.72,2026-09-28,0310,N,nominal,2.0NRT,280.06,2.08,N
52.16481,10.42049,297.45,0.64,0.72,2026-09-28,0310,N,nominal,2.0NRT,279.79,2.38,N
52.15909,10.41445,319.44,0.64,0.72,2026-09-28,0310,N,nominal,2.0NRT,280.25,2.38,N
52.15662,10.40008,297.85,0.64,0.72,2026-09-28,0310,N,nominal,2.0NRT,281.15,1.36,N
52.1534,10.40836,301.05,0.64,0.72,2026-09-28,0310,N,nominal,2.0NRT,280.27,1.36,N
56.00885,-3.67523,295.09,0.48,0.4,2026-09-28,0310,N,nominal,2.0NRT,268.13,0.46,N
56.01019,-3.6726,296.75,0.48,0.4,2026-09-28,0310,N,nominal,2.0NRT,268,0.79,N
51.48597,6.7092,301.39,0.5,0.66,2026-09-28,0310,N,nominal,2.0NRT,276.63,1.23,N
51.48286,6.69787,295.33,0.5,0.66,2026-09-28,0310,N,nominal,2.0NRT,276.12,1.23,N
51.36591,6.70676,296.42,0.51,0.66,2026-09-28,0310,N,nominal,2.0NRT,274.01,1.23,N
53.57106,-0.60244,312.29,0.46,0.47,2026-09-28,0310,N,nominal,2.0NRT,280.13,1.73,N
53.56936,-0.59599,306.31,0.46,0.47,2026-09-28,0310,N,nominal,2.0NRT,280.92,1.75,N
53.56769,-0.58964,310.74,0.46,0.47,2026-09-28,0310,N,nominal,2.0NRT,278.97,1.75,N
53.56531,-0.59894,344.33,0.46,0.47,2026-09-28,0310,N,nominal,2.0NRT,281.23,6.69,N
53.56702,-0.60542,302.98,0.46,0.47,2026-09-28,0310,N,nominal,2.0NRT,278.88,1.97,N
54.72509,-5.76815,305.6,0.45,0.39,2026-09-28,0310,N,nominal,2.0NRT,277.93,1.21,N
50.76179,5.67124,302.98,0.49,0.65,2026-09-28,0310,N,nominal,2.0NRT,279.62,1.04,N
52.64324,-8.69158,310.78,0.41,0.37,2026-09-28,0313,N,nominal,2.0NRT,280.37,1.62,N
43.05399,-4.66112,298.91,0.62,0.54,2026-09-28,0313,N,nominal,2.0NRT,283.2,1.62,N
43.05318,-4.65963,296.3,0.62,0.54,2026-09-28,0313,N,nominal,2.0NRT,282.52,1.52,N
43.05563,-5.69911,337.91,0.55,0.51,2026-09-28,0313,N,nominal,2.0NRT,305.07,76.42,N
43.05687,-5.70395,311.14,0.55,0.51,2026-09-28,0313,N,nominal,2.0NRT,282.58,76.42,N
43.05239,-5.70621,338.59,0.55,0.51,2026-09-28,0313,N,nominal,2.0NRT,284.08,76.42,N
43.0494,-5.69451,339.08,0.55,0.51,2026-09-28,0313,N,nominal,2.0NRT,285.24,14.14,N
43.04623,-5.70191,338.7,0.55,0.51,2026-09-28,0313,N,nominal,2.0NRT,282.12,9.68,N
43.0446,-5.69555,299.86,0.55,0.51,2026-09-28,0313,N,nominal,2.0NRT,280.65,1.31,N
40.24271,-3.47473,318.24,0.42,0.61,2026-09-28,0313,N,nominal,2.0NRT,286.05,1.89,N
40.24628,-3.47397,315.87,0.42,0.61,2026-09-28,0313,N,nominal,2.0NRT,287.19,1.93,N
37.0234,-5.94272,348.78,0.64,0.72,2026-09-28,1435,N,nominal,2.0NRT,291.16,6.62,D
37.03016,-5.94289,328.11,0.64,0.72,2026-09-28,1435,N,nominal,2.0NRT,288.82,6.62,D
53.44411,34.41416,309.1,0.43,0.46,2026-09-28,2329,N,nominal,2.0NRT,282.47,1.67,N
53.44359,34.42074,301.23,0.43,0.46,2026-09-28,2329,N,nominal,2.0NRT,281.34,1.67,N
53.2505,34.43657,330.39,0.43,0.46,2026-09-28,2329,N,nominal,2.0NRT,279.7,2.84,N
53.39458,32.01037,299.27,0.53,0.5,2026-09-28,2329,N,nominal,2.0NRT,282.42,1.33,N
53.39321,32.01221,298.22,0.53,0.5,2026-09-28,2329,N,nominal,2.0NRT,282.48,1.3,N
53.26169,24.4455,303.24,0.55,0.68,2026-09-28,2329,N,nominal,2.0NRT,282.36,0.83,N
52.84613,29.99001,343.11,0.32,0.55,2026-09-28,2329,N,nominal,2.0NRT,282.47,3.64,N
52.26603,34.53294,313.29,0.41,0.45,2026-09-28,2329,N,nominal,2.0NRT,279.35,1.03,N
51.65623,34.09187,295.48,0.42,0.45,2026-09-28,2329,N,nominal,2.0NRT,279.01,0.48,N
51.89471,29.33852,315.64,0.34,0.56,2026-09-28,2329,N,nominal,2.0NRT,282.72,0.75,N
51.88969,29.33286,303.39,0.34,0.56,2026-09-28,2329,N,nominal,2.0NRT,281.92,0.75,N
51.8895,29.33791,300.2,0.34,0.56,2026-09-28,2329,N,nominal,2.0NRT,280.79,0.75,N
50.54469,26.25791,306.39,0.45,0.63,2026-09-28,2329,N,nominal,2.0NRT,283.1,1.42,N
48.47432,34.63178,297.74,0.56,0.43,2026-09-28,2331,N,nominal,2.0NRT,282.92,0.73,N
48.97348,24.70905,303.64,0.52,0.67,2026-09-28,2331,N,nominal,2.0NRT,280.69,0.9,N
48.61543,21.18261,305.15,0.74,0.76,2026-09-28,2331,N,nominal,2.0NRT,284.01,2.04,N
48.60796,21.17201,297.52,0.74,0.76,2026-09-28,2331,N,nominal,2.0NRT,282.79,1.81,N
48.60822,21.1827,296.9,0.74,0.76,2026-09-28,2331,N,nominal,2.0NRT,284.35,1.81,N
48.61399,21.18274,306.1,0.74,0.76,2026-09-28,2331,N,nominal,2.0NRT,284.36,3.07,N
48.60658,21.17218,297.79,0.74,0.76,2026-09-28,2331,N,nominal,2.0NRT,281.84,2.23,N
48.60679,21.18287,295.68,0.74,0.76,2026-09-28,2331,N,nominal,2.0NRT,283.83,2.55,N
47.87365,33.41569,300.22,0.41,0.45,2026-09-28,2331,N,nominal,2.0NRT,284.06,1,N
47.87168,33.43787,305.23,0.41,0.45,2026-09-28,2331,N,nominal,2.0NRT,283.78,1.1,N
47.93701,28.64951,308.04,0.34,0.56,2026-09-28,2331,N,nominal,2.0NRT,280.36,0.68,N
47.78423,29.01574,309.3,0.32,0.55,2026-09-28,2331,N,nominal,2.0NRT,282.83,0.91,N
47.78759,29.01523,309.2,0.32,0.55,2026-09-28,2331,N,nominal,2.0NRT,283.24,0.81,N
47.3042,34.66929,302.79,0.54,0.42,2026-09-28,2331,N,nominal,2.0NRT,281.83,0.65,N
47.30031,34.66843,315.46,0.54,0.42,2026-09-28,2331,N,nominal,2.0NRT,282.18,1.3,N
46.80173,33.35803,314.53,0.4,0.44,2026-09-28,2331,N,nominal,2.0NRT,282.93,1.08,N
46.32769,30.54519,299.77,0.53,0.5,2026-09-28,2331,N,nominal,2.0NRT,282.71,0.65,N
46.32583,30.54553,299.51,0.53,0.5,2026-09-28,2331,N,nominal,2.0NRT,282.62,1.01,N
46.15427,30.25659,306.52,0.55,0.51,2026-09-28,2331,N,nominal,2.0NRT,281.64,1.13,N
45.76141,20.95123,298.06,0.75,0.77,2026-09-28,2331,N,nominal,2.0NRT,278.49,1.76,N
45.35748,30.90094,320.41,0.5,0.49,2026-09-28,2331,N,nominal,2.0NRT,287.77,1.16,N
45.35293,30.90024,301.14,0.5,0.49,2026-09-28,2331,N,nominal,2.0NRT,286.77,1.16,N
45.35762,30.90163,319.25,0.5,0.49,2026-09-28,2331,N,nominal,2.0NRT,287.49,1.48,N
45.26035,31.67084,338.09,0.46,0.47,2026-09-28,2331,N,nominal,2.0NRT,289.95,7.61,N
45.25597,31.67012,332.88,0.46,0.47,2026-09-28,2331,N,nominal,2.0NRT,287.24,4.45,N
44.44492,22.72839,301.38,0.62,0.71,2026-09-28,2331,N,nominal,2.0NRT,279.34,2.3,N
44.43824,22.72017,321.28,0.62,0.71,2026-09-28,2331,N,nominal,2.0NRT,280.28,2.3,N
44.43821,22.72824,300.46,0.62,0.71,2026-09-28,2331,N,nominal,2.0NRT,279.58,2.3,N
44.44269,22.724,319.62,0.62,0.71,2026-09-28,2331,N,nominal,2.0NRT,280.28,3.76,N
44.43598,22.7239,321.65,0.62,0.71,2026-09-28,2331,N,nominal,2.0NRT,280.14,3.25,N
44.16096,22.98563,310.34,0.6,0.7,2026-09-28,2331,N,nominal,2.0NRT,278.96,2.05,N
42.96273,21.13008,310.18,0.73,0.76,2026-09-28,2331,N,nominal,2.0NRT,280,2.09,N
42.96085,21.13608,308.66,0.73,0.76,2026-09-28,2331,N,nominal,2.0NRT,279.49,1.8,N
41.25455,31.41345,301.88,0.43,0.46,2026-09-28,2333,N,nominal,2.0NRT,283.15,2.65,N
39.86357,26.24244,296.37,0.38,0.59,2026-09-28,2333,N,nominal,2.0NRT,276.89,0.84,N
38.73997,26.94469,302.06,0.34,0.56,2026-09-28,2333,N,nominal,2.0NRT,286.43,1.3,N
38.73472,26.94426,302.19,0.34,0.56,2026-09-28,2333,N,nominal,2.0NRT,286.81,1.82,N
38.07739,32.45868,304.57,0.53,0.42,2026-09-28,2333,N,nominal,2.0NRT,281.58,1.3,N
38.4291,27.21705,300.27,0.33,0.55,2026-09-28,2333,N,nominal,2.0NRT,285.22,0.82,N
38.42775,27.21683,307.79,0.33,0.55,2026-09-28,2333,N,nominal,2.0NRT,285.82,0.94,N
38.37341,24.06075,297.11,0.49,0.65,2026-09-28,2333,N,nominal,2.0NRT,285.1,0.73,N
37.89746,30.49133,296.34,0.44,0.46,2026-09-28,2333,N,nominal,2.0NRT,282.65,0.54,N
38.13033,23.5238,301.94,0.52,0.67,2026-09-28,2333,N,nominal,2.0NRT,284.86,1.01,N
36.87027,34.76457,309.21,0.42,0.38,2026-09-28,2333,N,nominal,2.0NRT,290.3,0.91,N
36.86746,34.7591,299.88,0.42,0.38,2026-09-28,2333,N,nominal,2.0NRT,289.16,0.91,N
36.26336,33.72934,320.12,0.45,0.39,2026-09-28,2333,N,nominal,2.0NRT,292.68,2.17,N
60.38414,30.15022,300.89,0.35,0.57,2026-09-28,2329,N,nominal,2.0NRT,277.75,1.04,N
59.52812,34.14795,322.96,0.51,0.49,2026-09-28,2329,N,nominal,2.0NRT,281.15,2.29,N
59.3838,28.46305,322.12,0.4,0.6,2026-09-28,2329,N,nominal,2.0NRT,279.95,1.75,N
59.38687,28.45747,306.72,0.4,0.6,2026-09-28,2329,N,nominal,2.0NRT,279.16,1.5,N
59.38677,28.46477,304.59,0.4,0.6,2026-09-28,2329,N,nominal,2.0NRT,278.13,1.5,N
59.06403,28.13462,300.53,0.41,0.61,2026-09-28,2329,N,nominal,2.0NRT,279.83,0.9,N
59.06295,28.13749,301.56,0.41,0.61,2026-09-28,2329,N,nominal,2.0NRT,279.38,1.04,N
54.82233,29.7215,313.9,0.34,0.56,2026-09-28,2331,N,nominal,2.0NRT,277.88,1.41,N
54.82214,29.72702,300.63,0.34,0.56,2026-09-28,2331,N,nominal,2.0NRT,277.36,0.81,N
54.10929,28.59054,304.94,0.37,0.58,2026-09-28,2331,N,nominal,2.0NRT,276.62,0.9,N
64.26879,7.19411,311.95,0.62,0.54,2026-09-29,0107,N,nominal,2.0NRT,281.02,2.71,N
64.27103,7.18996,304.56,0.62,0.54,2026-09-29,0107,N,nominal,2.0NRT,280.9,1.75,N
64.27062,7.20318,297.11,0.62,0.54,2026-09-29,0107,N,nominal,2.0NRT,280.84,1.75,N
63.31819,9.14348,303.62,0.53,0.5,2026-09-29,0107,N,nominal,2.0NRT,281.43,2,N
59.52943,34.14143,309.07,0.43,0.46,2026-09-29,0107,N,nominal,2.0NRT,278.71,2.17,N
59.52763,34.14817,314.18,0.43,0.46,2026-09-29,0107,N,nominal,2.0NRT,281.28,2.17,N
59.38589,28.45972,324.81,0.46,0.39,2026-09-29,0107,N,nominal,2.0NRT,280.62,1.97,N
59.06168,28.13581,297.26,0.46,0.39,2026-09-29,0109,N,nominal,2.0NRT,278.87,0.71,N
60.13842,15.41139,296.93,0.48,0.4,2026-09-29,0109,N,nominal,2.0NRT,282.83,1.25,N
56.25647,30.50408,316.31,0.42,0.45,2026-09-29,0109,N,nominal,2.0NRT,274.76,1.78,N
56.25489,30.51023,307.39,0.42,0.45,2026-09-29,0109,N,nominal,2.0NRT,275.34,1.78,N
59.54721,1.527,306.35,0.45,0.63,2026-09-29,0109,N,nominal,2.0NRT,275.48,1.41,N
59.12676,9.62444,311.57,0.47,0.48,2026-09-29,0109,N,nominal,2.0NRT,280.95,1.94,N
56.4358,26.38202,314.44,0.47,0.4,2026-09-29,0109,N,nominal,2.0NRT,275.46,1.55,N
58.35986,12.37984,300.92,0.56,0.43,2026-09-29,0109,N,nominal,2.0NRT,281.49,1.26,N
58.34444,11.42196,295.9,0.4,0.44,2026-09-29,0109,N,nominal,2.0NRT,282.35,0.72,N
56.3145,22.91973,297.47,0.4,0.37,2026-09-29,0109,N,nominal,2.0NRT,278.68,0.61,N
53.4409,34.41951,296.2,0.35,0.57,2026-09-29,0109,N,nominal,2.0NRT,280.59,0.87,N
53.38765,34.07333,296.91,0.34,0.56,2026-09-29,0109,N,nominal,2.0NRT,277.75,0.33,N
54.18415,28.50186,297.17,0.41,0.45,2026-09-29,0109,N,nominal,2.0NRT,276.3,0.34,N
52.84897,29.9904,307.41,0.5,0.49,2026-09-29,0109,N,nominal,2.0NRT,281.37,1.79,N
53.26235,24.4496,298.83,0.48,0.4,2026-09-29,0109,N,nominal,2.0NRT,281.98,0.77,N
53.25884,24.44752,296.58,0.48,0.4,2026-09-29,0109,N,nominal,2.0NRT,280.7,0.77,N
51.89268,29.34305,308.19,0.51,0.49,2026-09-29,0109,N,nominal,2.0NRT,280.63,1.15,N
51.88844,29.34012,299.12,0.51,0.49,2026-09-29,0109,N,nominal,2.0NRT,280.41,0.8,N
51.89186,29.34378,313,0.51,0.49,2026-09-29,0109,N,nominal,2.0NRT,281.31,1.35,N
51.88762,29.34084,299.29,0.51,0.49,2026-09-29,0109,N,nominal,2.0NRT,280.36,1.35,N
50.49279,30.47777,336.56,0.62,0.54,2026-09-29,0109,N,nominal,2.0NRT,281.78,3.42,N
53.87402,9.58745,296.54,0.41,0.45,2026-09-29,0111,N,nominal,2.0NRT,283.23,0.38,N
52.58234,19.67095,299.39,0.39,0.36,2026-09-29,0111,N,nominal,2.0NRT,283.72,0.41,N
53.5135,10.03735,309.58,0.39,0.44,2026-09-29,0111,N,nominal,2.0NRT,284.5,1.25,N
53.52074,9.90324,311.76,0.4,0.44,2026-09-29,0111,N,nominal,2.0NRT,282.16,1.09,N
53.50943,10.03637,299.45,0.39,0.44,2026-09-29,0111,N,nominal,2.0NRT,282.56,0.65,N
52.7682,14.7586,307.73,0.42,0.38,2026-09-29,0111,N,nominal,2.0NRT,282.02,0.87,N
52.76478,14.75741,295.1,0.42,0.38,2026-09-29,0111,N,nominal,2.0NRT,281.38,0.87,N
53.63213,-0.24876,298.15,0.51,0.66,2026-09-29,0111,N,nominal,2.0NRT,284.77,1.51,N
50.54475,26.25748,296.06,0.42,0.45,2026-09-29,0111,N,nominal,2.0NRT,280.85,1.2,N
50.54335,26.26316,299.23,0.42,0.45,2026-09-29,0111,N,nominal,2.0NRT,281.32,0.79,N
53.56806,-0.59427,333.48,0.53,0.67,2026-09-29,0111,N,nominal,2.0NRT,282.13,3.67,N
53.568,-0.60285,304.61,0.53,0.67,2026-09-29,0111,N,nominal,2.0NRT,282.45,3.66,N
51.1393,23.54931,300.72,0.49,0.4,2026-09-29,0111,N,nominal,2.0NRT,280.63,0.73,N
53.56649,-0.59354,330.9,0.53,0.67,2026-09-29,0111,N,nominal,2.0NRT,282.3,2.76,N
53.56647,-0.6022,312.68,0.53,0.67,2026-09-29,0111,N,nominal,2.0NRT,282.77,2.76,N
52.0834,17.06744,328.79,0.39,0.36,2026-09-29,0111,N,nominal,2.0NRT,280.56,1.84,N
52.17076,14.62416,301.42,0.42,0.37,2026-09-29,0111,N,nominal,2.0NRT,281.58,0.56,N
50.93126,21.67637,312.21,0.44,0.38,2026-09-29,0111,N,nominal,2.0NRT,285.03,1.34,N
49.98113,25.89633,304.12,0.42,0.45,2026-09-29,0111,N,nominal,2.0NRT,279.22,0.89,N
47.30145,34.66927,305.38,0.58,0.7,2026-09-29,0111,N,nominal,2.0NRT,280.44,1.44,N
51.68927,15.98213,304.55,0.39,0.36,2026-09-29,0111,N,nominal,2.0NRT,281.56,0.8,N
51.68596,15.98091,331.69,0.39,0.36,2026-09-29,0111,N,nominal,2.0NRT,284.73,3.29,N
51.82823,14.61842,329.13,0.41,0.37,2026-09-29,0111,N,nominal,2.0NRT,279.96,4.83,N
51.10409,18.9411,302.67,0.39,0.36,2026-09-29,0111,N,nominal,2.0NRT,283.8,0.97,N
50.80676,20.53268,309.41,0.42,0.37,2026-09-29,0111,N,nominal,2.0NRT,283.02,1.52,N
52.1637,10.41752,307.7,0.55,0.43,2026-09-29,0111,N,nominal,2.0NRT,286.15,2.09,N
52.16127,10.4002,306.94,0.55,0.43,2026-09-29,0111,N,nominal,2.0NRT,285.05,1.28,N
52.16051,10.40837,303.14,0.55,0.43,2026-09-29,0111,N,nominal,2.0NRT,284.54,1.28,N
52.15976,10.41654,315.84,0.55,0.43,2026-09-29,0111,N,nominal,2.0NRT,285.05,2.09,N
52.15657,10.40741,338.31,0.55,0.43,2026-09-29,0111,N,nominal,2.0NRT,285.97,3.58,N
52.15732,10.39923,308.34,0.55,0.43,2026-09-29,0111,N,nominal,2.0NRT,284.48,3.58,N
52.15338,10.39827,330.05,0.55,0.43,2026-09-29,0111,N,nominal,2.0NRT,285.68,3.58,N
52.15263,10.40643,298.48,0.55,0.43,2026-09-29,0111,N,nominal,2.0NRT,283.28,3.58,N
52.14944,10.39731,300.84,0.55,0.43,2026-09-29,0111,N,nominal,2.0NRT,282.07,1.38,N
50.79808,19.18721,295.74,0.39,0.37,2026-09-29,0111,N,nominal,2.0NRT,284.57,0.56,N
51.18091,16.11737,315.25,0.39,0.36,2026-09-29,0111,N,nominal,2.0NRT,282.87,1.42,N
50.49086,19.47036,303.95,0.4,0.37,2026-09-29,0111,N,nominal,2.0NRT,282.77,0.96,N
63.316,9.14961,298.95,0.62,0.72,2026-09-29,0427,N,nominal,2.0NRT,277.79,0.75,N
63.3145,9.14268,296.8,0.62,0.72,2026-09-29,0427,N,nominal,2.0NRT,277.2,1.03,N
58.35132,0.86267,331.64,0.74,0.76,2026-09-29,0429,N,nominal,2.0NRT,274.19,4.89,N
58.35248,0.86997,332.71,0.74,0.76,2026-09-29,0429,N,nominal,2.0NRT,273.99,4.26,N
58.35725,0.86025,296.64,0.74,0.76,2026-09-29,0429,N,nominal,2.0NRT,273.5,3.63,N
43.52811,-5.73015,300.51,0.5,0.41,2026-09-29,0256,N,nominal,2.0NRT,286.88,1.35,N
43.52576,-5.73773,320.39,0.5,0.41,2026-09-29,0256,N,nominal,2.0NRT,286.58,2.5,N
43.52446,-5.73159,315.18,0.5,0.41,2026-09-29,0256,N,nominal,2.0NRT,286.01,1.35,N
43.53164,-5.72902,296.65,0.5,0.41,2026-09-29,0256,N,nominal,2.0NRT,285.07,0.38,N
43.52797,-5.73041,301.36,0.5,0.41,2026-09-29,0256,N,nominal,2.0NRT,286.6,1.67,N
43.52433,-5.73185,324.97,0.5,0.41,2026-09-29,0256,N,nominal,2.0NRT,286.47,1.67,N
43.52559,-5.73801,310.49,0.5,0.41,2026-09-29,0256,N,nominal,2.0NRT,286.09,1.67,N
43.54414,-5.84762,298.83,0.49,0.41,2026-09-29,0256,N,nominal,2.0NRT,287.1,0.65,N
43.04186,-4.24974,325.95,0.39,0.44,2026-09-29,0256,N,nominal,2.0NRT,278.08,2.9,N
43.05433,-4.6562,297.67,0.56,0.43,2026-09-29,0256,N,nominal,2.0NRT,267.59,0.98,N
41.87456,-4.36995,330.55,0.41,0.45,2026-09-29,0256,N,nominal,2.0NRT,260.25,2.11,N
41.87053,-4.37139,295.13,0.41,0.45,2026-09-29,0256,N,nominal,2.0NRT,257.61,0.86,N
36.67843,3.12332,295.99,0.65,0.73,2026-09-29,0256,N,nominal,2.0NRT,280.59,1.15,N
36.17781,3.75046,295.77,0.73,0.76,2026-09-29,0256,N,nominal,2.0NRT,279.39,2.65,N
60.48635,15.45115,295.08,0.61,0.54,2026-09-29,0249,N,nominal,2.0NRT,281.13,0.86,N
61.77237,5.29751,296.46,0.46,0.39,2026-09-29,0249,N,nominal,2.0NRT,281.49,0.99,N
60.11749,6.54863,295.66,0.53,0.42,2026-09-29,0249,N,nominal,2.0NRT,280.7,1.75,N
60.11563,6.55623,298.26,0.53,0.42,2026-09-29,0249,N,nominal,2.0NRT,278.5,0.95,N
60.69153,-2.54345,297.85,0.38,0.36,2026-09-29,0249,N,nominal,2.0NRT,278.95,0.39,N
59.54541,1.53215,322.9,0.42,0.38,2026-09-29,0249,N,nominal,2.0NRT,283.59,1.54,N
57.06143,9.98001,310.48,0.56,0.52,2026-09-29,0249,N,nominal,2.0NRT,279.2,2.08,N
58.36742,1.90575,309.55,0.45,0.39,2026-09-29,0249,N,nominal,2.0NRT,283.87,1.13,N
58.35559,0.86199,331.38,0.43,0.38,2026-09-29,0249,N,nominal,2.0NRT,284.05,1.74,N
58.35229,0.85957,310.51,0.43,0.38,2026-09-29,0249,N,nominal,2.0NRT,283.49,1.74,N
52.17094,14.62605,306.68,0.61,0.71,2026-09-29,0251,N,nominal,2.0NRT,273.41,1.48,N
51.82836,14.62099,310.54,0.63,0.72,2026-09-29,0251,N,nominal,2.0NRT,272.67,1.58,N
51.83089,14.62257,309.36,0.63,0.72,2026-09-29,0251,N,nominal,2.0NRT,273.51,1.55,N
51.26951,11.66078,296.84,0.52,0.67,2026-09-29,0251,N,nominal,2.0NRT,281.92,0.54,N
54.72411,-5.76756,308.69,0.38,0.36,2026-09-29,0251,N,nominal,2.0NRT,276.69,0.54,N
53.63436,-0.2457,316.17,0.49,0.4,2026-09-29,0251,N,nominal,2.0NRT,290.05,2.31,N
53.58207,-0.61865,304.75,0.48,0.4,2026-09-29,0251,N,nominal,2.0NRT,283.89,1.19,N
53.56906,-0.59512,339.5,0.48,0.4,2026-09-29,0251,N,nominal,2.0NRT,286.65,4.08,N
53.57055,-0.60203,312.23,0.48,0.4,2026-09-29,0251,N,nominal,2.0NRT,282.78,4.08,N
53.56555,-0.59724,340.38,0.48,0.4,2026-09-29,0251,N,nominal,2.0NRT,284.89,4.08,N
53.56704,-0.60416,307.59,0.48,0.4,2026-09-29,0251,N,nominal,2.0NRT,282.79,4.08,N
53.68404,-6.38652,303.66,0.38,0.36,2026-09-29,0251,N,nominal,2.0NRT,283.68,0.73,N
51.1742,3.80859,347.12,0.53,0.5,2026-09-29,0251,N,nominal,2.0NRT,280.88,6.21,N
51.16991,3.8056,318.91,0.53,0.5,2026-09-29,0251,N,nominal,2.0NRT,280.53,6.21,N
51.16799,3.81271,307.13,0.53,0.5,2026-09-29,0251,N,nominal,2.0NRT,273.56,3.41,N
52.4903,-7.37254,305.5,0.38,0.36,2026-09-29,0251,N,nominal,2.0NRT,271.89,1.27,N
52.64413,-8.68902,298.68,0.39,0.36,2026-09-29,0251,N,nominal,2.0NRT,272.36,0.62,N
45.46329,10.45968,295.68,0.75,0.77,2026-09-29,0253,N,nominal,2.0NRT,284.44,2.25,N
45.4596,10.45672,303.25,0.75,0.77,2026-09-29,0253,N,nominal,2.0NRT,284.5,1.91,N
45.14905,9.94115,296.98,0.73,0.76,2026-09-29,0253,N,nominal,2.0NRT,284.48,1.35,N
45.14428,9.93777,295.77,0.73,0.76,2026-09-29,0253,N,nominal,2.0NRT,282.94,0.94,N
50.34334,19.33723,296.68,0.4,0.37,2026-09-29,0111,N,nominal,2.0NRT,284.21,0.64,N
50.34236,19.34272,299.53,0.4,0.37,2026-09-29,0111,N,nominal,2.0NRT,283.97,0.64,N
50.34692,19.29746,308.9,0.4,0.37,2026-09-29,0111,N,nominal,2.0NRT,284.12,1.53,N
50.34005,19.33579,299.68,0.4,0.37,2026-09-29,0111,N,nominal,2.0NRT,285.09,1.13,N
50.33802,19.28769,337.3,0.4,0.37,2026-09-29,0111,N,nominal,2.0NRT,287.12,4.39,N
50.33473,19.28626,332.62,0.4,0.37,2026-09-29,0111,N,nominal,2.0NRT,286.25,1.88,N
50.33571,19.28078,296.65,0.4,0.37,2026-09-29,0111,N,nominal,2.0NRT,284.43,0.64,N
50.33375,19.29174,296.12,0.4,0.37,2026-09-29,0111,N,nominal,2.0NRT,282.41,1.88,N
48.74766,26.60235,297.08,0.49,0.48,2026-09-29,0111,N,nominal,2.0NRT,282.76,0.87,N
50.53278,17.97934,299.06,0.39,0.36,2026-09-29,0111,N,nominal,2.0NRT,283.13,0.43,N
50.4209,18.1551,297.53,0.39,0.36,2026-09-29,0111,N,nominal,2.0NRT,282.47,0.28,N
50.41619,18.14171,302.81,0.39,0.36,2026-09-29,0111,N,nominal,2.0NRT,286.56,0.89,N
50.41293,18.14038,302.5,0.39,0.36,2026-09-29,0111,N,nominal,2.0NRT,281.89,0.89,N
48.97716,24.71123,309.68,0.4,0.44,2026-09-29,0111,N,nominal,2.0NRT,283.01,2.15,N
47.93572,28.652,303.4,0.63,0.54,2026-09-29,0111,N,nominal,2.0NRT,280.22,1.49,N
47.78374,29.01599,307.88,0.33,0.55,2026-09-29,0111,N,nominal,2.0NRT,282.1,0.74,N
51.50347,6.72611,295.64,0.51,0.49,2026-09-29,0111,N,nominal,2.0NRT,276.98,1.6,N
51.48603,6.70819,296.3,0.51,0.49,2026-09-29,0111,N,nominal,2.0NRT,256.86,1.16,N
51.46079,6.74163,295.13,0.51,0.49,2026-09-29,0111,N,nominal,2.0NRT,266.01,0.78,N
51.4621,6.74203,304.28,0.51,0.49,2026-09-29,0111,N,nominal,2.0NRT,266.22,0.87,N
48.97429,23.91832,296.79,0.56,0.43,2026-09-29,0111,N,nominal,2.0NRT,277.12,0.8,N
50.03793,18.48476,301.63,0.39,0.36,2026-09-29,0111,N,nominal,2.0NRT,284.95,0.77,N
51.36725,6.70339,311.07,0.51,0.49,2026-09-29,0111,N,nominal,2.0NRT,259.44,1.69,N
51.36679,6.71087,310.82,0.51,0.49,2026-09-29,0111,N,nominal,2.0NRT,262.01,1.42,N
51.36807,6.70471,320.33,0.51,0.49,2026-09-29,0111,N,nominal,2.0NRT,260.26,3.31,N
49.86028,18.2775,296.22,0.39,0.36,2026-09-29,0111,N,nominal,2.0NRT,284.9,0.44,N
49.69244,18.64759,296.67,0.39,0.37,2026-09-29,0111,N,nominal,2.0NRT,283.23,0.43,N
49.6915,18.65295,297.9,0.39,0.37,2026-09-29,0111,N,nominal,2.0NRT,283.07,0.43,N
49.67882,18.66491,332.16,0.4,0.37,2026-09-29,0111,N,nominal,2.0NRT,284.44,2.7,N
49.89684,15.64174,296.35,0.39,0.36,2026-09-29,0111,N,nominal,2.0NRT,284.4,0.39,N
49.55762,17.76546,295.69,0.39,0.36,2026-09-29,0111,N,nominal,2.0NRT,282.52,0.51,N
46.95951,28.49918,297.47,0.33,0.55,2026-09-29,0111,N,nominal,2.0NRT,279.6,0.4,N
48.62125,21.19438,298.92,0.46,0.39,2026-09-29,0111,N,nominal,2.0NRT,281.94,1.24,N
48.619,21.18667,305.01,0.46,0.39,2026-09-29,0111,N,nominal,2.0NRT,282.15,1.24,N
48.61549,21.18506,304.41,0.46,0.39,2026-09-29,0111,N,nominal,2.0NRT,282.22,2.37,N
48.613,21.19724,295.35,0.46,0.39,2026-09-29,0111,N,nominal,2.0NRT,283.26,1.52,N
48.60849,21.18183,314.54,0.46,0.39,2026-09-29,0111,N,nominal,2.0NRT,284.05,1.51,N
48.60724,21.18793,297.22,0.46,0.39,2026-09-29,0111,N,nominal,2.0NRT,283.35,1.51,N
48.60499,21.18022,329.05,0.46,0.39,2026-09-29,0111,N,nominal,2.0NRT,283.42,1.51,N
48.60149,21.17862,305.07,0.46,0.39,2026-09-29,0111,N,nominal,2.0NRT,280.79,1.22,N
46.56625,28.59066,307.95,0.34,0.56,2026-09-29,0111,N,nominal,2.0NRT,281.2,0.78,N
49.95437,9.77066,296.97,0.55,0.43,2026-09-29,0111,N,nominal,2.0NRT,282.97,0.78,N
45.25759,31.67414,353.26,0.51,0.66,2026-09-29,0111,N,nominal,2.0NRT,285.59,6.41,N
45.25959,31.66804,305.52,0.51,0.66,2026-09-29,0111,N,nominal,2.0NRT,284.45,5.79,N
45.25772,31.67523,342.62,0.51,0.66,2026-09-29,0111,N,nominal,2.0NRT,285.67,4.12,N
45.25969,31.66911,314.32,0.51,0.66,2026-09-29,0111,N,nominal,2.0NRT,284.7,4.12,N
48.45884,17.19564,299.49,0.39,0.36,2026-09-29,0111,N,nominal,2.0NRT,286.79,0.8,N
48.45643,17.18926,296.03,0.39,0.36,2026-09-29,0111,N,nominal,2.0NRT,285.95,0.8,N
49.35767,6.75118,302.21,0.48,0.48,2026-09-29,0111,N,nominal,2.0NRT,270.39,0.65,N
49.35413,6.73675,298.82,0.48,0.48,2026-09-29,0111,N,nominal,2.0NRT,265.77,1.06,N
49.34964,6.73598,303.24,0.48,0.48,2026-09-29,0111,N,nominal,2.0NRT,264.87,1.06,N
49.3568,6.74511,296.2,0.48,0.48,2026-09-29,0111,N,nominal,2.0NRT,268.48,1.82,N
49.35282,6.7375,306.25,0.48,0.48,2026-09-29,0111,N,nominal,2.0NRT,265.33,1.13,N
47.98476,16.60755,298.41,0.39,0.36,2026-09-29,0111,N,nominal,2.0NRT,285.23,0.64,N
48.27917,14.3474,327.16,0.4,0.37,2026-09-29,0111,N,nominal,2.0NRT,287.16,1.52,N
48.27993,14.3421,296.46,0.4,0.37,2026-09-29,0111,N,nominal,2.0NRT,284.15,1.52,N
48.27735,14.33575,344.23,0.4,0.37,2026-09-29,0111,N,nominal,2.0NRT,288.63,5.15,N
48.27584,14.34633,325.59,0.4,0.37,2026-09-29,0111,N,nominal,2.0NRT,284.39,1.52,N
48.2766,14.34104,303.89,0.4,0.37,2026-09-29,0111,N,nominal,2.0NRT,286.49,1.52,N
48.27327,14.33998,335.2,0.4,0.37,2026-09-29,0111,N,nominal,2.0NRT,285.92,3.77,N
48.27477,14.32939,300.07,0.4,0.37,2026-09-29,0111,N,nominal,2.0NRT,287.09,2.16,N
48.26328,14.33679,302.28,0.4,0.37,2026-09-29,0111,N,nominal,2.0NRT,284.55,0.47,N
48.26071,14.33043,305.24,0.4,0.37,2026-09-29,0111,N,nominal,2.0NRT,285.35,0.99,N
45.95133,25.28292,300.52,0.51,0.49,2026-09-29,0111,N,nominal,2.0NRT,281.15,1.19,N
45.95111,25.28315,300.84,0.51,0.49,2026-09-29,0111,N,nominal,2.0NRT,281.29,1.17,N
48.69152,6.96436,299.05,0.47,0.47,2026-09-29,0111,N,nominal,2.0NRT,283.6,0.76,N
48.60054,7.82262,298.71,0.43,0.46,2026-09-29,0111,N,nominal,2.0NRT,286.77,0.69,N
48.59632,7.82181,296.81,0.43,0.46,2026-09-29,0111,N,nominal,2.0NRT,285.97,0.69,N
47.92439,13.78151,296.46,0.4,0.37,2026-09-29,0111,N,nominal,2.0NRT,282.42,0.31,N
47.72282,13.05282,295.48,0.41,0.37,2026-09-29,0111,N,nominal,2.0NRT,284.19,0.67,N
45.95396,22.86829,303.23,0.4,0.44,2026-09-29,0111,N,nominal,2.0NRT,280.78,0.99,N
47.79239,12.17887,298.43,0.43,0.38,2026-09-29,0111,N,nominal,2.0NRT,283.55,0.77,N
46.8633,14.45595,299.77,0.39,0.36,2026-09-29,0113,N,nominal,2.0NRT,281.68,0.52,N
45.4581,20.31574,321.52,0.49,0.4,2026-09-29,0113,N,nominal,2.0NRT,279.34,1.76,N
44.91489,22.43728,296.7,0.4,0.45,2026-09-29,0113,N,nominal,2.0NRT,283.36,0.34,N
45.17982,21.11771,322.57,0.53,0.42,2026-09-29,0113,N,nominal,2.0NRT,280.32,1.97,N
44.88459,22.43605,299.2,0.41,0.45,2026-09-29,0113,N,nominal,2.0NRT,283.44,0.62,N
45.1761,21.1161,299.64,0.53,0.42,2026-09-29,0113,N,nominal,2.0NRT,278.42,1.97,N
44.88329,22.42277,298.22,0.4,0.45,2026-09-29,0113,N,nominal,2.0NRT,284.03,0.77,N
44.88245,22.42641,298.85,0.4,0.45,2026-09-29,0113,N,nominal,2.0NRT,284.74,0.77,N
44.88163,22.42995,297.97,0.41,0.45,2026-09-29,0113,N,nominal,2.0NRT,284.85,0.62,N
44.88074,22.43381,298.02,0.41,0.45,2026-09-29,0113,N,nominal,2.0NRT,283.36,0.62,N
44.87773,22.42793,333.59,0.41,0.45,2026-09-29,0113,N,nominal,2.0NRT,285.5,1.9,N
44.87854,22.42445,295.75,0.4,0.45,2026-09-29,0113,N,nominal,2.0NRT,283.6,1.82,N
44.87683,22.43184,296.39,0.41,0.45,2026-09-29,0113,N,nominal,2.0NRT,282.12,1.9,N
45.09007,20.88727,349.06,0.52,0.42,2026-09-29,0113,N,nominal,2.0NRT,288.08,12.18,N
45.08636,20.88567,296.82,0.52,0.42,2026-09-29,0113,N,nominal,2.0NRT,282.36,1.11,N
45.08785,20.88626,337.68,0.52,0.42,2026-09-29,0113,N,nominal,2.0NRT,282.97,5.87,N
45.45174,18.03272,296.38,0.42,0.37,2026-09-29,0113,N,nominal,2.0NRT,283.01,0.47,N
44.44489,22.72732,295.41,0.43,0.46,2026-09-29,0113,N,nominal,2.0NRT,279.79,0.67,N
46.22753,13.07648,304.18,0.4,0.37,2026-09-29,0113,N,nominal,2.0NRT,289.48,1.15,N
45.1074,19.63747,320.84,0.47,0.4,2026-09-29,0113,N,nominal,2.0NRT,282.31,2.93,N
45.08128,19.57692,309.41,0.47,0.4,2026-09-29,0113,N,nominal,2.0NRT,282.72,1.41,N
45.07891,19.56971,304.85,0.47,0.4,2026-09-29,0113,N,nominal,2.0NRT,282.06,1.28,N
45.07656,19.58137,296.5,0.47,0.4,2026-09-29,0113,N,nominal,2.0NRT,281.63,1.41,N
45.07887,19.55093,301.53,0.47,0.39,2026-09-29,0113,N,nominal,2.0NRT,281.78,0.8,N
45.07533,19.54955,311.48,0.47,0.39,2026-09-29,0113,N,nominal,2.0NRT,281.98,0.8,N
44.9585,20.00678,298.91,0.49,0.4,2026-09-29,0113,N,nominal,2.0NRT,277.89,0.89,N
44.95725,20.01278,307.17,0.49,0.4,2026-09-29,0113,N,nominal,2.0NRT,279.38,1.23,N
46.06942,13.62845,308.1,0.39,0.36,2026-09-29,0113,N,nominal,2.0NRT,286.5,1.13,N
46.17514,12.74081,296.77,0.41,0.37,2026-09-29,0113,N,nominal,2.0NRT,285.09,0.36,N
44.88585,19.9171,296.25,0.48,0.4,2026-09-29,0113,N,nominal,2.0NRT,278.93,0.79,N
44.15754,22.99035,331.58,0.45,0.47,2026-09-29,0113,N,nominal,2.0NRT,281,3.24,N
46.00415,13.25113,300.1,0.4,0.37,2026-09-29,0113,N,nominal,2.0NRT,288.41,0.71,N
44.1534,22.9885,307.74,0.45,0.47,2026-09-29,0113,N,nominal,2.0NRT,279.93,3.24,N
44.16065,22.98475,298.06,0.45,0.47,2026-09-29,0113,N,nominal,2.0NRT,280.01,0.56,N
44.15526,22.98826,342.77,0.45,0.47,2026-09-29,0113,N,nominal,2.0NRT,281.42,4.9,N
44.6044,20.97106,295.45,0.54,0.42,2026-09-29,0113,N,nominal,2.0NRT,282.9,0.61,N
43.98874,23.49124,295.61,0.47,0.48,2026-09-29,0113,N,nominal,2.0NRT,279.03,0.62,N
43.96469,23.45464,298.18,0.47,0.48,2026-09-29,0113,N,nominal,2.0NRT,279.41,0.52,N
43.96047,23.45267,337.12,0.47,0.48,2026-09-29,0113,N,nominal,2.0NRT,280.82,4.91,N
43.96186,23.44698,311.66,0.47,0.48,2026-09-29,0113,N,nominal,2.0NRT,280.25,5.08,N
45.70397,11.79689,314.4,0.43,0.38,2026-09-29,0113,N,nominal,2.0NRT,285.27,1.63,N
43.90878,21.50994,299.91,0.39,0.44,2026-09-29,0113,N,nominal,2.0NRT,282.83,0.6,N
45.51926,11.49653,315.73,0.43,0.38,2026-09-29,0113,N,nominal,2.0NRT,287.9,1.57,N
43.28285,23.46626,295.04,0.49,0.49,2026-09-29,0113,N,nominal,2.0NRT,280.72,0.56,N
45.38182,11.9491,300.56,0.42,0.38,2026-09-29,0113,N,nominal,2.0NRT,288.38,1,N
45.63849,9.60322,303.3,0.5,0.41,2026-09-29,0113,N,nominal,2.0NRT,289.37,1.61,N
45.46027,10.45741,308.32,0.46,0.39,2026-09-29,0113,N,nominal,2.0NRT,289.36,1.37,N
45.47756,10.21372,308.9,0.47,0.4,2026-09-29,0113,N,nominal,2.0NRT,286.53,0.77,N
45.43452,8.79317,295.39,0.54,0.42,2026-09-29,0113,N,nominal,2.0NRT,285.28,0.79,N
45.15265,9.94272,298.59,0.48,0.4,2026-09-29,0113,N,nominal,2.0NRT,287.89,0.69,N
45.14529,9.94101,337.13,0.48,0.4,2026-09-29,0113,N,nominal,2.0NRT,290.3,8.03,N
43.54241,16.44026,301.96,0.4,0.37,2026-09-29,0113,N,nominal,2.0NRT,287.87,0.36,N
43.3649,12.54609,305.55,0.4,0.37,2026-09-29,0113,N,nominal,2.0NRT,285.49,1.04,N
43.79419,7.37198,305.8,0.39,0.44,2026-09-29,0113,N,nominal,2.0NRT,288.46,0.9,N
43.82923,6.21747,322.4,0.45,0.47,2026-09-29,0113,N,nominal,2.0NRT,277.78,2.03,N
41.54829,19.72274,297.9,0.55,0.42,2026-09-29,0113,N,nominal,2.0NRT,286.84,0.83,N
41.54854,19.72166,297.11,0.55,0.42,2026-09-29,0113,N,nominal,2.0NRT,286.83,0.79,N
42.57249,12.67663,303.87,0.39,0.36,2026-09-29,0113,N,nominal,2.0NRT,287.61,0.6,N
43.30372,-3.01352,310.7,0.63,0.72,2026-09-29,0113,N,nominal,2.0NRT,280.88,2.01,N
41.47178,15.22612,327.67,0.4,0.37,2026-09-29,0113,N,nominal,2.0NRT,283.64,2.62,N
38.42527,27.2171,300.61,0.5,0.66,2026-09-29,0113,N,nominal,2.0NRT,284.27,1.43,N
38.42516,27.21725,299.97,0.5,0.66,2026-09-29,0113,N,nominal,2.0NRT,284.61,2.22,N
40.62821,18.00368,300.73,0.48,0.4,2026-09-29,0113,N,nominal,2.0NRT,289.67,0.71,N
40.67482,16.65637,297.91,0.43,0.38,2026-09-29,0113,N,nominal,2.0NRT,285.87,0.74,N
40.51419,17.21231,313.7,0.45,0.39,2026-09-29,0113,N,nominal,2.0NRT,289.94,1.89,N
40.50715,17.20998,300.93,0.45,0.39,2026-09-29,0113,N,nominal,2.0NRT,288.69,1.05,N
40.50159,17.21937,309.05,0.45,0.39,2026-09-29,0113,N,nominal,2.0NRT,289.71,1.97,N
40.4165,17.63656,297.89,0.47,0.4,2026-09-29,0113,N,nominal,2.0NRT,286.23,0.26,N
40.43407,16.86329,296.97,0.44,0.39,2026-09-29,0113,N,nominal,2.0NRT,286.29,0.38,N
39.09608,17.03589,299.05,0.47,0.4,2026-09-29,0113,N,nominal,2.0NRT,286.29,1.07,N
39.09356,17.02931,303.01,0.47,0.4,2026-09-29,0113,N,nominal,2.0NRT,287.17,1.07,N
39.09251,17.03473,313.06,0.47,0.4,2026-09-29,0113,N,nominal,2.0NRT,287.14,1.07,N
40.22482,8.79935,312.07,0.47,0.4,2026-09-29,0115,N,nominal,2.0NRT,285.15,1.33,N
40.22285,8.81591,312.14,0.47,0.4,2026-09-29,0115,N,nominal,2.0NRT,283.7,1.19,N
38.79422,15.21265,337.54,0.41,0.37,2026-09-29,0115,N,nominal,2.0NRT,294.71,20.37,N
38.47958,16.56177,303.84,0.46,0.39,2026-09-29,0115,N,nominal,2.0NRT,286.87,0.5,N
39.66309,8.75955,300.5,0.47,0.39,2026-09-29,0115,N,nominal,2.0NRT,289.93,0.74,N
38.20378,15.26942,303.39,0.42,0.38,2026-09-29,0115,N,nominal,2.0NRT,293.22,2.27,N
39.08163,9.02052,307.08,0.45,0.39,2026-09-29,0115,N,nominal,2.0NRT,296.28,2.47,N
37.74187,15.06584,297.25,0.42,0.38,2026-09-29,0115,N,nominal,2.0NRT,287.2,0.79,N
37.67612,14.67375,300.23,0.41,0.37,2026-09-29,0115,N,nominal,2.0NRT,286.81,0.48,N
37.21077,15.17109,303.89,0.43,0.38,2026-09-29,0115,N,nominal,2.0NRT,291.75,0.89,N
37.12134,15.21786,304.05,0.43,0.38,2026-09-29,0115,N,nominal,2.0NRT,292.59,1.19,N
38.67535,-4.05269,301.81,0.69,0.74,2026-09-29,0115,N,nominal,2.0NRT,283.76,1.57,N
36.90685,14.47635,304.13,0.41,0.37,2026-09-29,0115,N,nominal,2.0NRT,287.2,0.55,N
36.90345,14.47543,301.56,0.41,0.37,2026-09-29,0115,N,nominal,2.0NRT,287.17,0.55,N
36.73022,15.04247,299.86,0.43,0.38,2026-09-29,0115,N,nominal,2.0NRT,287.62,0.5,N
36.7778,10.19976,306.3,0.4,0.37,2026-09-29,0115,N,nominal,2.0NRT,293.19,0.45,N
36.76606,9.98847,302.45,0.4,0.37,2026-09-29,0115,N,nominal,2.0NRT,290.46,0.39,N
36.59007,10.31697,306.32,0.4,0.37,2026-09-29,0115,N,nominal,2.0NRT,292.57,0.74,N
36.88293,6.95957,303.02,0.52,0.41,2026-09-29,0115,N,nominal,2.0NRT,291.38,1.24,N
36.87725,6.94069,302.3,0.52,0.41,2026-09-29,0115,N,nominal,2.0NRT,291.82,1.3,N
36.87659,6.94652,307.23,0.52,0.41,2026-09-29,0115,N,nominal,2.0NRT,291.02,0.72,N
36.87863,6.94482,305.09,0.52,0.41,2026-09-29,0115,N,nominal,2.0NRT,291.53,1.76,N
36.86582,6.95444,309.46,0.52,0.41,2026-09-29,0115,N,nominal,2.0NRT,290.49,0.91,N
36.76267,7.30916,312.41,0.5,0.41,2026-09-29,0115,N,nominal,2.0NRT,291.28,1.9,N
36.74575,6.2558,330.61,0.56,0.43,2026-09-29,0115,N,nominal,2.0NRT,291.31,4.51,N
36.74735,6.25544,330.79,0.56,0.43,2026-09-29,0115,N,nominal,2.0NRT,291.69,6.06,N
36.15866,10.28388,305.61,0.4,0.37,2026-09-29,0115,N,nominal,2.0NRT,292.42,0.69,N
36.58101,6.95976,329.94,0.51,0.41,2026-09-29,0115,N,nominal,2.0NRT,291.91,2.36,N
36.58035,6.96563,300.41,0.51,0.41,2026-09-29,0115,N,nominal,2.0NRT,290.29,2.36,N
36.432,6.62571,298.74,0.53,0.42,2026-09-29,0115,N,nominal,2.0NRT,284.6,0.76,N
36.11664,8.76441,298.48,0.43,0.38,2026-09-29,0115,N,nominal,2.0NRT,287.46,0.48,N
36.33332,5.48168,307.58,0.4,0.44,2026-09-29,0115,N,nominal,2.0NRT,283.56,1.18,N
35.7754,9.89014,304.98,0.4,0.37,2026-09-29,0115,N,nominal,2.0NRT,292.95,0.97,N
36.08656,6.80319,308.44,0.52,0.41,2026-09-29,0115,N,nominal,2.0NRT,288.81,1.69,N
35.85152,8.59426,302.17,0.44,0.38,2026-09-29,0115,N,nominal,2.0NRT,290.36,0.98,N
35.49173,11.01041,301.55,0.39,0.36,2026-09-29,0115,N,nominal,2.0NRT,291.51,0.29,N
35.23106,8.17298,312.84,0.44,0.39,2026-09-29,0115,N,nominal,2.0NRT,285.76,1.93,N
35.23241,8.17144,316.41,0.44,0.39,2026-09-29,0115,N,nominal,2.0NRT,285.62,2.21,N
35.35115,5.76041,295.38,0.57,0.43,2026-09-29,0115,N,nominal,2.0NRT,282.85,0.47,N
35.34716,5.75983,304.22,0.57,0.43,2026-09-29,0115,N,nominal,2.0NRT,282.43,0.83,N
34.9822,5.718,300.08,0.56,0.43,2026-09-29,0115,N,nominal,2.0NRT,278.5,1.1,N
34.98091,5.71767,304.22,0.56,0.43,2026-09-29,0115,N,nominal,2.0NRT,280.14,2.22,N
34.56971,7.24233,302.41,0.47,0.4,2026-09-29,0115,N,nominal,2.0NRT,291.09,0.46,N
36.53867,33.01398,346.62,0.39,0.36,2026-09-29,1056,N,nominal,2.0NRT,301.44,4.08,D
37.47687,29.30148,329.87,0.48,0.4,2026-09-29,1056,N,low,2.0NRT,301.4,3.35,D
37.75803,29.13032,328.8,0.49,0.4,2026-09-29,1056,N,nominal,2.0NRT,296.88,5.76,D
37.76165,29.12917,346.93,0.49,0.4,2026-09-29,1056,N,nominal,2.0NRT,296.24,5.76,D
39.05623,17.02954,332.64,0.59,0.7,2026-09-29,1056,N,nominal,2.0NRT,295.74,2.91,D
39.07019,16.98349,367,0.6,0.7,2026-09-29,1056,N,high,2.0NRT,298.89,15.36,D
39.06815,16.97695,367,0.6,0.7,2026-09-29,1056,N,high,2.0NRT,295.62,15.36,D
38.9532,16.45146,326.03,0.64,0.72,2026-09-29,1056,N,nominal,2.0NRT,289.72,3.27,D
40.45222,19.857,328.95,0.39,0.6,2026-09-29,1056,N,nominal,2.0NRT,299.25,1.99,D
40.79373,19.80389,367,0.39,0.59,2026-09-29,1056,N,high,2.0NRT,303.52,10.95,D
40.79888,19.80121,353.44,0.39,0.59,2026-09-29,1056,N,nominal,2.0NRT,298.49,6.01,D
40.73987,19.46358,334.37,0.4,0.6,2026-09-29,1056,N,nominal,2.0NRT,301.44,4.9,D
40.89001,19.59482,332.98,0.39,0.6,2026-09-29,1056,N,nominal,2.0NRT,303.45,3.26,D
40.49111,17.9574,331.99,0.49,0.65,2026-09-29,1058,N,nominal,2.0NRT,299.2,1.83,D
40.51052,17.93497,329.23,0.49,0.65,2026-09-29,1058,N,low,2.0NRT,301.24,2.2,D
40.60664,18.00546,330.17,0.48,0.65,2026-09-29,1058,N,nominal,2.0NRT,300.05,3.74,D
41.05128,19.51174,343.96,0.39,0.6,2026-09-29,1058,N,nominal,2.0NRT,300.74,3.58,D
41.20855,19.58607,367,0.39,0.59,2026-09-29,1058,N,high,2.0NRT,305.68,9.61,D
41.2072,19.58125,331.79,0.39,0.59,2026-09-29,1058,N,nominal,2.0NRT,297.19,9.61,D
40.36722,16.40103,340.63,0.58,0.7,2026-09-29,1058,N,nominal,2.0NRT,299.52,5.86,D
40.36507,16.39421,339.22,0.58,0.7,2026-09-29,1058,N,nominal,2.0NRT,298.34,5.86,D
41.38898,19.57327,337.67,0.38,0.59,2026-09-29,1058,N,nominal,2.0NRT,298.87,2.67,D
41.39016,19.57335,329.71,0.38,0.59,2026-09-29,1058,N,nominal,2.0NRT,299.25,2.48,D
40.86886,16.57865,346.79,0.55,0.68,2026-09-29,1058,N,nominal,2.0NRT,295.14,10.05,D
41.88661,19.52031,367,0.37,0.58,2026-09-29,1058,N,high,2.0NRT,302.05,8.96,D
41.91318,19.59531,326.79,0.37,0.58,2026-09-29,1058,N,nominal,2.0NRT,295.58,1.65,D
41.88192,19.39841,337.56,0.38,0.59,2026-09-29,1058,N,nominal,2.0NRT,298.06,7.17,D
41.88071,19.39401,349.39,0.38,0.59,2026-09-29,1058,N,nominal,2.0NRT,297.98,6.14,D
40.54028,14.91683,367,0.67,0.74,2026-09-29,1058,N,high,2.0NRT,296.38,22.79,D
40.53778,14.90922,347.14,0.68,0.74,2026-09-29,1058,N,nominal,2.0NRT,291.25,10.6,D
40.54174,14.91525,367,0.67,0.74,2026-09-29,1058,N,high,2.0NRT,295.95,15.05,D
40.5392,14.90764,346.12,0.67,0.74,2026-09-29,1058,N,nominal,2.0NRT,291.48,15.05,D
42.47327,21.08556,356.85,0.61,0.53,2026-09-29,1058,N,nominal,2.0NRT,295.02,18.29,D
42.47032,21.08809,348.73,0.61,0.53,2026-09-29,1058,N,nominal,2.0NRT,296.98,9.18,D
42.47502,21.08591,339.98,0.61,0.53,2026-09-29,1058,N,nominal,2.0NRT,289.93,9.18,D
40.99955,15.65189,329.71,0.61,0.71,2026-09-29,1058,N,nominal,2.0NRT,294.98,4.08,D
40.99874,15.65056,336.2,0.6,0.71,2026-09-29,1058,N,nominal,2.0NRT,295.01,3.68,D
42.77143,21.0556,340.02,0.6,0.53,2026-09-29,1058,N,nominal,2.0NRT,294.57,11.55,D
42.77609,21.05339,351.7,0.6,0.53,2026-09-29,1058,N,nominal,2.0NRT,294.88,11.55,D
42.77422,21.0461,345.62,0.6,0.53,2026-09-29,1058,N,nominal,2.0NRT,294.84,11.55,D
42.8235,21.0225,341.01,0.6,0.53,2026-09-29,1058,N,nominal,2.0NRT,294.69,6.11,D
45.56118,34.03677,342.77,0.42,0.38,2026-09-29,1058,N,nominal,2.0NRT,295.75,5.87,D
45.56049,34.03138,333.17,0.42,0.38,2026-09-29,1058,N,nominal,2.0NRT,294.88,2.43,D
41.58048,15.76798,345.49,0.57,0.69,2026-09-29,1058,N,nominal,2.0NRT,296.86,5.26,D
45.25872,31.67455,337.74,0.39,0.36,2026-09-29,1058,N,nominal,2.0NRT,291.42,10.64,D
44.56598,26.56706,341.21,0.47,0.4,2026-09-29,1058,N,nominal,2.0NRT,290.65,4.73,D
44.56954,26.56568,349.34,0.47,0.4,2026-09-29,1058,N,nominal,2.0NRT,293.45,15.86,D
45.35532,30.90253,333.61,0.38,0.36,2026-09-29,1058,N,nominal,2.0NRT,290.87,2.67,D
41.76926,15.26313,337.59,0.6,0.7,2026-09-29,1058,N,nominal,2.0NRT,295.43,4.5,D
45.87222,33.74355,348.81,0.42,0.37,2026-09-29,1058,N,nominal,2.0NRT,300.7,18.19,D
45.87152,33.7382,342.65,0.42,0.37,2026-09-29,1058,N,nominal,2.0NRT,300.55,7.92,D
45.87633,33.748,345.05,0.42,0.37,2026-09-29,1058,N,nominal,2.0NRT,301.5,18.19,D
45.87564,33.74265,341.96,0.42,0.37,2026-09-29,1058,N,nominal,2.0NRT,310.46,18.19,D
45.87975,33.74709,354.21,0.42,0.37,2026-09-29,1058,N,nominal,2.0NRT,312.06,23.56,D
45.88318,33.74619,349.12,0.42,0.37,2026-09-29,1058,N,nominal,2.0NRT,299.31,23.56,D
45.88248,33.74085,346.08,0.42,0.37,2026-09-29,1058,N,nominal,2.0NRT,304.29,23.56,D
45.89676,33.68741,332.55,0.42,0.37,2026-09-29,1058,N,nominal,2.0NRT,298.57,3.49,D
41.73466,15.09093,333.36,0.61,0.71,2026-09-29,1058,N,nominal,2.0NRT,297.8,3.26,D
41.89977,15.22111,330.35,0.59,0.7,2026-09-29,1058,N,nominal,2.0NRT,295.45,2.26,D
44.18159,22.93576,332.95,0.45,0.47,2026-09-29,1058,N,nominal,2.0NRT,298.87,3.66,D
44.1803,22.93033,334.22,0.45,0.47,2026-09-29,1058,N,nominal,2.0NRT,298.62,3.35,D
44.26302,23.26136,328.72,0.43,0.46,2026-09-29,1058,N,nominal,2.0NRT,295.77,3.61,D
44.3122,22.68489,341.34,0.46,0.47,2026-09-29,1058,N,nominal,2.0NRT,298.45,3.62,D
45.85131,30.17929,332.48,0.39,0.36,2026-09-29,1058,N,nominal,2.0NRT,296.27,3.28,D
44.43978,22.72985,329.52,0.45,0.47,2026-09-29,1058,N,low,2.0NRT,300.02,3.34,D
44.78177,23.81167,339.81,0.4,0.44,2026-09-29,1058,N,nominal,2.0NRT,292.16,7.33,D
44.78069,23.80682,337.59,0.4,0.44,2026-09-29,1058,N,nominal,2.0NRT,290.45,7.33,D
46.57254,33.90107,337.99,0.43,0.38,2026-09-29,1058,N,nominal,2.0NRT,299.25,5.18,D
46.57183,33.89553,350.01,0.43,0.38,2026-09-29,1058,N,nominal,2.0NRT,300.22,5.18,D
46.57113,33.89,354.62,0.43,0.38,2026-09-29,1058,N,nominal,2.0NRT,299.86,4.55,D
46.57043,33.88446,337.48,0.43,0.38,2026-09-29,1058,N,nominal,2.0NRT,297.11,4.55,D
46.57316,33.89874,355.27,0.43,0.38,2026-09-29,1058,N,nominal,2.0NRT,301.56,9.09,D
46.57248,33.8932,352.02,0.43,0.38,2026-09-29,1058,N,nominal,2.0NRT,299.38,8.03,D
46.57179,33.88765,354.21,0.43,0.38,2026-09-29,1058,N,nominal,2.0NRT,299.6,8.03,D
46.57662,33.89783,337.42,0.43,0.38,2026-09-29,1058,N,nominal,2.0NRT,298.37,7.17,D
46.57594,33.89228,351.24,0.43,0.38,2026-09-29,1058,N,nominal,2.0NRT,300.1,5.74,D
46.57525,33.88674,337.18,0.43,0.38,2026-09-29,1058,N,nominal,2.0NRT,297.53,5.74,D
44.73226,23.23629,339.06,0.42,0.45,2026-09-29,1058,N,nominal,2.0NRT,291.75,12.16,D
44.7311,23.23127,340.95,0.42,0.45,2026-09-29,1058,N,nominal,2.0NRT,296.86,12.16,D
44.72994,23.22626,333.32,0.42,0.45,2026-09-29,1058,N,nominal,2.0NRT,292.95,5.84,D
44.72876,23.22118,345.91,0.42,0.46,2026-09-29,1058,N,nominal,2.0NRT,292.5,5.84,D
44.59872,22.60866,329.96,0.45,0.47,2026-09-29,1058,N,nominal,2.0NRT,298.68,3.81,D
46.68548,33.76374,334.34,0.42,0.38,2026-09-29,1058,N,nominal,2.0NRT,298.81,2.96,D
46.6848,33.75823,341.23,0.42,0.38,2026-09-29,1058,N,nominal,2.0NRT,299.01,2.96,D
46.71448,33.93962,356.56,0.43,0.38,2026-09-29,1058,N,nominal,2.0NRT,300.38,21.5,D
46.83783,34.47777,333.6,0.44,0.39,2026-09-29,1058,N,nominal,2.0NRT,299.38,3.21,D
44.74689,22.36619,344.26,0.46,0.47,2026-09-29,1058,N,nominal,2.0NRT,295.28,5.78,D
46.93564,34.66996,347.65,0.45,0.39,2026-09-29,1058,N,nominal,2.0NRT,300.28,16.72,D
46.9392,34.66907,343.84,0.45,0.39,2026-09-29,1058,N,nominal,2.0NRT,304.35,16.72,D
46.94276,34.66819,340.51,0.45,0.39,2026-09-29,1058,N,nominal,2.0NRT,299,7.41,D
44.49802,20.81132,330.33,0.55,0.51,2026-09-29,1058,N,nominal,2.0NRT,294.05,2.62,D
47.24722,34.89664,333.52,0.46,0.39,2026-09-29,1058,N,nominal,2.0NRT,300.58,4.43,D
46.87273,31.39003,343.3,0.39,0.36,2026-09-29,1058,N,nominal,2.0NRT,299.99,3.63,D
47.14981,33.37416,330.5,0.42,0.38,2026-09-29,1058,N,nominal,2.0NRT,297.38,1.4,D
47.23837,33.58262,332.97,0.42,0.38,2026-09-29,1058,N,nominal,2.0NRT,296.88,2.64,D
44.878,20.91311,329.17,0.53,0.5,2026-09-29,1058,N,low,2.0NRT,300.89,3.87,D
47.22864,33.31058,332.35,0.42,0.37,2026-09-29,1058,N,nominal,2.0NRT,297.29,3.97,D
47.22794,33.3051,346.64,0.42,0.37,2026-09-29,1058,N,nominal,2.0NRT,298.73,4.79,D
44.98463,21.26071,333.14,0.51,0.49,2026-09-29,1058,N,nominal,2.0NRT,300.72,5.39,D
47.33153,33.7243,335.85,0.43,0.38,2026-09-29,1058,N,nominal,2.0NRT,297.3,5.92,D
45.00809,21.17889,329.42,0.51,0.5,2026-09-29,1058,N,low,2.0NRT,302.17,12.06,D
45.00652,21.17266,346.21,0.51,0.5,2026-09-29,1058,N,nominal,2.0NRT,310.23,72.63,D
45.01087,21.17047,345.68,0.51,0.5,2026-09-29,1058,N,nominal,2.0NRT,307,72.63,D
45.01171,21.13476,343.79,0.52,0.5,2026-09-29,1058,N,nominal,2.0NRT,301.99,6,D
45.0145,21.1263,367,0.52,0.5,2026-09-29,1058,N,high,2.0NRT,308.56,37.09,D
45.01608,21.13257,342.09,0.52,0.5,2026-09-29,1058,N,nominal,2.0NRT,302.79,12.04,D
45.04239,21.21794,335.95,0.51,0.49,2026-09-29,1058,N,nominal,2.0NRT,301.05,5.83,D
45.01887,21.1241,345.54,0.52,0.5,2026-09-29,1058,N,nominal,2.0NRT,300.03,37.09,D
45.05731,21.23854,343.38,0.51,0.49,2026-09-29,1058,N,nominal,2.0NRT,301.98,15.51,D
45.04797,21.20113,352.78,0.51,0.5,2026-09-29,1058,N,nominal,2.0NRT,302.21,9.96,D
47.48489,34.61078,331.09,0.45,0.39,2026-09-29,1058,N,nominal,2.0NRT,298.48,2.44,D
44.52056,18.977,341.99,0.33,0.56,2026-09-29,1058,N,nominal,2.0NRT,293.89,2.69,D
47.38511,33.37259,331.87,0.42,0.38,2026-09-29,1058,N,nominal,2.0NRT,296.03,2.33,D
44.52338,18.97669,330.03,0.33,0.56,2026-09-29,1058,N,nominal,2.0NRT,290.29,2.93,D
44.80788,19.98525,335.28,0.59,0.53,2026-09-29,1058,N,nominal,2.0NRT,302.43,3.4,D
44.83302,20.02089,334.03,0.59,0.53,2026-09-29,1058,N,nominal,2.0NRT,302.45,4.85,D
44.8441,20.02324,330.45,0.59,0.53,2026-09-29,1058,N,low,2.0NRT,303.33,8.8,D
44.81762,19.78309,352.44,0.6,0.53,2026-09-29,1058,N,nominal,2.0NRT,302.29,20.39,D
47.09314,30.81316,347.19,0.38,0.36,2026-09-29,1058,N,nominal,2.0NRT,299.2,3.72,D
45.04363,20.5763,342.86,0.55,0.51,2026-09-29,1058,N,nominal,2.0NRT,300.7,5.32,D
45.04193,20.56962,333.97,0.55,0.51,2026-09-29,1058,N,nominal,2.0NRT,300.49,5.32,D
45.04198,20.5832,331.22,0.55,0.51,2026-09-29,1058,N,nominal,2.0NRT,300.2,6.02,D
45.04472,20.5743,342.61,0.55,0.51,2026-09-29,1058,N,nominal,2.0NRT,301.45,6.02,D
44.92644,19.90676,356.33,0.59,0.53,2026-09-29,1058,N,nominal,2.0NRT,301.67,9.88,D
47.38145,32.20442,332.86,0.4,0.37,2026-09-29,1058,N,nominal,2.0NRT,294.75,1.32,D
44.93137,19.80589,333.33,0.6,0.53,2026-09-29,1058,N,nominal,2.0NRT,302.83,3.15,D
45.15565,20.65307,330.12,0.54,0.51,2026-09-29,1058,N,nominal,2.0NRT,300.89,2.46,D
44.90398,19.66209,355.65,0.61,0.53,2026-09-29,1058,N,nominal,2.0NRT,302.64,22.7,D
45.22797,20.6297,342.63,0.54,0.51,2026-09-29,1058,N,nominal,2.0NRT,301.28,6.43,D
49.7222,22.02999,337.46,0.4,0.37,2026-09-28,1117,N,nominal,2.0NRT,294.95,2.24,D
45.23409,20.63401,337.2,0.54,0.51,2026-09-29,1058,N,nominal,2.0NRT,300.78,10.84,D
49.72124,22.02451,335.44,0.4,0.37,2026-09-28,1117,N,nominal,2.0NRT,295.71,2.25,D
45.23241,20.62744,345.04,0.54,0.51,2026-09-29,1058,N,nominal,2.0NRT,300.92,6.43,D
49.76233,21.63737,346.35,0.41,0.37,2026-09-28,1117,N,nominal,2.0NRT,295.05,3.78,D
45.0068,19.54038,335.2,0.61,0.53,2026-09-29,1058,N,nominal,2.0NRT,301.61,3.92,D
48.2743,14.3394,342.07,0.52,0.5,2026-09-28,1117,N,nominal,2.0NRT,300.34,10.55,D
45.01147,19.53791,335.09,0.61,0.53,2026-09-29,1058,N,nominal,2.0NRT,300.74,3.92,D
48.27863,14.33689,338.09,0.52,0.5,2026-09-28,1117,N,nominal,2.0NRT,295.58,6.78,D
45.00828,19.54119,340.67,0.61,0.53,2026-09-29,1058,N,nominal,2.0NRT,302.27,6.94,D
47.30555,30.39881,345.05,0.38,0.36,2026-09-29,1058,N,nominal,2.0NRT,297.69,4.53,D
50.74587,26.27404,325.42,0.4,0.37,2026-09-28,1117,N,nominal,2.0NRT,292.07,1.96,D
45.03973,19.49932,331.73,0.61,0.54,2026-09-29,1058,N,low,2.0NRT,302.58,6.33,D
50.46197,23.69501,332.9,0.38,0.36,2026-09-28,1117,N,nominal,2.0NRT,292.82,2.54,D
45.03036,19.38462,330.33,0.62,0.54,2026-09-29,1058,N,nominal,2.0NRT,302.45,3.37,D
50.24459,21.80201,345.51,0.4,0.37,2026-09-28,1117,N,nominal,2.0NRT,294.11,2.89,D
45.07053,19.47473,353.14,0.61,0.54,2026-09-29,1058,N,nominal,2.0NRT,304.92,15.75,D
50.8435,25.3345,331.1,0.39,0.36,2026-09-28,1117,N,nominal,2.0NRT,289.87,3.39,D
45.06524,19.43483,339.77,0.62,0.54,2026-09-29,1058,N,nominal,2.0NRT,301.67,6.35,D
50.84272,25.32902,330.78,0.39,0.36,2026-09-28,1117,N,nominal,2.0NRT,293.94,3.39,D
45.06124,19.41983,336.32,0.62,0.54,2026-09-29,1058,N,nominal,2.0NRT,303.34,5.6,D
50.846,25.32785,331.86,0.39,0.36,2026-09-28,1117,N,nominal,2.0NRT,289.39,4.62,D
45.05723,19.4048,331.75,0.62,0.54,2026-09-29,1058,N,nominal,2.0NRT,301.75,9.44,D
45.05522,19.39728,339.47,0.62,0.54,2026-09-29,1058,N,nominal,2.0NRT,304.13,9.44,D
50.22669,21.46105,340.65,0.41,0.37,2026-09-28,1117,N,nominal,2.0NRT,294.95,1.77,D
45.05857,19.30914,345.53,0.62,0.54,2026-09-29,1058,N,nominal,2.0NRT,315.27,72.03,D
50.55206,21.90592,347.74,0.4,0.37,2026-09-28,1117,N,nominal,2.0NRT,297.68,9.47,D
45.05655,19.30155,333.23,0.62,0.54,2026-09-29,1058,N,nominal,2.0NRT,303.28,27.22,D
45.05584,19.25844,346.86,0.63,0.54,2026-09-29,1058,N,nominal,2.0NRT,311.9,60.59,D
50.55109,21.90042,347.35,0.4,0.37,2026-09-28,1117,N,nominal,2.0NRT,297.47,6.83,D
45.06056,19.25592,353.11,0.63,0.54,2026-09-29,1058,N,nominal,2.0NRT,304.35,60.59,D
50.53756,21.82337,352.18,0.4,0.37,2026-09-28,1117,N,nominal,2.0NRT,297.14,2.87,D
45.10042,19.51873,332.72,0.61,0.53,2026-09-29,1058,N,nominal,2.0NRT,302.6,5.55,D
50.55535,21.9045,354.04,0.4,0.37,2026-09-28,1117,N,nominal,2.0NRT,295.7,5.4,D
45.05939,19.30865,343.59,0.62,0.54,2026-09-29,1058,N,nominal,2.0NRT,312.38,99.67,D
50.55438,21.899,335.36,0.4,0.37,2026-09-28,1117,N,nominal,2.0NRT,293.68,2.04,D
50.54181,21.82745,349.47,0.4,0.37,2026-09-28,1117,N,nominal,2.0NRT,295.8,5.62,D
45.05644,19.25818,352.5,0.63,0.54,2026-09-29,1058,N,nominal,2.0NRT,313.85,73.4,D
50.54084,21.82194,349.32,0.4,0.37,2026-09-28,1117,N,nominal,2.0NRT,296.96,3.04,D
45.06117,19.25566,350.91,0.63,0.54,2026-09-29,1058,N,nominal,2.0NRT,301.17,17.01,D
50.54413,21.82051,337.14,0.4,0.37,2026-09-28,1117,N,nominal,2.0NRT,295.68,3.04,D
45.12107,19.45693,352.02,0.61,0.54,2026-09-29,1058,N,nominal,2.0NRT,302.05,11.97,D
50.5484,21.8246,346.88,0.4,0.37,2026-09-28,1117,N,nominal,2.0NRT,295.34,4.67,D
50.55169,21.82317,356.67,0.4,0.37,2026-09-28,1117,N,low,2.0NRT,297.65,4.67,D
45.46751,20.72032,353.87,0.52,0.5,2026-09-29,1058,N,nominal,2.0NRT,304.05,8.55,D
50.55497,21.82174,356.01,0.4,0.37,2026-09-28,1117,N,nominal,2.0NRT,295.91,5.22,D
45.4719,20.71808,342.89,0.52,0.5,2026-09-29,1058,N,nominal,2.0NRT,302.43,8.55,D
50.56717,21.81051,338.76,0.4,0.37,2026-09-28,1117,N,nominal,2.0NRT,293.73,1.8,D
45.30494,20.07036,339.97,0.57,0.52,2026-09-29,1058,N,nominal,2.0NRT,302.34,5.48,D
50.66209,21.74306,342.74,0.4,0.37,2026-09-28,1117,N,nominal,2.0NRT,296.1,2.57,D
45.10543,19.31944,345.12,0.62,0.54,2026-09-29,1058,N,nominal,2.0NRT,302.48,9.73,D
50.63574,21.47364,336.46,0.4,0.37,2026-09-28,1117,N,nominal,2.0NRT,294.5,4.49,D
50.63579,21.47152,345.99,0.4,0.37,2026-09-28,1117,N,nominal,2.0NRT,294.67,3.15,D
50.33538,19.28722,335.83,0.46,0.39,2026-09-28,1117,N,nominal,2.0NRT,301.93,4.3,D
47.81916,31.9538,327.76,0.4,0.37,2026-09-29,1058,N,nominal,2.0NRT,297.08,1.87,D
50.33719,19.29166,332.08,0.46,0.39,2026-09-28,1117,N,nominal,2.0NRT,296.58,3.07,D
47.8225,31.95279,331.78,0.4,0.37,2026-09-29,1058,N,nominal,2.0NRT,297.96,1.87,D
50.33593,19.28545,328.3,0.46,0.39,2026-09-28,1117,N,nominal,2.0NRT,301.02,3.07,D
44.1819,15.40077,330.05,0.5,0.65,2026-09-29,1058,N,nominal,2.0NRT,299.65,3.43,D
51.89238,29.34513,330.76,0.49,0.4,2026-09-28,1117,N,nominal,2.0NRT,292.25,6.39,D
50.88116,21.63078,340.65,0.4,0.37,2026-09-28,1117,N,nominal,2.0NRT,294.76,1.43,D
50.72703,20.39099,355.85,0.42,0.38,2026-09-28,1117,N,nominal,2.0NRT,297.43,6.51,D
50.72593,20.38519,348.25,0.42,0.38,2026-09-28,1117,N,nominal,2.0NRT,296.97,4.92,D
45.47139,19.70131,330.18,0.58,0.52,2026-09-29,1058,N,nominal,2.0NRT,301.34,3.6,D
50.73256,20.40098,340.67,0.42,0.38,2026-09-28,1117,N,nominal,2.0NRT,296.84,4.05,D
45.16674,18.44713,342.3,0.34,0.56,2026-09-29,1058,N,nominal,2.0NRT,299.08,1.96,D
52.4924,33.5892,330.3,0.48,0.48,2026-09-28,1117,N,nominal,2.0NRT,289.23,2.25,D
45.16324,18.44933,348.83,0.34,0.56,2026-09-29,1058,N,nominal,2.0NRT,300.69,2.51,D
51.45528,21.46597,336.4,0.4,0.37,2026-09-28,1117,N,nominal,2.0NRT,295.55,1.97,D
46.05153,21.65149,331.71,0.46,0.47,2026-09-29,1058,N,nominal,2.0NRT,297.34,2.84,D
51.65265,22.47906,342.68,0.39,0.36,2026-09-28,1117,N,nominal,2.0NRT,296.53,1.89,D
45.24675,18.42694,330.64,0.34,0.56,2026-09-29,1058,N,nominal,2.0NRT,300.07,2.21,D
51.48875,21.35408,339.85,0.4,0.37,2026-09-28,1117,N,nominal,2.0NRT,294.92,2.11,D
51.67815,20.7711,338.62,0.41,0.37,2026-09-28,1117,N,nominal,2.0NRT,293.95,2.87,D
46.00858,20.93738,337.33,0.5,0.49,2026-09-29,1058,N,nominal,2.0NRT,303.52,4.18,D
47.90524,29.79701,337.73,0.38,0.36,2026-09-29,1058,N,nominal,2.0NRT,299.32,2.94,D
52.29222,24.28724,340.92,0.39,0.36,2026-09-28,1117,N,nominal,2.0NRT,302.94,9.29,D
47.90445,29.79194,327.29,0.38,0.36,2026-09-29,1058,N,nominal,2.0NRT,296.7,2.94,D
52.2914,24.28164,327.69,0.39,0.36,2026-09-28,1117,N,nominal,2.0NRT,295.98,9.29,D
46.38546,21.67077,340.42,0.45,0.47,2026-09-29,1058,N,nominal,2.0NRT,302.88,3.07,D
46.331,21.12233,337.43,0.48,0.48,2026-09-29,1058,N,nominal,2.0NRT,303.77,3.45,D
52.2955,24.28596,333.75,0.39,0.36,2026-09-28,1117,N,nominal,2.0NRT,295.91,9.29,D
47.45544,26.05015,328.49,0.44,0.39,2026-09-29,1058,N,nominal,2.0NRT,289.83,1.77,D
52.29467,24.28036,340.22,0.39,0.36,2026-09-28,1117,N,nominal,2.0NRT,298.29,9.29,D
47.9381,28.64813,337.47,0.39,0.36,2026-09-29,1058,N,nominal,2.0NRT,300.3,3.09,D
51.64665,20.13573,338.32,0.42,0.37,2026-09-28,1117,N,nominal,2.0NRT,296.77,2.64,D
51.65109,20.13998,342.65,0.42,0.37,2026-09-28,1117,N,nominal,2.0NRT,295.03,2.64,D
48.47057,29.87259,344.06,0.38,0.36,2026-09-29,1058,N,nominal,2.0NRT,297.62,4.45,D
51.64999,20.13412,343.64,0.42,0.37,2026-09-28,1117,N,nominal,2.0NRT,295.85,2.64,D
48.47621,29.88684,348.94,0.38,0.36,2026-09-29,1058,N,nominal,2.0NRT,302.65,12.58,D
51.95215,20.58611,343.35,0.41,0.37,2026-09-28,1117,N,nominal,2.0NRT,297.07,10.08,D
48.47542,29.88171,331.13,0.38,0.36,2026-09-29,1058,N,nominal,2.0NRT,297.7,8.16,D
52.20778,20.57364,355.54,0.4,0.37,2026-09-28,1117,N,nominal,2.0NRT,299.06,12.24,D
48.47868,29.88058,367,0.38,0.36,2026-09-29,1058,N,high,2.0NRT,305.66,8.16,D
52.18258,20.29599,338.66,0.41,0.37,2026-09-28,1117,N,nominal,2.0NRT,296.52,5.23,D
48.47948,29.8857,350.66,0.38,0.36,2026-09-29,1058,N,nominal,2.0NRT,302.99,12.58,D
52.18589,20.29439,338.76,0.41,0.37,2026-09-28,1117,N,nominal,2.0NRT,295.76,3.33,D
48.47789,29.87545,331.19,0.38,0.36,2026-09-29,1058,N,nominal,2.0NRT,296.27,8.16,D
51.78136,17.98572,336.13,0.47,0.4,2026-09-28,1117,N,nominal,2.0NRT,294.15,1.72,D
48.48195,29.87944,367,0.38,0.36,2026-09-29,1058,N,high,2.0NRT,305.8,22.03,D
51.68393,15.98125,341.1,0.55,0.43,2026-09-28,1117,N,nominal,2.0NRT,298.58,11.64,D
48.48274,29.88457,346.62,0.38,0.36,2026-09-29,1058,N,nominal,2.0NRT,302.49,18.64,D
51.68764,15.97905,337.64,0.55,0.43,2026-09-28,1117,N,nominal,2.0NRT,297.28,11.64,D
48.48601,29.88343,339.43,0.38,0.36,2026-09-29,1058,N,nominal,2.0NRT,308.91,18.64,D
52.61227,20.33379,345.27,0.4,0.37,2026-09-28,1117,N,nominal,2.0NRT,294.18,3.22,D
48.52741,28.76681,337.28,0.39,0.36,2026-09-29,1058,N,nominal,2.0NRT,294.8,2,D
52.61122,20.32799,345.93,0.4,0.37,2026-09-28,1117,N,nominal,2.0NRT,295.63,3.22,D
48.60266,28.62166,345.92,0.39,0.36,2026-09-29,1058,N,nominal,2.0NRT,296.96,3.88,D
52.608,20.01583,337.14,0.41,0.37,2026-09-28,1117,N,nominal,2.0NRT,295.79,1.98,D
49.4163,34.40853,325.8,0.47,0.4,2026-09-29,1058,N,nominal,2.0NRT,296.68,1.77,D
52.74715,20.14943,342.03,0.41,0.37,2026-09-28,1117,N,nominal,2.0NRT,293.34,1.96,D
52.76684,20.15883,338.94,0.41,0.37,2026-09-28,1117,N,nominal,2.0NRT,293.51,2.59,D
45.89277,16.17903,325.47,0.41,0.6,2026-09-29,1058,N,nominal,2.0NRT,294.71,1.19,D
52.76577,20.15298,336.34,0.41,0.37,2026-09-28,1117,N,nominal,2.0NRT,294.25,2.07,D
48.49371,26.80527,340.85,0.41,0.37,2026-09-29,1058,N,nominal,2.0NRT,300.37,3.13,D
52.8407,20.24971,337.94,0.4,0.37,2026-09-28,1117,N,nominal,2.0NRT,294.15,4.54,D
48.78245,28.05815,341.3,0.39,0.36,2026-09-29,1058,N,nominal,2.0NRT,295.27,3.24,D
52.99945,20.43393,344.7,0.4,0.37,2026-09-28,1119,N,nominal,2.0NRT,293.95,4.5,D
49.05833,27.70135,344.71,0.39,0.37,2026-09-29,1058,N,nominal,2.0NRT,296.79,5.12,D
52.99529,20.41075,352.16,0.4,0.37,2026-09-28,1119,N,nominal,2.0NRT,293.84,5.32,D
52.99753,20.40333,341.82,0.4,0.37,2026-09-28,1119,N,nominal,2.0NRT,294.36,3.23,D
53.01048,20.4159,338,0.4,0.37,2026-09-28,1119,N,nominal,2.0NRT,292.76,1.87,D
54.5654,33.17011,338.86,0.48,0.48,2026-09-28,1119,N,nominal,2.0NRT,292.75,21.27,D
54.18468,28.31409,325.38,0.48,0.4,2026-09-28,1119,N,nominal,2.0NRT,287.28,1.93,D
54.18835,28.31298,329.63,0.48,0.4,2026-09-28,1119,N,nominal,2.0NRT,286.73,3.5,D
53.09534,20.34817,335.17,0.4,0.37,2026-09-28,1119,N,nominal,2.0NRT,292.06,1.3,D
48.28198,21.46672,343.94,0.41,0.45,2026-09-29,1058,N,nominal,2.0NRT,298.89,4.37,D
53.25942,20.22681,340.31,0.4,0.37,2026-09-28,1119,N,nominal,2.0NRT,293.07,3.13,D
49.88107,29.25013,326.24,0.38,0.36,2026-09-29,1058,N,nominal,2.0NRT,293.43,2.06,D
52.79655,17.78134,330.89,0.46,0.39,2026-09-28,1119,N,nominal,2.0NRT,293.98,5.52,D
49.31221,25.53153,350.55,0.43,0.38,2026-09-29,1058,N,nominal,2.0NRT,306.14,11.56,D
53.26653,20.14668,336.31,0.4,0.37,2026-09-28,1119,N,nominal,2.0NRT,293.89,2.41,D
49.3111,25.52575,346.44,0.43,0.38,2026-09-29,1058,N,nominal,2.0NRT,302.78,11.56,D
53.87268,19.72518,339.4,0.4,0.37,2026-09-28,1119,N,nominal,2.0NRT,290.65,1.54,D
49.07228,23.8891,329.25,0.49,0.4,2026-09-29,1058,N,nominal,2.0NRT,289.86,3.56,D
53.83039,19.16145,337.34,0.41,0.37,2026-09-28,1119,N,nominal,2.0NRT,292.86,2.66,D
48.6078,21.17722,325.98,0.42,0.45,2026-09-29,1058,N,low,2.0NRT,299.11,1.31,D
52.15428,10.40409,344.55,0.57,0.52,2026-09-28,1119,N,nominal,2.0NRT,292.48,7.51,D
48.61436,21.18598,331.41,0.42,0.45,2026-09-29,1058,N,nominal,2.0NRT,299.18,3,D
54.34129,19.75416,336.86,0.4,0.37,2026-09-28,1119,N,nominal,2.0NRT,292.46,5.06,D
50.06162,27.02821,335.75,0.4,0.37,2026-09-29,1058,N,nominal,2.0NRT,293.38,2.95,D
54.34023,19.7482,337.03,0.4,0.37,2026-09-28,1119,N,nominal,2.0NRT,293.71,6.14,D
51.08886,33.9124,331.53,0.47,0.4,2026-09-29,1058,N,nominal,2.0NRT,293.2,4.05,D
55.93821,29.52166,330.36,0.55,0.43,2026-09-28,1119,N,nominal,2.0NRT,287.87,4.32,D
51.09158,33.91179,330.26,0.47,0.4,2026-09-29,1058,N,nominal,2.0NRT,291.7,4.68,D
55.93648,29.52236,327.34,0.55,0.43,2026-09-28,1119,N,nominal,2.0NRT,287.64,2.66,D
50.75971,30.2329,338.44,0.39,0.36,2026-09-29,1058,N,nominal,2.0NRT,291.71,2.84,D
48.53626,17.22504,342.63,0.61,0.53,2026-09-29,1100,N,nominal,2.0NRT,303.37,63.36,D
59.53031,34.14889,327.01,0.58,0.52,2026-09-28,1119,N,nominal,2.0NRT,290.13,4.95,D
50.94803,27.96219,337.54,0.39,0.36,2026-09-29,1100,N,nominal,2.0NRT,293,8.18,D
51.24516,29.86317,337.91,0.39,0.36,2026-09-29,1100,N,nominal,2.0NRT,296.13,2.59,D
50.75135,26.24918,326.08,0.4,0.37,2026-09-29,1100,N,nominal,2.0NRT,294.89,1.77,D
51.99391,34.2278,329.48,0.49,0.41,2026-09-29,1100,N,nominal,2.0NRT,288.93,2.82,D
51.99421,34.22729,326.79,0.49,0.41,2026-09-29,1100,N,nominal,2.0NRT,288.84,2.38,D
52.12739,34.07297,326.12,0.49,0.4,2026-09-29,1100,N,nominal,2.0NRT,288.99,3.11,D
48.2751,14.34112,349.73,0.41,0.61,2026-09-29,1100,N,nominal,2.0NRT,301.29,4.46,D
48.27352,14.336,326.96,0.41,0.61,2026-09-29,1100,N,nominal,2.0NRT,300.84,4.46,D
51.89336,29.34041,334.78,0.39,0.36,2026-09-29,1100,N,nominal,2.0NRT,296.45,3.83,D
52.52316,32.08959,330.71,0.43,0.38,2026-09-29,1100,N,nominal,2.0NRT,291.53,3.02,D
52.58131,32.03115,336.32,0.43,0.38,2026-09-29,1100,N,nominal,2.0NRT,289.71,4.51,D
50.33637,19.29021,341.19,0.45,0.47,2026-09-29,1100,N,nominal,2.0NRT,297.85,4.88,D
52.84751,29.9929,330.04,0.4,0.37,2026-09-29,1100,N,nominal,2.0NRT,296.69,2.8,D
52.97201,26.62174,329.71,0.39,0.36,2026-09-29,1100,N,nominal,2.0NRT,290.48,3.26,D
37.14677,9.88902,340.28,0.39,0.44,2026-09-28,1255,N,nominal,2.0NRT,307.4,3.5,D
34.9806,5.71776,337.64,0.39,0.36,2026-09-28,1255,N,nominal,2.0NRT,308.37,2.01,D
35.34943,5.76215,335.17,0.4,0.37,2026-09-28,1255,N,nominal,2.0NRT,307.61,1.98,D
36.24751,8.05039,333.84,0.47,0.4,2026-09-28,1255,N,nominal,2.0NRT,308.81,1.73,D
36.22149,7.13348,336.74,0.43,0.38,2026-09-28,1255,N,low,2.0NRT,310.02,1.8,D
36.46938,9.14905,341.47,0.52,0.42,2026-09-28,1255,N,nominal,2.0NRT,309.07,4.64,D
36.23548,7.13079,337.57,0.43,0.38,2026-09-28,1255,N,nominal,2.0NRT,309.72,3.08,D
36.49701,9.25474,343.19,0.53,0.42,2026-09-28,1255,N,nominal,2.0NRT,310.95,9.17,D
36.23577,7.1333,335.88,0.43,0.38,2026-09-28,1255,N,low,2.0NRT,308.54,1.96,D
36.49763,9.2535,338.55,0.53,0.42,2026-09-28,1255,N,low,2.0NRT,310.09,3.82,D
36.50601,9.25838,340.1,0.53,0.42,2026-09-28,1255,N,nominal,2.0NRT,310.38,4.43,D
36.4438,8.62601,342.23,0.5,0.41,2026-09-28,1255,N,nominal,2.0NRT,311.37,5.08,D
36.52668,9.26771,344.56,0.53,0.42,2026-09-28,1255,N,nominal,2.0NRT,310.21,6.09,D
36.29147,7.2617,337.49,0.44,0.38,2026-09-28,1255,N,low,2.0NRT,311.03,2.51,D
36.2962,7.27063,337.74,0.44,0.38,2026-09-28,1255,N,low,2.0NRT,311.29,2.72,D
36.27776,7.04113,341.46,0.43,0.38,2026-09-28,1255,N,nominal,2.0NRT,311.58,3.15,D
36.28123,7.04035,341.87,0.43,0.38,2026-09-28,1255,N,nominal,2.0NRT,309.42,4.14,D
36.27142,6.96422,338.21,0.43,0.38,2026-09-28,1255,N,low,2.0NRT,310.93,2.38,D
36.34173,7.14813,337.27,0.44,0.38,2026-09-28,1255,N,low,2.0NRT,310.79,2.43,D
35.43245,1.08367,348.94,0.44,0.38,2026-09-28,1255,N,nominal,2.0NRT,294.83,8.16,D
36.57178,8.84338,338.09,0.51,0.41,2026-09-28,1255,N,low,2.0NRT,311.97,1.33,D
36.3457,6.86885,340.77,0.43,0.38,2026-09-28,1255,N,nominal,2.0NRT,312.92,3.05,D
37.15286,14.12614,340.52,0.33,0.55,2026-09-28,1255,N,nominal,2.0NRT,297.66,3.92,D
37.17241,14.26731,367,0.33,0.55,2026-09-28,1255,N,high,2.0NRT,301.08,5.61,D
37.16648,14.02267,367,0.32,0.55,2026-09-28,1255,N,high,2.0NRT,302.48,18.89,D
37.16626,14.01929,341.47,0.32,0.55,2026-09-28,1255,N,nominal,2.0NRT,298.75,7.83,D
37.17496,13.997,339.78,0.32,0.55,2026-09-28,1255,N,nominal,2.0NRT,295.82,3.34,D
36.84274,9.18516,336.01,0.53,0.42,2026-09-28,1255,N,low,2.0NRT,310.37,4.96,D
36.9341,10.01734,335.07,0.39,0.44,2026-09-28,1255,N,nominal,2.0NRT,305.94,1.66,D
36.87276,9.42771,335.41,0.55,0.42,2026-09-28,1255,N,low,2.0NRT,309.76,5.75,D
37.34895,14.63905,343.66,0.35,0.57,2026-09-28,1255,N,nominal,2.0NRT,300.67,5.21,D
37.34871,14.63517,333.23,0.35,0.57,2026-09-28,1255,N,nominal,2.0NRT,301.62,3.7,D
36.91662,9.46491,345.39,0.55,0.43,2026-09-28,1255,N,nominal,2.0NRT,312.61,8.72,D
36.91459,9.44622,338.72,0.55,0.43,2026-09-28,1255,N,nominal,2.0NRT,310.38,4.13,D
36.60204,6.63858,342.86,0.42,0.38,2026-09-28,1255,N,nominal,2.0NRT,312.56,4.54,D
36.60295,6.63601,335.75,0.42,0.38,2026-09-28,1255,N,low,2.0NRT,310.7,1.84,D
36.94798,9.43216,333.34,0.55,0.43,2026-09-28,1255,N,low,2.0NRT,305.71,2.95,D
37.36639,14.09543,353.03,0.33,0.55,2026-09-28,1255,N,nominal,2.0NRT,303.25,6.54,D
37.42008,14.78327,336.3,0.36,0.57,2026-09-28,1255,N,nominal,2.0NRT,301.15,1.86,D
36.97878,9.4596,338.25,0.55,0.43,2026-09-28,1255,N,nominal,2.0NRT,309.17,3.14,D
37.43319,14.6498,347.45,0.35,0.57,2026-09-28,1255,N,nominal,2.0NRT,303.91,6.06,D
37.43293,14.64565,332.15,0.35,0.57,2026-09-28,1255,N,low,2.0NRT,303.86,3.54,D
37.43268,14.64164,342.76,0.35,0.57,2026-09-28,1255,N,nominal,2.0NRT,303.5,3.54,D
36.69407,6.81846,341.97,0.43,0.38,2026-09-28,1255,N,nominal,2.0NRT,314.07,7.14,D
37.03805,9.52759,338.88,0.55,0.43,2026-09-28,1255,N,nominal,2.0NRT,311.16,11.18,D
37.0577,9.67315,340.22,0.56,0.43,2026-09-28,1255,N,nominal,2.0NRT,312.3,6.22,D
37.05962,9.6716,342.82,0.56,0.43,2026-09-28,1255,N,nominal,2.0NRT,310.83,7.06,D
36.34161,3.58153,331.44,0.38,0.36,2026-09-28,1255,N,low,2.0NRT,303.82,1.15,D
36.74562,6.25637,340.71,0.41,0.37,2026-09-28,1255,N,nominal,2.0NRT,314.25,5.09,D
36.8666,6.98472,337.74,0.43,0.38,2026-09-28,1255,N,nominal,2.0NRT,307.93,2.9,D
36.87014,6.98573,337.33,0.43,0.38,2026-09-28,1255,N,nominal,2.0NRT,305.61,6.01,D
37.54964,13.68227,341.06,0.62,0.54,2026-09-28,1255,N,nominal,2.0NRT,296.77,6.5,D
37.57339,13.80817,343.27,0.63,0.54,2026-09-28,1255,N,nominal,2.0NRT,307.5,53.67,D
35.80865,-0.25237,348.11,0.48,0.4,2026-09-28,1255,N,nominal,2.0NRT,298.1,23,D
35.80766,-0.25761,337.53,0.48,0.4,2026-09-28,1255,N,nominal,2.0NRT,300.81,23,D
35.81581,-0.26836,330.48,0.48,0.4,2026-09-28,1255,N,nominal,2.0NRT,297.69,2.88,D
37.7165,13.90871,336.63,0.32,0.55,2026-09-28,1255,N,nominal,2.0NRT,300.6,2.03,D
37.73143,12.99258,339.42,0.57,0.52,2026-09-28,1255,N,nominal,2.0NRT,297.6,10.25,D
37.9854,15.88603,334.03,0.41,0.61,2026-09-28,1255,N,nominal,2.0NRT,295.63,1.16,D
37.78855,12.85364,337.86,0.56,0.52,2026-09-28,1255,N,nominal,2.0NRT,293.52,5.7,D
37.78835,12.85224,333.68,0.56,0.52,2026-09-28,1255,N,nominal,2.0NRT,290.73,2.15,D
37.87417,13.02729,335.13,0.58,0.52,2026-09-28,1255,N,nominal,2.0NRT,299.68,7.72,D
37.87365,13.02049,341.15,0.57,0.52,2026-09-28,1255,N,nominal,2.0NRT,300.28,7.72,D
36.74795,3.08255,330.44,0.39,0.36,2026-09-28,1255,N,nominal,2.0NRT,295.67,1.96,D
37.93974,13.21916,337.16,0.59,0.53,2026-09-28,1255,N,nominal,2.0NRT,297.96,3.92,D
37.92868,13.06441,344.46,0.58,0.52,2026-09-28,1255,N,nominal,2.0NRT,298.31,4.67,D
39.00312,17.16955,337.27,0.49,0.65,2026-09-28,1255,N,nominal,2.0NRT,295.35,3.44,D
39.09623,17.02702,341.62,0.49,0.65,2026-09-28,1255,N,nominal,2.0NRT,296.27,5.81,D
39.14532,16.06844,330.65,0.43,0.62,2026-09-28,1255,N,nominal,2.0NRT,294.65,1.49,D
40.38255,16.4047,367,0.46,0.64,2026-09-28,1255,N,high,2.0NRT,301.53,19.21,D
40.37936,16.40713,341.91,0.46,0.64,2026-09-28,1255,N,nominal,2.0NRT,298.24,9.8,D
40.38532,16.40727,367,0.46,0.64,2026-09-28,1255,N,high,2.0NRT,298.26,9.8,D
40.61826,15.15724,336.75,0.4,0.6,2026-09-28,1255,N,nominal,2.0NRT,296.42,3.53,D
40.81877,16.76746,332.27,0.48,0.65,2026-09-28,1255,N,nominal,2.0NRT,294.54,2.62,D
40.87115,16.18963,367,0.45,0.63,2026-09-28,1255,N,high,2.0NRT,299.72,13.38,D
40.87095,16.18429,352.81,0.45,0.63,2026-09-28,1255,N,nominal,2.0NRT,302.35,7.27,D
40.87074,16.1788,344.48,0.45,0.63,2026-09-28,1255,N,nominal,2.0NRT,300.69,7.27,D
40.88492,15.80666,338.61,0.43,0.62,2026-09-28,1255,N,nominal,2.0NRT,300.62,6.23,D
40.88523,15.80369,340.05,0.43,0.62,2026-09-28,1255,N,nominal,2.0NRT,298.19,7.47,D
40.96209,16.14175,342.31,0.45,0.63,2026-09-28,1255,N,nominal,2.0NRT,300.86,6.26,D
40.96795,16.14082,367,0.45,0.63,2026-09-28,1255,N,high,2.0NRT,299.85,6.26,D
40.94086,14.31375,330.92,0.36,0.57,2026-09-28,1255,N,low,2.0NRT,300.96,2.08,D
41.07615,15.5317,332.82,0.42,0.61,2026-09-28,1255,N,nominal,2.0NRT,296.72,2.91,D
41.01242,14.05655,341.38,0.35,0.57,2026-09-28,1255,N,nominal,2.0NRT,301.05,2.48,D
41.01143,14.05511,336.22,0.35,0.57,2026-09-28,1255,N,nominal,2.0NRT,300.57,1.46,D
41.13906,15.77413,348.41,0.43,0.62,2026-09-28,1255,N,nominal,2.0NRT,302.36,4.62,D
41.14485,15.77384,367,0.43,0.62,2026-09-28,1255,N,high,2.0NRT,302.45,7.8,D
41.20893,15.78164,335.49,0.43,0.62,2026-09-28,1255,N,nominal,2.0NRT,300.21,6.15,D
41.2087,15.7763,342.41,0.43,0.62,2026-09-28,1255,N,nominal,2.0NRT,301.78,4.95,D
41.20851,15.77759,367,0.43,0.62,2026-09-28,1255,N,high,2.0NRT,301.42,6.05,D
41.25114,15.03068,332.47,0.4,0.6,2026-09-28,1255,N,nominal,2.0NRT,298.1,1.79,D
41.38872,19.51781,335.69,0.68,0.74,2026-09-28,1255,N,nominal,2.0NRT,296.44,5.57,D
41.27914,14.80869,338.22,0.39,0.59,2026-09-28,1255,N,nominal,2.0NRT,298.96,2.55,D
41.42644,15.85139,351.93,0.44,0.62,2026-09-28,1255,N,nominal,2.0NRT,300.49,12.38,D
41.42563,15.85317,335.05,0.44,0.62,2026-09-28,1255,N,nominal,2.0NRT,300.24,6.17,D
41.42485,15.83155,338.33,0.44,0.62,2026-09-28,1255,N,nominal,2.0NRT,298.35,3.02,D
41.43145,15.85282,367,0.44,0.62,2026-09-28,1255,N,high,2.0NRT,298.86,6.17,D
38.38519,-6.35923,340.84,0.57,0.52,2026-09-28,1255,N,nominal,2.0NRT,296.96,11.06,D
41.57089,15.55404,355.63,0.42,0.61,2026-09-28,1255,N,nominal,2.0NRT,298.46,8.67,D
41.79244,14.97843,339.07,0.4,0.6,2026-09-28,1255,N,nominal,2.0NRT,299.94,3.25,D
42.68308,18.31253,331.63,0.59,0.7,2026-09-28,1255,N,nominal,2.0NRT,293.61,3.87,D
41.0983,-0.17673,343.03,0.41,0.37,2026-09-28,1255,N,nominal,2.0NRT,296.65,4.62,D
41.09809,-0.17444,342.45,0.41,0.37,2026-09-28,1255,N,nominal,2.0NRT,297.77,3.22,D
41.10147,-0.17547,345.58,0.41,0.37,2026-09-28,1255,N,nominal,2.0NRT,296.89,3.22,D
42.70417,11.11018,340.37,0.51,0.49,2026-09-28,1255,N,nominal,2.0NRT,300.21,4.09,D
43.03565,17.73868,367,0.56,0.69,2026-09-28,1257,N,high,2.0NRT,297.73,13.88,D
43.0365,17.74126,367,0.56,0.69,2026-09-28,1257,N,high,2.0NRT,296.92,13.65,D
41.99815,-0.77628,337.14,0.42,0.38,2026-09-28,1257,N,nominal,2.0NRT,266.36,10.63,D
42.00155,-0.77737,348.52,0.42,0.38,2026-09-28,1257,N,nominal,2.0NRT,267.11,10.63,D
42.8965,1.51531,328.04,0.38,0.36,2026-09-28,1257,N,nominal,2.0NRT,282.36,2.39,D
42.89759,1.50042,349.21,0.38,0.36,2026-09-28,1257,N,nominal,2.0NRT,286.75,8.71,D
42.90086,1.49952,335.73,0.38,0.36,2026-09-28,1257,N,nominal,2.0NRT,285.1,8.71,D
42.90012,1.49485,345.45,0.38,0.36,2026-09-28,1257,N,nominal,2.0NRT,285.32,8.71,D
42.9052,1.48368,344.97,0.38,0.36,2026-09-28,1257,N,nominal,2.0NRT,276.87,13.83,D
43.78286,4.6709,330.93,0.43,0.38,2026-09-28,1257,N,nominal,2.0NRT,298.6,4.99,D
43.78498,4.65952,332.82,0.43,0.38,2026-09-28,1257,N,nominal,2.0NRT,296.62,2.33,D
44.50356,11.06565,340.92,0.53,0.5,2026-09-28,1257,N,nominal,2.0NRT,298.52,2.38,D
43.89987,4.82657,337.4,0.43,0.38,2026-09-28,1257,N,nominal,2.0NRT,297.79,3.05,D
44.89013,19.84675,367,0.72,0.76,2026-09-28,1257,N,high,2.0NRT,298.21,16.84,D
44.90516,19.66779,326.05,0.71,0.75,2026-09-28,1257,N,nominal,2.0NRT,295.86,3.89,D
44.91856,19.83805,342.64,0.72,0.75,2026-09-28,1257,N,nominal,2.0NRT,296.78,5.52,D
44.8937,19.84346,367,0.72,0.76,2026-09-28,1257,N,high,2.0NRT,299.59,22.62,D
44.90242,19.67343,330.06,0.71,0.75,2026-09-28,1257,N,nominal,2.0NRT,295.55,6.35,D
44.91433,19.91112,336.75,0.72,0.76,2026-09-28,1257,N,nominal,2.0NRT,296.98,6.8,D
45.09671,19.62768,367,0.7,0.75,2026-09-28,1257,N,high,2.0NRT,303,47.62,D
45.09402,19.62955,367,0.7,0.75,2026-09-28,1257,N,high,2.0NRT,302.04,22.56,D
45.10106,19.62921,351.63,0.7,0.75,2026-09-28,1257,N,nominal,2.0NRT,296.38,22.56,D
45.17798,20.44003,367,0.77,0.77,2026-09-28,1257,N,high,2.0NRT,301.42,55.39,D
45.18526,20.44029,355.9,0.77,0.77,2026-09-28,1257,N,nominal,2.0NRT,295.32,15.52,D
45.17812,20.44019,367,0.77,0.77,2026-09-28,1257,N,high,2.0NRT,301.73,65.58,D
45.1854,20.44041,346.54,0.77,0.77,2026-09-28,1257,N,nominal,2.0NRT,295.33,10.99,D
45.19592,20.23738,339.75,0.75,0.77,2026-09-28,1257,N,nominal,2.0NRT,297.4,5.67,D
45.41979,19.48725,352.46,0.69,0.74,2026-09-28,1257,N,nominal,2.0NRT,298.69,12.08,D
45.4171,19.48635,353.38,0.69,0.75,2026-09-28,1257,N,nominal,2.0NRT,298.62,13.09,D
45.14306,9.94524,329.86,0.48,0.48,2026-09-28,1257,N,nominal,2.0NRT,300.49,3.11,D
45.1475,9.94455,334.35,0.48,0.48,2026-09-28,1257,N,nominal,2.0NRT,302.89,5.97,D
43.53939,-5.83063,327.22,0.4,0.45,2026-09-28,1257,N,nominal,2.0NRT,270.09,3.2,D
47.06235,17.3517,332.89,0.56,0.69,2026-09-28,1257,N,nominal,2.0NRT,297.13,2.31,D
48.27168,14.33945,334.65,0.41,0.61,2026-09-28,1257,N,nominal,2.0NRT,303.45,6.02,D
48.27734,14.33916,343.9,0.41,0.61,2026-09-28,1257,N,nominal,2.0NRT,298.76,6.82,D
50.49131,19.45806,326.44,0.7,0.75,2026-09-28,1259,N,nominal,2.0NRT,293.93,4.57,D
51.36776,6.70961,336.28,0.4,0.44,2026-09-28,1259,N,nominal,2.0NRT,276.52,3.82,D
52.15519,10.40406,332.09,0.58,0.52,2026-09-28,1259,N,nominal,2.0NRT,284.4,6.95,D
50.89501,-3.11729,326.38,0.39,0.36,2026-09-28,1259,N,nominal,2.0NRT,281.34,2.31,D
48.47158,30.59433,326.79,0.6,0.71,2026-09-28,0937,N,nominal,2.0NRT,281.02,4.27,D
48.46953,30.59051,336.64,0.6,0.71,2026-09-28,0937,N,nominal,2.0NRT,282.67,3.73,D
48.22051,27.69703,332.57,0.79,0.78,2026-09-28,0937,N,nominal,2.0NRT,283.5,6.45,D
48.22208,27.69746,334.46,0.79,0.78,2026-09-28,0937,N,nominal,2.0NRT,283.78,5.92,D
51.22379,34.35564,367,0.35,0.56,2026-09-28,0937,N,high,2.0NRT,290.45,7.48,D
51.22517,34.36023,354.45,0.35,0.56,2026-09-28,0937,N,nominal,2.0NRT,290.31,10.53,D
52.62174,34.39817,341.07,0.62,0.54,2026-09-28,0937,N,nominal,2.0NRT,287.38,13.99,D
52.26958,31.24113,367,0.42,0.61,2026-09-28,0937,N,high,2.0NRT,292,10.54,D
54.5614,33.17062,331,0.59,0.53,2026-09-28,0937,N,nominal,2.0NRT,287.99,17.05,D
54.56583,33.16685,340.67,0.59,0.53,2026-09-28,0937,N,nominal,2.0NRT,290.07,17.05,D
55.93958,29.51933,329.51,0.35,0.57,2026-09-28,0939,N,nominal,2.0NRT,283.95,2.8,D
64.64336,24.42765,328.8,0.45,0.47,2026-09-28,0941,N,nominal,2.0NRT,280.62,2.25,D
53.56478,-0.59827,341.07,0.4,0.37,2026-09-28,1259,N,nominal,2.0NRT,292.09,9.78,D
53.56891,-0.59364,336.47,0.4,0.37,2026-09-28,1259,N,nominal,2.0NRT,290.41,4.96,D
36.80674,34.96472,351.63,0.55,0.43,2026-09-28,1115,N,nominal,2.0NRT,301.45,14.67,D
36.80893,34.96249,351.47,0.56,0.43,2026-09-28,1115,N,nominal,2.0NRT,299.01,17.37,D
38.96648,34.54071,335.8,0.56,0.43,2026-09-28,1115,N,nominal,2.0NRT,296.28,5.46,D
38.73923,26.94803,327.86,0.4,0.37,2026-09-28,1115,N,low,2.0NRT,302.25,2.63,D
38.73952,26.92903,334.52,0.4,0.37,2026-09-28,1115,N,nominal,2.0NRT,301.89,1.59,D
38.8239,27.26019,343.07,0.39,0.36,2026-09-28,1115,N,nominal,2.0NRT,299.22,4.41,D
39.25164,27.70664,344.32,0.39,0.36,2026-09-28,1115,N,nominal,2.0NRT,292.87,2.69,D
39.96066,26.19306,326.98,0.4,0.37,2026-09-28,1117,N,nominal,2.0NRT,295.71,1.14,D
39.99702,26.34351,337.05,0.4,0.37,2026-09-28,1117,N,nominal,2.0NRT,295.05,1.25,D
37.13008,13.94165,337.83,0.56,0.68,2026-09-28,1117,N,nominal,2.0NRT,296.68,3.14,D
37.38171,14.45926,367,0.52,0.66,2026-09-28,1117,N,high,2.0NRT,297.5,14.76,D
39.51624,21.9079,336.32,0.38,0.44,2026-09-28,1117,N,nominal,2.0NRT,295.19,1.72,D
38.28362,16.23617,344.96,0.4,0.6,2026-09-28,1117,N,nominal,2.0NRT,297.02,4.54,D
38.28385,16.23496,343.63,0.4,0.6,2026-09-28,1117,N,nominal,2.0NRT,297.15,5.34,D
37.71872,13.80926,332.33,0.54,0.68,2026-09-28,1117,N,nominal,2.0NRT,292.98,4.49,D
40.7645,26.41909,334.48,0.39,0.36,2026-09-28,1117,N,nominal,2.0NRT,301.76,2.78,D
40.95115,26.76155,333.06,0.39,0.36,2026-09-28,1117,N,nominal,2.0NRT,299.14,3.81,D
40.95039,26.75698,332.82,0.39,0.36,2026-09-28,1117,N,nominal,2.0NRT,298.49,3.81,D
40.95444,26.76061,344.42,0.39,0.36,2026-09-28,1117,N,nominal,2.0NRT,300.61,3.81,D
37.8875,13.29895,367,0.57,0.69,2026-09-28,1117,N,high,2.0NRT,300.19,18.6,D
38.94972,17.10881,328.45,0.34,0.56,2026-09-28,1117,N,low,2.0NRT,298.51,2.48,D
38.95167,17.10986,331.25,0.34,0.56,2026-09-28,1117,N,nominal,2.0NRT,297.96,2.03,D
37.88799,13.29286,367,0.57,0.69,2026-09-28,1117,N,high,2.0NRT,299.81,10.75,D
37.88995,13.29931,347.46,0.57,0.69,2026-09-28,1117,N,nominal,2.0NRT,296.75,10.75,D
39.00552,17.16746,352.04,0.34,0.56,2026-09-28,1117,N,nominal,2.0NRT,298.16,3.73,D
39.0046,17.16393,337.39,0.34,0.56,2026-09-28,1117,N,nominal,2.0NRT,298.6,3.73,D
37.88404,13.16585,331.23,0.58,0.7,2026-09-28,1117,N,nominal,2.0NRT,299.77,5.43,D
37.87214,12.8959,332.35,0.6,0.7,2026-09-28,1117,N,nominal,2.0NRT,292.21,5.22,D
37.93011,13.06415,334.38,0.58,0.7,2026-09-28,1117,N,nominal,2.0NRT,292.22,6.04,D
39.01592,16.86706,327.8,0.35,0.57,2026-09-28,1117,N,nominal,2.0NRT,296.98,1.74,D
39.01566,16.86696,326.36,0.35,0.57,2026-09-28,1117,N,nominal,2.0NRT,296.84,2.01,D
37.87275,12.90019,333.51,0.6,0.7,2026-09-28,1117,N,nominal,2.0NRT,291.53,3.88,D
37.92973,13.06179,333.26,0.58,0.7,2026-09-28,1117,N,nominal,2.0NRT,293.27,5.48,D
39.83127,20.06377,334.39,0.46,0.47,2026-09-28,1117,N,nominal,2.0NRT,298.19,2.27,D
39.09587,17.02288,367,0.34,0.56,2026-09-28,1117,N,high,2.0NRT,300.73,13.47,D
39.09486,17.01901,367,0.34,0.56,2026-09-28,1117,N,high,2.0NRT,299.59,8.92,D
37.91227,12.72887,347.6,0.61,0.71,2026-09-28,1117,N,nominal,2.0NRT,297.38,11.36,D
37.91141,12.72755,349.34,0.61,0.71,2026-09-28,1117,N,nominal,2.0NRT,297.55,11.18,D
41.2939,26.6012,334.17,0.39,0.36,2026-09-28,1117,N,nominal,2.0NRT,300.15,1.98,D
41.06631,25.05149,339.94,0.42,0.38,2026-09-28,1117,N,nominal,2.0NRT,300.78,2.53,D
41.58463,26.65269,343.95,0.39,0.36,2026-09-28,1117,N,nominal,2.0NRT,300.25,5.46,D
41.22652,23.83814,338.38,0.45,0.39,2026-09-28,1117,N,nominal,2.0NRT,299.7,6.52,D
41.23013,23.83756,343.12,0.45,0.39,2026-09-28,1117,N,nominal,2.0NRT,299.61,4.26,D
41.23261,23.83097,338.37,0.45,0.39,2026-09-28,1117,N,nominal,2.0NRT,297.97,4.26,D
41.23369,23.83671,356.64,0.45,0.39,2026-09-28,1117,N,low,2.0NRT,300.91,4.26,D
41.79416,25.44746,330.81,0.4,0.37,2026-09-28,1117,N,nominal,2.0NRT,295.68,17,D
41.79334,25.44275,342.87,0.4,0.37,2026-09-28,1117,N,nominal,2.0NRT,304.1,19.73,D
41.79749,25.44638,353.17,0.4,0.37,2026-09-28,1117,N,nominal,2.0NRT,308.85,17,D
41.80082,25.44533,343.43,0.4,0.37,2026-09-28,1117,N,nominal,2.0NRT,297.54,6.41,D
41.11875,21.37107,325.63,0.57,0.43,2026-09-28,1117,N,nominal,2.0NRT,294.96,2.66,D
40.3342,17.94065,339.23,0.57,0.52,2026-09-28,1117,N,nominal,2.0NRT,296.16,5.81,D
41.14966,21.43752,332.37,0.56,0.43,2026-09-28,1117,N,nominal,2.0NRT,299.88,11.93,D
41.16228,21.41869,345.27,0.56,0.43,2026-09-28,1117,N,nominal,2.0NRT,308.85,27.84,D
41.16753,21.42382,347.65,0.56,0.43,2026-09-28,1117,N,nominal,2.0NRT,301.08,27.84,D
41.16613,21.41726,332.7,0.56,0.43,2026-09-28,1117,N,nominal,2.0NRT,296.86,27.84,D
41.17138,21.42238,340.13,0.56,0.43,2026-09-28,1117,N,nominal,2.0NRT,301.16,7.59,D
40.35345,17.87437,344.45,0.58,0.52,2026-09-28,1117,N,nominal,2.0NRT,300.15,16.03,D
40.77302,19.50377,346.54,0.47,0.48,2026-09-28,1117,N,nominal,2.0NRT,299.55,5.03,D
40.7722,19.50143,340.05,0.47,0.48,2026-09-28,1117,N,nominal,2.0NRT,300.32,6.68,D
42.1186,25.44274,345.23,0.4,0.37,2026-09-28,1117,N,nominal,2.0NRT,298.5,4.37,D
40.2474,16.62386,367,0.34,0.56,2026-09-28,1117,N,high,2.0NRT,298.48,5.32,D
40.39034,16.84664,342.35,0.32,0.55,2026-09-28,1117,N,nominal,2.0NRT,296.86,5.26,D
41.21348,19.52267,332.05,0.46,0.47,2026-09-28,1117,N,nominal,2.0NRT,301.54,4.53,D
42.31784,24.60982,349.82,0.42,0.37,2026-09-28,1117,N,nominal,2.0NRT,300.08,2.8,D
42.37027,24.70297,344.95,0.41,0.37,2026-09-28,1117,N,nominal,2.0NRT,298.42,3.16,D
41.34202,19.61928,339.91,0.45,0.47,2026-09-28,1117,N,nominal,2.0NRT,299.8,9.24,D
41.34077,19.6138,338.84,0.45,0.47,2026-09-28,1117,N,nominal,2.0NRT,300.25,9.24,D
42.58471,24.79487,347.81,0.41,0.37,2026-09-28,1117,N,nominal,2.0NRT,299.9,7.84,D
40.71649,16.21058,328.38,0.34,0.56,2026-09-28,1117,N,nominal,2.0NRT,297.83,3.48,D
41.58596,19.67278,326.61,0.44,0.46,2026-09-28,1117,N,nominal,2.0NRT,300.61,2.33,D
41.60882,19.67891,342.37,0.44,0.46,2026-09-28,1117,N,nominal,2.0NRT,304.27,3.71,D
41.61295,19.67724,341.5,0.44,0.46,2026-09-28,1117,N,nominal,2.0NRT,299.96,4.21,D
40.49926,15.16212,337.48,0.39,0.59,2026-09-28,1117,N,nominal,2.0NRT,296.78,2.97,D
40.85784,16.46502,334.15,0.33,0.55,2026-09-28,1117,N,nominal,2.0NRT,298.3,2.58,D
40.85686,16.46128,333.6,0.33,0.55,2026-09-28,1117,N,nominal,2.0NRT,299.99,2.58,D
40.86377,16.21603,340.1,0.34,0.56,2026-09-28,1117,N,nominal,2.0NRT,302.6,4.13,D
40.86515,16.21517,331.8,0.34,0.56,2026-09-28,1117,N,low,2.0NRT,301.98,3.64,D
41.76762,19.65094,335.7,0.44,0.46,2026-09-28,1117,N,nominal,2.0NRT,300.66,4.59,D
40.83639,15.87921,367,0.35,0.57,2026-09-28,1117,N,high,2.0NRT,299.05,13.7,D
40.90165,15.65958,367,0.36,0.57,2026-09-28,1117,N,high,2.0NRT,304.2,7.03,D
41.0806,15.90841,345.11,0.35,0.56,2026-09-28,1117,N,nominal,2.0NRT,300.99,2.6,D
41.14569,15.77161,340.1,0.35,0.57,2026-09-28,1117,N,nominal,2.0NRT,302.28,2.5,D
41.14462,15.76763,338.8,0.35,0.57,2026-09-28,1117,N,nominal,2.0NRT,302.86,2.5,D
40.98419,14.01619,367,0.43,0.62,2026-09-28,1117,N,high,2.0NRT,303.18,14.55,D
41.37927,15.42741,341.9,0.36,0.57,2026-09-28,1117,N,nominal,2.0NRT,302.71,4.53,D
40.9856,14.0211,328.44,0.43,0.62,2026-09-28,1117,N,nominal,2.0NRT,300.68,12.9,D
46.9081,34.87004,327.16,0.71,0.75,2026-09-29,0917,N,nominal,2.0NRT,292.11,8.11,D
43.67178,25.58451,346.89,0.39,0.36,2026-09-28,1117,N,nominal,2.0NRT,293.95,10.6,D
46.90492,34.86144,327.46,0.71,0.75,2026-09-29,0917,N,nominal,2.0NRT,291.77,5.8,D
43.48566,23.34678,339.36,0.44,0.38,2026-09-28,1117,N,nominal,2.0NRT,300.75,10.86,D
43.48466,23.34152,345.66,0.44,0.38,2026-09-28,1117,N,nominal,2.0NRT,301.59,10.86,D
43.8906,25.60586,336.09,0.39,0.36,2026-09-28,1117,N,nominal,2.0NRT,301.95,2.57,D
46.91436,34.86519,333.79,0.71,0.75,2026-09-29,0917,N,nominal,2.0NRT,291.09,8.11,D
43.48811,23.34032,351.18,0.44,0.38,2026-09-28,1117,N,nominal,2.0NRT,302.12,10.86,D
46.91118,34.85657,333.72,0.71,0.75,2026-09-29,0917,N,nominal,2.0NRT,291.39,5.8,D
43.89389,25.60482,337.63,0.39,0.36,2026-09-28,1117,N,nominal,2.0NRT,301.15,2.52,D
43.49156,23.3391,348.01,0.44,0.38,2026-09-28,1117,N,nominal,2.0NRT,301.04,4.51,D
41.72086,15.49929,348.89,0.35,0.57,2026-09-28,1117,N,nominal,2.0NRT,301.26,3.47,D
46.91222,34.86217,367,0.71,0.75,2026-09-29,0917,N,high,2.0NRT,293.7,16.33,D
41.72583,15.49693,335.83,0.35,0.57,2026-09-28,1117,N,nominal,2.0NRT,299.69,2.38,D
43.68328,23.36445,347.67,0.43,0.38,2026-09-28,1117,N,nominal,2.0NRT,309.48,9.03,D
43.89285,23.46483,347.95,0.43,0.38,2026-09-28,1117,N,nominal,2.0NRT,305.88,7.5,D
44.10423,24.54221,332.18,0.4,0.37,2026-09-28,1117,N,nominal,2.0NRT,302.74,3.31,D
44.13557,24.03511,332.45,0.41,0.37,2026-09-28,1117,N,nominal,2.0NRT,300.52,4.02,D
44.40552,25.31013,348.91,0.39,0.36,2026-09-28,1117,N,nominal,2.0NRT,306.62,14.82,D
43.73734,21.31544,341.17,0.51,0.41,2026-09-28,1117,N,nominal,2.0NRT,301.68,6.48,D
43.74103,21.31409,340.25,0.51,0.41,2026-09-28,1117,N,nominal,2.0NRT,300.9,6.48,D
43.73701,21.31404,332.75,0.51,0.41,2026-09-28,1117,N,nominal,2.0NRT,301.8,3.38,D
43.742,21.31889,334.8,0.51,0.41,2026-09-28,1117,N,nominal,2.0NRT,300.01,7.07,D
43.7407,21.3127,332.89,0.51,0.41,2026-09-28,1117,N,nominal,2.0NRT,299.49,3.38,D
44.19585,23.4727,335.54,0.43,0.38,2026-09-28,1117,N,nominal,2.0NRT,301.54,4.46,D
44.82784,25.629,326.54,0.39,0.36,2026-09-28,1117,N,low,2.0NRT,301.39,1.51,D
44.4017,22.73088,337.96,0.44,0.39,2026-09-28,1117,N,nominal,2.0NRT,302.1,5.24,D
44.38285,22.63236,336.29,0.45,0.39,2026-09-28,1117,N,nominal,2.0NRT,299.97,2.7,D
44.38179,22.62687,338.68,0.45,0.39,2026-09-28,1117,N,nominal,2.0NRT,299.45,8.15,D
44.38632,22.63107,351.62,0.45,0.39,2026-09-28,1117,N,nominal,2.0NRT,308.54,33.07,D
44.38422,22.62009,345.83,0.45,0.39,2026-09-28,1117,N,nominal,2.0NRT,300.55,10.23,D
44.38769,22.6188,335.78,0.45,0.39,2026-09-28,1117,N,nominal,2.0NRT,303.14,10.23,D
44.44427,22.72081,333.45,0.44,0.39,2026-09-28,1117,N,low,2.0NRT,304.19,3.28,D
44.44773,22.71953,345.07,0.44,0.39,2026-09-28,1117,N,nominal,2.0NRT,307.07,12.77,D
44.4467,22.71408,331.68,0.44,0.39,2026-09-28,1117,N,low,2.0NRT,306.32,12.77,D
44.47147,22.78654,339.45,0.44,0.38,2026-09-28,1117,N,nominal,2.0NRT,303.27,6.36,D
44.47045,22.7811,336.72,0.44,0.38,2026-09-28,1117,N,nominal,2.0NRT,305.61,3.66,D
44.47078,22.78456,351.55,0.44,0.38,2026-09-28,1117,N,nominal,2.0NRT,306.16,10.34,D
47.05912,34.58956,328.8,0.72,0.76,2026-09-29,0917,N,nominal,2.0NRT,292.08,4.25,D
44.47424,22.78331,338.82,0.44,0.38,2026-09-28,1117,N,nominal,2.0NRT,303.14,6.81,D
44.68305,23.11114,332.52,0.43,0.38,2026-09-28,1117,N,nominal,2.0NRT,302.39,1.66,D
44.42205,21.081,333.89,0.5,0.41,2026-09-28,1117,N,nominal,2.0NRT,301.4,4.45,D
44.49498,21.26464,330.51,0.49,0.41,2026-09-28,1117,N,nominal,2.0NRT,296.86,5.52,D
44.4954,21.26273,343.9,0.49,0.41,2026-09-28,1117,N,nominal,2.0NRT,295.62,8.61,D
44.85006,22.90357,333.05,0.43,0.38,2026-09-28,1117,N,nominal,2.0NRT,300.14,3,D
44.75248,22.37369,328.13,0.45,0.39,2026-09-28,1117,N,nominal,2.0NRT,296.37,2.21,D
45.00012,23.53946,342.96,0.42,0.37,2026-09-28,1117,N,nominal,2.0NRT,301.76,2.08,D
45.00348,23.53825,345.14,0.42,0.37,2026-09-28,1117,N,nominal,2.0NRT,303.27,7.67,D
45.01212,23.23804,333.02,0.42,0.38,2026-09-28,1117,N,low,2.0NRT,303.03,4.03,D
44.99159,23.12745,326.83,0.42,0.38,2026-09-28,1117,N,nominal,2.0NRT,300.57,1.66,D
44.88521,22.4295,332.4,0.45,0.39,2026-09-28,1117,N,nominal,2.0NRT,292.44,3.11,D
44.59936,20.97971,332.79,0.5,0.41,2026-09-28,1117,N,nominal,2.0NRT,298.44,3.54,D
45.03876,21.27326,336.2,0.48,0.4,2026-09-28,1117,N,nominal,2.0NRT,303.71,3.72,D
45.0603,21.26461,333.24,0.48,0.4,2026-09-28,1117,N,nominal,2.0NRT,304.77,3.65,D
45.05867,21.26363,334.83,0.48,0.4,2026-09-28,1117,N,nominal,2.0NRT,304.68,3.41,D
44.89071,20.05915,338.69,0.54,0.42,2026-09-28,1117,N,nominal,2.0NRT,304.13,4.93,D
44.85039,19.87094,344.47,0.55,0.43,2026-09-28,1117,N,nominal,2.0NRT,305.68,15.2,D
44.89022,20.03756,337.14,0.54,0.42,2026-09-28,1117,N,nominal,2.0NRT,301.75,7.09,D
44.89398,20.03596,351.44,0.54,0.42,2026-09-28,1117,N,nominal,2.0NRT,306.01,7.09,D
44.89256,20.02928,333.58,0.54,0.42,2026-09-28,1117,N,nominal,2.0NRT,303.19,7.09,D
47.23639,33.57938,325.57,0.78,0.78,2026-09-29,0917,N,nominal,2.0NRT,291.3,3.93,D
44.86703,19.87123,337.08,0.55,0.43,2026-09-28,1117,N,nominal,2.0NRT,305.39,22.77,D
44.87083,19.86961,336.2,0.55,0.43,2026-09-28,1117,N,nominal,2.0NRT,302.77,5.15,D
44.91425,20.03465,333.65,0.54,0.42,2026-09-28,1117,N,nominal,2.0NRT,303.94,3.17,D
44.86613,19.87052,337.01,0.55,0.43,2026-09-28,1117,N,nominal,2.0NRT,306.72,14.07,D
44.86992,19.8689,345.64,0.55,0.43,2026-09-28,1117,N,nominal,2.0NRT,303.11,14.07,D
44.91414,20.03351,333.13,0.54,0.42,2026-09-28,1117,N,nominal,2.0NRT,303.5,3.79,D
47.23823,33.57883,329.17,0.78,0.78,2026-09-29,0917,N,nominal,2.0NRT,291.09,4.5,D
44.89732,19.8424,331.29,0.55,0.43,2026-09-28,1117,N,low,2.0NRT,303.39,93.05,D
44.91729,19.91514,332.87,0.55,0.42,2026-09-28,1117,N,nominal,2.0NRT,302.49,4.45,D
44.91583,19.9084,342.62,0.55,0.43,2026-09-28,1117,N,nominal,2.0NRT,304.6,4.45,D
44.9026,19.84756,330.58,0.55,0.43,2026-09-28,1117,N,low,2.0NRT,304.54,7.13,D
44.91019,19.84432,337.93,0.55,0.43,2026-09-28,1117,N,nominal,2.0NRT,305.45,5.28,D
44.92598,19.8598,350.02,0.55,0.43,2026-09-28,1117,N,nominal,2.0NRT,306.43,21.65,D
44.90646,19.67398,335.05,0.56,0.43,2026-09-28,1117,N,nominal,2.0NRT,300.89,3.9,D
45.19076,20.81227,335.67,0.5,0.41,2026-09-28,1117,N,nominal,2.0NRT,304.05,4.94,D
45.19117,20.8106,344.68,0.5,0.41,2026-09-28,1117,N,nominal,2.0NRT,303.37,6.9,D
44.93281,19.60892,330.91,0.56,0.43,2026-09-28,1117,N,low,2.0NRT,303.83,13.7,D
45.19994,20.83373,341.26,0.5,0.41,2026-09-28,1117,N,nominal,2.0NRT,308.28,23.2,D
45.15561,20.62187,346,0.51,0.41,2026-09-28,1117,N,nominal,2.0NRT,303.13,6.65,D
44.93817,19.61418,331.97,0.56,0.43,2026-09-28,1117,N,nominal,2.0NRT,301.51,24.12,D
44.79924,18.97657,340.15,0.4,0.44,2026-09-28,1117,N,nominal,2.0NRT,297.58,3.22,D
45.16427,20.62513,345,0.51,0.41,2026-09-28,1117,N,nominal,2.0NRT,303.09,5.54,D
44.88454,19.16344,353.35,0.39,0.44,2026-09-28,1117,N,nominal,2.0NRT,304.17,11.08,D
44.88845,19.16171,348.99,0.39,0.44,2026-09-28,1117,N,nominal,2.0NRT,302.75,7.29,D
44.88737,19.1569,328.99,0.39,0.44,2026-09-28,1117,N,low,2.0NRT,302.8,7.29,D
45.19861,20.44538,340.05,0.52,0.41,2026-09-28,1117,N,nominal,2.0NRT,302.19,4.18,D
45.20362,20.45022,334.23,0.52,0.41,2026-09-28,1117,N,nominal,2.0NRT,302.46,4.7,D
45.03885,19.65389,337.58,0.56,0.43,2026-09-28,1117,N,nominal,2.0NRT,304.92,19.29,D
45.04266,19.65226,344.01,0.56,0.43,2026-09-28,1117,N,nominal,2.0NRT,309.06,19.29,D
45.04648,19.65063,352.69,0.56,0.43,2026-09-28,1117,N,nominal,2.0NRT,307.45,23.55,D
45.04138,19.65303,341.18,0.56,0.43,2026-09-28,1117,N,nominal,2.0NRT,305.57,29.2,D
45.04672,19.65828,333.46,0.56,0.43,2026-09-28,1117,N,nominal,2.0NRT,304.33,3.92,D
45.0452,19.65141,345.45,0.56,0.43,2026-09-28,1117,N,nominal,2.0NRT,311.1,29.2,D
45.20422,20.23233,346.61,0.52,0.42,2026-09-28,1117,N,nominal,2.0NRT,302.68,13.33,D
45.09814,19.53055,332.82,0.56,0.43,2026-09-28,1117,N,nominal,2.0NRT,301.31,5.54,D
45.09662,19.52358,352.46,0.56,0.43,2026-09-28,1117,N,nominal,2.0NRT,303.4,10.21,D
45.05443,19.31198,340.26,0.38,0.43,2026-09-28,1117,N,nominal,2.0NRT,302.74,3.37,D
45.12045,19.49827,331.81,0.56,0.43,2026-09-28,1117,N,nominal,2.0NRT,302.59,5.11,D
45.11737,19.48406,334.72,0.56,0.43,2026-09-28,1117,N,nominal,2.0NRT,303.11,4.86,D
48.32985,33.34747,342.9,0.73,0.76,2026-09-29,0917,N,nominal,2.0NRT,290.76,8.18,D
44.86548,18.0825,345.46,0.44,0.46,2026-09-28,1117,N,nominal,2.0NRT,298.19,4.42,D
45.52305,20.59473,333.96,0.5,0.41,2026-09-28,1117,N,nominal,2.0NRT,302.76,2.33,D
44.9693,17.33874,326.32,0.47,0.48,2026-09-28,1117,N,low,2.0NRT,298.44,1.94,D
45.72055,20.64544,334.85,0.5,0.41,2026-09-28,1117,N,low,2.0NRT,305.91,2.7,D
45.70448,20.5304,344.21,0.5,0.41,2026-09-28,1117,N,nominal,2.0NRT,307.79,10.12,D
45.70317,20.52415,335.77,0.5,0.41,2026-09-28,1117,N,nominal,2.0NRT,305.31,7.17,D
45.60684,19.72459,335.49,0.54,0.42,2026-09-28,1117,N,nominal,2.0NRT,305.35,13.13,D
45.6054,19.71789,335.49,0.54,0.42,2026-09-28,1117,N,nominal,2.0NRT,302.59,6.48,D
47.36948,25.20564,330.82,0.38,0.36,2026-09-28,1119,N,nominal,2.0NRT,287.83,5,D
45.14496,9.94431,335.65,0.5,0.66,2026-09-28,1119,N,nominal,2.0NRT,296.48,3.14,D
45.4604,10.45657,340.77,0.46,0.64,2026-09-28,1119,N,nominal,2.0NRT,296.16,3.53,D
48.10924,20.97069,338.07,0.44,0.39,2026-09-28,1119,N,nominal,2.0NRT,304.14,2.11,D
45.45887,10.45487,329.71,0.46,0.64,2026-09-28,1119,N,nominal,2.0NRT,295.27,4.48,D
49.12229,26.80153,367,0.4,0.37,2026-09-28,1119,N,high,2.0NRT,297.99,6.77,D
49.12637,26.80591,328.52,0.4,0.37,2026-09-28,1119,N,nominal,2.0NRT,292.18,6.77,D
48.97691,24.71255,330.05,0.38,0.36,2026-09-28,1119,N,nominal,2.0NRT,299.12,2.41,D
48.59557,22.30272,329.44,0.41,0.37,2026-09-28,1119,N,nominal,2.0NRT,299.89,1.76,D
49.74012,30.30378,335.38,0.5,0.41,2026-09-28,1119,N,nominal,2.0NRT,292.29,4.08,D
48.24914,20.38234,346.69,0.46,0.39,2026-09-28,1119,N,nominal,2.0NRT,308.62,25.98,D
48.60808,21.17785,331.47,0.43,0.38,2026-09-28,1119,N,nominal,2.0NRT,301.21,3.15,D
48.72689,21.7324,340.05,0.42,0.37,2026-09-28,1119,N,nominal,2.0NRT,301.81,2.95,D
48.61522,20.94513,332.58,0.44,0.38,2026-09-28,1119,N,nominal,2.0NRT,300.83,4.83,D
49.37833,23.33771,326.44,0.39,0.36,2026-09-28,1119,N,nominal,2.0NRT,293.44,1.79,D
55.79778,33.04622,367,0.39,0.6,2026-09-29,0920,N,high,2.0NRT,294.3,26.74,D
55.79592,33.04073,342.25,0.39,0.6,2026-09-29,0920,N,nominal,2.0NRT,288.18,26.74,D
55.80256,33.04113,367,0.39,0.6,2026-09-29,0920,N,high,2.0NRT,293.4,26.74,D
55.8007,33.03562,336.2,0.39,0.6,2026-09-29,0920,N,nominal,2.0NRT,288.24,26.74,D
57.00811,34.69896,329.46,0.63,0.54,2026-09-29,0920,N,nominal,2.0NRT,284.41,4.58,D
57.00697,34.69398,329.06,0.63,0.54,2026-09-29,0920,N,nominal,2.0NRT,284.28,5.7,D
50.57243,13.59393,354.43,0.37,0.58,2026-09-29,1100,N,nominal,2.0NRT,296.22,3.7,D
50.57619,13.59405,329.9,0.37,0.58,2026-09-29,1100,N,nominal,2.0NRT,295.35,2.97,D
50.57471,13.58924,346.14,0.37,0.58,2026-09-29,1100,N,nominal,2.0NRT,292.84,2.97,D
54.56337,33.16295,333.4,0.49,0.4,2026-09-29,1100,N,nominal,2.0NRT,289.91,3.3,D
54.56368,33.16222,331.53,0.49,0.4,2026-09-29,1100,N,nominal,2.0NRT,290.03,4.27,D
55.79786,33.04235,344.38,0.5,0.41,2026-09-29,1100,N,nominal,2.0NRT,298.08,22.76,D
52.52549,13.41484,332.39,0.32,0.55,2026-09-29,1100,N,nominal,2.0NRT,291.68,1.2,D
57.00871,34.69929,326.35,0.39,0.44,2026-09-29,1100,N,nominal,2.0NRT,288.5,2.83,D
52.49405,4.61229,326.78,0.67,0.73,2026-09-29,1102,N,nominal,2.0NRT,286.92,5.49,D
52.49039,4.61783,327.6,0.67,0.73,2026-09-29,1102,N,nominal,2.0NRT,285.55,5.48,D
64.64384,24.43111,328.87,0.41,0.37,2026-09-29,1104,N,nominal,2.0NRT,286.85,2.78,D
65.76803,24.18817,327.38,0.42,0.38,2026-09-29,1104,N,nominal,2.0NRT,287.94,3.22,D
